{
  "dataset": {
    "N_merged": 31211,
    "N_alignn_only_unmatched": 17553,
    "N_sk_only_unmatched": 0,
    "N_metals_pbe": 15119,
    "N_nonmetals_pbe": 16092,
    "N_alignn_negative_clamped": 4541,
    "metal_threshold_eV": 0.1
  },
  "vs_pbe_indirect": {
    "sk_all": {
      "N": 31211,
      "MAE": 0.9299335575968364,
      "RMSE": 1.6487343277805948,
      "R2": -0.008234496129110314,
      "ME": 0.32849113436488653,
      "MaxErr": 21.487227307128904
    },
    "alignn_raw_all": {
      "N": 31211,
      "MAE": 0.19391688754986716,
      "RMSE": 0.46321325685071735,
      "R2": 0.9204166618138581,
      "ME": 0.01611454941390586,
      "MaxErr": 7.200869560241699
    },
    "alignn_clamped_all": {
      "N": 31211,
      "MAE": 0.19278514297240004,
      "RMSE": 0.46312131140332463,
      "R2": 0.9204482524443099,
      "ME": 0.01724629399137299,
      "MaxErr": 7.200869560241699
    },
    "sk_nonmetals": {
      "N": 16092,
      "MAE": 1.7810360740740916,
      "RMSE": 2.290930062490947,
      "R2": -1.0685445483670462,
      "ME": 0.614517339827734,
      "MaxErr": 21.487227307128904
    },
    "alignn_clamped_nonmetals": {
      "N": 16092,
      "MAE": 0.27390063231619,
      "RMSE": 0.4896551896696751,
      "R2": 0.9055021474340916,
      "ME": -0.06656313946772958,
      "MaxErr": 6.311666367197037
    },
    "sk_metals": {
      "N": 15119,
      "MAE": 0.02405739547288704,
      "RMSE": 0.15958059651260362,
      "R2": NaN,
      "ME": 0.02405739547288704,
      "MaxErr": 5.634876251220703
    },
    "alignn_clamped_metals": {
      "N": 15119,
      "MAE": 0.10644937641903875,
      "RMSE": 0.43309758241850377,
      "R2": NaN,
      "ME": 0.10644937641903875,
      "MaxErr": 7.200869560241699
    }
  },
  "classification": {
    "threshold_eV": 0.1,
    "slakonet": {
      "TN": 14715,
      "FP": 404,
      "FN": 4909,
      "TP": 11183,
      "accuracy": 0.8297715549005158,
      "precision_nonmetal": 0.9651333390869078,
      "recall_nonmetal": 0.6949415858811832,
      "f1_nonmetal": 0.8080494237508581
    },
    "alignn": {
      "TN": 13283,
      "FP": 1836,
      "FN": 777,
      "TP": 15315,
      "accuracy": 0.9162795168370126,
      "precision_nonmetal": 0.8929508483470352,
      "recall_nonmetal": 0.9517151379567487,
      "f1_nonmetal": 0.9213969858316037
    }
  },
  "head_to_head": {
    "N_total": 31211,
    "N_sk_better": 10054,
    "N_alignn_better": 21157,
    "frac_sk_better": 0.322130018262792,
    "frac_alignn_better": 0.677869981737208
  },
  "mae_by_pbe_gap_nonmetals": {
    "sk": [
      {
        "lo": 0.0,
        "hi": 0.5,
        "N": 1789,
        "MAE": 0.5090926088072989,
        "ME": 0.2777428160116751
      },
      {
        "lo": 0.5,
        "hi": 1.0,
        "N": 1901,
        "MAE": 0.9188643370260633,
        "ME": 0.28808157255131595
      },
      {
        "lo": 1.0,
        "hi": 1.5,
        "N": 1985,
        "MAE": 1.2290990932885466,
        "ME": 0.32607045689099984
      },
      {
        "lo": 1.5,
        "hi": 2.0,
        "N": 1972,
        "MAE": 1.5624619747143487,
        "ME": 0.270176580501715
      },
      {
        "lo": 2.0,
        "hi": 2.5,
        "N": 1820,
        "MAE": 1.895286845053264,
        "ME": 0.2502259063482809
      },
      {
        "lo": 2.5,
        "hi": 3.0,
        "N": 1501,
        "MAE": 2.2305138668910414,
        "ME": 0.3886145266977014
      },
      {
        "lo": 3.0,
        "hi": 4.0,
        "N": 2418,
        "MAE": 2.3938467173856384,
        "ME": 0.7706073014815451
      },
      {
        "lo": 4.0,
        "hi": 5.0,
        "N": 1561,
        "MAE": 2.593752690885496,
        "ME": 1.330769003937628
      },
      {
        "lo": 5.0,
        "hi": 7.0,
        "N": 1047,
        "MAE": 3.1830642984771003,
        "ME": 2.1163084799102516
      },
      {
        "lo": 7.0,
        "hi": 10.0,
        "N": 98,
        "MAE": 5.252112265575176,
        "ME": 4.786679477987485
      }
    ],
    "alignn": [
      {
        "lo": 0.0,
        "hi": 0.5,
        "N": 1789,
        "MAE": 0.2806542057795955,
        "ME": 0.17089052845077385
      },
      {
        "lo": 0.5,
        "hi": 1.0,
        "N": 1901,
        "MAE": 0.29443957902702894,
        "ME": 0.008034524113463424
      },
      {
        "lo": 1.0,
        "hi": 1.5,
        "N": 1985,
        "MAE": 0.2875746601350481,
        "ME": -0.05699135926385971
      },
      {
        "lo": 1.5,
        "hi": 2.0,
        "N": 1972,
        "MAE": 0.299852449357836,
        "ME": -0.1128006434099307
      },
      {
        "lo": 2.0,
        "hi": 2.5,
        "N": 1820,
        "MAE": 0.27255279070171684,
        "ME": -0.0940001054411537
      },
      {
        "lo": 2.5,
        "hi": 3.0,
        "N": 1501,
        "MAE": 0.2839521550478417,
        "ME": -0.12410508936787354
      },
      {
        "lo": 3.0,
        "hi": 4.0,
        "N": 2418,
        "MAE": 0.24785125860888862,
        "ME": -0.12374619721933473
      },
      {
        "lo": 4.0,
        "hi": 5.0,
        "N": 1561,
        "MAE": 0.23422091468628367,
        "ME": -0.1309833467890711
      },
      {
        "lo": 5.0,
        "hi": 7.0,
        "N": 1047,
        "MAE": 0.2644782391436576,
        "ME": -0.17120904768663242
      },
      {
        "lo": 7.0,
        "hi": 10.0,
        "N": 98,
        "MAE": 0.19953121970818966,
        "ME": -0.16590812166953575
      }
    ]
  }
}