jid,sk_gap,alignn_gap,dft_gap
Interface-JVASP-1174_JVASP-105410_film_miller_0_0_1_sub_miller_0_0_1_film_thickness_16_subs_thickness_16_seperation_2.5_disp_-0.25_-0.25_vasp,0.011028,0.19184809923171997,0.0
Interface-JVASP-1002_JVASP-1327_film_miller_1_1_0_sub_miller_1_1_0_film_thickness_16_subs_thickness_16_seperation_2.5_disp_0.25_0.45_vasp,1.685972,1.0115671157836914,0.8819
Interface-JVASP-1002_JVASP-1327_film_miller_1_1_0_sub_miller_1_1_0_film_thickness_16_subs_thickness_16_seperation_2.5_disp_0.25_0.45_vasp,1.685972,1.0115671157836914,0.8819
Interface-JVASP-1002_JVASP-39_film_miller_1_0_0_sub_miller_0_0_1_film_thickness_16_subs_thickness_16_seperation_2.5_disp_-0.4_0.5_vasp,0.001271,0.669182538986206,0.0
Interface-JVASP-1002_JVASP-816_film_miller_0_0_1_sub_miller_0_0_1_film_thickness_16_subs_thickness_16_seperation_2.5_disp_-0.1_-0.35_vasp,0.003809,0.12213577330112457,0.0
Interface-JVASP-1174_JVASP-1183_film_miller_0_0_1_sub_miller_0_0_1_film_thickness_16_subs_thickness_16_seperation_2.5_disp_-0.25_-0.25_vasp,0.001081,0.3119567334651947,0.0
Interface-JVASP-1174_JVASP-1372_film_miller_0_0_1_sub_miller_0_0_1_film_thickness_16_subs_thickness_16_seperation_2.5_disp_-0.25_-0.25_vasp,0.001829,0.6149880886077881,0.0
Interface-JVASP-1327_JVASP-105410_film_miller_0_0_1_sub_miller_0_0_1_film_thickness_16_subs_thickness_16_seperation_2.5_disp_-0.25_0.25_vasp,0.011723,0.3730805814266205,0.0
Interface-JVASP-1327_JVASP-1372_film_miller_1_1_0_sub_miller_1_1_0_film_thickness_16_subs_thickness_16_seperation_2.5_disp_0.3_0.15_vasp,2.867286,1.655393123626709,1.3398
Interface-JVASP-1327_JVASP-8003_film_miller_1_1_0_sub_miller_1_1_0_film_thickness_16_subs_thickness_16_seperation_2.5_disp_0.05_0.4_vasp,3.905032,1.4864976406097412,1.3542
Interface-JVASP-1372_JVASP-1174_film_miller_1_1_0_sub_miller_1_1_0_film_thickness_16_subs_thickness_16_seperation_2.5_disp_-0.05_-0.4_vasp,1.813477,0.8532755374908447,0.617
Interface-JVASP-1372_JVASP-1198_film_miller_1_1_0_sub_miller_1_1_0_film_thickness_16_subs_thickness_16_seperation_2.5_disp_0.0_-0.25_vasp,1.859926,1.1627165079116821,0.721
Interface-JVASP-1408_JVASP-1186_film_miller_1_1_0_sub_miller_1_1_0_film_thickness_16_subs_thickness_16_seperation_2.5_disp_-0.05_-0.2_vasp,0.04809,0.25907331705093384,0.0285
Interface-JVASP-30_JVASP-1372_film_miller_0_0_1_sub_miller_0_0_1_film_thickness_16_subs_thickness_16_seperation_2.5_disp_-0.2_-0.05_vasp,0.002157,0.6209641695022583,0.0
Interface-JVASP-39_JVASP-1372_film_miller_0_0_1_sub_miller_0_0_1_film_thickness_16_subs_thickness_16_seperation_2.5_disp_-0.2_-0.05_vasp,0.000226,1.1368153095245361,0.0
Interface-JVASP-39_JVASP-8118_film_miller_0_0_1_sub_miller_0_0_1_film_thickness_16_subs_thickness_16_seperation_2.5_disp_0.35_0.35_vasp,1.441719,2.559929370880127,0.0
Interface-JVASP-7844_JVASP-8158_film_miller_1_1_0_sub_miller_1_1_0_film_thickness_16_subs_thickness_16_seperation_2.5_disp_-0.25_0.5_vasp,1.437089,0.7054563760757446,1.269
Interface-JVASP-7844_JVASP-8158_film_miller_1_1_0_sub_miller_1_1_0_film_thickness_16_subs_thickness_16_seperation_2.5_disp_-0.25_0.5_vasp,1.437089,0.7054563760757446,1.269
Interface-JVASP-1109_JVASP-1372_film_miller_0_0_1_sub_miller_0_0_1_film_thickness_16_subs_thickness_16_seperation_2.5_disp_0.05_0.3_vasp,0.10441,0.9977591037750244,0.0
Interface-JVASP-1408_JVASP-1192_film_miller_1_1_0_sub_miller_1_1_0_film_thickness_16_subs_thickness_16_seperation_2.5_disp_-0.3_0.05_vasp,1.260308,0.9248208999633789,0.0519
Interface-JVASP-1408_JVASP-1189_film_miller_1_1_0_sub_miller_1_1_0_film_thickness_16_subs_thickness_16_seperation_2.5_disp_-0.05_-0.35_vasp,1.01579,0.2091698944568634,0.0002
Interface-JVASP-1327_JVASP-1183_film_miller_1_1_0_sub_miller_1_1_0_film_thickness_16_subs_thickness_16_seperation_2.5_disp_0.2_-0.4_vasp,3.20094,1.1092259883880615,0.7115
Interface-JVASP-1002_JVASP-10591_film_miller_0_0_1_sub_miller_0_0_1_film_thickness_16_subs_thickness_16_seperation_2.5_disp_-0.2_0.0_vasp,0.232214,0.8608180284500122,0.0
Interface-JVASP-1327_JVASP-36204_film_miller_1_1_0_sub_miller_1_1_0_film_thickness_16_subs_thickness_16_seperation_2.5_disp_0.5_-0.35_vasp,1.481198,1.179487943649292,0.3588
Interface-JVASP-1327_JVASP-36204_film_miller_1_1_0_sub_miller_1_1_0_film_thickness_16_subs_thickness_16_seperation_2.5_disp_0.5_-0.35_vasp,1.481198,1.179487943649292,0.3588
Interface-JVASP-1327_JVASP-8183_film_miller_1_1_0_sub_miller_1_1_0_film_thickness_16_subs_thickness_16_seperation_2.5_disp_-0.45_-0.35_vasp,1.951526,1.3733949661254883,0.7601
Interface-JVASP-1327_JVASP-8183_film_miller_1_1_0_sub_miller_1_1_0_film_thickness_16_subs_thickness_16_seperation_2.5_disp_-0.45_-0.35_vasp,1.951526,1.3733949661254883,0.7601
Interface-JVASP-1702_JVASP-8183_film_miller_1_1_0_sub_miller_1_1_0_film_thickness_16_subs_thickness_16_seperation_2.5_disp_-0.45_-0.05_vasp,2.476373,1.251004695892334,1.0928
Interface-JVASP-1702_JVASP-8183_film_miller_1_1_0_sub_miller_1_1_0_film_thickness_16_subs_thickness_16_seperation_2.5_disp_-0.45_-0.05_vasp,2.476373,1.251004695892334,1.0928
Interface-JVASP-1312_JVASP-79204_film_miller_1_1_0_sub_miller_1_1_0_film_thickness_16_subs_thickness_16_seperation_2.5_disp_0.3_-0.35_vasp,1.177719,1.6110466718673706,0.1653
Interface-JVASP-1312_JVASP-79204_film_miller_1_1_0_sub_miller_1_1_0_film_thickness_16_subs_thickness_16_seperation_2.5_disp_0.3_-0.35_vasp,1.177719,1.6110466718673706,0.1653
Interface-JVASP-1183_JVASP-1198_film_miller_1_1_0_sub_miller_1_1_0_film_thickness_16_subs_thickness_16_seperation_2.5_disp_0.1_0.3_vasp,2.249964,0.6403851509094238,0.3608
Interface-JVASP-1198_JVASP-1192_film_miller_1_1_0_sub_miller_1_1_0_film_thickness_16_subs_thickness_16_seperation_2.5_disp_-0.25_0.0_vasp,2.100672,0.9316377639770508,0.3387
Interface-JVASP-1186_JVASP-1198_film_miller_1_1_0_sub_miller_1_1_0_film_thickness_16_subs_thickness_16_seperation_2.5_disp_0.0_-0.25_vasp,0.783807,0.2663617432117462,0.0723
Interface-JVASP-1408_JVASP-8182_film_miller_1_1_0_sub_miller_1_1_0_film_thickness_16_subs_thickness_16_seperation_2.5_disp_0.45_-0.45_vasp,1.02054,1.0841188430786133,0.2411
Interface-JVASP-1408_JVASP-8182_film_miller_1_1_0_sub_miller_1_1_0_film_thickness_16_subs_thickness_16_seperation_2.5_disp_0.45_-0.45_vasp,1.02054,1.0841188430786133,0.2411
Interface-JVASP-1109_JVASP-816_film_miller_0_0_1_sub_miller_0_0_1_film_thickness_16_subs_thickness_16_seperation_2.5_disp_0.0_0.35_vasp,0.00032,0.25094902515411377,0.0
Interface-JVASP-96_JVASP-1198_film_miller_1_1_0_sub_miller_1_1_0_film_thickness_16_subs_thickness_16_seperation_2.5_disp_0.0_-0.2_vasp,2.563883,1.055765151977539,0.3816
Interface-JVASP-1198_JVASP-8003_film_miller_1_1_0_sub_miller_1_1_0_film_thickness_16_subs_thickness_16_seperation_2.5_disp_-0.2_0.45_vasp,2.573662,1.0086033344268799,0.2296
Interface-JVASP-39_JVASP-36873_film_miller_0_0_1_sub_miller_0_0_1_film_thickness_16_subs_thickness_16_seperation_2.5_disp_-0.2_-0.05_vasp,0.002006,1.7852540016174316,0.0
Interface-JVASP-30_JVASP-1180_film_miller_0_0_1_sub_miller_0_0_1_film_thickness_16_subs_thickness_16_seperation_2.5_disp_-0.25_-0.25_vasp,0.014777,0.9167467355728149,0.0
Interface-JVASP-1186_JVASP-96_film_miller_1_1_0_sub_miller_1_1_0_film_thickness_16_subs_thickness_16_seperation_2.5_disp_0.0_0.2_vasp,1.219042,0.29482245445251465,0.0004
Interface-JVASP-39_JVASP-1183_film_miller_0_0_1_sub_miller_0_0_1_film_thickness_16_subs_thickness_16_seperation_2.5_disp_-0.2_-0.2_vasp,0.17223,2.148353099822998,0.0
Interface-JVASP-1408_JVASP-7630_film_miller_1_1_0_sub_miller_1_1_0_film_thickness_16_subs_thickness_16_seperation_2.5_disp_-0.2_0.2_vasp,0.722624,0.9490991830825806,0.1046
Interface-JVASP-1408_JVASP-7630_film_miller_1_1_0_sub_miller_1_1_0_film_thickness_16_subs_thickness_16_seperation_2.5_disp_-0.2_0.2_vasp,0.722624,0.9490991830825806,0.1046
Interface-JVASP-1002_JVASP-1183_film_miller_0_0_1_sub_miller_0_0_1_film_thickness_16_subs_thickness_16_seperation_2.5_disp_-0.15_-0.3_vasp,0.000796,0.38716021180152893,0.2564
Interface-JVASP-1002_JVASP-30_film_miller_0_0_1_sub_miller_0_0_1_film_thickness_16_subs_thickness_16_seperation_2.5_disp_-0.2_-0.05_vasp,0.000107,0.3072383403778076,0.0
Interface-JVASP-1002_JVASP-30_film_miller_0_0_1_sub_miller_0_0_1_film_thickness_16_subs_thickness_16_seperation_2.5_disp_-0.2_-0.05_vasp,0.000107,0.3072383403778076,0.0
Interface-JVASP-1312_JVASP-1186_film_miller_1_1_0_sub_miller_1_1_0_film_thickness_16_subs_thickness_16_seperation_2.5_disp_0.15_-0.35_vasp,0.415195,0.779707670211792,0.0175
Interface-JVASP-1312_JVASP-1186_film_miller_1_1_0_sub_miller_1_1_0_film_thickness_16_subs_thickness_16_seperation_2.5_disp_0.15_-0.35_vasp,0.415195,0.779707670211792,0.0175
Interface-JVASP-1312_JVASP-8183_film_miller_1_1_0_sub_miller_1_1_0_film_thickness_16_subs_thickness_16_seperation_2.5_disp_0.0_-0.3_vasp,1.240571,1.1068519353866577,0.172
Interface-JVASP-1312_JVASP-8183_film_miller_1_1_0_sub_miller_1_1_0_film_thickness_16_subs_thickness_16_seperation_2.5_disp_0.0_-0.3_vasp,1.240571,1.1068519353866577,0.172
Interface-JVASP-1312_JVASP-8184_film_miller_1_1_0_sub_miller_1_1_0_film_thickness_16_subs_thickness_16_seperation_2.5_disp_-0.25_0.3_vasp,1.414989,1.114256739616394,0.1392
Interface-JVASP-1312_JVASP-8184_film_miller_1_1_0_sub_miller_1_1_0_film_thickness_16_subs_thickness_16_seperation_2.5_disp_-0.25_0.3_vasp,1.414989,1.114256739616394,0.1392
Interface-JVASP-30_JVASP-23_film_miller_0_0_1_sub_miller_0_0_1_film_thickness_16_subs_thickness_16_seperation_2.5_disp_-0.15_-0.15_vasp,0.00576,0.9387012720108032,0.0
Interface-JVASP-1702_JVASP-37905_film_miller_1_1_0_sub_miller_1_1_0_film_thickness_16_subs_thickness_16_seperation_2.5_disp_-0.1_0.1_vasp,1.070386,1.2707910537719727,0.4833
Interface-JVASP-1702_JVASP-37905_film_miller_1_1_0_sub_miller_1_1_0_film_thickness_16_subs_thickness_16_seperation_2.5_disp_-0.1_0.1_vasp,1.070386,1.2707910537719727,0.4833
Interface-JVASP-1312_JVASP-105410_film_miller_1_1_0_sub_miller_1_1_0_film_thickness_16_subs_thickness_16_seperation_2.5_disp_0.2_-0.45_vasp,0.124231,0.5828649997711182,0.1423
Interface-JVASP-1312_JVASP-105410_film_miller_1_1_0_sub_miller_1_1_0_film_thickness_16_subs_thickness_16_seperation_2.5_disp_0.2_-0.45_vasp,0.124231,0.5828649997711182,0.1423
Interface-JVASP-1327_JVASP-1195_film_miller_1_1_0_sub_miller_1_1_0_film_thickness_16_subs_thickness_16_seperation_2.5_disp_0.5_-0.15_vasp,1.930642,0.7243597507476807,0.3877
Interface-JVASP-1327_JVASP-1195_film_miller_1_1_0_sub_miller_1_1_0_film_thickness_16_subs_thickness_16_seperation_2.5_disp_0.5_-0.15_vasp,1.930642,0.7243597507476807,0.3877
Interface-JVASP-1327_JVASP-8169_film_miller_1_1_0_sub_miller_1_1_0_film_thickness_16_subs_thickness_16_seperation_2.5_disp_0.2_-0.4_vasp,2.190699,1.261913776397705,0.3624
Interface-JVASP-1327_JVASP-8169_film_miller_1_1_0_sub_miller_1_1_0_film_thickness_16_subs_thickness_16_seperation_2.5_disp_0.2_-0.4_vasp,2.190699,1.261913776397705,0.3624
Interface-JVASP-1183_JVASP-1393_film_miller_1_1_0_sub_miller_1_1_0_film_thickness_16_subs_thickness_16_seperation_2.5_disp_-0.15_0.05_vasp,1.40681,0.8161101341247559,0.4066
Interface-JVASP-1183_JVASP-1393_film_miller_1_1_0_sub_miller_1_1_0_film_thickness_16_subs_thickness_16_seperation_2.5_disp_-0.15_0.05_vasp,1.40681,0.8161101341247559,0.4066
Interface-JVASP-22685_JVASP-35748_film_miller_1_1_0_sub_miller_1_1_0_film_thickness_16_subs_thickness_16_seperation_2.5_disp_0.0_0.2_vasp,2.005415,0.5959622859954834,0.7606
Interface-JVASP-22685_JVASP-35748_film_miller_1_1_0_sub_miller_1_1_0_film_thickness_16_subs_thickness_16_seperation_2.5_disp_0.0_0.2_vasp,2.005415,0.5959622859954834,0.7606
Interface-JVASP-22685_JVASP-7671_film_miller_1_1_0_sub_miller_1_1_0_film_thickness_16_subs_thickness_16_seperation_2.5_disp_0.0_-0.15_vasp,1.718055,0.5996140241622925,0.3404
Interface-JVASP-22685_JVASP-7671_film_miller_1_1_0_sub_miller_1_1_0_film_thickness_16_subs_thickness_16_seperation_2.5_disp_0.0_-0.15_vasp,1.718055,0.5996140241622925,0.3404
Interface-JVASP-1192_JVASP-7630_film_miller_1_1_0_sub_miller_1_1_0_film_thickness_16_subs_thickness_16_seperation_2.5_disp_0.15_-0.35_vasp,0.878889,1.024861216545105,0.395
Interface-JVASP-1192_JVASP-7630_film_miller_1_1_0_sub_miller_1_1_0_film_thickness_16_subs_thickness_16_seperation_2.5_disp_0.15_-0.35_vasp,0.878889,1.024861216545105,0.395
Interface-JVASP-1312_JVASP-22685_film_miller_1_1_0_sub_miller_1_1_0_film_thickness_16_subs_thickness_16_seperation_2.5_disp_-0.25_0.4_vasp,0.993532,0.8651894330978394,0.0
Interface-JVASP-1312_JVASP-22685_film_miller_1_1_0_sub_miller_1_1_0_film_thickness_16_subs_thickness_16_seperation_2.5_disp_-0.25_0.4_vasp,0.993532,0.8651894330978394,0.0
Interface-JVASP-1312_JVASP-8169_film_miller_1_1_0_sub_miller_1_1_0_film_thickness_16_subs_thickness_16_seperation_2.5_disp_0.25_0.45_vasp,2.48017,1.5011658668518066,0.4065
Interface-JVASP-1312_JVASP-8169_film_miller_1_1_0_sub_miller_1_1_0_film_thickness_16_subs_thickness_16_seperation_2.5_disp_0.25_0.45_vasp,2.48017,1.5011658668518066,0.4065
Interface-JVASP-1327_JVASP-8158_film_miller_1_1_0_sub_miller_1_1_0_film_thickness_16_subs_thickness_16_seperation_2.5_disp_0.05_-0.35_vasp,3.386787,0.6508159637451172,1.2825
Interface-JVASP-1327_JVASP-8158_film_miller_1_1_0_sub_miller_1_1_0_film_thickness_16_subs_thickness_16_seperation_2.5_disp_0.05_-0.35_vasp,3.386787,0.6508159637451172,1.2825
Interface-JVASP-8182_JVASP-8184_film_miller_1_1_0_sub_miller_1_1_0_film_thickness_16_subs_thickness_16_seperation_2.5_disp_0.5_0.2_vasp,2.627268,1.7141268253326416,1.7101
Interface-JVASP-8182_JVASP-8184_film_miller_1_1_0_sub_miller_1_1_0_film_thickness_16_subs_thickness_16_seperation_2.5_disp_0.5_0.2_vasp,2.627268,1.7141268253326416,1.7101
Interface-JVASP-8183_JVASP-8184_film_miller_1_1_0_sub_miller_1_1_0_film_thickness_16_subs_thickness_16_seperation_2.5_disp_-0.25_0.2_vasp,1.960793,1.4607678651809692,1.3651
Interface-JVASP-8183_JVASP-8184_film_miller_1_1_0_sub_miller_1_1_0_film_thickness_16_subs_thickness_16_seperation_2.5_disp_-0.25_0.2_vasp,1.960793,1.4607678651809692,1.3651
Interface-JVASP-8185_JVASP-36119_film_miller_1_1_0_sub_miller_1_1_0_film_thickness_16_subs_thickness_16_seperation_2.5_disp_0.0_0.35_vasp,0.687656,0.040269635617733,0.0295
Interface-JVASP-8185_JVASP-36119_film_miller_1_1_0_sub_miller_1_1_0_film_thickness_16_subs_thickness_16_seperation_2.5_disp_0.0_0.35_vasp,0.687656,0.040269635617733,0.0295
Interface-JVASP-8186_JVASP-17700_film_miller_1_1_0_sub_miller_1_1_0_film_thickness_16_subs_thickness_16_seperation_2.5_disp_-0.45_0.0_vasp,0.000998,0.2195988893508911,0.0
Interface-JVASP-8186_JVASP-17700_film_miller_1_1_0_sub_miller_1_1_0_film_thickness_16_subs_thickness_16_seperation_2.5_disp_-0.45_0.0_vasp,0.000998,0.2195988893508911,0.0
Interface-JVASP-8186_JVASP-36119_film_miller_1_1_0_sub_miller_1_1_0_film_thickness_16_subs_thickness_16_seperation_2.5_disp_0.0_-0.4_vasp,0.716624,0.17283448576927185,0.3573
Interface-JVASP-8186_JVASP-36119_film_miller_1_1_0_sub_miller_1_1_0_film_thickness_16_subs_thickness_16_seperation_2.5_disp_0.0_-0.4_vasp,0.716624,0.17283448576927185,0.3573
Interface-JVASP-8186_JVASP-7671_film_miller_1_1_0_sub_miller_1_1_0_film_thickness_16_subs_thickness_16_seperation_2.5_disp_0.0_-0.4_vasp,2.141085,0.9800769090652466,0.5212
Interface-JVASP-8186_JVASP-7671_film_miller_1_1_0_sub_miller_1_1_0_film_thickness_16_subs_thickness_16_seperation_2.5_disp_0.0_-0.4_vasp,2.141085,0.9800769090652466,0.5212
Interface-JVASP-96_JVASP-7671_film_miller_1_1_0_sub_miller_1_1_0_film_thickness_16_subs_thickness_16_seperation_2.5_disp_0.15_0.45_vasp,1.825717,0.8820000886917114,0.4859
Interface-JVASP-96_JVASP-7671_film_miller_1_1_0_sub_miller_1_1_0_film_thickness_16_subs_thickness_16_seperation_2.5_disp_0.15_0.45_vasp,1.825717,0.8820000886917114,0.4859
Interface-JVASP-96_JVASP-85122_film_miller_1_1_0_sub_miller_1_1_0_film_thickness_16_subs_thickness_16_seperation_2.5_disp_-0.4_-0.25_vasp,2.440958,0.4779980778694153,0.5341
Interface-JVASP-96_JVASP-85122_film_miller_1_1_0_sub_miller_1_1_0_film_thickness_16_subs_thickness_16_seperation_2.5_disp_-0.4_-0.25_vasp,2.440958,0.4779980778694153,0.5341
Interface-JVASP-890_JVASP-1186_film_miller_1_1_0_sub_miller_1_1_0_film_thickness_16_subs_thickness_16_seperation_2.5_disp_0.5_-0.25_vasp,0.007275,0.012135699391365051,0.0
Interface-JVASP-890_JVASP-1186_film_miller_1_1_0_sub_miller_1_1_0_film_thickness_16_subs_thickness_16_seperation_2.5_disp_0.5_-0.25_vasp,0.007275,0.012135699391365051,0.0
Interface-JVASP-1192_JVASP-107_film_miller_1_1_0_sub_miller_1_1_0_film_thickness_16_subs_thickness_16_seperation_2.5_disp_-0.45_-0.45_vasp,1.697789,1.2119284868240356,0.1618
Interface-JVASP-1192_JVASP-107_film_miller_1_1_0_sub_miller_1_1_0_film_thickness_16_subs_thickness_16_seperation_2.5_disp_-0.45_-0.45_vasp,1.697789,1.2119284868240356,0.1618
Interface-JVASP-1192_JVASP-37905_film_miller_1_1_0_sub_miller_1_1_0_film_thickness_16_subs_thickness_16_seperation_2.5_disp_-0.05_-0.35_vasp,1.216247,0.8607083559036255,0.3206
Interface-JVASP-1192_JVASP-37905_film_miller_1_1_0_sub_miller_1_1_0_film_thickness_16_subs_thickness_16_seperation_2.5_disp_-0.05_-0.35_vasp,1.216247,0.8607083559036255,0.3206
Interface-JVASP-1408_JVASP-95_film_miller_1_1_0_sub_miller_1_1_0_film_thickness_16_subs_thickness_16_seperation_2.5_disp_-0.25_0.4_vasp,1.797884,0.5745491981506348,0.3287
Interface-JVASP-1408_JVASP-95_film_miller_1_1_0_sub_miller_1_1_0_film_thickness_16_subs_thickness_16_seperation_2.5_disp_-0.25_0.4_vasp,1.797884,0.5745491981506348,0.3287
Interface-JVASP-1312_JVASP-96_film_miller_1_1_0_sub_miller_1_1_0_film_thickness_16_subs_thickness_16_seperation_2.5_disp_0.1_0.0_vasp,1.216831,1.175922155380249,0.5186
Interface-JVASP-1312_JVASP-96_film_miller_1_1_0_sub_miller_1_1_0_film_thickness_16_subs_thickness_16_seperation_2.5_disp_0.1_0.0_vasp,1.216831,1.175922155380249,0.5186
Interface-JVASP-107_JVASP-35748_film_miller_1_1_0_sub_miller_1_1_0_film_thickness_16_subs_thickness_16_seperation_2.5_disp_-0.05_0.45_vasp,0.000435,0.46163180470466614,0.0
Interface-JVASP-1183_JVASP-8182_film_miller_1_1_0_sub_miller_1_1_0_film_thickness_16_subs_thickness_16_seperation_2.5_disp_0.35_-0.45_vasp,1.93671,0.9979314804077148,0.1578
Interface-JVASP-1186_JVASP-7671_film_miller_1_1_0_sub_miller_1_1_0_film_thickness_16_subs_thickness_16_seperation_2.5_disp_-0.45_0.25_vasp,0.965814,0.04996810853481293,0.0004
Interface-JVASP-1073_JVASP-85122_film_miller_1_1_0_sub_miller_1_1_0_film_thickness_16_subs_thickness_16_seperation_2.5_disp_-0.25_0.1_vasp,1.130257,0.31290361285209656,0.5611
Interface-JVASP-1073_JVASP-85122_film_miller_1_1_0_sub_miller_1_1_0_film_thickness_16_subs_thickness_16_seperation_2.5_disp_-0.25_0.1_vasp,1.130257,0.31290361285209656,0.5611
Interface-JVASP-1195_JVASP-36123_film_miller_1_1_0_sub_miller_1_1_0_film_thickness_16_subs_thickness_16_seperation_2.5_disp_-0.2_0.2_vasp,0.856811,0.15193215012550354,0.1717
Interface-JVASP-1195_JVASP-8003_film_miller_1_1_0_sub_miller_1_1_0_film_thickness_16_subs_thickness_16_seperation_2.5_disp_0.1_0.0_vasp,2.212587,0.7406965494155884,0.4075
Interface-JVASP-35711_JVASP-36123_film_miller_1_1_0_sub_miller_1_1_0_film_thickness_16_subs_thickness_16_seperation_2.5_disp_0.0_0.4_vasp,0.000989,0.018843412399291992,0.0091
Interface-JVASP-35748_JVASP-36119_film_miller_1_1_0_sub_miller_1_1_0_film_thickness_16_subs_thickness_16_seperation_2.5_disp_0.0_-0.2_vasp,0.207042,0.12046971917152405,0.1818
Interface-JVASP-36119_JVASP-36123_film_miller_1_1_0_sub_miller_1_1_0_film_thickness_16_subs_thickness_16_seperation_2.5_disp_0.0_-0.1_vasp,0.090843,0.009275808930397034,0.1108
Interface-JVASP-36204_JVASP-35711_film_miller_1_1_0_sub_miller_1_1_0_film_thickness_16_subs_thickness_16_seperation_2.5_disp_-0.35_0.05_vasp,0.040809,0.8013603687286377,0.0
Interface-JVASP-36204_JVASP-39_film_miller_1_1_0_sub_miller_1_1_0_film_thickness_16_subs_thickness_16_seperation_2.5_disp_0.25_-0.35_vasp,1.892498,1.750495433807373,1.726
Interface-JVASP-36204_JVASP-39_film_miller_1_1_0_sub_miller_1_1_0_film_thickness_16_subs_thickness_16_seperation_2.5_disp_0.25_-0.35_vasp,1.892498,1.750495433807373,1.726
Interface-JVASP-37905_JVASP-17700_film_miller_1_1_0_sub_miller_1_1_0_film_thickness_16_subs_thickness_16_seperation_2.5_disp_-0.2_0.45_vasp,0.001526,0.5323364734649658,0.3265
Interface-JVASP-7630_JVASP-17700_film_miller_1_1_0_sub_miller_1_1_0_film_thickness_16_subs_thickness_16_seperation_2.5_disp_0.0_0.0_vasp,0.00136,0.6575744152069092,0.0
Interface-JVASP-7671_JVASP-36119_film_miller_1_1_0_sub_miller_1_1_0_film_thickness_16_subs_thickness_16_seperation_2.5_disp_0.0_-0.1_vasp,1.068345,0.03569025546312332,0.0072
Interface-JVASP-7671_JVASP-36119_film_miller_1_1_0_sub_miller_1_1_0_film_thickness_16_subs_thickness_16_seperation_2.5_disp_0.0_-0.1_vasp,1.068345,0.03569025546312332,0.0072
Interface-JVASP-7844_JVASP-7836_film_miller_1_1_0_sub_miller_1_1_0_film_thickness_16_subs_thickness_16_seperation_2.5_disp_0.35_-0.25_vasp,2.427178,3.5230326652526855,1.5897
Interface-JVASP-8047_JVASP-37905_film_miller_1_1_0_sub_miller_1_1_0_film_thickness_16_subs_thickness_16_seperation_2.5_disp_-0.45_0.05_vasp,1.308443,1.235208511352539,1.0703
Interface-JVASP-8183_JVASP-1393_film_miller_1_1_0_sub_miller_1_1_0_film_thickness_16_subs_thickness_16_seperation_2.5_disp_0.4_-0.15_vasp,1.308865,1.1334013938903809,0.3927
Interface-JVASP-8184_JVASP-7923_film_miller_1_1_0_sub_miller_1_1_0_film_thickness_16_subs_thickness_16_seperation_2.5_disp_0.2_-0.25_vasp,2.047667,0.430193692445755,0.3936
Interface-JVASP-95_JVASP-36873_film_miller_1_1_0_sub_miller_1_1_0_film_thickness_16_subs_thickness_16_seperation_2.5_disp_-0.35_0.1_vasp,0.999551,0.7609504461288452,0.0846
Interface-JVASP-1002_JVASP-1372_film_miller_1_1_0_sub_miller_1_1_0_film_thickness_16_subs_thickness_16_seperation_2.5_disp_-0.45_-0.15_vasp,1.87123,1.0135152339935303,0.8993
Interface-JVASP-1192_JVASP-30_film_miller_1_1_0_sub_miller_1_1_0_film_thickness_16_subs_thickness_16_seperation_2.5_disp_-0.25_-0.35_vasp,1.919909,0.9882775545120239,0.1019
Interface-JVASP-1192_JVASP-1312_film_miller_1_1_0_sub_miller_1_1_0_film_thickness_16_subs_thickness_16_seperation_2.5_disp_-0.15_-0.4_vasp,1.530571,1.0106152296066284,0.1215
Interface-JVASP-1702_JVASP-1186_film_miller_1_1_0_sub_miller_1_1_0_film_thickness_16_subs_thickness_16_seperation_2.5_disp_0.3_0.45_vasp,0.727669,-0.1327589750289917,0.1034
Interface-JVASP-1702_JVASP-7836_film_miller_1_1_0_sub_miller_1_1_0_film_thickness_16_subs_thickness_16_seperation_2.5_disp_0.15_-0.2_vasp,3.48865,3.049743413925171,2.1591
Interface-JVASP-1702_JVASP-8158_film_miller_1_1_0_sub_miller_1_1_0_film_thickness_16_subs_thickness_16_seperation_2.5_disp_-0.45_-0.35_vasp,2.316017,1.488822340965271,0.6765
Interface-JVASP-1189_JVASP-7630_film_miller_1_1_0_sub_miller_1_1_0_film_thickness_16_subs_thickness_16_seperation_2.5_disp_-0.05_-0.35_vasp,0.405064,0.7115950584411621,0.0392
Interface-JVASP-1312_JVASP-1183_film_miller_1_1_0_sub_miller_1_1_0_film_thickness_16_subs_thickness_16_seperation_2.5_disp_0.35_-0.15_vasp,1.275188,0.9358005523681641,0.1226
Interface-JVASP-1327_JVASP-8182_film_miller_1_1_0_sub_miller_1_1_0_film_thickness_16_subs_thickness_16_seperation_2.5_disp_-0.05_0.0_vasp,3.337752,1.501847505569458,0.9857
Interface-JVASP-1186_JVASP-7844_film_miller_1_1_0_sub_miller_1_1_0_film_thickness_16_subs_thickness_16_seperation_2.5_disp_0.45_0.5_vasp,0.570905,0.5520651340484619,0.2562
Interface-JVASP-22685_JVASP-36204_film_miller_1_1_0_sub_miller_1_1_0_film_thickness_16_subs_thickness_16_seperation_2.5_disp_0.3_-0.05_vasp,0.706395,0.8558818101882935,0.4171
Interface-JVASP-7671_JVASP-39_film_miller_1_1_0_sub_miller_1_1_0_film_thickness_16_subs_thickness_16_seperation_2.5_disp_-0.4_0.45_vasp,2.384247,1.6106235980987549,1.0022
Interface-JVASP-7836_JVASP-79204_film_miller_1_1_0_sub_miller_1_1_0_film_thickness_16_subs_thickness_16_seperation_2.5_disp_0.4_0.5_vasp,2.673302,3.3484408855438232,2.809
Interface-JVASP-7923_JVASP-8169_film_miller_1_1_0_sub_miller_1_1_0_film_thickness_16_subs_thickness_16_seperation_2.5_disp_0.0_0.25_vasp,2.800744,0.4238714277744293,0.6183
Interface-JVASP-8003_JVASP-36204_film_miller_1_1_0_sub_miller_1_1_0_film_thickness_16_subs_thickness_16_seperation_2.5_disp_0.4_0.5_vasp,0.804115,1.1515469551086426,0.3555
Interface-JVASP-8047_JVASP-85122_film_miller_1_1_0_sub_miller_1_1_0_film_thickness_16_subs_thickness_16_seperation_2.5_disp_0.0_-0.35_vasp,1.699134,0.5115886926651001,0.1675
Interface-JVASP-8158_JVASP-36873_film_miller_1_1_0_sub_miller_1_1_0_film_thickness_16_subs_thickness_16_seperation_2.5_disp_0.5_-0.2_vasp,1.258423,0.6508952379226685,0.4919
Interface-JVASP-8169_JVASP-36204_film_miller_1_1_0_sub_miller_1_1_0_film_thickness_16_subs_thickness_16_seperation_2.5_disp_0.1_0.5_vasp,2.437249,1.1939189434051514,0.9139
Interface-JVASP-8182_JVASP-1073_film_miller_1_1_0_sub_miller_1_1_0_film_thickness_16_subs_thickness_16_seperation_2.5_disp_0.5_0.2_vasp,2.080823,1.0958551168441772,0.8991
Interface-JVASP-8186_JVASP-36204_film_miller_1_1_0_sub_miller_1_1_0_film_thickness_16_subs_thickness_16_seperation_2.5_disp_-0.15_-0.05_vasp,1.598584,0.9631868600845337,0.5739
Interface-JVASP-85122_JVASP-95_film_miller_1_1_0_sub_miller_1_1_0_film_thickness_16_subs_thickness_16_seperation_2.5_disp_0.0_0.0_vasp,2.978154,0.5198208689689636,0.4996
Interface-JVASP-1002_JVASP-105410_film_miller_0_0_1_sub_miller_0_0_1_film_thickness_16_subs_thickness_16_seperation_2.5_disp_-0.25_0.25_vasp,0.00544,0.3014688193798065,0.0
Interface-JVASP-1002_JVASP-1372_film_miller_0_0_1_sub_miller_0_0_1_film_thickness_16_subs_thickness_16_seperation_2.5_disp_-0.25_0.25_vasp,0.001815,0.5243715047836304,0.0
Interface-JVASP-1002_JVASP-8003_film_miller_0_0_1_sub_miller_0_0_1_film_thickness_16_subs_thickness_16_seperation_2.5_disp_-0.25_0.25_vasp,0.028549,0.5348600149154663,0.0
Interface-JVASP-1002_JVASP-8184_film_miller_1_1_0_sub_miller_1_1_0_film_thickness_16_subs_thickness_16_seperation_2.5_disp_-0.15_0.05_vasp,0.239022,0.7662689685821533,0.202
Interface-JVASP-1174_JVASP-1186_film_miller_0_0_1_sub_miller_0_0_1_film_thickness_16_subs_thickness_16_seperation_2.5_disp_-0.25_-0.25_vasp,0.003422,0.059156496077775955,0.0
Interface-JVASP-1174_JVASP-36873_film_miller_0_0_1_sub_miller_0_0_1_film_thickness_16_subs_thickness_16_seperation_2.5_disp_-0.25_-0.25_vasp,0.004227,0.6320415735244751,0.0
Interface-JVASP-1327_JVASP-1174_film_miller_0_0_1_sub_miller_0_0_1_film_thickness_16_subs_thickness_16_seperation_2.5_disp_-0.25_0.25_vasp,0.001069,1.1007287502288818,0.0
Interface-JVASP-1327_JVASP-36408_film_miller_0_0_1_sub_miller_0_0_1_film_thickness_16_subs_thickness_16_seperation_2.5_disp_-0.25_0.25_vasp,0.000905,0.6873155832290649,0.0
Interface-JVASP-1327_JVASP-96_film_miller_0_0_1_sub_miller_0_0_1_film_thickness_16_subs_thickness_16_seperation_2.5_disp_-0.25_0.25_vasp,1.511096,1.4424183368682861,0.0
Interface-JVASP-1372_JVASP-1183_film_miller_1_1_0_sub_miller_1_1_0_film_thickness_16_subs_thickness_16_seperation_2.5_disp_-0.1_0.2_vasp,2.282821,0.9850859642028809,0.8125
Interface-JVASP-1372_JVASP-96_film_miller_1_1_0_sub_miller_1_1_0_film_thickness_16_subs_thickness_16_seperation_2.5_disp_-0.05_0.2_vasp,2.352732,1.3873416185379028,1.1032
Interface-JVASP-1408_JVASP-1198_film_miller_1_1_0_sub_miller_1_1_0_film_thickness_16_subs_thickness_16_seperation_2.5_disp_-0.05_0.3_vasp,1.522206,0.980966329574585,0.8812
Interface-JVASP-30_JVASP-39_film_miller_1_0_0_sub_miller_0_0_1_film_thickness_16_subs_thickness_16_seperation_2.5_disp_0.0_0.05_vasp,1.460166,2.879936456680298,0.0
Interface-JVASP-39_JVASP-30_film_miller_0_0_1_sub_miller_0_0_1_film_thickness_16_subs_thickness_16_seperation_2.5_disp_0.35_0.35_vasp,0.283605,2.4939725399017334,0.0
Interface-JVASP-1195_JVASP-30_film_miller_1_1_0_sub_miller_1_1_0_film_thickness_16_subs_thickness_16_seperation_2.5_disp_0.5_0.25_vasp,3.761376,0.5221196413040161,1.0291
Interface-JVASP-1195_JVASP-30_film_miller_1_1_0_sub_miller_1_1_0_film_thickness_16_subs_thickness_16_seperation_2.5_disp_0.5_0.25_vasp,3.761376,0.5221196413040161,1.0291
Interface-JVASP-105410_JVASP-1393_film_miller_1_1_0_sub_miller_1_1_0_film_thickness_16_subs_thickness_16_seperation_2.5_disp_0.1_0.35_vasp,1.325409,0.7294244766235352,0.8325
Interface-JVASP-105410_JVASP-1393_film_miller_1_1_0_sub_miller_1_1_0_film_thickness_16_subs_thickness_16_seperation_2.5_disp_0.1_0.35_vasp,1.325409,0.7294244766235352,0.8325
Interface-JVASP-1183_JVASP-96_film_miller_1_1_0_sub_miller_1_1_0_film_thickness_16_subs_thickness_16_seperation_2.5_disp_0.05_0.25_vasp,2.47427,0.20406991243362427,0.1784
Interface-JVASP-1408_JVASP-8003_film_miller_1_1_0_sub_miller_1_1_0_film_thickness_16_subs_thickness_16_seperation_2.5_disp_-0.25_0.0_vasp,2.04443,0.7844675779342651,0.0393
Interface-JVASP-1174_JVASP-1183_film_miller_1_1_0_sub_miller_1_1_0_film_thickness_16_subs_thickness_16_seperation_2.5_disp_-0.05_-0.15_vasp,1.667268,0.2668992280960083,0.1161
Interface-JVASP-1372_JVASP-8184_film_miller_1_1_0_sub_miller_1_1_0_film_thickness_16_subs_thickness_16_seperation_2.5_disp_-0.15_0.5_vasp,0.726938,1.1598777770996094,0.121
Interface-JVASP-1183_JVASP-8003_film_miller_1_1_0_sub_miller_1_1_0_film_thickness_16_subs_thickness_16_seperation_2.5_disp_-0.1_0.0_vasp,2.912813,0.6791208982467651,0.3465
Interface-JVASP-1327_JVASP-37905_film_miller_1_1_0_sub_miller_1_1_0_film_thickness_16_subs_thickness_16_seperation_2.5_disp_0.5_0.15_vasp,1.007197,1.1676418781280518,0.5512
Interface-JVASP-1327_JVASP-37905_film_miller_1_1_0_sub_miller_1_1_0_film_thickness_16_subs_thickness_16_seperation_2.5_disp_0.5_0.15_vasp,1.007197,1.1676418781280518,0.5512
Interface-JVASP-1327_JVASP-85122_film_miller_1_1_0_sub_miller_1_1_0_film_thickness_16_subs_thickness_16_seperation_2.5_disp_0.3_-0.35_vasp,1.984052,1.061962604522705,0.1667
Interface-JVASP-1327_JVASP-85122_film_miller_1_1_0_sub_miller_1_1_0_film_thickness_16_subs_thickness_16_seperation_2.5_disp_0.3_-0.35_vasp,1.984052,1.061962604522705,0.1667
Interface-JVASP-1702_JVASP-95_film_miller_1_1_0_sub_miller_1_1_0_film_thickness_16_subs_thickness_16_seperation_2.5_disp_-0.35_-0.45_vasp,2.366933,1.5102005004882812,0.6799
Interface-JVASP-1702_JVASP-95_film_miller_1_1_0_sub_miller_1_1_0_film_thickness_16_subs_thickness_16_seperation_2.5_disp_-0.35_-0.45_vasp,2.366933,1.5102005004882812,0.6799
Interface-JVASP-1002_JVASP-107_film_miller_0_0_1_sub_miller_0_0_1_film_thickness_16_subs_thickness_16_seperation_2.5_disp_-0.45_0.05_vasp,0.003504,0.5457947254180908,0.0
Interface-JVASP-1192_JVASP-23_film_miller_1_1_0_sub_miller_1_1_0_film_thickness_16_subs_thickness_16_seperation_2.5_disp_0.25_-0.15_vasp,1.424278,0.7275844812393188,0.1598
Interface-JVASP-1198_JVASP-23_film_miller_1_1_0_sub_miller_1_1_0_film_thickness_16_subs_thickness_16_seperation_2.5_disp_-0.05_0.15_vasp,1.490017,0.8643488883972168,0.5157
Interface-JVASP-30_JVASP-1195_film_miller_0_0_1_sub_miller_0_0_1_film_thickness_16_subs_thickness_16_seperation_2.5_disp_0.35_0.3_vasp,0.001788,0.8593487739562988,0.0
Interface-JVASP-30_JVASP-8184_film_miller_0_0_1_sub_miller_0_0_1_film_thickness_16_subs_thickness_16_seperation_2.5_disp_-0.25_-0.25_vasp,0.004067,1.0877333879470825,0.0
Interface-JVASP-1327_JVASP-8184_film_miller_1_1_0_sub_miller_1_1_0_film_thickness_16_subs_thickness_16_seperation_2.5_disp_-0.1_0.3_vasp,1.616044,1.300048589706421,0.6073
Interface-JVASP-1174_JVASP-1186_film_miller_1_1_0_sub_miller_1_1_0_film_thickness_16_subs_thickness_16_seperation_2.5_disp_0.0_-0.1_vasp,0.63859,0.048799753189086914,0.0
Interface-JVASP-1186_JVASP-23_film_miller_1_1_0_sub_miller_1_1_0_film_thickness_16_subs_thickness_16_seperation_2.5_disp_0.0_-0.35_vasp,0.280587,0.15647238492965698,0.1224
Interface-JVASP-96_JVASP-1192_film_miller_1_1_0_sub_miller_1_1_0_film_thickness_16_subs_thickness_16_seperation_2.5_disp_-0.25_-0.45_vasp,2.42457,0.8328092098236084,0.5908
Interface-JVASP-8184_JVASP-96_film_miller_1_1_0_sub_miller_1_1_0_film_thickness_16_subs_thickness_16_seperation_2.5_disp_0.15_0.5_vasp,1.224607,1.1343951225280762,0.5314
Interface-JVASP-1327_JVASP-8118_film_miller_0_0_1_sub_miller_0_0_1_film_thickness_16_subs_thickness_16_seperation_2.5_disp_0.5_-0.4_vasp,0.006067,0.7151732444763184,0.0
Interface-JVASP-39_JVASP-36408_film_miller_0_0_1_sub_miller_0_0_1_film_thickness_16_subs_thickness_16_seperation_2.5_disp_-0.2_-0.05_vasp,0.000139,1.3492497205734253,0.0
Interface-JVASP-1408_JVASP-7844_film_miller_1_1_0_sub_miller_1_1_0_film_thickness_16_subs_thickness_16_seperation_2.5_disp_0.45_-0.45_vasp,1.313096,0.657201886177063,0.5641
Interface-JVASP-1408_JVASP-7844_film_miller_1_1_0_sub_miller_1_1_0_film_thickness_16_subs_thickness_16_seperation_2.5_disp_0.45_-0.45_vasp,1.313096,0.657201886177063,0.5641
Interface-JVASP-1408_JVASP-96_film_miller_1_1_0_sub_miller_1_1_0_film_thickness_16_subs_thickness_16_seperation_2.5_disp_0.3_-0.05_vasp,1.588591,0.0850161463022232,0.8161
Interface-JVASP-96_JVASP-23_film_miller_1_1_0_sub_miller_1_1_0_film_thickness_16_subs_thickness_16_seperation_2.5_disp_-0.4_-0.35_vasp,2.290654,0.8868014812469482,0.5301
Interface-JVASP-1189_JVASP-23_film_miller_1_1_0_sub_miller_1_1_0_film_thickness_16_subs_thickness_16_seperation_2.5_disp_0.0_-0.2_vasp,1.039744,0.2046361267566681,0.0
Interface-JVASP-1192_JVASP-8182_film_miller_1_1_0_sub_miller_1_1_0_film_thickness_16_subs_thickness_16_seperation_2.5_disp_0.15_0.05_vasp,1.416476,1.0724197626113892,0.0718
Interface-JVASP-1192_JVASP-8182_film_miller_1_1_0_sub_miller_1_1_0_film_thickness_16_subs_thickness_16_seperation_2.5_disp_0.15_0.05_vasp,1.416476,1.0724197626113892,0.0718
Interface-JVASP-1702_JVASP-17700_film_miller_1_1_0_sub_miller_1_1_0_film_thickness_16_subs_thickness_16_seperation_2.5_disp_0.05_-0.35_vasp,0.003095,0.4812081754207611,0.1057
Interface-JVASP-1702_JVASP-17700_film_miller_1_1_0_sub_miller_1_1_0_film_thickness_16_subs_thickness_16_seperation_2.5_disp_0.05_-0.35_vasp,0.003095,0.4812081754207611,0.1057
Interface-JVASP-1408_JVASP-35711_film_miller_1_1_0_sub_miller_1_1_0_film_thickness_16_subs_thickness_16_seperation_2.5_disp_0.25_-0.1_vasp,0.042762,0.3335128128528595,0.1695
Interface-JVASP-1408_JVASP-35711_film_miller_1_1_0_sub_miller_1_1_0_film_thickness_16_subs_thickness_16_seperation_2.5_disp_0.25_-0.1_vasp,0.042762,0.3335128128528595,0.1695
Interface-JVASP-1702_JVASP-7630_film_miller_1_1_0_sub_miller_1_1_0_film_thickness_16_subs_thickness_16_seperation_2.5_disp_-0.35_-0.15_vasp,0.749248,1.4097213745117188,0.4242
Interface-JVASP-1702_JVASP-7630_film_miller_1_1_0_sub_miller_1_1_0_film_thickness_16_subs_thickness_16_seperation_2.5_disp_-0.35_-0.15_vasp,0.749248,1.4097213745117188,0.4242
Interface-JVASP-1312_JVASP-7836_film_miller_1_1_0_sub_miller_1_1_0_film_thickness_16_subs_thickness_16_seperation_2.5_disp_-0.45_0.45_vasp,1.394326,2.374952554702759,0.4952
Interface-JVASP-1312_JVASP-7836_film_miller_1_1_0_sub_miller_1_1_0_film_thickness_16_subs_thickness_16_seperation_2.5_disp_-0.45_0.45_vasp,1.394326,2.374952554702759,0.4952
Interface-JVASP-1327_JVASP-22685_film_miller_1_1_0_sub_miller_1_1_0_film_thickness_16_subs_thickness_16_seperation_2.5_disp_0.3_-0.25_vasp,2.103423,1.1831159591674805,0.6084
Interface-JVASP-1327_JVASP-22685_film_miller_1_1_0_sub_miller_1_1_0_film_thickness_16_subs_thickness_16_seperation_2.5_disp_0.3_-0.25_vasp,2.103423,1.1831159591674805,0.6084
Interface-JVASP-105410_JVASP-8003_film_miller_1_1_0_sub_miller_1_1_0_film_thickness_16_subs_thickness_16_seperation_2.5_disp_0.1_0.3_vasp,1.320848,0.6231848001480103,0.284
Interface-JVASP-105410_JVASP-8003_film_miller_1_1_0_sub_miller_1_1_0_film_thickness_16_subs_thickness_16_seperation_2.5_disp_0.1_0.3_vasp,1.320848,0.6231848001480103,0.284
Interface-JVASP-1183_JVASP-7844_film_miller_1_1_0_sub_miller_1_1_0_film_thickness_16_subs_thickness_16_seperation_2.5_disp_-0.3_0.3_vasp,2.056313,0.9565626382827759,0.5818
Interface-JVASP-1183_JVASP-7844_film_miller_1_1_0_sub_miller_1_1_0_film_thickness_16_subs_thickness_16_seperation_2.5_disp_-0.3_0.3_vasp,2.056313,0.9565626382827759,0.5818
Interface-JVASP-22685_JVASP-36119_film_miller_1_1_0_sub_miller_1_1_0_film_thickness_16_subs_thickness_16_seperation_2.5_disp_0.0_-0.15_vasp,0.634189,0.07433298230171204,0.0985
Interface-JVASP-22685_JVASP-36119_film_miller_1_1_0_sub_miller_1_1_0_film_thickness_16_subs_thickness_16_seperation_2.5_disp_0.0_-0.15_vasp,0.634189,0.07433298230171204,0.0985
Interface-JVASP-22685_JVASP-8186_film_miller_1_1_0_sub_miller_1_1_0_film_thickness_16_subs_thickness_16_seperation_2.5_disp_0.0_0.35_vasp,1.670754,0.8049710988998413,0.7016
Interface-JVASP-22685_JVASP-8186_film_miller_1_1_0_sub_miller_1_1_0_film_thickness_16_subs_thickness_16_seperation_2.5_disp_0.0_0.35_vasp,1.670754,0.8049710988998413,0.7016
Interface-JVASP-1192_JVASP-8047_film_miller_1_1_0_sub_miller_1_1_0_film_thickness_16_subs_thickness_16_seperation_2.5_disp_-0.3_-0.3_vasp,1.548674,0.9119600057601929,0.1095
Interface-JVASP-1192_JVASP-8047_film_miller_1_1_0_sub_miller_1_1_0_film_thickness_16_subs_thickness_16_seperation_2.5_disp_-0.3_-0.3_vasp,1.548674,0.9119600057601929,0.1095
Interface-JVASP-1312_JVASP-36204_film_miller_1_1_0_sub_miller_1_1_0_film_thickness_16_subs_thickness_16_seperation_2.5_disp_-0.45_0.2_vasp,1.44931,1.0176106691360474,0.3645
Interface-JVASP-1312_JVASP-36204_film_miller_1_1_0_sub_miller_1_1_0_film_thickness_16_subs_thickness_16_seperation_2.5_disp_-0.45_0.2_vasp,1.44931,1.0176106691360474,0.3645
Interface-JVASP-1312_JVASP-8182_film_miller_1_1_0_sub_miller_1_1_0_film_thickness_16_subs_thickness_16_seperation_2.5_disp_-0.25_-0.3_vasp,1.369026,1.1292541027069092,0.593
Interface-JVASP-1312_JVASP-8182_film_miller_1_1_0_sub_miller_1_1_0_film_thickness_16_subs_thickness_16_seperation_2.5_disp_-0.25_-0.3_vasp,1.369026,1.1292541027069092,0.593
Interface-JVASP-1327_JVASP-95_film_miller_1_1_0_sub_miller_1_1_0_film_thickness_16_subs_thickness_16_seperation_2.5_disp_0.3_-0.35_vasp,1.84562,1.4908990859985352,0.4656
Interface-JVASP-1327_JVASP-95_film_miller_1_1_0_sub_miller_1_1_0_film_thickness_16_subs_thickness_16_seperation_2.5_disp_0.3_-0.35_vasp,1.84562,1.4908990859985352,0.4656
Interface-JVASP-8182_JVASP-95_film_miller_1_1_0_sub_miller_1_1_0_film_thickness_16_subs_thickness_16_seperation_2.5_disp_-0.25_0.2_vasp,4.147164,1.6425321102142334,1.464
Interface-JVASP-8182_JVASP-95_film_miller_1_1_0_sub_miller_1_1_0_film_thickness_16_subs_thickness_16_seperation_2.5_disp_-0.25_0.2_vasp,4.147164,1.6425321102142334,1.464
Interface-JVASP-8183_JVASP-8186_film_miller_1_1_0_sub_miller_1_1_0_film_thickness_16_subs_thickness_16_seperation_2.5_disp_0.0_0.1_vasp,1.998162,1.013485074043274,1.2492
Interface-JVASP-8183_JVASP-8186_film_miller_1_1_0_sub_miller_1_1_0_film_thickness_16_subs_thickness_16_seperation_2.5_disp_0.0_0.1_vasp,1.998162,1.013485074043274,1.2492
Interface-JVASP-8185_JVASP-8047_film_miller_1_1_0_sub_miller_1_1_0_film_thickness_16_subs_thickness_16_seperation_2.5_disp_0.0_-0.4_vasp,2.261652,0.2808306813240051,0.4035
Interface-JVASP-8185_JVASP-8047_film_miller_1_1_0_sub_miller_1_1_0_film_thickness_16_subs_thickness_16_seperation_2.5_disp_0.0_-0.4_vasp,2.261652,0.2808306813240051,0.4035
Interface-JVASP-8186_JVASP-30_film_miller_1_1_0_sub_miller_1_1_0_film_thickness_16_subs_thickness_16_seperation_2.5_disp_-0.15_-0.05_vasp,2.772741,0.8361449241638184,0.8891
Interface-JVASP-8186_JVASP-30_film_miller_1_1_0_sub_miller_1_1_0_film_thickness_16_subs_thickness_16_seperation_2.5_disp_-0.15_-0.05_vasp,2.772741,0.8361449241638184,0.8891
Interface-JVASP-8186_JVASP-36123_film_miller_1_1_0_sub_miller_1_1_0_film_thickness_16_subs_thickness_16_seperation_2.5_disp_0.0_0.4_vasp,1.291207,0.2810859978199005,0.0
Interface-JVASP-8186_JVASP-36123_film_miller_1_1_0_sub_miller_1_1_0_film_thickness_16_subs_thickness_16_seperation_2.5_disp_0.0_0.4_vasp,1.291207,0.2810859978199005,0.0
Interface-JVASP-8186_JVASP-8047_film_miller_1_1_0_sub_miller_1_1_0_film_thickness_16_subs_thickness_16_seperation_2.5_disp_0.0_-0.35_vasp,2.665155,1.1900005340576172,0.7716
Interface-JVASP-8186_JVASP-8047_film_miller_1_1_0_sub_miller_1_1_0_film_thickness_16_subs_thickness_16_seperation_2.5_disp_0.0_-0.35_vasp,2.665155,1.1900005340576172,0.7716
Interface-JVASP-96_JVASP-7923_film_miller_1_1_0_sub_miller_1_1_0_film_thickness_16_subs_thickness_16_seperation_2.5_disp_0.5_-0.2_vasp,2.029988,0.6835198402404785,0.432
Interface-JVASP-96_JVASP-7923_film_miller_1_1_0_sub_miller_1_1_0_film_thickness_16_subs_thickness_16_seperation_2.5_disp_0.5_-0.2_vasp,2.029988,0.6835198402404785,0.432
Interface-JVASP-1002_JVASP-1192_film_miller_1_1_0_sub_miller_1_1_0_film_thickness_16_subs_thickness_16_seperation_2.5_disp_-0.2_0.4_vasp,0.60181,0.6480262279510498,0.0822
Interface-JVASP-1002_JVASP-1192_film_miller_1_1_0_sub_miller_1_1_0_film_thickness_16_subs_thickness_16_seperation_2.5_disp_-0.2_0.4_vasp,0.60181,0.6480262279510498,0.0822
Interface-JVASP-890_JVASP-1198_film_miller_0_0_1_sub_miller_0_0_1_film_thickness_16_subs_thickness_16_seperation_2.5_disp_-0.25_0.25_vasp,0.001112,0.298000693321228,0.0
Interface-JVASP-1192_JVASP-1195_film_miller_1_1_0_sub_miller_1_1_0_film_thickness_16_subs_thickness_16_seperation_2.5_disp_-0.25_-0.45_vasp,2.094728,0.6515191793441772,0.0953
Interface-JVASP-1192_JVASP-1195_film_miller_1_1_0_sub_miller_1_1_0_film_thickness_16_subs_thickness_16_seperation_2.5_disp_-0.25_-0.45_vasp,2.094728,0.6515191793441772,0.0953
Interface-JVASP-1192_JVASP-95_film_miller_1_1_0_sub_miller_1_1_0_film_thickness_16_subs_thickness_16_seperation_2.5_disp_-0.05_0.35_vasp,2.429563,0.9913549423217773,0.3685
Interface-JVASP-1192_JVASP-95_film_miller_1_1_0_sub_miller_1_1_0_film_thickness_16_subs_thickness_16_seperation_2.5_disp_-0.05_0.35_vasp,2.429563,0.9913549423217773,0.3685
Interface-JVASP-1702_JVASP-8047_film_miller_1_1_0_sub_miller_1_1_0_film_thickness_16_subs_thickness_16_seperation_2.5_disp_0.4_-0.2_vasp,3.055385,1.518838882446289,1.3895
Interface-JVASP-1702_JVASP-8047_film_miller_1_1_0_sub_miller_1_1_0_film_thickness_16_subs_thickness_16_seperation_2.5_disp_0.4_-0.2_vasp,3.055385,1.518838882446289,1.3895
Interface-JVASP-105410_JVASP-1073_film_miller_1_1_0_sub_miller_1_1_0_film_thickness_16_subs_thickness_16_seperation_2.5_disp_-0.1_0.0_vasp,0.912788,0.11096072196960449,0.0
Interface-JVASP-107_JVASP-37905_film_miller_1_1_0_sub_miller_1_1_0_film_thickness_16_subs_thickness_16_seperation_2.5_disp_0.4_-0.1_vasp,0.00035,0.8106461763381958,0.096
Interface-JVASP-1183_JVASP-8183_film_miller_1_1_0_sub_miller_1_1_0_film_thickness_16_subs_thickness_16_seperation_2.5_disp_-0.15_-0.3_vasp,1.949921,0.6452046632766724,0.4368
Interface-JVASP-1186_JVASP-7836_film_miller_1_1_0_sub_miller_1_1_0_film_thickness_16_subs_thickness_16_seperation_2.5_disp_0.25_0.45_vasp,1.075343,2.2993698120117188,0.4841
Interface-JVASP-1073_JVASP-95_film_miller_1_1_0_sub_miller_1_1_0_film_thickness_16_subs_thickness_16_seperation_2.5_disp_-0.25_0.1_vasp,1.392729,0.696507453918457,0.3839
Interface-JVASP-1073_JVASP-95_film_miller_1_1_0_sub_miller_1_1_0_film_thickness_16_subs_thickness_16_seperation_2.5_disp_-0.25_0.1_vasp,1.392729,0.696507453918457,0.3839
Interface-JVASP-1195_JVASP-36204_film_miller_1_1_0_sub_miller_1_1_0_film_thickness_16_subs_thickness_16_seperation_2.5_disp_0.5_0.25_vasp,2.466374,0.82301926612854,0.0665
Interface-JVASP-1195_JVASP-36204_film_miller_1_1_0_sub_miller_1_1_0_film_thickness_16_subs_thickness_16_seperation_2.5_disp_0.5_0.25_vasp,2.466374,0.82301926612854,0.0665
Interface-JVASP-1195_JVASP-8186_film_miller_1_1_0_sub_miller_1_1_0_film_thickness_16_subs_thickness_16_seperation_2.5_disp_-0.2_-0.1_vasp,2.208544,0.6313803195953369,0.5588
Interface-JVASP-35711_JVASP-39_film_miller_1_1_0_sub_miller_1_1_0_film_thickness_16_subs_thickness_16_seperation_2.5_disp_0.1_0.45_vasp,0.693233,0.5724890232086182,0.3754
Interface-JVASP-35748_JVASP-36123_film_miller_1_1_0_sub_miller_1_1_0_film_thickness_16_subs_thickness_16_seperation_2.5_disp_0.0_-0.45_vasp,0.793906,0.15102800726890564,0.0569
Interface-JVASP-35748_JVASP-36123_film_miller_1_1_0_sub_miller_1_1_0_film_thickness_16_subs_thickness_16_seperation_2.5_disp_0.0_-0.45_vasp,0.793906,0.15102800726890564,0.0569
Interface-JVASP-36119_JVASP-95_film_miller_1_1_0_sub_miller_1_1_0_film_thickness_16_subs_thickness_16_seperation_2.5_disp_0.0_-0.3_vasp,1.701426,0.15291935205459595,0.0719
Interface-JVASP-36204_JVASP-36119_film_miller_1_1_0_sub_miller_1_1_0_film_thickness_16_subs_thickness_16_seperation_2.5_disp_-0.35_-0.45_vasp,0.212153,0.6124029159545898,0.0026
Interface-JVASP-36873_JVASP-1393_film_miller_1_1_0_sub_miller_1_1_0_film_thickness_16_subs_thickness_16_seperation_2.5_disp_-0.3_0.25_vasp,1.230797,0.884668231010437,0.5196
Interface-JVASP-37905_JVASP-23_film_miller_1_1_0_sub_miller_1_1_0_film_thickness_16_subs_thickness_16_seperation_2.5_disp_-0.45_-0.2_vasp,1.173798,0.5225844979286194,0.1278
Interface-JVASP-7671_JVASP-30_film_miller_1_1_0_sub_miller_1_1_0_film_thickness_16_subs_thickness_16_seperation_2.5_disp_-0.2_0.45_vasp,1.68464,0.8459552526473999,0.7487
Interface-JVASP-7671_JVASP-36123_film_miller_1_1_0_sub_miller_1_1_0_film_thickness_16_subs_thickness_16_seperation_2.5_disp_0.0_-0.1_vasp,0.761805,0.04966329038143158,0.0361
Interface-JVASP-7671_JVASP-36123_film_miller_1_1_0_sub_miller_1_1_0_film_thickness_16_subs_thickness_16_seperation_2.5_disp_0.0_-0.1_vasp,0.761805,0.04966329038143158,0.0361
Interface-JVASP-7923_JVASP-1393_film_miller_1_1_0_sub_miller_1_1_0_film_thickness_16_subs_thickness_16_seperation_2.5_disp_0.2_-0.1_vasp,2.343488,0.5271894931793213,0.3138
Interface-JVASP-8158_JVASP-30_film_miller_1_1_0_sub_miller_1_1_0_film_thickness_16_subs_thickness_16_seperation_2.5_disp_-0.15_0.25_vasp,2.544776,1.7112901210784912,1.3741
Interface-JVASP-8158_JVASP-30_film_miller_1_1_0_sub_miller_1_1_0_film_thickness_16_subs_thickness_16_seperation_2.5_disp_-0.15_0.25_vasp,2.544776,1.7112901210784912,1.3741
Interface-JVASP-8183_JVASP-23_film_miller_1_1_0_sub_miller_1_1_0_film_thickness_16_subs_thickness_16_seperation_2.5_disp_0.5_-0.3_vasp,1.600992,0.7224136590957642,0.0748
Interface-JVASP-8184_JVASP-8047_film_miller_1_1_0_sub_miller_1_1_0_film_thickness_16_subs_thickness_16_seperation_2.5_disp_-0.25_0.35_vasp,1.715408,0.8715579509735107,0.6354
Interface-JVASP-96_JVASP-1073_film_miller_1_1_0_sub_miller_1_1_0_film_thickness_16_subs_thickness_16_seperation_2.5_disp_-0.15_0.5_vasp,1.29277,0.7165942192077637,0.5292
Interface-JVASP-1192_JVASP-7836_film_miller_1_1_0_sub_miller_1_1_0_film_thickness_16_subs_thickness_16_seperation_2.5_disp_0.5_-0.3_vasp,2.612193,2.723489761352539,1.06
Interface-JVASP-1192_JVASP-8158_film_miller_1_1_0_sub_miller_1_1_0_film_thickness_16_subs_thickness_16_seperation_2.5_disp_0.45_-0.4_vasp,2.215203,1.5802109241485596,0.2469
Interface-JVASP-1408_JVASP-7836_film_miller_1_1_0_sub_miller_1_1_0_film_thickness_16_subs_thickness_16_seperation_2.5_disp_-0.4_-0.35_vasp,1.761925,1.7970163822174072,0.7882
Interface-JVASP-1408_JVASP-8169_film_miller_1_1_0_sub_miller_1_1_0_film_thickness_16_subs_thickness_16_seperation_2.5_disp_0.3_-0.45_vasp,1.293393,0.606640100479126,0.3426
Interface-JVASP-1702_JVASP-1195_film_miller_1_1_0_sub_miller_1_1_0_film_thickness_16_subs_thickness_16_seperation_2.5_disp_0.45_0.1_vasp,2.70161,1.1141949892044067,0.6874
Interface-JVASP-1702_JVASP-23_film_miller_1_1_0_sub_miller_1_1_0_film_thickness_16_subs_thickness_16_seperation_2.5_disp_-0.1_-0.3_vasp,2.6501,1.1133019924163818,0.7549
Interface-JVASP-1702_JVASP-7844_film_miller_1_1_0_sub_miller_1_1_0_film_thickness_16_subs_thickness_16_seperation_2.5_disp_-0.2_-0.35_vasp,2.947428,2.1367855072021484,1.4695
Interface-JVASP-1702_JVASP-96_film_miller_1_1_0_sub_miller_1_1_0_film_thickness_16_subs_thickness_16_seperation_2.5_disp_0.2_0.15_vasp,2.472109,1.6039035320281982,1.193
Interface-JVASP-1312_JVASP-36873_film_miller_1_1_0_sub_miller_1_1_0_film_thickness_16_subs_thickness_16_seperation_2.5_disp_0.2_0.15_vasp,0.946568,0.9765530824661255,0.2818
Interface-JVASP-1312_JVASP-7671_film_miller_1_1_0_sub_miller_1_1_0_film_thickness_16_subs_thickness_16_seperation_2.5_disp_-0.05_-0.35_vasp,0.76122,1.0504554510116577,0.1026
Interface-JVASP-105410_JVASP-8183_film_miller_1_1_0_sub_miller_1_1_0_film_thickness_16_subs_thickness_16_seperation_2.5_disp_0.5_-0.35_vasp,1.218732,0.524786114692688,0.1306
Interface-JVASP-107_JVASP-36204_film_miller_1_1_0_sub_miller_1_1_0_film_thickness_16_subs_thickness_16_seperation_2.5_disp_-0.45_-0.15_vasp,4.715957,1.4617233276367188,1.2045
Interface-JVASP-1186_JVASP-8158_film_miller_1_1_0_sub_miller_1_1_0_film_thickness_16_subs_thickness_16_seperation_2.5_disp_0.2_-0.15_vasp,0.480597,0.798183798789978,0.1012
Interface-JVASP-7671_JVASP-8047_film_miller_1_1_0_sub_miller_1_1_0_film_thickness_16_subs_thickness_16_seperation_2.5_disp_0.0_0.15_vasp,2.493531,0.7639386653900146,0.6709
Interface-JVASP-7923_JVASP-37905_film_miller_1_1_0_sub_miller_1_1_0_film_thickness_16_subs_thickness_16_seperation_2.5_disp_-0.45_0.5_vasp,0.987398,0.6847498416900635,0.2678
Interface-JVASP-8003_JVASP-1393_film_miller_1_1_0_sub_miller_1_1_0_film_thickness_16_subs_thickness_16_seperation_2.5_disp_0.0_0.3_vasp,1.767258,1.109717607498169,0.8324
Interface-JVASP-8003_JVASP-37905_film_miller_1_1_0_sub_miller_1_1_0_film_thickness_16_subs_thickness_16_seperation_2.5_disp_-0.2_0.0_vasp,1.247138,1.138016939163208,0.3441
Interface-JVASP-8047_JVASP-1073_film_miller_1_1_0_sub_miller_1_1_0_film_thickness_16_subs_thickness_16_seperation_2.5_disp_-0.25_-0.35_vasp,1.354215,0.5464597344398499,0.6768
Interface-JVASP-8047_JVASP-95_film_miller_1_1_0_sub_miller_1_1_0_film_thickness_16_subs_thickness_16_seperation_2.5_disp_0.0_-0.35_vasp,3.227731,1.1918120384216309,0.9779
Interface-JVASP-8158_JVASP-35748_film_miller_1_1_0_sub_miller_1_1_0_film_thickness_16_subs_thickness_16_seperation_2.5_disp_-0.4_0.45_vasp,0.217819,0.5809985399246216,0.0
Interface-JVASP-8158_JVASP-37905_film_miller_1_1_0_sub_miller_1_1_0_film_thickness_16_subs_thickness_16_seperation_2.5_disp_0.25_0.5_vasp,2.68281,0.937114953994751,0.6564
Interface-JVASP-8169_JVASP-37905_film_miller_1_1_0_sub_miller_1_1_0_film_thickness_16_subs_thickness_16_seperation_2.5_disp_-0.2_-0.25_vasp,0.807837,0.971707820892334,0.4223
Interface-JVASP-8183_JVASP-1073_film_miller_1_1_0_sub_miller_1_1_0_film_thickness_16_subs_thickness_16_seperation_2.5_disp_-0.25_0.2_vasp,1.412032,0.8639421463012695,0.7872
Interface-JVASP-96_JVASP-8169_film_miller_1_1_0_sub_miller_1_1_0_film_thickness_16_subs_thickness_16_seperation_2.5_disp_0.5_-0.2_vasp,2.333759,1.0363988876342773,0.5062
Interface-JVASP-1002_JVASP-1174_film_miller_0_0_1_sub_miller_0_0_1_film_thickness_16_subs_thickness_16_seperation_2.5_disp_-0.25_0.25_vasp,0.000699,0.31506267189979553,0.0
Interface-JVASP-1002_JVASP-36408_film_miller_0_0_1_sub_miller_0_0_1_film_thickness_16_subs_thickness_16_seperation_2.5_disp_-0.25_0.25_vasp,0.008079,0.32968220114707947,0.0
Interface-JVASP-1002_JVASP-8003_film_miller_1_1_0_sub_miller_1_1_0_film_thickness_16_subs_thickness_16_seperation_2.5_disp_0.3_-0.4_vasp,2.116771,0.793514609336853,0.7906
Interface-JVASP-1002_JVASP-96_film_miller_0_0_1_sub_miller_0_0_1_film_thickness_16_subs_thickness_16_seperation_2.5_disp_-0.25_0.25_vasp,0.008787,0.23607505857944489,0.0
Interface-JVASP-1174_JVASP-1192_film_miller_0_0_1_sub_miller_0_0_1_film_thickness_16_subs_thickness_16_seperation_2.5_disp_-0.25_-0.25_vasp,0.790648,0.25782009959220886,0.0
Interface-JVASP-1174_JVASP-8003_film_miller_0_0_1_sub_miller_0_0_1_film_thickness_16_subs_thickness_16_seperation_2.5_disp_-0.25_-0.25_vasp,1.209385,0.4016261398792267,0.0
Interface-JVASP-1327_JVASP-1183_film_miller_0_0_1_sub_miller_0_0_1_film_thickness_16_subs_thickness_16_seperation_2.5_disp_0.25_-0.25_vasp,0.682219,1.1107215881347656,0.0
Interface-JVASP-1327_JVASP-36873_film_miller_0_0_1_sub_miller_0_0_1_film_thickness_16_subs_thickness_16_seperation_2.5_disp_0.0_0.5_vasp,0.003668,1.089261531829834,0.0
Interface-JVASP-1327_JVASP-96_film_miller_1_1_0_sub_miller_1_1_0_film_thickness_16_subs_thickness_16_seperation_2.5_disp_0.25_-0.4_vasp,3.347541,1.4908432960510254,1.484
Interface-JVASP-1372_JVASP-1186_film_miller_1_1_0_sub_miller_1_1_0_film_thickness_16_subs_thickness_16_seperation_2.5_disp_-0.05_-0.25_vasp,1.08041,0.49703145027160645,0.0055
Interface-JVASP-1408_JVASP-1174_film_miller_1_1_0_sub_miller_1_1_0_film_thickness_16_subs_thickness_16_seperation_2.5_disp_-0.05_0.15_vasp,0.420091,0.30384233593940735,0.0
Interface-JVASP-1408_JVASP-23_film_miller_1_1_0_sub_miller_1_1_0_film_thickness_16_subs_thickness_16_seperation_2.5_disp_-0.05_-0.35_vasp,1.82472,0.7411671876907349,0.7114
Interface-JVASP-30_JVASP-8118_film_miller_0_0_1_sub_miller_0_0_1_film_thickness_16_subs_thickness_16_seperation_2.5_disp_0.3_0.35_vasp,1.465611,1.6615601778030396,0.0
Interface-JVASP-39_JVASP-39_film_miller_1_0_0_sub_miller_0_0_1_film_thickness_16_subs_thickness_16_seperation_2.5_disp_-0.25_0.05_vasp,0.91646,3.489811897277832,0.0
Interface-JVASP-1195_JVASP-37905_film_miller_1_1_0_sub_miller_1_1_0_film_thickness_16_subs_thickness_16_seperation_2.5_disp_0.5_-0.2_vasp,1.234773,0.48417171835899353,0.0
Interface-JVASP-1195_JVASP-37905_film_miller_1_1_0_sub_miller_1_1_0_film_thickness_16_subs_thickness_16_seperation_2.5_disp_0.5_-0.2_vasp,1.234773,0.48417171835899353,0.0
Interface-JVASP-105410_JVASP-8158_film_miller_1_1_0_sub_miller_1_1_0_film_thickness_16_subs_thickness_16_seperation_2.5_disp_0.25_-0.2_vasp,1.126095,0.7319260835647583,0.2167
Interface-JVASP-105410_JVASP-8158_film_miller_1_1_0_sub_miller_1_1_0_film_thickness_16_subs_thickness_16_seperation_2.5_disp_0.25_-0.2_vasp,1.126095,0.7319260835647583,0.2167
Interface-JVASP-1186_JVASP-1192_film_miller_1_1_0_sub_miller_1_1_0_film_thickness_16_subs_thickness_16_seperation_2.5_disp_-0.25_0.0_vasp,0.607672,0.0050675757229328156,0.0
Interface-JVASP-1174_JVASP-8003_film_miller_1_1_0_sub_miller_1_1_0_film_thickness_16_subs_thickness_16_seperation_2.5_disp_-0.2_-0.35_vasp,1.92188,0.2300308793783188,0.0891
Interface-JVASP-1174_JVASP-1198_film_miller_1_1_0_sub_miller_1_1_0_film_thickness_16_subs_thickness_16_seperation_2.5_disp_0.05_0.4_vasp,1.331141,0.1713113933801651,0.1031
Interface-JVASP-39_JVASP-1180_film_miller_0_0_1_sub_miller_0_0_1_film_thickness_16_subs_thickness_16_seperation_2.5_disp_-0.25_-0.25_vasp,0.000982,1.8993217945098877,0.0
Interface-JVASP-1327_JVASP-1073_film_miller_1_1_0_sub_miller_1_1_0_film_thickness_16_subs_thickness_16_seperation_2.5_disp_-0.1_0.3_vasp,1.73252,0.9134060144424438,0.5017
Interface-JVASP-1327_JVASP-1073_film_miller_1_1_0_sub_miller_1_1_0_film_thickness_16_subs_thickness_16_seperation_2.5_disp_-0.1_0.3_vasp,1.73252,0.9134060144424438,0.5017
Interface-JVASP-1327_JVASP-7844_film_miller_1_1_0_sub_miller_1_1_0_film_thickness_16_subs_thickness_16_seperation_2.5_disp_0.3_-0.35_vasp,1.745569,1.6108067035675049,0.7379
Interface-JVASP-1327_JVASP-7844_film_miller_1_1_0_sub_miller_1_1_0_film_thickness_16_subs_thickness_16_seperation_2.5_disp_0.3_-0.35_vasp,1.745569,1.6108067035675049,0.7379
Interface-JVASP-1408_JVASP-85122_film_miller_1_1_0_sub_miller_1_1_0_film_thickness_16_subs_thickness_16_seperation_2.5_disp_-0.25_0.4_vasp,1.277816,0.5659657716751099,0.0008
Interface-JVASP-1408_JVASP-85122_film_miller_1_1_0_sub_miller_1_1_0_film_thickness_16_subs_thickness_16_seperation_2.5_disp_-0.25_0.4_vasp,1.277816,0.5659657716751099,0.0008
Interface-JVASP-1312_JVASP-1327_film_miller_1_1_0_sub_miller_1_1_0_film_thickness_16_subs_thickness_16_seperation_2.5_disp_0.1_-0.45_vasp,1.443559,1.1360588073730469,0.7511
Interface-JVASP-1312_JVASP-1327_film_miller_1_1_0_sub_miller_1_1_0_film_thickness_16_subs_thickness_16_seperation_2.5_disp_0.1_-0.45_vasp,1.443559,1.1360588073730469,0.7511
Interface-JVASP-1002_JVASP-8184_film_miller_0_0_1_sub_miller_0_0_1_film_thickness_16_subs_thickness_16_seperation_2.5_disp_-0.2_-0.35_vasp,0.001402,0.31456467509269714,0.0
Interface-JVASP-1372_JVASP-23_film_miller_1_1_0_sub_miller_1_1_0_film_thickness_16_subs_thickness_16_seperation_2.5_disp_0.15_-0.45_vasp,2.022306,0.8561577796936035,0.4247
Interface-JVASP-1327_JVASP-1174_film_miller_1_1_0_sub_miller_1_1_0_film_thickness_16_subs_thickness_16_seperation_2.5_disp_0.25_0.5_vasp,2.320343,1.0359605550765991,0.7781
Interface-JVASP-1192_JVASP-7923_film_miller_1_1_0_sub_miller_1_1_0_film_thickness_16_subs_thickness_16_seperation_2.5_disp_0.05_-0.25_vasp,2.44988,0.7589045763015747,0.4884
Interface-JVASP-1192_JVASP-7923_film_miller_1_1_0_sub_miller_1_1_0_film_thickness_16_subs_thickness_16_seperation_2.5_disp_0.05_-0.25_vasp,2.44988,0.7589045763015747,0.4884
Interface-JVASP-1002_JVASP-1183_film_miller_1_1_0_sub_miller_1_1_0_film_thickness_16_subs_thickness_16_seperation_2.5_disp_-0.4_-0.45_vasp,0.665987,0.440876841545105,0.1302
Interface-JVASP-39_JVASP-96_film_miller_0_0_1_sub_miller_0_0_1_film_thickness_16_subs_thickness_16_seperation_2.5_disp_-0.2_-0.05_vasp,0.001359,1.3680963516235352,0.0
Interface-JVASP-1327_JVASP-816_film_miller_0_0_1_sub_miller_0_0_1_film_thickness_16_subs_thickness_16_seperation_2.5_disp_-0.15_-0.4_vasp,0.001741,0.38567832112312317,0.0
Interface-JVASP-1174_JVASP-816_film_miller_0_0_1_sub_miller_0_0_1_film_thickness_16_subs_thickness_16_seperation_2.5_disp_-0.15_-0.4_vasp,0.001912,0.05323643982410431,0.0
Interface-JVASP-1408_JVASP-8158_film_miller_1_1_0_sub_miller_1_1_0_film_thickness_16_subs_thickness_16_seperation_2.5_disp_-0.05_-0.05_vasp,1.615447,0.6419506072998047,0.4851
Interface-JVASP-1408_JVASP-8158_film_miller_1_1_0_sub_miller_1_1_0_film_thickness_16_subs_thickness_16_seperation_2.5_disp_-0.05_-0.05_vasp,1.615447,0.6419506072998047,0.4851
Interface-JVASP-1174_JVASP-1192_film_miller_1_1_0_sub_miller_1_1_0_film_thickness_16_subs_thickness_16_seperation_2.5_disp_-0.25_0.15_vasp,1.716396,0.15218079090118408,0.0528
Interface-JVASP-30_JVASP-1186_film_miller_0_0_1_sub_miller_0_0_1_film_thickness_16_subs_thickness_16_seperation_2.5_disp_-0.15_-0.15_vasp,0.001379,0.786501407623291,0.0
Interface-JVASP-39_JVASP-8158_film_miller_0_0_1_sub_miller_0_0_1_film_thickness_16_subs_thickness_16_seperation_2.5_disp_-0.45_0.45_vasp,0.005514,2.6559505462646484,0.0
Interface-JVASP-1189_JVASP-1192_film_miller_1_1_0_sub_miller_1_1_0_film_thickness_16_subs_thickness_16_seperation_2.5_disp_-0.25_-0.35_vasp,1.050485,0.06264528632164001,0.0825
Interface-JVASP-1192_JVASP-8186_film_miller_1_1_0_sub_miller_1_1_0_film_thickness_16_subs_thickness_16_seperation_2.5_disp_-0.35_0.15_vasp,2.227765,0.8444480895996094,0.5828
Interface-JVASP-1192_JVASP-8186_film_miller_1_1_0_sub_miller_1_1_0_film_thickness_16_subs_thickness_16_seperation_2.5_disp_-0.35_0.15_vasp,2.227765,0.8444480895996094,0.5828
Interface-JVASP-1702_JVASP-1393_film_miller_1_1_0_sub_miller_1_1_0_film_thickness_16_subs_thickness_16_seperation_2.5_disp_0.0_0.4_vasp,2.851702,1.5906410217285156,1.3206
Interface-JVASP-1702_JVASP-1393_film_miller_1_1_0_sub_miller_1_1_0_film_thickness_16_subs_thickness_16_seperation_2.5_disp_0.0_0.4_vasp,2.851702,1.5906410217285156,1.3206
Interface-JVASP-1192_JVASP-7671_film_miller_1_1_0_sub_miller_1_1_0_film_thickness_16_subs_thickness_16_seperation_2.5_disp_0.05_0.5_vasp,2.098168,0.6494985818862915,0.0163
Interface-JVASP-1192_JVASP-7671_film_miller_1_1_0_sub_miller_1_1_0_film_thickness_16_subs_thickness_16_seperation_2.5_disp_0.05_0.5_vasp,2.098168,0.6494985818862915,0.0163
Interface-JVASP-1702_JVASP-36873_film_miller_1_1_0_sub_miller_1_1_0_film_thickness_16_subs_thickness_16_seperation_2.5_disp_0.3_-0.1_vasp,1.414175,1.0361769199371338,0.4482
Interface-JVASP-1702_JVASP-36873_film_miller_1_1_0_sub_miller_1_1_0_film_thickness_16_subs_thickness_16_seperation_2.5_disp_0.3_-0.1_vasp,1.414175,1.0361769199371338,0.4482
Interface-JVASP-1408_JVASP-1177_film_miller_1_1_0_sub_miller_1_1_0_film_thickness_16_subs_thickness_16_seperation_2.5_disp_-0.35_0.0_vasp,0.002136,0.30112776160240173,0.0733
Interface-JVASP-1702_JVASP-105410_film_miller_1_1_0_sub_miller_1_1_0_film_thickness_16_subs_thickness_16_seperation_2.5_disp_-0.1_0.35_vasp,1.951972,1.1316945552825928,0.6222
Interface-JVASP-1702_JVASP-105410_film_miller_1_1_0_sub_miller_1_1_0_film_thickness_16_subs_thickness_16_seperation_2.5_disp_-0.1_0.35_vasp,1.951972,1.1316945552825928,0.6222
Interface-JVASP-1702_JVASP-8182_film_miller_1_1_0_sub_miller_1_1_0_film_thickness_16_subs_thickness_16_seperation_2.5_disp_0.0_-0.1_vasp,3.007916,1.7032318115234375,0.9609
Interface-JVASP-1702_JVASP-8182_film_miller_1_1_0_sub_miller_1_1_0_film_thickness_16_subs_thickness_16_seperation_2.5_disp_0.0_-0.1_vasp,3.007916,1.7032318115234375,0.9609
Interface-JVASP-1312_JVASP-8003_film_miller_1_1_0_sub_miller_1_1_0_film_thickness_16_subs_thickness_16_seperation_2.5_disp_0.0_-0.3_vasp,0.725788,1.1931514739990234,0.1552
Interface-JVASP-1312_JVASP-8003_film_miller_1_1_0_sub_miller_1_1_0_film_thickness_16_subs_thickness_16_seperation_2.5_disp_0.0_-0.3_vasp,0.725788,1.1931514739990234,0.1552
Interface-JVASP-1327_JVASP-39_film_miller_1_1_0_sub_miller_1_1_0_film_thickness_16_subs_thickness_16_seperation_2.5_disp_0.2_0.0_vasp,1.753782,1.64146089553833,1.1642
Interface-JVASP-1327_JVASP-39_film_miller_1_1_0_sub_miller_1_1_0_film_thickness_16_subs_thickness_16_seperation_2.5_disp_0.2_0.0_vasp,1.753782,1.64146089553833,1.1642
Interface-JVASP-107_JVASP-39_film_miller_1_1_0_sub_miller_1_1_0_film_thickness_16_subs_thickness_16_seperation_2.5_disp_0.15_0.0_vasp,3.19645,2.493198871612549,2.7201
Interface-JVASP-107_JVASP-39_film_miller_1_1_0_sub_miller_1_1_0_film_thickness_16_subs_thickness_16_seperation_2.5_disp_0.15_0.0_vasp,3.19645,2.493198871612549,2.7201
Interface-JVASP-1327_JVASP-1393_film_miller_1_1_0_sub_miller_1_1_0_film_thickness_16_subs_thickness_16_seperation_2.5_disp_0.05_0.4_vasp,2.523844,1.6635160446166992,1.4631
Interface-JVASP-1327_JVASP-1393_film_miller_1_1_0_sub_miller_1_1_0_film_thickness_16_subs_thickness_16_seperation_2.5_disp_0.05_0.4_vasp,2.523844,1.6635160446166992,1.4631
Interface-JVASP-22685_JVASP-36123_film_miller_1_1_0_sub_miller_1_1_0_film_thickness_16_subs_thickness_16_seperation_2.5_disp_0.0_-0.1_vasp,1.224685,0.15718460083007812,0.0156
Interface-JVASP-22685_JVASP-36123_film_miller_1_1_0_sub_miller_1_1_0_film_thickness_16_subs_thickness_16_seperation_2.5_disp_0.0_-0.1_vasp,1.224685,0.15718460083007812,0.0156
Interface-JVASP-1002_JVASP-1702_film_miller_1_1_0_sub_miller_1_1_0_film_thickness_16_subs_thickness_16_seperation_2.5_disp_0.3_0.45_vasp,1.85767,0.8036481142044067,1.0496
Interface-JVASP-1002_JVASP-1702_film_miller_1_1_0_sub_miller_1_1_0_film_thickness_16_subs_thickness_16_seperation_2.5_disp_0.3_0.45_vasp,1.85767,0.8036481142044067,1.0496
Interface-JVASP-1408_JVASP-36204_film_miller_1_1_0_sub_miller_1_1_0_film_thickness_16_subs_thickness_16_seperation_2.5_disp_-0.1_0.1_vasp,0.817777,0.708980917930603,0.0
Interface-JVASP-1408_JVASP-36204_film_miller_1_1_0_sub_miller_1_1_0_film_thickness_16_subs_thickness_16_seperation_2.5_disp_-0.1_0.1_vasp,0.817777,0.708980917930603,0.0
Interface-JVASP-1312_JVASP-39_film_miller_1_1_0_sub_miller_1_1_0_film_thickness_16_subs_thickness_16_seperation_2.5_disp_-0.2_-0.35_vasp,0.778853,1.9034709930419922,1.0005
Interface-JVASP-1312_JVASP-39_film_miller_1_1_0_sub_miller_1_1_0_film_thickness_16_subs_thickness_16_seperation_2.5_disp_-0.2_-0.35_vasp,0.778853,1.9034709930419922,1.0005
Interface-JVASP-1327_JVASP-105410_film_miller_1_1_0_sub_miller_1_1_0_film_thickness_16_subs_thickness_16_seperation_2.5_disp_-0.05_0.35_vasp,2.147312,0.9719241857528687,0.6008
Interface-JVASP-1327_JVASP-105410_film_miller_1_1_0_sub_miller_1_1_0_film_thickness_16_subs_thickness_16_seperation_2.5_disp_-0.05_0.35_vasp,2.147312,0.9719241857528687,0.6008
Interface-JVASP-8182_JVASP-8047_film_miller_1_1_0_sub_miller_1_1_0_film_thickness_16_subs_thickness_16_seperation_2.5_disp_-0.25_-0.3_vasp,3.780119,1.5484932661056519,1.9354
Interface-JVASP-8182_JVASP-8047_film_miller_1_1_0_sub_miller_1_1_0_film_thickness_16_subs_thickness_16_seperation_2.5_disp_-0.25_-0.3_vasp,3.780119,1.5484932661056519,1.9354
Interface-JVASP-8183_JVASP-7671_film_miller_1_1_0_sub_miller_1_1_0_film_thickness_16_subs_thickness_16_seperation_2.5_disp_0.0_-0.35_vasp,2.313578,0.9583233594894409,0.8373
Interface-JVASP-8183_JVASP-7671_film_miller_1_1_0_sub_miller_1_1_0_film_thickness_16_subs_thickness_16_seperation_2.5_disp_0.0_-0.35_vasp,2.313578,0.9583233594894409,0.8373
Interface-JVASP-8183_JVASP-95_film_miller_1_1_0_sub_miller_1_1_0_film_thickness_16_subs_thickness_16_seperation_2.5_disp_0.0_0.25_vasp,2.719154,1.4228355884552002,0.9778
Interface-JVASP-8183_JVASP-95_film_miller_1_1_0_sub_miller_1_1_0_film_thickness_16_subs_thickness_16_seperation_2.5_disp_0.0_0.25_vasp,2.719154,1.4228355884552002,0.9778
Interface-JVASP-8185_JVASP-85122_film_miller_1_1_0_sub_miller_1_1_0_film_thickness_16_subs_thickness_16_seperation_2.5_disp_0.0_0.15_vasp,1.218517,0.36305806040763855,0.0543
Interface-JVASP-8185_JVASP-85122_film_miller_1_1_0_sub_miller_1_1_0_film_thickness_16_subs_thickness_16_seperation_2.5_disp_0.0_0.15_vasp,1.218517,0.36305806040763855,0.0543
Interface-JVASP-8186_JVASP-35711_film_miller_1_1_0_sub_miller_1_1_0_film_thickness_16_subs_thickness_16_seperation_2.5_disp_0.0_0.05_vasp,0.798117,0.2494858056306839,0.1695
Interface-JVASP-8186_JVASP-35711_film_miller_1_1_0_sub_miller_1_1_0_film_thickness_16_subs_thickness_16_seperation_2.5_disp_0.0_0.05_vasp,0.798117,0.2494858056306839,0.1695
Interface-JVASP-8186_JVASP-36873_film_miller_1_1_0_sub_miller_1_1_0_film_thickness_16_subs_thickness_16_seperation_2.5_disp_-0.2_-0.25_vasp,0.001527,0.7094599008560181,0.0
Interface-JVASP-8186_JVASP-36873_film_miller_1_1_0_sub_miller_1_1_0_film_thickness_16_subs_thickness_16_seperation_2.5_disp_-0.2_-0.25_vasp,0.001527,0.7094599008560181,0.0
Interface-JVASP-8186_JVASP-85122_film_miller_1_1_0_sub_miller_1_1_0_film_thickness_16_subs_thickness_16_seperation_2.5_disp_0.0_0.2_vasp,2.363166,0.5186054110527039,0.5295
Interface-JVASP-8186_JVASP-85122_film_miller_1_1_0_sub_miller_1_1_0_film_thickness_16_subs_thickness_16_seperation_2.5_disp_0.0_0.2_vasp,2.363166,0.5186054110527039,0.5295
Interface-JVASP-96_JVASP-8047_film_miller_1_1_0_sub_miller_1_1_0_film_thickness_16_subs_thickness_16_seperation_2.5_disp_0.2_0.4_vasp,3.587726,1.4478514194488525,0.86
Interface-JVASP-96_JVASP-8047_film_miller_1_1_0_sub_miller_1_1_0_film_thickness_16_subs_thickness_16_seperation_2.5_disp_0.2_0.4_vasp,3.587726,1.4478514194488525,0.86
Interface-JVASP-1002_JVASP-813_film_miller_0_0_1_sub_miller_0_0_1_film_thickness_16_subs_thickness_16_seperation_2.5_disp_-0.15_-0.35_vasp,0.003922,0.1602381020784378,0.0
Interface-JVASP-890_JVASP-1372_film_miller_1_1_0_sub_miller_1_1_0_film_thickness_16_subs_thickness_16_seperation_2.5_disp_-0.45_-0.25_vasp,0.003676,0.406899094581604,0.0
Interface-JVASP-890_JVASP-1372_film_miller_1_1_0_sub_miller_1_1_0_film_thickness_16_subs_thickness_16_seperation_2.5_disp_-0.45_-0.25_vasp,0.003676,0.406899094581604,0.0
Interface-JVASP-1192_JVASP-1702_film_miller_1_1_0_sub_miller_1_1_0_film_thickness_16_subs_thickness_16_seperation_2.5_disp_-0.2_-0.4_vasp,2.020071,1.336262822151184,0.4724
Interface-JVASP-1192_JVASP-1702_film_miller_1_1_0_sub_miller_1_1_0_film_thickness_16_subs_thickness_16_seperation_2.5_disp_-0.2_-0.4_vasp,2.020071,1.336262822151184,0.4724
Interface-JVASP-1408_JVASP-36873_film_miller_1_1_0_sub_miller_1_1_0_film_thickness_16_subs_thickness_16_seperation_2.5_disp_0.05_-0.3_vasp,0.625734,0.5892682075500488,0.0943
Interface-JVASP-1408_JVASP-36873_film_miller_1_1_0_sub_miller_1_1_0_film_thickness_16_subs_thickness_16_seperation_2.5_disp_0.05_-0.3_vasp,0.625734,0.5892682075500488,0.0943
Interface-JVASP-1312_JVASP-8186_film_miller_1_1_0_sub_miller_1_1_0_film_thickness_16_subs_thickness_16_seperation_2.5_disp_-0.3_0.15_vasp,1.477997,0.9944647550582886,0.6899
Interface-JVASP-1312_JVASP-8186_film_miller_1_1_0_sub_miller_1_1_0_film_thickness_16_subs_thickness_16_seperation_2.5_disp_-0.3_0.15_vasp,1.477997,0.9944647550582886,0.6899
Interface-JVASP-105410_JVASP-96_film_miller_1_1_0_sub_miller_1_1_0_film_thickness_16_subs_thickness_16_seperation_2.5_disp_0.3_0.05_vasp,1.37689,0.47201818227767944,0.4948
Interface-JVASP-105410_JVASP-96_film_miller_1_1_0_sub_miller_1_1_0_film_thickness_16_subs_thickness_16_seperation_2.5_disp_0.3_0.05_vasp,1.37689,0.47201818227767944,0.4948
Interface-JVASP-107_JVASP-8186_film_miller_1_1_0_sub_miller_1_1_0_film_thickness_16_subs_thickness_16_seperation_2.5_disp_-0.45_-0.1_vasp,0.247813,1.130805492401123,0.1262
Interface-JVASP-1183_JVASP-8186_film_miller_1_1_0_sub_miller_1_1_0_film_thickness_16_subs_thickness_16_seperation_2.5_disp_0.35_0.2_vasp,1.945351,0.5335531830787659,0.48
Interface-JVASP-22685_JVASP-1195_film_miller_1_1_0_sub_miller_1_1_0_film_thickness_16_subs_thickness_16_seperation_2.5_disp_-0.3_-0.45_vasp,2.320052,0.523573637008667,0.6248
Interface-JVASP-1195_JVASP-35711_film_miller_1_1_0_sub_miller_1_1_0_film_thickness_16_subs_thickness_16_seperation_2.5_disp_-0.2_-0.1_vasp,0.519044,0.17176218330860138,0.0233
Interface-JVASP-1195_JVASP-7630_film_miller_1_1_0_sub_miller_1_1_0_film_thickness_16_subs_thickness_16_seperation_2.5_disp_-0.35_0.2_vasp,0.429641,0.9843473434448242,0.307
Interface-JVASP-1195_JVASP-96_film_miller_1_1_0_sub_miller_1_1_0_film_thickness_16_subs_thickness_16_seperation_2.5_disp_0.25_-0.25_vasp,2.028086,0.6969921588897705,0.3443
Interface-JVASP-35711_JVASP-95_film_miller_1_1_0_sub_miller_1_1_0_film_thickness_16_subs_thickness_16_seperation_2.5_disp_0.0_0.2_vasp,0.944642,0.3102661669254303,0.0
Interface-JVASP-35748_JVASP-36204_film_miller_1_1_0_sub_miller_1_1_0_film_thickness_16_subs_thickness_16_seperation_2.5_disp_-0.3_0.45_vasp,1.003232,0.8001768589019775,0.2275
Interface-JVASP-36123_JVASP-37905_film_miller_1_1_0_sub_miller_1_1_0_film_thickness_16_subs_thickness_16_seperation_2.5_disp_-0.4_-0.1_vasp,0.047004,0.5156598687171936,0.0
Interface-JVASP-36204_JVASP-36873_film_miller_1_1_0_sub_miller_1_1_0_film_thickness_16_subs_thickness_16_seperation_2.5_disp_0.35_-0.4_vasp,0.799173,0.9005171060562134,0.3178
Interface-JVASP-36873_JVASP-17700_film_miller_1_1_0_sub_miller_1_1_0_film_thickness_16_subs_thickness_16_seperation_2.5_disp_-0.25_-0.25_vasp,0.001395,0.22767317295074463,0.0754
Interface-JVASP-39_JVASP-17700_film_miller_1_1_0_sub_miller_1_1_0_film_thickness_16_subs_thickness_16_seperation_2.5_disp_-0.15_-0.45_vasp,0.084444,0.7538266181945801,0.0
Interface-JVASP-7671_JVASP-35711_film_miller_1_1_0_sub_miller_1_1_0_film_thickness_16_subs_thickness_16_seperation_2.5_disp_0.0_0.4_vasp,0.667019,0.08174040168523788,0.0943
Interface-JVASP-7671_JVASP-35711_film_miller_1_1_0_sub_miller_1_1_0_film_thickness_16_subs_thickness_16_seperation_2.5_disp_0.0_0.4_vasp,0.667019,0.08174040168523788,0.0943
Interface-JVASP-7844_JVASP-36204_film_miller_1_1_0_sub_miller_1_1_0_film_thickness_16_subs_thickness_16_seperation_2.5_disp_-0.25_-0.25_vasp,0.952978,1.9355034828186035,0.9593
Interface-JVASP-7923_JVASP-36204_film_miller_1_1_0_sub_miller_1_1_0_film_thickness_16_subs_thickness_16_seperation_2.5_disp_-0.15_0.25_vasp,1.944974,0.6411546468734741,0.2671
Interface-JVASP-7923_JVASP-36204_film_miller_1_1_0_sub_miller_1_1_0_film_thickness_16_subs_thickness_16_seperation_2.5_disp_-0.15_0.25_vasp,1.944974,0.6411546468734741,0.2671
Interface-JVASP-8182_JVASP-7836_film_miller_1_1_0_sub_miller_1_1_0_film_thickness_16_subs_thickness_16_seperation_2.5_disp_-0.2_-0.15_vasp,2.33032,2.5257911682128906,0.879
Interface-JVASP-8184_JVASP-7630_film_miller_1_1_0_sub_miller_1_1_0_film_thickness_16_subs_thickness_16_seperation_2.5_disp_0.3_0.0_vasp,0.002143,0.9759632349014282,0.0
Interface-JVASP-8184_JVASP-8185_film_miller_1_1_0_sub_miller_1_1_0_film_thickness_16_subs_thickness_16_seperation_2.5_disp_-0.25_-0.2_vasp,1.344056,0.6495276689529419,0.4216
Interface-JVASP-1192_JVASP-7844_film_miller_1_1_0_sub_miller_1_1_0_film_thickness_16_subs_thickness_16_seperation_2.5_disp_-0.3_0.25_vasp,2.396145,2.1812610626220703,0.7624
Interface-JVASP-1702_JVASP-30_film_miller_1_1_0_sub_miller_1_1_0_film_thickness_16_subs_thickness_16_seperation_2.5_disp_0.45_-0.15_vasp,2.250539,1.3673055171966553,0.4969
Interface-JVASP-1702_JVASP-79204_film_miller_1_1_0_sub_miller_1_1_0_film_thickness_16_subs_thickness_16_seperation_2.5_disp_-0.4_-0.4_vasp,3.258929,2.4453203678131104,2.0995
Interface-JVASP-1312_JVASP-107_film_miller_1_1_0_sub_miller_1_1_0_film_thickness_16_subs_thickness_16_seperation_2.5_disp_0.4_-0.45_vasp,4.451527,1.099237084388733,0.9792
Interface-JVASP-1312_JVASP-1189_film_miller_1_1_0_sub_miller_1_1_0_film_thickness_16_subs_thickness_16_seperation_2.5_disp_0.15_0.5_vasp,0.936172,0.6514409780502319,0.0722
Interface-JVASP-1312_JVASP-23_film_miller_1_1_0_sub_miller_1_1_0_film_thickness_16_subs_thickness_16_seperation_2.5_disp_0.15_-0.45_vasp,1.334548,0.9832553863525391,0.6434
Interface-JVASP-1312_JVASP-37905_film_miller_1_1_0_sub_miller_1_1_0_film_thickness_16_subs_thickness_16_seperation_2.5_disp_0.0_-0.3_vasp,0.926685,1.0194178819656372,0.419
Interface-JVASP-1327_JVASP-7836_film_miller_1_1_0_sub_miller_1_1_0_film_thickness_16_subs_thickness_16_seperation_2.5_disp_0.4_-0.45_vasp,2.86717,2.533649206161499,0.8783
Interface-JVASP-105410_JVASP-36873_film_miller_1_1_0_sub_miller_1_1_0_film_thickness_16_subs_thickness_16_seperation_2.5_disp_0.4_-0.2_vasp,0.602949,0.5115283727645874,0.2829
Interface-JVASP-1195_JVASP-7844_film_miller_1_1_0_sub_miller_1_1_0_film_thickness_16_subs_thickness_16_seperation_2.5_disp_-0.1_0.5_vasp,3.470336,1.6618423461914062,1.3719
Interface-JVASP-7671_JVASP-85122_film_miller_1_1_0_sub_miller_1_1_0_film_thickness_16_subs_thickness_16_seperation_2.5_disp_0.0_-0.3_vasp,2.365924,0.4686161279678345,0.3798
Interface-JVASP-7844_JVASP-95_film_miller_1_1_0_sub_miller_1_1_0_film_thickness_16_subs_thickness_16_seperation_2.5_disp_0.15_0.05_vasp,2.252242,2.174238681793213,0.9776
Interface-JVASP-7923_JVASP-39_film_miller_1_1_0_sub_miller_1_1_0_film_thickness_16_subs_thickness_16_seperation_2.5_disp_-0.4_0.25_vasp,2.673134,1.554640769958496,0.7216
Interface-JVASP-8003_JVASP-17700_film_miller_1_1_0_sub_miller_1_1_0_film_thickness_16_subs_thickness_16_seperation_2.5_disp_0.35_0.5_vasp,0.001645,0.45285096764564514,0.0705
Interface-JVASP-8003_JVASP-7671_film_miller_1_1_0_sub_miller_1_1_0_film_thickness_16_subs_thickness_16_seperation_2.5_disp_-0.25_-0.35_vasp,2.37599,0.7736303806304932,0.5624
Interface-JVASP-8047_JVASP-36119_film_miller_1_1_0_sub_miller_1_1_0_film_thickness_16_subs_thickness_16_seperation_2.5_disp_0.0_-0.15_vasp,1.357739,0.15466128289699554,0.0
Interface-JVASP-8158_JVASP-1393_film_miller_1_1_0_sub_miller_1_1_0_film_thickness_16_subs_thickness_16_seperation_2.5_disp_0.35_0.35_vasp,2.62528,0.9579538106918335,1.1936
Interface-JVASP-8158_JVASP-36123_film_miller_1_1_0_sub_miller_1_1_0_film_thickness_16_subs_thickness_16_seperation_2.5_disp_-0.05_0.4_vasp,0.591551,0.7675091028213501,0.0
Interface-JVASP-8158_JVASP-39_film_miller_1_1_0_sub_miller_1_1_0_film_thickness_16_subs_thickness_16_seperation_2.5_disp_0.5_0.35_vasp,1.755069,2.519360065460205,1.4259
Interface-JVASP-8169_JVASP-39_film_miller_1_1_0_sub_miller_1_1_0_film_thickness_16_subs_thickness_16_seperation_2.5_disp_-0.15_0.5_vasp,2.585006,2.3693177700042725,0.2827
Interface-JVASP-8183_JVASP-85122_film_miller_1_1_0_sub_miller_1_1_0_film_thickness_16_subs_thickness_16_seperation_2.5_disp_0.0_0.25_vasp,2.321394,0.9689706563949585,1.0002
Interface-JVASP-8186_JVASP-39_film_miller_1_1_0_sub_miller_1_1_0_film_thickness_16_subs_thickness_16_seperation_2.5_disp_0.1_0.45_vasp,1.941169,1.2919330596923828,0.9008
Interface-JVASP-8186_JVASP-8158_film_miller_1_1_0_sub_miller_1_1_0_film_thickness_16_subs_thickness_16_seperation_2.5_disp_0.4_0.3_vasp,1.411558,1.1592024564743042,0.4009
Interface-JVASP-85122_JVASP-35748_film_miller_1_1_0_sub_miller_1_1_0_film_thickness_16_subs_thickness_16_seperation_2.5_disp_0.0_-0.45_vasp,1.53335,0.515602707862854,0.3501
Interface-JVASP-1002_JVASP-1174_film_miller_1_1_0_sub_miller_1_1_0_film_thickness_16_subs_thickness_16_seperation_2.5_disp_0.5_0.2_vasp,1.584581,0.43870505690574646,0.6235
Interface-JVASP-1002_JVASP-36873_film_miller_0_0_1_sub_miller_0_0_1_film_thickness_16_subs_thickness_16_seperation_2.5_disp_-0.25_0.25_vasp,0.007828,0.48653528094291687,0.0
Interface-JVASP-1002_JVASP-8118_film_miller_0_0_1_sub_miller_0_0_1_film_thickness_16_subs_thickness_16_seperation_2.5_disp_-0.15_-0.1_vasp,0.000447,0.6883598566055298,0.0
Interface-JVASP-1002_JVASP-96_film_miller_1_1_0_sub_miller_1_1_0_film_thickness_16_subs_thickness_16_seperation_2.5_disp_0.5_-0.15_vasp,2.059533,0.8140143156051636,1.0249
Interface-JVASP-1002_JVASP-96_film_miller_1_1_0_sub_miller_1_1_0_film_thickness_16_subs_thickness_16_seperation_2.5_disp_0.5_-0.15_vasp,2.059533,0.8140143156051636,1.0249
Interface-JVASP-1174_JVASP-1198_film_miller_0_0_1_sub_miller_0_0_1_film_thickness_16_subs_thickness_16_seperation_2.5_disp_-0.25_-0.25_vasp,0.013117,0.3254530131816864,0.0
Interface-JVASP-1174_JVASP-96_film_miller_0_0_1_sub_miller_0_0_1_film_thickness_16_subs_thickness_16_seperation_2.5_disp_-0.25_-0.25_vasp,0.005747,0.26775628328323364,0.0
Interface-JVASP-1327_JVASP-1372_film_miller_0_0_1_sub_miller_0_0_1_film_thickness_16_subs_thickness_16_seperation_2.5_disp_-0.25_0.25_vasp,0.001699,1.5404789447784424,0.0
Interface-JVASP-1327_JVASP-8003_film_miller_0_0_1_sub_miller_0_0_1_film_thickness_16_subs_thickness_16_seperation_2.5_disp_-0.25_0.25_vasp,0.656505,1.3058505058288574,0.0
Interface-JVASP-1372_JVASP-1174_film_miller_0_0_1_sub_miller_0_0_1_film_thickness_16_subs_thickness_16_seperation_2.5_disp_-0.25_-0.25_vasp,0.003724,0.6159036159515381,0.0
Interface-JVASP-1372_JVASP-1192_film_miller_1_1_0_sub_miller_1_1_0_film_thickness_16_subs_thickness_16_seperation_2.5_disp_-0.3_0.5_vasp,2.136539,1.0395711660385132,0.4687
Interface-JVASP-1408_JVASP-1183_film_miller_1_1_0_sub_miller_1_1_0_film_thickness_16_subs_thickness_16_seperation_2.5_disp_-0.15_-0.25_vasp,0.006092,0.5243276357650757,0.0
Interface-JVASP-30_JVASP-107_film_miller_0_0_1_sub_miller_0_0_1_film_thickness_16_subs_thickness_16_seperation_2.5_disp_0.25_0.0_vasp,0.000665,1.2142235040664673,0.0
Interface-JVASP-39_JVASP-107_film_miller_0_0_1_sub_miller_0_0_1_film_thickness_16_subs_thickness_16_seperation_2.5_disp_0.25_0.0_vasp,0.029933,1.747301459312439,0.0
Interface-JVASP-39_JVASP-62940_film_miller_0_0_1_sub_miller_0_0_1_film_thickness_16_subs_thickness_16_seperation_2.5_disp_-0.25_-0.25_vasp,1.673363,3.707928419113159,0.0
Interface-JVASP-1195_JVASP-39_film_miller_1_1_0_sub_miller_1_1_0_film_thickness_16_subs_thickness_16_seperation_2.5_disp_0.25_0.0_vasp,4.096537,1.775780439376831,1.622
Interface-JVASP-1195_JVASP-39_film_miller_1_1_0_sub_miller_1_1_0_film_thickness_16_subs_thickness_16_seperation_2.5_disp_0.25_0.0_vasp,4.096537,1.775780439376831,1.622
Interface-JVASP-107_JVASP-30_film_miller_1_1_0_sub_miller_1_1_0_film_thickness_16_subs_thickness_16_seperation_2.5_disp_-0.45_-0.2_vasp,4.082319,1.916515588760376,2.1997
Interface-JVASP-107_JVASP-30_film_miller_1_1_0_sub_miller_1_1_0_film_thickness_16_subs_thickness_16_seperation_2.5_disp_-0.45_-0.2_vasp,4.082319,1.916515588760376,2.1997
Interface-JVASP-1327_JVASP-23_film_miller_1_1_0_sub_miller_1_1_0_film_thickness_16_subs_thickness_16_seperation_2.5_disp_0.0_-0.15_vasp,2.441671,1.017196536064148,0.6245
Interface-JVASP-1183_JVASP-1186_film_miller_1_1_0_sub_miller_1_1_0_film_thickness_16_subs_thickness_16_seperation_2.5_disp_0.1_-0.2_vasp,1.027434,0.12312128394842148,0.0
Interface-JVASP-1186_JVASP-8003_film_miller_1_1_0_sub_miller_1_1_0_film_thickness_16_subs_thickness_16_seperation_2.5_disp_-0.2_0.45_vasp,1.529422,0.17481401562690735,0.0
Interface-JVASP-1174_JVASP-96_film_miller_1_1_0_sub_miller_1_1_0_film_thickness_16_subs_thickness_16_seperation_2.5_disp_0.0_-0.15_vasp,2.162382,0.2500760555267334,0.2291
Interface-JVASP-1327_JVASP-30_film_miller_1_1_0_sub_miller_1_1_0_film_thickness_16_subs_thickness_16_seperation_2.5_disp_-0.45_-0.4_vasp,2.563653,1.243502140045166,0.995
Interface-JVASP-1327_JVASP-30_film_miller_1_1_0_sub_miller_1_1_0_film_thickness_16_subs_thickness_16_seperation_2.5_disp_-0.45_-0.4_vasp,2.563653,1.243502140045166,0.995
Interface-JVASP-1327_JVASP-8047_film_miller_1_1_0_sub_miller_1_1_0_film_thickness_16_subs_thickness_16_seperation_2.5_disp_0.45_0.5_vasp,2.824397,1.4255263805389404,1.039
Interface-JVASP-1327_JVASP-8047_film_miller_1_1_0_sub_miller_1_1_0_film_thickness_16_subs_thickness_16_seperation_2.5_disp_0.45_0.5_vasp,2.824397,1.4255263805389404,1.039
Interface-JVASP-1702_JVASP-36204_film_miller_1_1_0_sub_miller_1_1_0_film_thickness_16_subs_thickness_16_seperation_2.5_disp_0.45_-0.1_vasp,0.422943,1.1989439725875854,0.1198
Interface-JVASP-1702_JVASP-36204_film_miller_1_1_0_sub_miller_1_1_0_film_thickness_16_subs_thickness_16_seperation_2.5_disp_0.45_-0.1_vasp,0.422943,1.1989439725875854,0.1198
Interface-JVASP-1312_JVASP-30_film_miller_1_1_0_sub_miller_1_1_0_film_thickness_16_subs_thickness_16_seperation_2.5_disp_-0.35_0.0_vasp,1.134292,1.1483819484710693,0.0263
Interface-JVASP-1312_JVASP-30_film_miller_1_1_0_sub_miller_1_1_0_film_thickness_16_subs_thickness_16_seperation_2.5_disp_-0.35_0.0_vasp,1.134292,1.1483819484710693,0.0263
Interface-JVASP-1183_JVASP-1192_film_miller_1_1_0_sub_miller_1_1_0_film_thickness_16_subs_thickness_16_seperation_2.5_disp_-0.15_-0.45_vasp,2.343446,0.7589758634567261,0.2637
Interface-JVASP-96_JVASP-8003_film_miller_1_1_0_sub_miller_1_1_0_film_thickness_16_subs_thickness_16_seperation_2.5_disp_-0.2_0.0_vasp,3.309431,1.1632816791534424,0.826
Interface-JVASP-1312_JVASP-8047_film_miller_1_1_0_sub_miller_1_1_0_film_thickness_16_subs_thickness_16_seperation_2.5_disp_0.0_-0.45_vasp,1.446966,1.1705727577209473,0.4354
Interface-JVASP-1312_JVASP-8047_film_miller_1_1_0_sub_miller_1_1_0_film_thickness_16_subs_thickness_16_seperation_2.5_disp_0.0_-0.45_vasp,1.446966,1.1705727577209473,0.4354
Interface-JVASP-1192_JVASP-8169_film_miller_1_1_0_sub_miller_1_1_0_film_thickness_16_subs_thickness_16_seperation_2.5_disp_-0.45_-0.25_vasp,2.479098,1.2006409168243408,0.5198
Interface-JVASP-1192_JVASP-8169_film_miller_1_1_0_sub_miller_1_1_0_film_thickness_16_subs_thickness_16_seperation_2.5_disp_-0.45_-0.25_vasp,2.479098,1.2006409168243408,0.5198
Interface-JVASP-1002_JVASP-1408_film_miller_1_1_0_sub_miller_1_1_0_film_thickness_16_subs_thickness_16_seperation_2.5_disp_-0.45_-0.15_vasp,0.133245,0.388457328081131,0.1929
Interface-JVASP-8003_JVASP-1192_film_miller_1_1_0_sub_miller_1_1_0_film_thickness_16_subs_thickness_16_seperation_2.5_disp_-0.05_-0.2_vasp,2.828953,1.4993348121643066,0.3959
Interface-JVASP-1002_JVASP-23_film_miller_1_1_0_sub_miller_1_1_0_film_thickness_16_subs_thickness_16_seperation_2.5_disp_0.5_-0.15_vasp,1.524955,0.5557609796524048,0.3233
Interface-JVASP-1327_JVASP-1192_film_miller_1_1_0_sub_miller_1_1_0_film_thickness_16_subs_thickness_16_seperation_2.5_disp_-0.3_-0.45_vasp,1.664625,1.0878410339355469,0.1346
Interface-JVASP-1702_JVASP-1327_film_miller_1_1_0_sub_miller_1_1_0_film_thickness_16_subs_thickness_16_seperation_2.5_disp_-0.05_0.25_vasp,1.120476,1.5862321853637695,0.0656
Interface-JVASP-1702_JVASP-1327_film_miller_1_1_0_sub_miller_1_1_0_film_thickness_16_subs_thickness_16_seperation_2.5_disp_-0.05_0.25_vasp,1.120476,1.5862321853637695,0.0656
Interface-JVASP-39_JVASP-1408_film_miller_0_0_1_sub_miller_0_0_1_film_thickness_16_subs_thickness_16_seperation_2.5_disp_-0.2_-0.2_vasp,0.000597,1.1935676336288452,0.0
Interface-JVASP-30_JVASP-8158_film_miller_0_0_1_sub_miller_0_0_1_film_thickness_16_subs_thickness_16_seperation_2.5_disp_-0.4_0.5_vasp,0.010909,1.4358384609222412,0.0
Interface-JVASP-890_JVASP-1372_film_miller_0_0_1_sub_miller_0_0_1_film_thickness_16_subs_thickness_16_seperation_2.5_disp_-0.25_0.25_vasp,0.00115,0.37750276923179626,0.0
Interface-JVASP-1192_JVASP-8183_film_miller_1_1_0_sub_miller_1_1_0_film_thickness_16_subs_thickness_16_seperation_2.5_disp_-0.3_-0.35_vasp,1.753958,0.7703230381011963,0.1027
Interface-JVASP-1192_JVASP-8183_film_miller_1_1_0_sub_miller_1_1_0_film_thickness_16_subs_thickness_16_seperation_2.5_disp_-0.3_-0.35_vasp,1.753958,0.7703230381011963,0.1027
Interface-JVASP-1408_JVASP-35748_film_miller_1_1_0_sub_miller_1_1_0_film_thickness_16_subs_thickness_16_seperation_2.5_disp_0.5_-0.35_vasp,1.494043,0.4950404465198517,0.3786
Interface-JVASP-1408_JVASP-35748_film_miller_1_1_0_sub_miller_1_1_0_film_thickness_16_subs_thickness_16_seperation_2.5_disp_0.5_-0.35_vasp,1.494043,0.4950404465198517,0.3786
Interface-JVASP-1702_JVASP-1312_film_miller_1_1_0_sub_miller_1_1_0_film_thickness_16_subs_thickness_16_seperation_2.5_disp_-0.15_-0.2_vasp,1.339102,1.347827434539795,0.3338
Interface-JVASP-1702_JVASP-1312_film_miller_1_1_0_sub_miller_1_1_0_film_thickness_16_subs_thickness_16_seperation_2.5_disp_-0.15_-0.2_vasp,1.339102,1.347827434539795,0.3338
Interface-JVASP-1312_JVASP-8158_film_miller_1_1_0_sub_miller_1_1_0_film_thickness_16_subs_thickness_16_seperation_2.5_disp_0.0_-0.2_vasp,4.585814,1.4621890783309937,0.7041
Interface-JVASP-1312_JVASP-8158_film_miller_1_1_0_sub_miller_1_1_0_film_thickness_16_subs_thickness_16_seperation_2.5_disp_0.0_-0.2_vasp,4.585814,1.4621890783309937,0.7041
Interface-JVASP-1312_JVASP-7630_film_miller_1_1_0_sub_miller_1_1_0_film_thickness_16_subs_thickness_16_seperation_2.5_disp_0.15_0.3_vasp,2.31465,1.1328957080841064,0.8741
Interface-JVASP-1312_JVASP-7630_film_miller_1_1_0_sub_miller_1_1_0_film_thickness_16_subs_thickness_16_seperation_2.5_disp_0.15_0.3_vasp,2.31465,1.1328957080841064,0.8741
Interface-JVASP-30_JVASP-1408_film_miller_0_0_1_sub_miller_0_0_1_film_thickness_16_subs_thickness_16_seperation_2.5_disp_-0.2_0.3_vasp,0.024345,0.5825808048248291,0.0
Interface-JVASP-1702_JVASP-1183_film_miller_1_1_0_sub_miller_1_1_0_film_thickness_16_subs_thickness_16_seperation_2.5_disp_0.5_-0.05_vasp,1.983835,0.023283500224351883,0.3169
Interface-JVASP-1702_JVASP-1183_film_miller_1_1_0_sub_miller_1_1_0_film_thickness_16_subs_thickness_16_seperation_2.5_disp_0.5_-0.05_vasp,1.983835,0.023283500224351883,0.3169
Interface-JVASP-1702_JVASP-8184_film_miller_1_1_0_sub_miller_1_1_0_film_thickness_16_subs_thickness_16_seperation_2.5_disp_-0.1_0.3_vasp,2.525253,1.357607126235962,1.0839
Interface-JVASP-1702_JVASP-8184_film_miller_1_1_0_sub_miller_1_1_0_film_thickness_16_subs_thickness_16_seperation_2.5_disp_-0.1_0.3_vasp,2.525253,1.357607126235962,1.0839
Interface-JVASP-1327_JVASP-107_film_miller_1_1_0_sub_miller_1_1_0_film_thickness_16_subs_thickness_16_seperation_2.5_disp_-0.4_0.05_vasp,1.423733,0.7357758283615112,0.2554
Interface-JVASP-1327_JVASP-107_film_miller_1_1_0_sub_miller_1_1_0_film_thickness_16_subs_thickness_16_seperation_2.5_disp_-0.4_0.05_vasp,1.423733,0.7357758283615112,0.2554
Interface-JVASP-1327_JVASP-79204_film_miller_1_1_0_sub_miller_1_1_0_film_thickness_16_subs_thickness_16_seperation_2.5_disp_0.35_0.35_vasp,2.491315,2.3865485191345215,1.1502
Interface-JVASP-1327_JVASP-79204_film_miller_1_1_0_sub_miller_1_1_0_film_thickness_16_subs_thickness_16_seperation_2.5_disp_0.35_0.35_vasp,2.491315,2.3865485191345215,1.1502
Interface-JVASP-1183_JVASP-105410_film_miller_1_1_0_sub_miller_1_1_0_film_thickness_16_subs_thickness_16_seperation_2.5_disp_-0.25_-0.05_vasp,1.027351,0.3084634840488434,0.5341
Interface-JVASP-1183_JVASP-105410_film_miller_1_1_0_sub_miller_1_1_0_film_thickness_16_subs_thickness_16_seperation_2.5_disp_-0.25_-0.05_vasp,1.027351,0.3084634840488434,0.5341
Interface-JVASP-22685_JVASP-35711_film_miller_1_1_0_sub_miller_1_1_0_film_thickness_16_subs_thickness_16_seperation_2.5_disp_0.0_0.35_vasp,0.375137,0.10980501770973206,0.0358
Interface-JVASP-22685_JVASP-35711_film_miller_1_1_0_sub_miller_1_1_0_film_thickness_16_subs_thickness_16_seperation_2.5_disp_0.0_0.35_vasp,0.375137,0.10980501770973206,0.0358
Interface-JVASP-22685_JVASP-37905_film_miller_1_1_0_sub_miller_1_1_0_film_thickness_16_subs_thickness_16_seperation_2.5_disp_-0.4_-0.35_vasp,1.109203,0.8180371522903442,0.6074
Interface-JVASP-22685_JVASP-37905_film_miller_1_1_0_sub_miller_1_1_0_film_thickness_16_subs_thickness_16_seperation_2.5_disp_-0.4_-0.35_vasp,1.109203,0.8180371522903442,0.6074
Interface-JVASP-30_JVASP-8003_film_miller_0_0_1_sub_miller_0_0_1_film_thickness_16_subs_thickness_16_seperation_2.5_disp_-0.15_-0.1_vasp,0.399355,1.1779214143753052,0.0
Interface-JVASP-1702_JVASP-39_film_miller_1_1_0_sub_miller_1_1_0_film_thickness_16_subs_thickness_16_seperation_2.5_disp_0.2_0.5_vasp,2.715164,2.3875608444213867,1.6296
Interface-JVASP-1702_JVASP-39_film_miller_1_1_0_sub_miller_1_1_0_film_thickness_16_subs_thickness_16_seperation_2.5_disp_0.2_0.5_vasp,2.715164,2.3875608444213867,1.6296
Interface-JVASP-1312_JVASP-7923_film_miller_1_1_0_sub_miller_1_1_0_film_thickness_16_subs_thickness_16_seperation_2.5_disp_0.25_-0.05_vasp,1.997884,1.1051884889602661,0.0
Interface-JVASP-1312_JVASP-7923_film_miller_1_1_0_sub_miller_1_1_0_film_thickness_16_subs_thickness_16_seperation_2.5_disp_0.25_-0.05_vasp,1.997884,1.1051884889602661,0.0
Interface-JVASP-1327_JVASP-36873_film_miller_1_1_0_sub_miller_1_1_0_film_thickness_16_subs_thickness_16_seperation_2.5_disp_0.35_-0.1_vasp,1.127125,1.0868123769760132,0.4922
Interface-JVASP-1327_JVASP-36873_film_miller_1_1_0_sub_miller_1_1_0_film_thickness_16_subs_thickness_16_seperation_2.5_disp_0.35_-0.1_vasp,1.127125,1.0868123769760132,0.4922
Interface-JVASP-8182_JVASP-8183_film_miller_1_1_0_sub_miller_1_1_0_film_thickness_16_subs_thickness_16_seperation_2.5_disp_-0.25_-0.15_vasp,3.294723,1.6999891996383667,1.7357
Interface-JVASP-8182_JVASP-8183_film_miller_1_1_0_sub_miller_1_1_0_film_thickness_16_subs_thickness_16_seperation_2.5_disp_-0.25_-0.15_vasp,3.294723,1.6999891996383667,1.7357
Interface-JVASP-8183_JVASP-8047_film_miller_1_1_0_sub_miller_1_1_0_film_thickness_16_subs_thickness_16_seperation_2.5_disp_0.0_-0.3_vasp,2.496579,1.332104206085205,1.2826
Interface-JVASP-8183_JVASP-8047_film_miller_1_1_0_sub_miller_1_1_0_film_thickness_16_subs_thickness_16_seperation_2.5_disp_0.0_-0.3_vasp,2.496579,1.332104206085205,1.2826
Interface-JVASP-8185_JVASP-1073_film_miller_1_1_0_sub_miller_1_1_0_film_thickness_16_subs_thickness_16_seperation_2.5_disp_-0.25_0.2_vasp,1.036629,0.35041478276252747,0.4203
Interface-JVASP-8185_JVASP-1073_film_miller_1_1_0_sub_miller_1_1_0_film_thickness_16_subs_thickness_16_seperation_2.5_disp_-0.25_0.2_vasp,1.036629,0.35041478276252747,0.4203
Interface-JVASP-8185_JVASP-95_film_miller_1_1_0_sub_miller_1_1_0_film_thickness_16_subs_thickness_16_seperation_2.5_disp_0.0_0.15_vasp,1.273639,0.4186948537826538,0.0
Interface-JVASP-8185_JVASP-95_film_miller_1_1_0_sub_miller_1_1_0_film_thickness_16_subs_thickness_16_seperation_2.5_disp_0.0_0.15_vasp,1.273639,0.4186948537826538,0.0
Interface-JVASP-8186_JVASP-35748_film_miller_1_1_0_sub_miller_1_1_0_film_thickness_16_subs_thickness_16_seperation_2.5_disp_0.0_-0.3_vasp,1.677384,0.8471418619155884,1.0474
Interface-JVASP-8186_JVASP-35748_film_miller_1_1_0_sub_miller_1_1_0_film_thickness_16_subs_thickness_16_seperation_2.5_disp_0.0_-0.3_vasp,1.677384,0.8471418619155884,1.0474
Interface-JVASP-8186_JVASP-7630_film_miller_1_1_0_sub_miller_1_1_0_film_thickness_16_subs_thickness_16_seperation_2.5_disp_-0.45_0.0_vasp,0.739367,1.0799195766448975,0.3732
Interface-JVASP-8186_JVASP-7630_film_miller_1_1_0_sub_miller_1_1_0_film_thickness_16_subs_thickness_16_seperation_2.5_disp_-0.45_0.0_vasp,0.739367,1.0799195766448975,0.3732
Interface-JVASP-8186_JVASP-95_film_miller_1_1_0_sub_miller_1_1_0_film_thickness_16_subs_thickness_16_seperation_2.5_disp_0.0_0.2_vasp,2.640707,0.93617844581604,0.5647
Interface-JVASP-8186_JVASP-95_film_miller_1_1_0_sub_miller_1_1_0_film_thickness_16_subs_thickness_16_seperation_2.5_disp_0.0_0.2_vasp,2.640707,0.93617844581604,0.5647
Interface-JVASP-96_JVASP-8158_film_miller_1_1_0_sub_miller_1_1_0_film_thickness_16_subs_thickness_16_seperation_2.5_disp_0.35_-0.15_vasp,0.001967,1.447577953338623,0.5394
Interface-JVASP-96_JVASP-8158_film_miller_1_1_0_sub_miller_1_1_0_film_thickness_16_subs_thickness_16_seperation_2.5_disp_0.35_-0.15_vasp,0.001967,1.447577953338623,0.5394
Interface-JVASP-39_JVASP-8003_film_miller_0_0_1_sub_miller_0_0_1_film_thickness_16_subs_thickness_16_seperation_2.5_disp_-0.2_-0.2_vasp,0.434499,2.7839033603668213,0.0
Interface-JVASP-890_JVASP-96_film_miller_0_0_1_sub_miller_0_0_1_film_thickness_16_subs_thickness_16_seperation_2.5_disp_-0.25_0.25_vasp,0.002889,0.24516740441322327,0.0
Interface-JVASP-1192_JVASP-36204_film_miller_1_1_0_sub_miller_1_1_0_film_thickness_16_subs_thickness_16_seperation_2.5_disp_-0.2_0.25_vasp,1.81148,0.9106342792510986,0.6377
Interface-JVASP-1192_JVASP-36204_film_miller_1_1_0_sub_miller_1_1_0_film_thickness_16_subs_thickness_16_seperation_2.5_disp_-0.2_0.25_vasp,1.81148,0.9106342792510986,0.6377
Interface-JVASP-1408_JVASP-37905_film_miller_1_1_0_sub_miller_1_1_0_film_thickness_16_subs_thickness_16_seperation_2.5_disp_0.2_-0.45_vasp,0.729243,0.6064883470535278,0.0172
Interface-JVASP-1408_JVASP-37905_film_miller_1_1_0_sub_miller_1_1_0_film_thickness_16_subs_thickness_16_seperation_2.5_disp_0.2_-0.45_vasp,0.729243,0.6064883470535278,0.0172
Interface-JVASP-1312_JVASP-95_film_miller_1_1_0_sub_miller_1_1_0_film_thickness_16_subs_thickness_16_seperation_2.5_disp_0.0_-0.2_vasp,1.256123,1.2095837593078613,0.5322
Interface-JVASP-1312_JVASP-95_film_miller_1_1_0_sub_miller_1_1_0_film_thickness_16_subs_thickness_16_seperation_2.5_disp_0.0_-0.2_vasp,1.256123,1.2095837593078613,0.5322
Interface-JVASP-107_JVASP-1195_film_miller_1_1_0_sub_miller_1_1_0_film_thickness_16_subs_thickness_16_seperation_2.5_disp_0.4_-0.1_vasp,3.201267,1.094254970550537,0.6604
Interface-JVASP-1183_JVASP-8169_film_miller_1_1_0_sub_miller_1_1_0_film_thickness_16_subs_thickness_16_seperation_2.5_disp_-0.45_-0.2_vasp,1.781354,0.2633237838745117,0.266
Interface-JVASP-1186_JVASP-35748_film_miller_1_1_0_sub_miller_1_1_0_film_thickness_16_subs_thickness_16_seperation_2.5_disp_0.45_-0.4_vasp,0.120748,0.06618453562259674,0.1102
Interface-JVASP-22685_JVASP-30_film_miller_1_1_0_sub_miller_1_1_0_film_thickness_16_subs_thickness_16_seperation_2.5_disp_-0.2_0.45_vasp,2.266404,0.5618431568145752,0.5357
Interface-JVASP-1195_JVASP-36119_film_miller_1_1_0_sub_miller_1_1_0_film_thickness_16_subs_thickness_16_seperation_2.5_disp_-0.2_0.4_vasp,1.006018,0.20968323945999146,0.0524
Interface-JVASP-1195_JVASP-7671_film_miller_1_1_0_sub_miller_1_1_0_film_thickness_16_subs_thickness_16_seperation_2.5_disp_-0.2_0.4_vasp,2.356666,0.623785138130188,0.2718
Interface-JVASP-30_JVASP-37905_film_miller_1_1_0_sub_miller_1_1_0_film_thickness_16_subs_thickness_16_seperation_2.5_disp_0.5_-0.45_vasp,1.594205,1.0478527545928955,0.373
Interface-JVASP-35748_JVASP-30_film_miller_1_1_0_sub_miller_1_1_0_film_thickness_16_subs_thickness_16_seperation_2.5_disp_-0.3_0.45_vasp,0.562301,0.34593692421913147,0.0997
Interface-JVASP-35748_JVASP-39_film_miller_1_1_0_sub_miller_1_1_0_film_thickness_16_subs_thickness_16_seperation_2.5_disp_-0.1_-0.05_vasp,0.947603,0.6566436290740967,0.6344
Interface-JVASP-36204_JVASP-30_film_miller_1_1_0_sub_miller_1_1_0_film_thickness_16_subs_thickness_16_seperation_2.5_disp_0.5_0.0_vasp,3.152043,1.42283296585083,1.1099
Interface-JVASP-36204_JVASP-37905_film_miller_1_1_0_sub_miller_1_1_0_film_thickness_16_subs_thickness_16_seperation_2.5_disp_0.5_-0.45_vasp,3.346369,1.1292555332183838,1.1332
Interface-JVASP-36204_JVASP-37905_film_miller_1_1_0_sub_miller_1_1_0_film_thickness_16_subs_thickness_16_seperation_2.5_disp_0.5_-0.45_vasp,3.346369,1.1292555332183838,1.1332
Interface-JVASP-37905_JVASP-1393_film_miller_1_1_0_sub_miller_1_1_0_film_thickness_16_subs_thickness_16_seperation_2.5_disp_0.05_0.4_vasp,0.650315,0.9852652549743652,0.5125
Interface-JVASP-39_JVASP-30_film_miller_1_1_0_sub_miller_1_1_0_film_thickness_16_subs_thickness_16_seperation_2.5_disp_0.25_0.25_vasp,4.140867,2.6878702640533447,2.4712
Interface-JVASP-39_JVASP-30_film_miller_1_1_0_sub_miller_1_1_0_film_thickness_16_subs_thickness_16_seperation_2.5_disp_0.25_0.25_vasp,4.140867,2.6878702640533447,2.4712
Interface-JVASP-7671_JVASP-35748_film_miller_1_1_0_sub_miller_1_1_0_film_thickness_16_subs_thickness_16_seperation_2.5_disp_0.0_0.2_vasp,1.6189,0.6850013732910156,0.4143
Interface-JVASP-7671_JVASP-35748_film_miller_1_1_0_sub_miller_1_1_0_film_thickness_16_subs_thickness_16_seperation_2.5_disp_0.0_0.2_vasp,1.6189,0.6850013732910156,0.4143
Interface-JVASP-7844_JVASP-7671_film_miller_1_1_0_sub_miller_1_1_0_film_thickness_16_subs_thickness_16_seperation_2.5_disp_-0.3_-0.4_vasp,1.800727,1.8341584205627441,0.6519
Interface-JVASP-8003_JVASP-95_film_miller_1_1_0_sub_miller_1_1_0_film_thickness_16_subs_thickness_16_seperation_2.5_disp_-0.4_0.45_vasp,3.105884,1.167722463607788,0.5937
Interface-JVASP-8003_JVASP-95_film_miller_1_1_0_sub_miller_1_1_0_film_thickness_16_subs_thickness_16_seperation_2.5_disp_-0.4_0.45_vasp,3.105884,1.167722463607788,0.5937
Interface-JVASP-8182_JVASP-8158_film_miller_1_1_0_sub_miller_1_1_0_film_thickness_16_subs_thickness_16_seperation_2.5_disp_0.05_-0.25_vasp,1.525743,0.8666340112686157,0.4875
Interface-JVASP-8184_JVASP-7836_film_miller_1_1_0_sub_miller_1_1_0_film_thickness_16_subs_thickness_16_seperation_2.5_disp_-0.35_-0.45_vasp,1.887986,2.1243369579315186,0.5436
Interface-JVASP-85122_JVASP-35711_film_miller_1_1_0_sub_miller_1_1_0_film_thickness_16_subs_thickness_16_seperation_2.5_disp_0.0_-0.2_vasp,0.738285,0.3016006350517273,0.0
Interface-JVASP-85122_JVASP-35711_film_miller_1_1_0_sub_miller_1_1_0_film_thickness_16_subs_thickness_16_seperation_2.5_disp_0.0_-0.2_vasp,0.738285,0.3016006350517273,0.0
Interface-JVASP-1408_JVASP-7923_film_miller_1_1_0_sub_miller_1_1_0_film_thickness_16_subs_thickness_16_seperation_2.5_disp_-0.2_-0.45_vasp,1.316351,0.24555523693561554,0.1293
Interface-JVASP-1408_JVASP-8186_film_miller_1_1_0_sub_miller_1_1_0_film_thickness_16_subs_thickness_16_seperation_2.5_disp_0.25_-0.1_vasp,1.507551,0.5542057752609253,0.4753
Interface-JVASP-1189_JVASP-17700_film_miller_1_1_0_sub_miller_1_1_0_film_thickness_16_subs_thickness_16_seperation_2.5_disp_-0.05_-0.35_vasp,0.004768,0.062446609139442444,0.11
Interface-JVASP-1312_JVASP-1177_film_miller_1_1_0_sub_miller_1_1_0_film_thickness_16_subs_thickness_16_seperation_2.5_disp_0.15_-0.4_vasp,0.220311,0.8351020812988281,0.0979
Interface-JVASP-1312_JVASP-1195_film_miller_1_1_0_sub_miller_1_1_0_film_thickness_16_subs_thickness_16_seperation_2.5_disp_-0.45_0.15_vasp,1.302443,0.8828835487365723,0.0169
Interface-JVASP-1312_JVASP-7844_film_miller_1_1_0_sub_miller_1_1_0_film_thickness_16_subs_thickness_16_seperation_2.5_disp_0.25_-0.45_vasp,1.553106,2.0285704135894775,0.9741
Interface-JVASP-107_JVASP-1183_film_miller_1_1_0_sub_miller_1_1_0_film_thickness_16_subs_thickness_16_seperation_2.5_disp_-0.4_-0.15_vasp,1.592294,0.574819803237915,0.0
Interface-JVASP-107_JVASP-7671_film_miller_1_1_0_sub_miller_1_1_0_film_thickness_16_subs_thickness_16_seperation_2.5_disp_-0.2_-0.35_vasp,1.523628,1.1162644624710083,0.6159
Interface-JVASP-1183_JVASP-8158_film_miller_1_1_0_sub_miller_1_1_0_film_thickness_16_subs_thickness_16_seperation_2.5_disp_-0.05_-0.35_vasp,2.088788,1.2573761940002441,0.4502
Interface-JVASP-7671_JVASP-36204_film_miller_1_1_0_sub_miller_1_1_0_film_thickness_16_subs_thickness_16_seperation_2.5_disp_-0.15_0.45_vasp,1.628866,0.9541977643966675,0.6668
Interface-JVASP-7671_JVASP-95_film_miller_1_1_0_sub_miller_1_1_0_film_thickness_16_subs_thickness_16_seperation_2.5_disp_0.0_-0.3_vasp,2.73789,0.9188157320022583,0.6236
Interface-JVASP-7923_JVASP-30_film_miller_1_1_0_sub_miller_1_1_0_film_thickness_16_subs_thickness_16_seperation_2.5_disp_-0.05_-0.45_vasp,2.95087,0.7781475782394409,0.5252
Interface-JVASP-7923_JVASP-7630_film_miller_1_1_0_sub_miller_1_1_0_film_thickness_16_subs_thickness_16_seperation_2.5_disp_-0.1_0.1_vasp,0.839695,0.6028517484664917,0.0
Interface-JVASP-8003_JVASP-30_film_miller_1_1_0_sub_miller_1_1_0_film_thickness_16_subs_thickness_16_seperation_2.5_disp_0.4_-0.05_vasp,2.367074,1.1529715061187744,0.2426
Interface-JVASP-8003_JVASP-7836_film_miller_1_1_0_sub_miller_1_1_0_film_thickness_16_subs_thickness_16_seperation_2.5_disp_-0.15_0.4_vasp,3.119314,2.925377607345581,0.8914
Interface-JVASP-8047_JVASP-36873_film_miller_1_1_0_sub_miller_1_1_0_film_thickness_16_subs_thickness_16_seperation_2.5_disp_0.0_0.35_vasp,0.970345,0.7913615703582764,0.2277
Interface-JVASP-8158_JVASP-23_film_miller_1_1_0_sub_miller_1_1_0_film_thickness_16_subs_thickness_16_seperation_2.5_disp_0.05_-0.45_vasp,1.902291,1.2705198526382446,0.7233
Interface-JVASP-8158_JVASP-36204_film_miller_1_1_0_sub_miller_1_1_0_film_thickness_16_subs_thickness_16_seperation_2.5_disp_-0.25_0.4_vasp,3.379859,1.3595819473266602,0.855
Interface-JVASP-8158_JVASP-79204_film_miller_1_1_0_sub_miller_1_1_0_film_thickness_16_subs_thickness_16_seperation_2.5_disp_0.05_-0.3_vasp,0.68941,2.0439090728759766,0.2065
Interface-JVASP-8169_JVASP-7630_film_miller_1_1_0_sub_miller_1_1_0_film_thickness_16_subs_thickness_16_seperation_2.5_disp_-0.05_-0.4_vasp,0.957615,1.1667801141738892,0.0174
Interface-JVASP-8185_JVASP-8186_film_miller_1_1_0_sub_miller_1_1_0_film_thickness_16_subs_thickness_16_seperation_2.5_disp_0.0_-0.15_vasp,1.571469,0.17189712822437286,0.3877
Interface-JVASP-85122_JVASP-39_film_miller_1_1_0_sub_miller_1_1_0_film_thickness_16_subs_thickness_16_seperation_2.5_disp_-0.05_0.45_vasp,1.809123,0.48184582591056824,0.7216
