id,sk_gap,alignn_gap,dft_gap
agm1000019119,1.1136846542358398,0.08372913300991058,0.0
agm1000001360,0.0035972595214843,0.011951595544815063,0.0
agm1000007792,0.0197296142578125,-0.019433915615081787,0.0
agm1000000418,1.3820195198059082,-0.02849520742893219,0.273
agm1000005613,0.156224250793457,0.05631129443645477,0.0
agm1000001605,0.5983409881591797,0.0016145557165145874,0.1668
agm1000002758,0.0981054306030273,0.1649395227432251,0.0
agm1000006597,2.493393898010254,0.20950347185134888,1.3906
agm1000013226,0.1837072372436523,0.04496955871582031,0.3464
agm1000018920,0.007988691329956,1.309165120124817,0.0
agm1000003001,0.0094718933105468,0.8438024520874023,0.27
agm1000006669,1.190601825714111,0.10472086071968079,1.4542000000000002
agm1000004291,0.1488909721374511,0.06473866105079651,0.0
agm1000010014,0.3192481994628906,0.1559455692768097,0.0
agm1000003014,2.064976692199707,0.9692221879959106,1.3983
agm1000008757,2.3879454135894775,0.0021034181118011475,1.4611
agm1000013813,0.2183961868286132,0.020483046770095825,0.6188
agm1000013074,0.0611228942871093,0.015973374247550964,0.0
agm1000012106,0.4792933464050293,0.04949534684419632,0.4059
agm1000018978,0.0064406394958496,0.0026513338088989258,0.0
agm1000010884,0.0032663345336914,0.0324920117855072,0.0
agm1000004191,0.4138169288635254,0.020529866218566895,0.0229
agm1000019885,0.1889891624450683,0.01733344793319702,0.2548
agm1000012814,0.5562314987182617,-0.0015499293804168701,0.0
agm1000007522,0.7016017436981201,0.0497833788394928,0.1768
agm1000013108,1.2012996673583984,0.05052143335342407,0.0
agm1000008600,0.029026985168457,0.07185561954975128,0.0
agm1000015342,0.0038790702819824,0.45128655433654785,0.0
agm1000015517,0.0069758892059326,0.03656761348247528,0.0
agm1000018178,0.5062165260314941,0.16557461023330688,0.5234
agm1000018620,0.0111639499664306,0.1491662561893463,0.0175
agm1000011946,1.7462942600250244,0.10811315476894379,1.0499
agm1000011232,0.00016450881958,0.03639829158782959,0.0
agm1000012717,0.2641799449920654,0.13199059665203094,0.0
agm1000010159,0.0386519432067871,0.005107998847961426,0.0
agm1000006927,0.0547132492065429,0.15870468318462372,0.1018
agm1000009798,8.106231689453125e-06,0.06457725167274475,0.3812
agm1000010094,3.406459093093872,0.7376158237457275,2.8836
agm1000010708,0.0141429901123046,0.05691984295845032,0.0
agm1000016698,4.047812461853027,0.9548089504241943,2.3809
agm1000006323,3.917191982269287,0.5267306566238403,3.0029
agm1000014218,3.4895496368408203,0.31537893414497375,3.5069
agm1000005584,4.895474910736084,0.8806266784667969,3.7131
agm1000013122,4.244544982910156,0.8736482858657837,3.1172
agm1000006557,1.6336047649383545,0.8905676603317261,1.6321
agm1000000434,1.2746562957763672,0.19782881438732147,0.6418
agm1000002934,2.678230047225952,0.5874035358428955,1.6894
agm1000010826,1.295973300933838,0.818800687789917,0.7092
agm1000019621,1.2993998527526855,0.16795292496681213,0.0
agm1000018037,0.5900149345397949,0.56877601146698,0.5077
agm1000008109,1.405651569366455,1.1161881685256958,1.2387
agm1000006497,1.8558998107910156,0.38299986720085144,1.2783
agm1000009488,1.2962074279785156,0.5248461961746216,1.2446
agm1000011850,0.058171272277832,0.11827878654003143,0.1152
agm1000011994,4.2095136642456055,0.01897270232439041,2.6441
agm1000009440,4.208700180053711,0.8580421209335327,2.883
agm1000007456,0.0347399711608886,0.06932684779167175,0.089
agm1000008511,1.7544503211975098,0.12876465916633606,0.6763
agm1000017841,1.9267024993896484,0.21489304304122925,0.4496
agm1000018089,0.7044234275817871,0.16129454970359802,0.8779
agm1000002485,0.0174722671508789,0.5310120582580566,1.1243
agm1000009047,3.0558905601501465,0.48364970088005066,2.2051
agm1000016629,3.0295796394348145,0.8513274192810059,2.2077
agm1000000978,3.118600606918335,0.7838587760925293,2.0109
agm1000015115,4.0271406173706055,0.45823875069618225,2.7307
agm1000010488,3.744961023330689,1.2256391048431396,2.711
agm1000007516,1.561213731765747,0.43336212635040283,1.6133000000000002
agm1000003129,0.0234384536743164,-0.06845541298389435,0.0
agm1000004823,3.747697353363037,0.01955694705247879,1.2856
agm1000017796,1.9587366580963137,0.20716813206672668,1.6515
agm1000009873,2.4567370414733887,0.385376513004303,1.6608
agm1000004726,0.8713741302490234,0.6255429983139038,1.0856
agm1000003431,1.7642974853515625e-05,0.05861285328865051,0.7164
agm1000000208,0.0092225074768066,0.034065037965774536,0.0
agm1000016720,0.0048542022705078,0.013735592365264893,0.4062
agm1000010298,0.0086622238159179,0.019274979829788208,0.0
agm1000015930,0.0199103355407714,0.006160527467727661,0.0
agm1000013341,0.2482619285583496,0.0542299747467041,0.0
agm1000003140,0.0090761184692382,0.030646897852420807,0.0
agm1000011512,0.2944254875183105,0.18483857810497284,0.0
agm1000007203,0.0100238323211669,0.5468586683273315,0.0
agm1000016005,0.0320143699645996,0.06724391877651215,0.3308
agm1000010822,0.0527448654174804,0.5097185373306274,0.1543
agm1000001279,0.2357840538024902,0.3479471206665039,0.7068
agm1000013109,0.0029139518737792,0.037913978099823,0.0
agm1000006584,0.0447704792022705,0.18059232831001282,0.0
agm1000018548,0.0459508895874023,0.5473943948745728,0.6902
agm1000005702,2.937103748321533,0.3646305799484253,1.6591
agm1000000384,0.5490036010742188,0.11155763268470764,0.0049
agm1000002811,0.6611921787261963,0.05142561346292496,0.2298
agm1000018947,6.234702110290527,2.6092529296875,3.6044
agm1000002807,0.840141773223877,2.7683255672454834,1.1274
agm1000016969,4.798818588256836,2.5272586345672607,2.5875
agm1000012417,0.0902011394500732,0.24642711877822876,0.0
agm1000000697,0.9037823677062988,0.953045129776001,0.5141
agm1000005318,3.857828378677368,2.3284971714019775,2.9039
agm1000010879,4.021117687225342,1.442439317703247,1.8899
agm1000019026,1.6041665077209473,1.6930290460586548,0.0
agm1000001212,1.8033080101013184,1.4384956359863281,0.0
agm1000016821,0.0097479820251464,0.22530174255371094,0.0
agm1000016073,2.4523279666900635,1.021056056022644,1.3141
agm1000011426,0.0325798988342285,0.35899487137794495,0.0
agm1000010283,2.203434705734253,1.1487998962402344,0.6247
agm1000006176,0.0588808059692382,0.2621869444847107,0.3055
agm1000003751,0.0831441879272461,0.20627790689468384,0.0
agm1000010681,0.8587055206298828,0.17169295251369476,0.6926
agm1000003323,0.4229602813720703,0.657728910446167,0.0
agm1000013589,0.6521115303039551,1.216836929321289,0.0
agm1000012539,5.995241165161133,3.533522367477417,4.6105
agm1000015203,9.288482666015623,4.756659030914307,3.5074
agm1000019604,7.26942777633667,4.223357200622559,5.2659
agm1000019982,15.15099811553955,7.164536952972412,8.0201
agm1000002891,14.382014274597168,6.811135768890381,7.6086
agm1000013078,10.250496864318848,4.905675411224365,6.5374
agm1000007294,5.164167404174805,2.7314629554748535,3.4197
agm1000003958,2.580875873565674,2.114576816558838,0.7103
agm1000017795,4.073328495025635,2.88272762298584,2.3492
agm1000018197,4.5390214920043945,1.291932225227356,2.0034
agm1000017707,2.9995791912078857,0.25584617257118225,1.5412
agm1000018879,1.001298904418945,0.3523117005825043,1.1122
agm1000006073,2.9759373664855957,0.384856253862381,0.588
agm1000014367,5.488753318786621,3.0369784832000732,2.4609
agm1000013491,4.8025712966918945,2.4738683700561523,2.2095
agm1000013821,4.806866645812988,2.5450148582458496,2.4352
agm1000016819,0.0021619796752929,0.043346911668777466,0.0
agm1000010886,0.0237116813659667,0.0790185034275055,0.3215
agm1000001123,0.5398306846618652,0.295871376991272,0.0
agm1000019996,3.0326404571533203,1.5607327222824097,1.6864
agm1000013622,1.9992799758911133,1.6977431774139404,1.3657
agm1000017193,0.9964261054992676,1.1441714763641357,0.5337000000000001
agm1000016277,0.0026848316192626,0.43023499846458435,0.0137
agm1000014499,0.4920153617858886,0.6626055240631104,0.4134
agm1000004622,0.6116001605987549,0.9508771896362305,0.4788
agm1000001256,0.0179657936096191,0.09010440111160278,0.0
agm1000001773,0.2748832702636719,0.08813010901212692,0.0
agm1000006409,0.4881830215454101,0.13555316627025604,0.235
agm1000004025,0.1339378356933593,0.8736534118652344,0.0
agm1000019508,6.363532066345215,6.038928985595703,5.9741
agm1000005201,8.014142036437988,3.8750009536743164,6.1964
agm1000007434,3.733830451965332,2.489689350128174,2.8319
agm1000004609,1.9142167568206787,2.194528818130493,1.9083
agm1000000894,3.020076274871826,2.4030280113220215,0.7525000000000001
agm1000017061,2.798769474029541,1.610873818397522,1.499
agm1000003346,3.884529829025269,1.2213646173477173,2.9105
agm1000010220,0.0428647994995117,0.38045093417167664,0.0
agm1000017184,1.101670503616333,0.6278009414672852,0.644
agm1000006185,0.7193751335144043,0.855507493019104,1.1676
agm1000003473,0.5535850524902344,0.10707256197929382,0.2175
agm1000010358,0.1128389835357666,0.06795620918273926,0.0
agm1000005200,4.145063400268555,0.7037022113800049,0.2697
agm1000012447,0.0243964195251464,0.3335297703742981,1.1962
agm1000010625,5.30018424987793,3.9635424613952637,3.6572
agm1000013727,5.734382152557373,4.131444931030273,4.4914
agm1000008744,5.914429187774658,5.065914154052734,3.8204
agm1000019475,8.613479614257812,6.0205888748168945,4.6009
agm1000010978,8.397782325744629,5.376263618469238,4.8994
agm1000001194,8.460599899291992,6.160749912261963,4.3838
agm1000009363,4.667707443237305,2.844146728515625,4.1112
agm1000007443,4.634872913360596,2.9913883209228516,2.2578
agm1000019407,4.920481204986572,1.9840370416641235,1.7087
agm1000017117,4.778651237487793,1.6641333103179932,1.5533
agm1000017675,6.3255462646484375,1.8801794052124023,1.4126
agm1000018696,5.48624324798584,1.3534144163131714,1.3779
agm1000016059,5.1418914794921875,1.7635729312896729,1.6968
agm1000018202,0.1994950771331787,1.6409584283828735,0.0
agm1000004275,6.382233142852783,2.1360225677490234,1.4253
agm1000018538,6.20318078994751,1.8401838541030884,0.1393
agm1000005047,0.6015729904174805,1.5836215019226074,0.4807
agm1000004364,0.3577008247375488,1.434571385383606,0.958
agm1000016782,3.6868703365325928,1.9007148742675781,2.0209
agm1000014297,3.990790843963623,2.2438266277313232,1.9604
agm1000015965,4.050230979919434,2.068974018096924,1.7642
agm1000001668,4.304391860961914,1.7298170328140259,1.9213
agm1000009035,4.203243255615234,1.9477472305297852,2.2871
agm1000013003,4.247445106506348,1.980820655822754,1.3772
agm1000016729,1.3130497932434082,0.905174970626831,1.4074
agm1000015888,1.2033898830413818,1.3268437385559082,1.3251
agm1000014195,0.7013454437255859,1.641505241394043,0.5245000000000001
agm1000006767,0.0127301216125488,1.2905189990997314,0.0143
agm1000018134,1.4475822448730469,1.6194268465042114,0.5779000000000001
agm1000016340,3.412193775177002,1.5917754173278809,1.9327
agm1000018426,3.8110618591308594,1.5977628231048584,2.0055
agm1000015505,3.364587783813477,1.5238890647888184,1.6142
agm1000009129,3.9783620834350586,1.1306812763214111,2.0586
agm1000005453,4.096338272094727,0.9377245903015137,1.7364000000000002
agm1000013373,3.923910140991211,1.13238525390625,1.4512
agm1000017652,3.334508895874023,1.5674598217010498,2.1357
agm1000016807,2.874288558959961,1.071394681930542,1.8184
agm1000018090,2.880671262741089,1.0817139148712158,1.2941
agm1000003944,3.3496363162994385,1.2150611877441406,2.1612
agm1000001449,3.589414358139038,1.292090654373169,2.2887
agm1000005546,3.4862685203552246,0.6792024374008179,1.2771
agm1000017399,3.211956739425659,0.028353452682495117,1.6006
agm1000005484,3.294719696044922,0.8224048614501953,1.2637
agm1000010056,5.970190048217773,3.6230223178863525,4.7588
agm1000017575,5.999988079071045,4.0487260818481445,4.7277000000000005
agm1000009534,1.6351163387298584,0.8597393035888672,1.0158
agm1000001340,0.8409099578857422,1.3431856632232666,0.6809000000000001
agm1000010248,1.094954013824463,1.2810369729995728,1.0256
agm1000004469,1.2791805267333984,0.014010541141033173,0.6001000000000001
agm1000012508,3.11440110206604,1.10135817527771,1.6157
agm1000009052,0.9693479537963868,1.0999205112457275,0.9645
agm1000003064,0.255734920501709,0.4058742821216583,0.0
agm1000009423,6.695693016052246,4.634193420410156,5.3701
agm1000010768,9.168333053588867,6.615403175354004,5.8791
agm1000004900,6.484840393066406,6.119645595550537,4.3087
agm1000007518,7.586280822753906,5.3283843994140625,6.1496
agm1000018252,10.890090942382812,6.694545745849609,6.7305
agm1000010435,9.165371894836426,7.351585388183594,7.2281
agm1000009861,6.156601905822754,3.483722686767578,4.5808
agm1000013868,4.539969444274902,3.1307930946350098,2.4484
agm1000006913,5.6266398429870605,3.8240396976470947,4.5744
agm1000016526,7.15125846862793,4.280379295349121,5.1156
agm1000020030,7.200432777404785,4.162764549255371,3.2369
agm1000010496,6.917012691497803,4.630846977233887,5.3184000000000005
agm1000017161,7.40846061706543,0.6301451921463013,5.1057
agm1000010001,7.4039716720581055,0.6907682418823242,5.1517
agm1000013111,7.43377685546875,1.7257373332977295,5.5011
agm1000016623,7.683330535888672,3.1143081188201904,4.3656
agm1000002669,2.499509811401367,0.05372565984725952,0.0
agm1000017847,5.340041160583496,2.5600504875183105,4.4036
agm1000019255,3.815190076828003,2.7026207447052,2.6743
agm1000009906,4.529271602630615,3.1876609325408936,3.2346
agm1000009454,5.186002731323242,2.889643669128418,4.4827
agm1000012557,4.140474319458008,3.021801471710205,2.8369
agm1000016662,4.692304611206055,2.8790907859802246,3.8213
agm1000015265,4.410800933837891,2.5289692878723145,3.0672
agm1000013990,4.98371696472168,3.0395684242248535,3.9808
agm1000006195,0.0732240676879882,0.41570788621902466,0.0
agm1000002337,0.151552677154541,1.6410760879516602,0.0
agm1000016630,4.306822776794434,2.3828840255737305,3.7834
agm1000015005,3.4202489852905273,2.1177988052368164,2.0289
agm1000012763,4.6648736000061035,2.1693115234375,4.0071
agm1000014312,3.2557506561279297,2.321655750274658,2.6313
agm1000016172,4.363658905029297,1.822242021560669,3.5999
agm1000003481,4.099407196044922,1.708659291267395,2.9183
agm1000010516,3.92761754989624,2.0994155406951904,2.8004
agm1000004535,3.2185182571411133,2.0803849697113037,1.8087
agm1000000658,0.4677090644836426,1.456729531288147,0.0589
agm1000016276,2.2983973026275635,1.4738037586212158,1.5251
agm1000009101,3.8004610538482666,1.272805094718933,3.0701
agm1000017534,2.75110125541687,1.2436027526855469,1.4154
agm1000016278,0.0194244384765625,0.2948712110519409,0.0
agm1000016634,2.984174966812134,1.8589926958084106,2.2394
agm1000014504,1.7955641746520996,1.5284008979797363,0.9465
agm1000012884,2.7024295330047607,1.538156270980835,1.9963
agm1000013231,3.706094026565552,1.5265436172485352,2.6519
agm1000017786,10.700738906860352,7.153120517730713,8.5277
agm1000001145,10.72790813446045,7.1970391273498535,8.7485
agm1000019447,3.8852832317352295,2.21250581741333,2.7581
agm1000002447,2.9223456382751465,2.1699304580688477,1.3745
agm1000012536,3.8529484272003174,2.8652195930480957,4.0929
agm1000016805,3.7243125438690186,2.415966272354126,3.9769
agm1000013651,3.724175453186035,2.392442226409912,4.1811
agm1000018631,0.151867389678955,1.8395874500274658,0.0
agm1000017885,1.607983112335205,0.7635645866394043,1.1517
agm1000006809,0.3530211448669433,1.2203726768493652,1.1532
agm1000015672,0.0366435050964355,3.0418784618377686,0.3851
agm1000011805,0.2438821792602539,0.12172767519950867,0.0
agm1000017201,1.2765545845031738,0.9362502098083496,1.0689
agm1000011042,1.3951983451843262,0.277860164642334,0.8653000000000001
agm1000011899,0.5188431739807129,1.3185991048812866,0.4483
agm1000009614,1.8321022987365725,1.4586055278778076,0.9446
agm1000000151,0.2127003669738769,1.050323724746704,0.2936
agm1000015813,1.525010585784912,1.4220337867736816,1.314
agm1000001808,0.0322775840759277,0.7368825674057007,0.0
agm1000001876,0.0090799331665039,0.3224005401134491,0.0
agm1000005743,0.1248717308044433,0.6769678592681885,0.1747
agm1000010444,0.2381019592285156,1.500436544418335,0.0643
agm1000001388,1.239851951599121,0.09544484317302704,0.0
agm1000018889,0.2312841415405273,0.4044296443462372,0.238
agm1000002218,2.26106858253479,0.5990227460861206,0.5901000000000001
agm1000019960,0.0016031265258789,1.0044127702713013,0.0
agm1000008071,0.4817419052124023,0.8353803157806396,0.0
agm1000005048,0.0654685497283935,1.6296472549438477,0.0
agm1000003984,2.8209285736083984,1.1440482139587402,1.1409
agm1000002960,6.742856025695801,3.785074472427368,3.6196
agm1000008079,7.811556816101074,4.649048805236816,4.8128
agm1000008202,7.522032737731934,4.8885297775268555,4.1497
agm1000001905,11.685258865356444,5.792537689208984,6.4249
agm1000013161,10.318795204162598,5.925007343292236,5.5136
agm1000005828,9.400672912597656,6.291194915771484,4.6097
agm1000010121,5.145211696624756,3.2743701934814453,3.3086
agm1000005739,5.861000061035156,2.8991994857788086,2.8788
agm1000014811,7.329550743103027,2.2642781734466553,2.1346
agm1000018765,6.6435322761535645,2.605527400970459,2.4305
agm1000017787,7.397056579589844,2.589900016784668,2.5004
agm1000014327,5.50387716293335,2.3721280097961426,1.5629
agm1000015921,6.285591125488281,2.4376933574676514,1.9638
agm1000009537,7.151565074920654,2.3569846153259277,1.7514
agm1000012453,5.379058361053467,2.4593119621276855,1.4947
agm1000004837,8.1043062210083,2.4679062366485596,1.4761
agm1000005275,1.5590884685516355,1.7492812871932983,0.7333000000000001
agm1000016202,4.80390739440918,2.103529691696167,2.5828
agm1000017248,4.00215482711792,2.0883023738861084,1.6896
agm1000016179,4.658902168273926,2.3819899559020996,2.5135
agm1000015645,3.8206632137298584,2.184896945953369,1.8667
agm1000004590,4.240926265716553,2.4240217208862305,2.1143
agm1000000420,5.57506799697876,2.965543270111084,2.6187
agm1000003425,1.4788916110992432,1.7451703548431396,1.3087
agm1000003682,0.4506585597991943,1.942129135131836,0.5982000000000001
agm1000016393,4.161520957946777,1.8551342487335205,0.912
agm1000016929,4.2818922996521,1.7724964618682861,2.1867
agm1000013862,4.964700698852539,1.9477663040161133,2.8262
agm1000015598,4.027649879455566,1.6394637823104858,1.6216
agm1000009974,5.181928634643555,1.729853630065918,2.7493
agm1000006407,4.585715293884277,1.7764818668365479,2.3108
agm1000013689,5.2343573570251465,2.6254944801330566,2.4392
agm1000017567,3.516106128692627,1.233529806137085,2.3337
agm1000019346,3.8754324913024902,1.3602794408798218,2.2027
agm1000016263,3.165334463119507,1.0050394535064697,1.8216
agm1000002581,2.9526114463806152,1.1707862615585327,1.189
agm1000011344,2.8259665966033936,1.3549137115478516,2.0772
agm1000015775,3.749145984649658,1.3972917795181274,2.3368
agm1000018316,2.3052163124084473,1.040427565574646,0.0096
agm1000009542,3.941359758377075,1.2921137809753418,2.2487
agm1000004505,0.8821539878845215,0.9625180959701538,0.0
agm1000005801,2.9515457153320312,1.296046257019043,0.9859
agm1000003199,4.266584873199463,3.321084976196289,1.344
agm1000006352,0.23051118850708,0.12207141518592834,0.4386
agm1000005913,0.0491619110107421,0.11300595849752426,0.1282
agm1000018293,2.7174882888793945,0.00829288363456726,0.886
agm1000007932,3.540712356567383,0.7322721481323242,1.7971
agm1000000891,0.1853327751159668,0.6284420490264893,0.6998000000000001
agm1000010755,4.291170120239258,1.7657248973846436,3.0533
agm1000010790,6.837627410888672,2.6077632904052734,3.7889
agm1000001659,6.636580467224121,2.779571533203125,2.6465
agm1000009272,6.335134983062744,2.5888147354125977,3.7761
agm1000017066,7.120165824890137,2.867361068725586,4.196
agm1000000093,6.866131782531738,2.945206642150879,2.661
agm1000002187,6.027124404907227,2.0883302688598633,2.8058
agm1000017127,5.744569301605225,1.6358962059020996,3.2019
agm1000009100,0.0159187316894531,0.12452705204486847,0.0
agm1000007098,2.36454176902771,1.1296359300613403,1.2094
agm1000017170,3.379796981811523,0.23098748922348022,0.8758
agm1000011895,3.352139949798584,0.48350030183792114,1.3775
agm1000011571,2.9949069023132324,0.32583439350128174,0.1194
agm1000017390,2.397883892059326,0.31720319390296936,1.2545
agm1000007123,5.84947395324707,1.2156673669815063,2.3108
agm1000010196,5.434111595153809,1.4007811546325684,1.8962
agm1000001546,1.6886992454528809,0.3732163906097412,0.2055
agm1000019985,1.918297529220581,0.09435296058654785,1.0724
agm1000004489,0.0215396881103515,0.013851463794708252,0.0
agm1000003347,4.1209869384765625,1.4884521961212158,0.6199
agm1000016648,2.086217880249023,1.0091514587402344,1.635
agm1000015880,5.568285942077637,1.7406291961669922,3.0791
agm1000019279,1.7960567474365234,1.0983428955078125,1.0769
agm1000018625,0.3911750316619873,1.2043428421020508,0.709
agm1000009293,1.9204943180084229,1.0252670049667358,1.4403
agm1000007427,0.2075443267822265,0.5287213325500488,0.4861
agm1000017384,4.518808364868164,1.5423576831817627,1.0756
agm1000003577,0.7225127220153809,0.03230026364326477,0.0
agm1000018291,2.311230421066284,0.7235660552978516,1.4394
agm1000011834,3.3859593868255615,0.8687394857406616,1.5919
agm1000000861,3.9763896465301514,0.8979666233062744,2.5307
agm1000018646,0.0630149841308593,0.9330387115478516,0.0
agm1000005100,0.2747607231140136,-0.018199041485786438,0.0
agm1000012745,1.6767463684082031,0.27227601408958435,0.0
agm1000009324,2.695919990539551,1.318360447883606,0.3445
agm1000017438,3.0890283584594727,0.4616301953792572,2.2182
agm1000015984,3.2569451332092285,0.7093982696533203,1.8581
agm1000017032,2.425593376159668,0.28907397389411926,1.7186
agm1000015075,2.151991367340088,0.24894672632217407,1.197
agm1000019340,1.7080698013305664,0.24713954329490662,0.5296000000000001
agm1000000588,0.0057184696197509,0.07669402658939362,0.0
agm1000006231,0.1398243904113769,-0.003489285707473755,0.0
agm1000012855,0.0024728775024414,0.1878964751958847,0.0
agm1000012904,2.097538948059082,0.31107884645462036,0.0
agm1000015581,30.232248306274418,6.885831832885742,9.4982
agm1000004140,0.0180182456970214,1.3941566944122314,0.0
agm1000005050,9.60626983642578,5.4723615646362305,7.1864
agm1000017307,9.467876434326172,4.735839366912842,7.1944
agm1000005634,0.0552635192871093,0.15687337517738342,0.0
agm1000017333,0.0031194686889648,0.3118304908275604,0.7181000000000001
agm1000006406,0.2071995735168457,0.014774873852729797,0.0185
agm1000003292,0.1163721084594726,0.07696247100830078,0.0497
agm1000001396,0.0497703552246093,0.01690135896205902,0.0
agm1000010908,0.3517003059387207,0.2234531193971634,0.14
agm1000010528,0.0103015899658203,0.017887666821479797,0.0
agm1000002554,0.0115618705749511,0.023084968328475952,0.0
agm1000000356,0.0141205787658691,0.06116171181201935,0.0
agm1000004873,0.0003523826599121,0.047394223511219025,0.96
agm1000001928,0.0034513473510742,-0.009659603238105774,0.0
agm1000000876,0.0031580924987792,-0.014483928680419922,0.0
agm1000004627,0.003458023071289,-0.005068928003311157,0.0
agm1000006028,0.0148234367370605,-0.01262730360031128,0.0174
agm1000018581,0.0120701789855957,0.03239288926124573,0.0
agm1000005066,0.0297398567199707,0.028629347681999207,0.0
agm1000014240,0.2186527252197265,0.07538565248250961,0.0
agm1000012854,0.2738881111145019,0.07794610410928726,0.0
agm1000000965,0.0051236152648925,0.005283281207084656,0.0
agm1000000816,0.0628504753112793,0.06076522544026375,0.0
agm1000018938,0.0005760192871093,0.1452261209487915,0.1248
agm1000019848,0.0004525184631347,0.35959330201148987,0.0785
agm1000003609,0.0127739906311035,0.05360943078994751,0.0753
agm1000010429,1.0563206672668457,0.015028715133666992,1.0133
agm1000001323,0.6362752914428711,0.07158303260803223,0.0
agm1000018156,0.001051902770996,0.11476567387580872,2.8227
agm1000000214,0.0967030525207519,0.353243887424469,2.3653
agm1000013415,1.2294249534606934,1.31748628616333,2.3267
agm1000001505,2.0636048316955566,1.062426209449768,2.5659
agm1000010844,0.0012497901916503,0.04683539271354675,0.0
agm1000013830,0.1341223716735839,0.11051137745380402,0.0
agm1000010105,0.0395460128784179,0.1326305866241455,0.178
agm1000000345,0.0355854034423828,0.012484915554523468,0.0
agm1000008724,0.0146632194519042,-0.037532299757003784,0.0
agm1000011453,0.0134034156799316,0.04015544056892395,0.0
agm1000011905,0.0812239646911621,-0.0013458877801895142,0.0
agm1000008865,0.0651683807373046,0.022563815116882324,0.0
agm1000012154,0.2285137176513672,-0.01787710189819336,0.0196
agm1000012940,0.0704169273376464,0.027958493679761887,0.0
agm1000014411,0.0017533302307128,0.08035552501678467,0.3373
agm1000001771,0.0011167526245117,0.037042632699012756,0.9496
agm1000013077,0.0495610237121582,0.040079012513160706,0.9377
agm1000013661,0.0771217346191406,0.03704728186130524,0.9743
agm1000004941,0.0500764846801757,0.018407538533210754,0.2123
agm1000008941,0.2217650413513183,0.011178433895111084,0.043
agm1000004539,0.1094141006469726,-0.020258761942386627,0.0
agm1000006995,0.1252360343933105,0.02907482162117958,0.0
agm1000012771,0.2487659454345703,0.054048530757427216,0.0
agm1000010067,0.0355010032653808,0.037196896970272064,0.0
agm1000004757,0.033907413482666,0.005477037280797958,0.0
agm1000013364,0.1030526161193847,0.043619245290756226,0.0
agm1000015896,0.0025405883789062,0.0211598202586174,0.0
agm1000009080,0.0180611610412597,0.01307506114244461,0.1458
agm1000000244,0.017066478729248,0.03136483579874039,0.0871
agm1000000695,0.0978999137878418,0.010483235120773315,0.0
agm1000009620,0.0925779342651367,0.05156147480010986,0.0
agm1000014349,0.0194010734558105,0.00038029253482818604,0.0
agm1000013579,0.0409908294677734,0.01965358853340149,0.0
agm1000000518,0.0008783340454101,0.027334928512573242,0.0
agm1000013262,0.1502637863159179,0.06099221110343933,0.0
agm1000003638,0.015413761138916,0.015497103333473206,0.0
agm1000010952,0.1016783714294433,0.08289924263954163,0.0408
agm1000009613,0.0658435821533203,0.04017041623592377,0.0
agm1000017671,0.0197348594665527,0.0625590980052948,0.0
agm1000006455,0.0220270156860351,0.034283459186553955,0.0
agm1000000481,0.0169177055358886,0.02260747179389,0.0
agm1000010659,0.0321030616760253,-0.031245365738868713,0.0
agm1000006488,0.0902233123779296,0.03360719978809357,0.0
agm1000014300,0.0040631294250488,0.04606081545352936,0.0
agm1000013655,0.0247879028320312,0.07483121752738953,0.0
agm1000018976,0.01106858253479,-0.005933232605457306,0.0423
agm1000003405,0.0055584907531738,0.027601107954978943,0.0
agm1000002242,0.0097951889038085,0.08009830862283707,0.3525
agm1000002948,0.0539247989654541,0.020297959446907043,0.0
agm1000010232,1.1943707466125488,0.08082073926925659,0.617
agm1000012407,0.0303022861480712,0.03321162238717079,0.0
agm1000007653,0.0854494571685791,-0.005562275648117065,0.0423
agm1000007014,0.0562410354614257,0.01644027978181839,0.0
agm1000004549,0.1261811256408691,0.026552468538284302,0.7049000000000001
agm1000000992,0.1693227291107177,-0.023119688034057617,0.0
agm1000007681,0.0149061679840087,0.009948857128620148,0.0
agm1000017246,0.0262351036071777,0.0016383826732635498,0.05
agm1000003030,0.0495607852935791,0.028627485036849976,0.0808
agm1000003260,0.0351557731628418,0.0021435245871543884,1.3209
agm1000017350,0.0692524909973144,-0.0007021464407444,0.0
agm1000000887,0.2459027767181396,0.0268842875957489,0.188
agm1000015438,0.0892977714538574,0.025478415191173553,0.3206
agm1000004799,0.4046821594238281,0.03755868971347809,0.0484
agm1000001996,0.0555071830749511,0.01755722612142563,0.0173
agm1000019137,0.1086597442626953,0.19447925686836243,0.7178
agm1000005987,0.0066583156585693,0.028930023312568665,0.0
agm1000011459,0.1097714900970459,-0.03758339583873749,0.0
agm1000019513,0.0029695034027099,0.06836262345314026,0.0
agm1000018632,0.0047132968902587,-0.002074979245662689,0.1134
agm1000010239,0.015247106552124,0.01824238896369934,0.0
agm1000017228,0.0017611980438232,-0.00012873858213424683,0.1521
agm1000004956,0.0553972721099853,0.006877020001411438,0.2445
agm1000010445,0.0178503990173339,0.009942978620529175,0.0
agm1000012715,0.0989515781402587,-0.0044152140617370605,0.0
agm1000000715,0.0807838439941406,0.0034504234790802,0.0
agm1000008123,0.051459789276123,-0.0013183876872062683,0.1342
agm1000010885,0.0970609188079834,0.07865329086780548,0.0
agm1000005529,0.7794487476348877,0.022125333547592163,0.3207
agm1000013583,0.3941938877105713,0.45351582765579224,0.6487
agm1000003276,0.0099225044250488,0.12159565091133118,0.2592
agm1000003430,0.8275233507156372,0.8761241436004639,0.0
agm1000009803,0.0064175128936767,0.5894762277603149,0.4501
agm1000002126,0.0358083248138427,0.49948203563690186,0.0
agm1000003741,0.2554850578308105,0.6853079795837402,0.0
agm1000009641,0.0014026165008544,1.7916553020477295,3.4244
agm1000005728,0.0155198574066162,0.5935417413711548,2.048
agm1000013756,0.0537841320037841,0.7998930215835571,1.2785
agm1000015052,0.0065969228744506,2.853024482727051,2.9547
agm1000017862,0.0110877752304077,1.058786153793335,2.6548
agm1000011845,0.0361236333847045,2.2795662879943848,2.7819000000000003
agm1000019797,0.0158345699310302,0.21426677703857422,0.3987
agm1000012323,0.0349822044372558,0.3477013409137726,0.0
agm1000017915,0.0357258319854736,0.041430920362472534,1.2867
agm1000013187,0.6132388114929199,0.23650842905044556,0.4747
agm1000012150,0.0110113620758056,0.099659264087677,0.0
agm1000004850,0.000781774520874,0.0656154453754425,0.7453000000000001
agm1000016228,0.0938043594360351,0.36542269587516785,0.9071
agm1000018680,0.0127289295196533,0.015703171491622925,0.0
agm1000016529,0.0299434661865234,0.012038499116897583,0.0
agm1000016961,0.0838069915771484,0.003886215388774872,0.1581
agm1000003232,0.0052320957183837,-0.013606518507003784,0.0
agm1000017093,0.0040192604064941,0.02145303040742874,0.0
agm1000019093,2.7418136596679688e-05,0.02597367763519287,0.0
agm1000013586,0.2540714740753174,0.03866862505674362,0.0
agm1000006066,0.0361828804016113,0.049335628747940063,0.0
agm1000012824,0.0016636848449707,0.02778416872024536,0.0
agm1000019323,0.0027558803558349,0.07867266237735748,0.0
agm1000007285,0.0599746704101562,0.19550558924674988,0.1571
agm1000013984,3.4662654399871826,0.33602163195610046,0.0
agm1000017162,0.2129294872283935,0.07770399749279022,1.2386
agm1000012068,0.0199642181396484,0.11611661314964294,1.162
agm1000019155,0.0012001991271972,0.1584794521331787,0.0
agm1000015915,0.0010530948638916,0.05443587899208069,0.2781
agm1000000338,0.0006265640258789,0.011349581182003021,1.1422
agm1000005523,0.0073053836822509,0.0734148621559143,0.0
agm1000002538,0.6749682426452637,0.203049898147583,0.8733000000000001
agm1000009300,0.194498062133789,0.30862492322921753,0.7213
agm1000004381,0.049626350402832,0.008191868662834167,0.0
agm1000019900,7.100220203399658,0.534993052482605,1.7842
agm1000001295,0.0100457668304443,0.1946759819984436,0.8143
agm1000010447,0.0034472942352294,0.0010959133505821228,0.0
agm1000016816,0.065164566040039,0.015400625765323639,0.0
agm1000017091,0.0027484893798828,0.004350103437900543,0.0994
agm1000008444,0.1948440074920654,0.03699885681271553,0.2053
agm1000009438,0.0028808116912841,-0.009882539510726929,0.0347
agm1000015928,0.0679767131805419,-0.0037381350994110107,0.0
agm1000004928,0.0214607715606689,0.00040064379572868347,0.0
agm1000005678,0.0775482654571533,0.010424569249153137,0.0
agm1000006300,0.0618815422058105,0.00840180367231369,0.0772
agm1000017220,0.0066444873809814,0.03604116290807724,0.0689
agm1000018404,0.2584767341613769,0.04084639251232147,0.3162
agm1000013118,0.3705508708953857,0.06846826523542404,0.0
agm1000001297,0.4806222915649414,0.15171031653881073,0.0
agm1000016730,0.0353953838348388,0.02643745020031929,0.0713
agm1000017328,0.1324982643127441,0.014714084565639496,0.0279
agm1000004435,0.0001478195190429,0.023399606347084045,0.1821
agm1000017122,0.1046156883239746,0.03501223772764206,0.2958
agm1000016103,0.2517449855804443,0.0038534998893737793,0.0
agm1000017038,0.0001840591430664,0.030705653131008148,0.0
agm1000001719,0.3782622814178467,0.021693937480449677,0.5079
agm1000000455,0.064265489578247,0.02595362439751625,0.0
agm1000007114,0.0347967147827148,0.0667671263217926,0.2625
agm1000001409,0.2041308879852295,0.3981609344482422,0.0982
agm1000007727,0.5633953809738159,0.024823307991027832,0.0
agm1000015660,0.9048507213592528,0.052229464054107666,0.0
agm1000001973,0.3387520313262939,-0.011737361550331116,0.0
agm1000019950,0.0417079925537109,0.007198948413133621,0.0136
agm1000002230,0.067436933517456,0.040686577558517456,0.0
agm1000009364,0.0060338973999023,0.0128612220287323,0.0
agm1000005788,0.0191669464111328,0.028682440519332886,0.3515
agm1000013325,0.000281810760498,0.05736061930656433,0.0
agm1000009622,0.2964658737182617,0.030035048723220825,0.0494
agm1000009946,0.7074604034423828,0.37425875663757324,0.0
agm1000003833,0.1488449573516845,0.018038272857666016,0.0496
agm1000012333,0.2777152061462402,0.02988797426223755,0.5658000000000001
agm1000000986,0.4812064170837402,0.04437774419784546,0.0
agm1000015518,0.0547101497650146,0.009867340326309204,0.0
agm1000019541,0.0028657913208007,-0.012112058699131012,0.0
agm1000016758,0.0605626106262207,-0.00885077565908432,0.0
agm1000011818,0.0186011791229248,-0.0017644017934799194,0.0534
agm1000010280,0.012359619140625,0.2790437340736389,0.0374
agm1000001161,0.0387876033782959,0.020100906491279602,0.0
agm1000001228,0.486377477645874,0.025584474205970764,0.5933
agm1000014337,0.0109636783599853,-0.034372568130493164,0.0
agm1000012116,0.0764634609222412,-0.00771041214466095,0.0
agm1000002297,0.0197367668151855,0.03196345269680023,0.0
agm1000000798,0.0033373832702636,-0.0006926357746124268,0.0
agm1000001168,0.5868995189666748,0.03245008736848831,0.0
agm1000000864,0.0092744827270507,0.03744581341743469,0.0667
agm1000001674,5.097517967224121,2.325468063354492,3.6873
agm1000001216,2.496537923812866,1.8979101181030273,1.9435
agm1000018487,5.471120357513428,2.458453893661499,1.4678
agm1000005116,5.445474147796631,2.1648356914520264,1.0967
agm1000005091,0.4645233154296875,2.1854779720306396,1.1284
agm1000013777,4.3783416748046875,0.8039746284484863,1.5399
agm1000004141,4.394692420959473,1.058854579925537,0.906
agm1000005849,0.0031003952026367,0.6384568214416504,0.0
agm1000004587,6.140905380249023,3.7041146755218506,3.0127
agm1000013153,6.986780643463135,4.99056339263916,4.2905
agm1000003574,6.935094356536865,4.917658805847168,4.3011
agm1000008824,6.803973197937012,4.678046226501465,4.1265
agm1000015382,5.953061580657959,4.837991714477539,3.8692
agm1000009228,9.492924690246582,4.86483097076416,4.0291
agm1000002906,9.549844741821287,4.4817585945129395,4.081
agm1000013829,9.451160430908203,5.290810585021973,3.687
agm1000018681,5.5652570724487305,3.2998902797698975,3.3993
agm1000015975,5.1695709228515625,3.548516273498535,3.5297
agm1000017115,5.446930408477783,1.625023603439331,3.6703
agm1000000159,5.360042095184326,2.7032742500305176,2.7349
agm1000006994,0.4766445159912109,0.15353034436702728,0.5507000000000001
agm1000000780,0.1190686225891113,0.010020703077316284,0.191
agm1000000403,0.0168392658233642,0.10879631340503693,0.0
agm1000000807,0.0097203254699707,0.023754388093948364,0.0
agm1000009268,0.1467320919036865,0.013631850481033325,0.2277
agm1000001398,0.1054766178131103,0.008060067892074585,0.0
agm1000006703,0.3602294921875,0.07406295090913773,0.6284000000000001
agm1000010037,0.033060073852539,0.006875753402709961,0.4059
agm1000018349,0.0329911708831787,0.09281730651855469,0.0
agm1000012431,0.7475745677947998,0.6830554008483887,0.756
agm1000000693,0.1549160480499267,0.23115232586860657,0.0773
agm1000001090,0.2194855213165283,0.008065938949584961,0.145
agm1000005666,0.0277285575866699,0.020105630159378052,0.8098000000000001
agm1000007628,0.0029449462890625,-0.023433417081832886,0.0
agm1000015053,0.1278505325317382,0.022784769535064697,0.3552
agm1000011059,0.0185022354125976,0.00451090931892395,0.0
agm1000018073,0.0064249038696289,0.04519277811050415,0.0
agm1000005366,0.0094451904296875,0.2873954772949219,0.0
agm1000000475,0.0249719619750976,0.805275559425354,0.0
agm1000008553,0.2540407180786133,0.0025528371334075928,0.0673
agm1000013764,0.165398359298706,0.014883041381835938,0.0
agm1000002074,0.4125099182128906,0.018370866775512695,0.0
agm1000003348,0.0257554054260253,0.01700320839881897,0.0
agm1000012910,0.3125770092010498,0.09599731117486954,0.0
agm1000017497,0.6115367412567139,0.05869245529174805,0.9808
agm1000013828,0.2632861137390136,0.028571784496307373,0.9332
agm1000001252,0.1206574440002441,0.029197990894317627,0.0
agm1000001275,0.0157713890075683,0.047739177942276,0.0
agm1000005825,0.0315992832183837,-0.00709591805934906,0.0
agm1000009267,0.0748395919799804,0.30022549629211426,0.0
agm1000005932,0.0514836311340332,-0.009298428893089294,0.0
agm1000019144,0.3589613437652588,0.23458780348300934,0.6612
agm1000005506,0.5415778160095215,0.21814796328544617,0.0
agm1000006860,0.4006028175354004,0.022724702954292297,0.3709
agm1000010596,0.0097732543945312,-0.014584004878997803,0.0
agm1000003304,0.0094780921936035,0.04909643530845642,0.0
agm1000003082,1.5986268520355225,0.14142924547195435,1.6423
agm1000008550,0.050614595413208,0.006856098771095276,0.1333
agm1000019724,0.0041508674621582,0.061909765005111694,0.0
agm1000009893,2.2801506519317627,0.49771708250045776,1.9437
agm1000010981,0.0304126739501953,0.33119991421699524,0.0
agm1000017479,1.165238857269287,1.0036367177963257,1.983
agm1000010106,1.8131821155548096,1.073489785194397,2.4372
agm1000007041,1.3028619289398191,0.640484094619751,2.2649
agm1000016200,2.4529953002929688,0.49906596541404724,2.4754
agm1000015370,0.1114048957824707,0.7208828926086426,1.1965
agm1000014021,2.6454155445098877,0.8115438222885132,2.3787000000000003
agm1000000270,0.0542876720428466,0.11714093387126923,0.1248
agm1000007183,0.0016036033630371,0.7465502023696899,0.0
agm1000016949,0.3009357452392578,0.776261568069458,0.478
agm1000011734,1.1860079765319824,0.6066051721572876,0.8071
agm1000016708,1.428180456161499,1.2860015630722046,0.8103
agm1000007724,1.7574446201324463,0.3849472999572754,2.0247
agm1000012728,1.7312934398651123,0.38492703437805176,0.8012
agm1000018546,4.06889533996582,0.18506422638893127,2.1477
agm1000002504,0.3087923526763916,0.416462242603302,0.2753
agm1000010640,0.0001745223999023,0.04040615260601044,0.8338
agm1000004832,0.046091079711914,0.030756879597902298,0.0
agm1000013275,0.6445102691650391,0.8394805192947388,2.0123
agm1000010778,1.179304599761963,0.44152942299842834,1.8182
agm1000017616,2.5634140968322754,0.8707975149154663,1.8088
agm1000011816,0.5696678161621094,0.4547231197357178,1.6551
agm1000013538,0.506425142288208,0.4253530204296112,1.486
agm1000014030,1.6798999309539795,0.7662323713302612,1.7597
agm1000001055,0.0841462612152099,0.035631004720926285,0.25
agm1000009745,0.0016522407531738,0.37532928586006165,0.079
agm1000006918,0.0087904930114746,0.6470725536346436,0.0
agm1000015034,0.0036737918853759,0.011079370975494385,0.0
agm1000014232,0.0295209884643554,-0.021237149834632874,0.0
agm1000006735,3.622006416320801,0.026030346751213074,0.0
agm1000006657,0.0061368942260742,-0.01400601863861084,0.1258
agm1000002699,0.0114698410034179,0.00702793151140213,0.0
agm1000004863,0.3485913276672363,-0.011119090020656586,0.0
agm1000016364,0.0101344585418701,0.21750545501708984,0.0
agm1000015887,0.0560379028320312,0.06399451196193695,0.0
agm1000009310,0.0783190727233886,0.0023428574204444885,0.0
agm1000015317,0.965423345565796,0.15963883697986603,0.735
agm1000001671,0.0024178028106689,-0.023201338946819305,0.0
agm1000009318,0.0630953311920166,0.12228122353553772,0.0
agm1000010407,0.0021226406097412,0.023698441684246063,0.0
agm1000005891,0.378040075302124,-0.07038572430610657,0.0
agm1000010303,0.002366304397583,0.2050999104976654,0.0
agm1000015940,0.0027878284454345,0.3780156672000885,0.0
agm1000018637,0.0603728294372558,0.1776561141014099,0.0
agm1000016559,0.0142793655395507,0.22595059871673584,0.0
agm1000008290,0.0028901100158691,0.13519728183746338,0.0
agm1000001706,2.86102294921875e-05,0.5224136710166931,0.0
agm1000019495,0.2675440311431885,-0.020259499549865723,0.8101
agm1000016041,0.0509912967681884,-0.01962001621723175,0.0
agm1000018622,0.5264544486999512,-0.00639951229095459,0.0
agm1000014468,0.0435779094696044,-0.01983317732810974,0.0
agm1000000444,0.0322492122650146,0.008532464504241943,0.0
agm1000010868,1.2892959117889404,0.2945094108581543,1.2725
agm1000006286,0.1074271202087402,0.05478043854236603,0.0
agm1000005586,0.0538930892944335,0.10111889988183975,0.0
agm1000008655,0.1415181159973144,-0.017700180411338806,0.0355
agm1000019108,0.0348424911499023,-0.010517716407775879,0.0
agm1000012897,0.0088176727294921,0.6741145849227905,0.3102
agm1000009230,0.0199189186096191,0.014866650104522705,0.0
agm1000008786,0.2374715805053711,0.00208495557308197,0.0
agm1000003234,0.012603759765625,0.02942744642496109,0.0
agm1000019230,0.0055203437805175,0.029119320213794708,0.0
agm1000008436,0.0028643608093261,-0.008466474711894989,0.0
agm1000003056,0.1189560890197753,0.03931114822626114,0.0
agm1000004846,0.0029335021972656,0.018799081444740295,0.0
agm1000002215,0.1498165130615234,-0.011175759136676788,0.0
agm1000017290,0.0223264694213867,0.0026335567235946655,0.0
agm1000009043,0.0623145103454589,0.03879864513874054,0.0
agm1000015697,0.0652627944946289,0.19058099389076233,0.0
agm1000000500,0.0133576393127441,-0.010118722915649414,0.0
agm1000004282,0.0040245056152343,0.025326117873191833,0.0
agm1000015490,0.0149221420288085,0.028769269585609436,0.1969
agm1000011521,0.0210261344909667,0.023440591990947723,0.0
agm1000018612,0.0048060417175292,0.01961725577712059,0.0
agm1000013224,0.0441412925720214,0.03188107907772064,0.0
agm1000016147,0.0150361061096191,0.008034542202949524,0.0
agm1000014658,0.0033550262451171,0.06599560379981995,0.0
agm1000008671,0.0035953521728515,0.07400478422641754,0.0471
agm1000006531,0.0368299484252929,0.022813960909843445,0.0
agm1000012980,0.0372953414916992,0.04250924661755562,0.0
agm1000011503,0.0084719657897949,0.07548731565475464,0.0
agm1000005522,0.0279831886291503,0.4902910590171814,0.3886
agm1000010829,0.0114679336547851,0.2028491199016571,0.9552
agm1000017839,0.1854457855224609,0.9025354385375977,0.6634
agm1000000473,0.0046992301940917,0.25702184438705444,0.3549
agm1000018441,0.022676944732666,0.509353756904602,3.5897
agm1000009788,0.0474405288696289,2.026428699493408,2.9186
agm1000008435,0.0057740211486816,2.598816156387329,3.318
agm1000010270,0.0005812644958496,1.640631914138794,3.5147
agm1000003171,0.0034489631652832,1.8981517553329468,0.0
agm1000014938,0.7713394165039062,0.8667558431625366,0.5932000000000001
agm1000003534,0.0944533348083496,0.049824684858322144,0.2078
agm1000000130,0.4631342887878418,0.031076282262802124,0.1559
agm1000009680,4.76837158203125e-07,-0.04074835777282715,0.0127
agm1000015132,0.3961658477783203,0.0859210193157196,0.0
agm1000012344,0.0270814895629882,-0.0023510009050369263,0.052
agm1000016443,0.0130395889282226,0.007014051079750061,0.0
agm1000000680,0.0332732200622558,0.03456711769104004,0.0022
agm1000011118,0.0977358818054199,0.004083551466464996,0.0
agm1000011916,0.0098047256469726,0.02337050437927246,0.0
agm1000001443,0.0644512176513671,0.018102295696735382,0.0
agm1000003690,0.1199569702148437,0.04760575294494629,0.0
agm1000013014,0.2442188262939453,-0.011278443038463593,0.0563
agm1000018191,0.2074618339538574,0.53410804271698,1.6842
agm1000016866,0.0221471786499023,0.5937173366546631,1.7685
agm1000004512,0.140723705291748,0.888990044593811,1.9013
agm1000000737,0.0591368675231933,0.5811330080032349,1.474
agm1000009606,0.0175676345825195,0.4946332573890686,1.9953
agm1000005375,0.0009627342224121,0.5749599933624268,0.0
agm1000005097,0.0141277313232421,0.03615313768386841,0.0
agm1000009643,0.0038609504699707,0.7746235132217407,0.2809
agm1000006623,0.1404829025268554,0.5957931280136108,0.0723
agm1000013093,0.4649181365966797,0.25634899735450745,0.0
agm1000016786,0.005129337310791,0.04479578137397766,0.0
agm1000012011,0.1048941612243652,0.002970084547996521,0.0
agm1000017301,0.0241827964782714,0.042974263429641724,0.0
agm1000011407,0.0579462051391601,0.01843690127134323,0.0
agm1000000754,0.0776834487915039,0.1483125537633896,0.0
agm1000005151,0.1599183082580566,0.035990387201309204,0.0
agm1000001576,0.0734109878540039,0.010718882083892822,0.0
agm1000000882,0.0842585563659668,0.0251050665974617,0.0
agm1000010498,0.0398683547973632,-0.019646279513835907,0.0
agm1000011867,0.1476011276245117,0.06912504136562347,0.0
agm1000013200,0.0107183456420898,-0.007279716432094574,0.0
agm1000011015,0.0010962486267089,0.004518814384937286,0.0
agm1000010329,0.0184006690979003,0.0034584850072860718,0.0
agm1000008958,0.0642347335815429,0.0037734471261501312,0.0
agm1000016257,0.2304286956787109,-0.006317466497421265,0.0
agm1000017144,0.0214996337890625,0.0527384877204895,0.1829
agm1000010019,0.0303544998168945,0.01795192062854767,0.0
agm1000003143,0.0155820846557617,0.26841598749160767,0.0
agm1000016711,0.0112414360046386,-0.008886143565177917,0.0
agm1000007406,0.028719425201416,0.002260930836200714,0.0
agm1000000362,0.2145142555236816,0.0014440789818763733,0.2294
agm1000000433,0.064544677734375,0.0034865140914916992,0.093
agm1000013320,0.0522842407226562,0.017802834510803223,0.0
agm1000004501,0.0093998908996582,0.03677317872643471,0.0
agm1000010063,0.0237751007080078,0.07003441452980042,0.0
agm1000000903,0.0698399543762207,0.013650864362716675,0.0701
agm1000015085,0.0377979278564453,0.0008822008967399597,0.0
agm1000016170,0.0025949478149414,-0.009691745042800903,0.0
agm1000000217,0.0083870887756347,0.02397860959172249,0.0
agm1000003549,0.0112886428833007,0.04423276335000992,0.0
agm1000001434,0.0539493560791015,-0.0011185184121131897,0.0135
agm1000010424,0.0298018455505371,0.1319308876991272,0.0
agm1000012473,0.0610032081604003,0.02280247211456299,0.0
agm1000007481,0.033452033996582,-0.01431865245103836,0.0
agm1000019022,2.9094226360321045,0.4953119456768036,2.1958
agm1000010580,2.340958833694458,0.31729865074157715,1.9815
agm1000004895,3.239586591720581,0.40374717116355896,0.5668000000000001
agm1000019428,1.8528454303741455,0.5412384867668152,0.7983
agm1000003033,1.6561992168426514,0.3958234488964081,1.2459
agm1000002775,0.1408612728118896,0.4607991874217987,0.0
agm1000018806,0.0263381004333496,0.21624833345413208,0.0
agm1000012960,0.031592845916748,0.03446442633867264,0.0
agm1000011866,2.0405025482177734,0.6424020528793335,0.8232
agm1000004033,0.3057951927185058,0.0730699747800827,0.0
agm1000007468,0.2877273559570312,0.09497956186532974,0.0
agm1000014443,0.1356213092803955,0.04823297634720802,0.5581
agm1000005144,0.0231852531433105,0.09115462005138397,0.0
agm1000013752,0.001906394958496,0.1480448693037033,0.0
agm1000010717,1.4887475967407229,0.8788553476333618,0.2223
agm1000004564,5.875618934631348,2.6981592178344727,3.6356
agm1000017052,6.030196189880371,3.788508892059326,4.0298
agm1000018988,6.690641403198242,3.7935290336608887,4.4319
agm1000009003,3.500298976898194,3.3542604446411133,2.4975
agm1000013501,0.7988181114196777,1.5598024129867554,0.0
agm1000009825,13.819732666015623,4.4096808433532715,5.255
agm1000007715,13.182663917541504,4.823209762573242,5.6086
agm1000010351,3.3015666007995605,2.2907981872558594,1.4667
agm1000015216,4.594266891479492,1.6766899824142456,3.0302
agm1000005897,1.516754150390625,1.804334282875061,0.7555000000000001
agm1000011339,2.5102956295013428,0.22267428040504456,1.8502
agm1000014412,3.786779165267944,0.8974438905715942,0.4965
agm1000015781,3.649705410003662,0.4067235291004181,1.0321
agm1000002457,5.163821220397949,2.0510551929473877,2.306
agm1000016854,4.7899250984191895,1.6049761772155762,1.896
agm1000000511,0.0338187217712402,1.0952032804489136,1.4502000000000002
agm1000019046,0.6515707969665527,0.5903434753417969,0.635
agm1000009211,1.503774642944336,0.5327149629592896,0.4437
agm1000018172,0.5355913639068604,0.22864238917827606,0.2909
agm1000011001,0.0138545036315917,0.34257885813713074,0.0
agm1000004335,0.575477123260498,0.4364096224308014,0.6667000000000001
agm1000014133,1.975848913192749,1.5096951723098755,1.1201
agm1000005005,0.6237542629241943,0.9306336641311646,0.0
agm1000004599,0.4596376419067383,0.294660359621048,0.0
agm1000017407,0.0072388648986816,1.1979435682296753,0.0
agm1000002974,0.7801523208618164,0.10904957354068756,0.7753
agm1000019321,1.4888157844543457,0.8804954290390015,1.1372
agm1000007915,7.482527256011963,3.074002265930176,4.3307
agm1000014639,0.0354189872741699,1.2212092876434326,0.0
agm1000017414,2.4166269302368164,1.4074132442474365,1.3339
agm1000009591,11.739253044128418,1.7406365871429443,4.0045
agm1000002369,6.865792751312256,1.7515485286712646,0.9567
agm1000000709,3.398064374923706,1.2365467548370361,2.9973
agm1000009070,1.2624826431274414,0.4064387381076813,0.5056
agm1000002738,0.722083568572998,0.07342293858528137,0.8355
agm1000003388,0.0138154029846191,-0.01609395444393158,0.0
agm1000004319,2.857097625732422,1.2119430303573608,0.1248
agm1000004207,0.2849531173706054,0.4849056303501129,0.0
agm1000018060,2.108235120773315,0.3075794279575348,0.8368
agm1000013924,1.8585317134857176,0.002203047275543213,1.1064
agm1000019682,1.0438075065612793,0.4960322380065918,0.7459
agm1000001818,0.0337533950805664,0.007364556193351746,0.0
agm1000004103,0.0278849601745605,1.453789234161377,0.0
agm1000007558,1.8925485610961912,0.04306304454803467,0.79
agm1000008235,0.3861398696899414,0.06585776805877686,0.0
agm1000002292,4.379042625427246,1.0668141841888428,2.8308
agm1000018766,3.5426907539367676,0.929459810256958,0.7117
agm1000002747,2.7467041015625,1.3213433027267456,0.5037
agm1000005360,0.4736943244934082,0.015529487282037735,0.0
agm1000010350,1.8853695392608645,0.39342257380485535,1.9034
agm1000003745,1.817504644393921,0.9783837795257568,1.5529000000000002
agm1000010102,2.954753875732422,1.0787824392318726,1.3992
agm1000003616,1.3026347160339355,0.9563802480697632,0.9854
agm1000013120,3.0562210083007812,0.06523703038692474,1.707
agm1000005020,2.5692625045776367,0.1337915062904358,1.2662
agm1000000954,0.1199073791503906,0.07766027003526688,0.5865
agm1000000419,0.0285930633544921,-0.0076109617948532104,0.0
agm1000003019,1.4339044094085691,0.2141585797071457,1.4554
agm1000010575,0.0174479484558105,-0.03356479853391647,0.0
agm1000018179,2.4053828716278076,0.16946682333946228,1.1535
agm1000000112,2.3124709129333496,0.010596826672554016,1.1382
agm1000009237,1.7066700458526611,-0.0158444344997406,0.5929
agm1000005778,1.9663591384887695,0.027082964777946472,0.9775
agm1000007003,0.01192307472229,0.01386842131614685,0.0
agm1000000532,0.1920678615570068,-0.015348948538303375,0.0
agm1000005962,0.006908893585205,2.342057466506958,0.0
agm1000019126,1.2886176109313965,0.037399351596832275,0.7219
agm1000006348,1.2416071891784668,0.05345246195793152,0.6814
agm1000007272,0.0265429019927978,0.06521332263946533,0.0
agm1000002140,0.0899505615234375,0.18862637877464294,0.0
agm1000009401,0.8713259696960449,0.16757912933826447,0.4661
agm1000000382,0.0195527076721191,0.13456037640571594,0.5277000000000001
agm1000009587,1.6420328617095947,0.01763296127319336,1.5607
agm1000004743,1.8707573413848877,0.5749634504318237,1.3664
agm1000017100,0.0015788078308105,0.23938967287540436,0.2351
agm1000000498,0.0269908905029296,0.1698499172925949,0.0
agm1000005015,0.0245532989501953,0.05769248306751251,0.0
agm1000005481,0.1617708206176757,0.5283199548721313,0.0
agm1000005859,0.0019681453704833,0.695533037185669,0.4462
agm1000007477,0.5651631355285645,0.019132770597934723,0.0
agm1000005027,0.023294448852539,0.11129122972488403,0.0
agm1000013066,0.1115791797637939,-0.021619275212287903,0.0
agm1000001627,0.1234855651855468,0.024212636053562164,0.0
agm1000000622,0.3948500156402588,-0.004010289907455444,0.0
agm1000000108,0.0013952255249023,0.1559707522392273,0.2365
agm1000003428,3.087021827697754,0.1361248940229416,1.5096
agm1000015649,0.000908613204956,0.15121734142303467,0.312
agm1000000328,1.588860273361206,0.3744322657585144,1.0709
agm1000004117,2.4005284309387207,-0.020092979073524475,1.3505
agm1000000163,0.4876816272735595,-0.011147305369377136,0.291
agm1000018774,0.0342562198638916,-0.012205943465232849,0.1097
agm1000019527,0.0076282024383544,0.041029494255781174,0.0209
agm1000018311,0.6411640644073486,0.023874007165431976,0.3056
agm1000003784,0.0161108970642089,0.029057592153549194,0.0
agm1000010511,0.0063128471374511,0.021179545670747757,0.0
agm1000003956,0.8199067115783691,0.006778232753276825,1.1292
agm1000012123,0.054945945739746,0.005505591630935669,0.0
agm1000008766,1.7882933616638184,0.07952351868152618,0.836
agm1000001015,0.5263352394104004,-0.006385281682014465,0.0
agm1000000508,0.4465236663818359,0.033941514790058136,0.0
agm1000018836,4.132843017578125,1.3445212841033936,2.9477
agm1000013056,4.280819892883301,1.4771373271942139,2.8424
agm1000009956,3.3432412147521973,1.5651609897613525,2.1328
agm1000013997,3.9419991970062256,1.8006606101989746,2.5042999999999997
agm1000011802,3.13297963142395,1.8530573844909668,2.6950000000000003
agm1000010856,2.7429707050323486,1.870996356010437,2.513
agm1000011589,2.4238193035125732,1.7376127243041992,1.7774
agm1000009863,2.2840139865875244,1.8004515171051025,2.1157
agm1000017292,2.7008326053619385,1.9426414966583252,2.4509
agm1000010581,3.224681615829468,1.6013689041137695,3.2822
agm1000018000,1.6236073970794678,1.6784346103668213,1.5019
agm1000001236,3.3907525539398193,1.9677083492279053,3.2357
agm1000013693,3.116506576538086,2.069493293762207,2.9464
agm1000012452,4.323300361633301,2.2742509841918945,3.5325
agm1000009787,9.5367431640625e-07,2.4952454566955566,0.2604
agm1000003231,0.0097236633300781,2.339179277420044,0.2802
agm1000017831,7.335865974426269,2.9235141277313232,3.6917
agm1000018908,6.808082103729248,2.2479701042175293,3.8968
agm1000008646,3.7334794998168945,0.9200348854064941,2.0797
agm1000019209,4.564615726470947,1.6080912351608276,3.0781
agm1000015639,3.175166368484497,1.763960838317871,2.3269
agm1000010404,3.909548759460449,1.7660409212112427,2.6221
agm1000016780,3.124030590057373,1.5405938625335693,2.2215
agm1000018591,2.5521886348724365,2.0097155570983887,2.0174
agm1000007559,4.275421619415283,2.2238550186157227,3.5155000000000003
agm1000002119,3.9352216720581055,2.030052900314331,2.7619
agm1000009448,3.883980035781861,2.0959038734436035,2.6833
agm1000007332,0.0028862953186035,1.445192813873291,0.5823
agm1000016878,0.0008463859558105,2.9937055110931396,0.6239
agm1000013260,0.2711033821105957,3.056375503540039,0.0
agm1000019947,8.028266906738281,3.6552939414978027,4.8039000000000005
agm1000018376,7.6747822761535645,3.427530288696289,3.7547
agm1000006932,7.090431213378906,3.3374085426330566,2.5986
agm1000016337,2.263633728027344,1.4992711544036865,1.7405
agm1000015018,2.7635955810546875,1.1971514225006104,2.2219
agm1000014224,3.212329864501953,1.3916444778442383,2.8303000000000003
agm1000017919,1.7859907150268557,1.2451860904693604,1.7704
agm1000010269,2.5058441162109375,1.5371081829071045,2.2237
agm1000000376,2.192507743835449,1.4522006511688232,1.7644000000000002
agm1000002877,2.816079616546631,1.291359543800354,2.9019
agm1000018390,2.425306797027588,1.3940677642822266,2.1731
agm1000008490,0.0054931640625,0.15713189542293549,0.0
agm1000018248,0.0001463890075683,1.5952396392822266,0.4263
agm1000002285,0.2340612411499023,0.9414292573928833,0.0
agm1000010871,5.880431652069092,2.0033938884735107,2.4021
agm1000006308,1.5837924480438232,1.094728946685791,1.1963
agm1000003135,0.0043778419494628,0.30666184425354004,0.0
agm1000001639,0.1948168277740478,0.22069688141345978,0.3836
agm1000005268,0.0078673362731933,0.28524377942085266,0.0
agm1000015902,0.5815920829772949,0.7443274259567261,0.3712
agm1000002550,0.3329739570617676,0.2937358319759369,0.0
agm1000015618,1.3694305419921875,0.2841569781303406,0.5046
agm1000014120,2.571155548095703,1.311417818069458,1.2436
agm1000009919,2.4391374588012695,1.0776760578155518,0.7209
agm1000019507,1.6141862869262695,0.5604417324066162,1.078
agm1000008619,1.8955259323120115,0.8682187795639038,0.9848
agm1000016874,2.7875514030456543,0.26712799072265625,1.9762
agm1000009744,0.002476692199707,0.3303844928741455,0.0
agm1000016945,4.76837158203125e-07,0.9186906814575195,0.2099
agm1000010918,6.67572021484375e-06,1.40106999874115,0.8961
agm1000014310,0.58284592628479,0.7448559999465942,0.0
agm1000003569,0.0064458847045898,0.647931694984436,0.3275
agm1000008648,2.86102294921875e-06,0.26180925965309143,0.0
agm1000000793,1.7335329055786133,0.4392368495464325,0.0
agm1000018092,1.3103115558624268,0.27371102571487427,0.7094
agm1000018628,1.8534953594207764,0.38807740807533264,0.3836
agm1000008555,0.0487008094787597,0.06145809590816498,0.2087
agm1000004708,1.2305257320404053,0.19103173911571503,1.1312
agm1000016187,2.704374313354492,0.5946208238601685,0.9612
agm1000001686,1.1875605583190918,0.5132466554641724,1.2813
agm1000002078,0.4520869255065918,0.20872566103935242,0.482
agm1000015959,0.0017614364624023,0.17115472257137299,0.0
agm1000013810,0.0760440826416015,0.2238486111164093,0.0
agm1000017070,1.9669005870819092,0.7454278469085693,1.2833
agm1000018189,0.0021884441375732,0.9835865497589111,0.4297
agm1000018619,0.0212063789367675,0.5369291305541992,0.0
agm1000007193,4.291534423828125e-06,0.8203219175338745,0.0
agm1000009954,1.9073486328125e-06,0.6375592947006226,0.0
agm1000003969,2.5944902896881104,0.13414479792118073,1.5558
agm1000011539,0.0009427070617675,0.2731308341026306,0.0
agm1000018362,0.2404406070709228,0.7004019021987915,0.0
agm1000005881,0.0513999462127685,0.2970030903816223,0.0
agm1000016763,2.4572784900665283,0.34997689723968506,0.7334
agm1000009404,0.059699535369873,0.11922815442085266,0.0
agm1000016130,0.0264892578125,0.8925189971923828,0.2389
agm1000015845,0.0192947387695312,0.8561500310897827,0.0
agm1000013797,0.0777082443237304,0.02110876888036728,0.0
agm1000005960,0.4982905387878418,0.06310340017080307,0.0
agm1000017126,0.1645936965942382,1.2865419387817383,0.0
agm1000012047,0.0062546730041503,0.062051527202129364,0.2279
agm1000005426,0.2037057876586914,0.013348296284675598,0.4126
agm1000016718,1.6830408573150637,0.36368659138679504,0.2427
agm1000017562,1.4251105785369873,0.39606592059135437,1.1029
agm1000015167,2.045396566390991,0.0643531084060669,1.5439
agm1000018661,1.8265092372894287,0.03286990523338318,1.8107
agm1000013639,0.0049977302551269,0.061525143682956696,0.0
agm1000002217,1.41351318359375,0.009987324476242065,0.5979
agm1000002524,1.4971206188201904,0.20209702849388123,0.8339000000000001
agm1000014551,1.6610093116760254,0.024459853768348694,0.9148
agm1000020001,2.833056926727295,1.1681349277496338,0.0735
agm1000013831,6.273946762084961,1.384604573249817,0.6506000000000001
agm1000002531,0.2220270633697509,1.7559478282928467,0.0
agm1000003344,1.3387269973754885,2.421121835708618,1.0051
agm1000003160,5.084405899047852,2.4041748046875,1.003
agm1000013157,4.373135566711426,2.6054506301879883,1.5233
agm1000001938,4.672696113586426,1.4698188304901123,0.8078000000000001
agm1000018327,4.074328899383545,0.3240596354007721,1.8169
agm1000008230,0.2020862102508545,0.4674689471721649,0.4999
agm1000015398,2.790074586868286,0.9833351373672485,0.1711
agm1000019700,3.917919635772705,-0.0966208279132843,0.0025
agm1000013203,4.119863033294678,0.038107022643089294,0.1058
agm1000000023,0.0004324913024902,0.48410889506340027,0.0
agm1000012340,3.586414098739624,0.49985766410827637,0.367
agm1000001625,1.6469967365264893,0.4360879361629486,0.0
agm1000015919,6.141850471496582,3.9685730934143066,4.1313
agm1000013732,7.1214728355407715,2.6502625942230225,4.2316
agm1000016594,6.582258701324463,4.5081634521484375,3.5752
agm1000017141,6.725366115570068,4.362844467163086,3.9765
agm1000014319,6.901527404785156,4.458815574645996,4.4289
agm1000010132,7.706298351287842,4.598752975463867,4.7473
agm1000015116,6.715151786804199,4.6621904373168945,4.4723
agm1000005040,7.807553291320801,4.695148468017578,4.5616
agm1000000113,6.978647708892822,4.644944190979004,4.3956
agm1000019038,9.79770278930664,4.5984392166137695,4.8419
agm1000016746,6.927346229553223,5.203503131866455,4.6681
agm1000018105,7.225871562957764,4.52517557144165,4.276
agm1000013692,9.821074485778809,4.986258506774902,4.6343
agm1000004604,9.666374206542969,5.091920852661133,4.6343
agm1000010410,10.679219245910645,5.192686557769775,4.2620000000000005
agm1000009365,10.680121421813965,4.941058158874512,4.3216
agm1000003451,9.313422203063965,5.476190567016602,3.9851
agm1000005210,9.332858085632324,5.429095268249512,3.2059
agm1000016761,5.6720147132873535,2.9948809146881104,3.8093
agm1000009106,5.8876166343688965,3.2820591926574707,4.0523
agm1000015682,5.107608795166016,3.1460065841674805,3.6161
agm1000014236,5.942817687988281,3.363703966140747,4.0492
agm1000002270,6.0629353523254395,3.5266873836517334,3.8825
agm1000013551,5.985365390777588,2.5251104831695557,3.8922
agm1000002546,5.583236217498779,2.9748620986938477,3.7533
agm1000010372,5.1936235427856445,2.156998634338379,1.985
agm1000004517,6.065487861633301,0.27782052755355835,3.0314
agm1000009225,3.168264150619507,0.42793580889701843,2.2492
agm1000010779,2.5271661281585693,0.20260871946811676,1.8347
agm1000000826,0.0616419315338134,0.02460138499736786,0.0
agm1000001751,2.8327412605285645,-0.009281277656555176,2.1974
agm1000018616,0.8162927627563477,0.018807709217071533,0.3612
agm1000016655,0.0077285766601562,0.016499698162078857,0.0
agm1000016164,1.7715392112731934,0.12928029894828796,0.7466
agm1000002802,1.1649813652038574,0.07075318694114685,0.4103
agm1000007092,0.3428187370300293,0.01658838987350464,0.4988
agm1000004085,2.065834045410156,0.07778683304786682,0.4507
agm1000017210,2.006004095077514,0.014517486095428467,0.2397
agm1000017955,4.050103664398193,2.6382715702056885,3.4598
agm1000017233,5.073611736297607,3.5674800872802734,4.1171
agm1000012979,5.153995513916016,3.279717445373535,3.6409
agm1000009424,7.694563865661621,3.2905478477478027,6.2316
agm1000013779,7.828050136566162,3.6343460083007812,5.0332
agm1000017923,3.469167470932007,1.6975382566452026,2.545
agm1000019454,3.4320456981658936,1.9201043844223022,1.9351
agm1000017517,2.0085840225219727,0.9966011047363281,0.9725
agm1000015330,4.292941570281982,0.07724800705909729,1.9277
agm1000016127,3.4847488403320312,0.041856199502944946,0.6391
agm1000019161,0.0078344345092773,0.4334440231323242,0.0
agm1000010774,2.4294328689575195,0.30884620547294617,0.0
agm1000013207,3.8119466304779057,0.09739325195550919,0.4905
agm1000011394,0.0125470161437988,0.4085025489330292,0.1855
agm1000016317,0.8476872444152832,0.014509618282318115,0.1105
agm1000016425,0.9082493782043456,0.005786195397377014,0.3457
agm1000017277,0.180821418762207,0.00714680552482605,0.1827
agm1000015519,2.8260512351989746,0.09657657146453857,2.0883
agm1000006672,0.1877813339233398,0.015353292226791382,0.3274
agm1000018677,0.9092679023742676,0.044673413038253784,0.128
agm1000008281,0.020331859588623,0.04116693139076233,0.0
agm1000009525,2.2942943572998047,0.5375452041625977,0.6932
agm1000000905,2.6167006492614746,0.4390322268009186,0.8287
agm1000018465,6.879960060119629,2.938589572906494,2.3529
agm1000002744,6.273563385009766,2.7753145694732666,3.2417
agm1000000411,5.390316963195801,2.484815835952759,3.1877
agm1000012976,4.972708702087402,2.2531278133392334,2.5789999999999997
agm1000002743,4.422026634216309,2.651162624359131,1.3884
agm1000018374,4.547119140625,2.328497886657715,2.9126000000000003
agm1000005267,4.415472030639648,1.784759283065796,1.3717
agm1000018508,2.8757119178771973,1.9369145631790161,2.5744
agm1000020033,3.747039318084717,1.6674429178237915,2.774
agm1000009515,3.51965594291687,1.9247467517852783,2.4088
agm1000001085,0.5762362480163574,0.35116520524024963,0.5519000000000001
agm1000009936,2.7502365112304688,0.5481760501861572,1.0329
agm1000007674,0.3091676235198974,0.03484302759170532,0.2201
agm1000018929,3.995180368423462,1.3977121114730835,1.1407
agm1000010433,3.7008421421051025,1.1076090335845947,0.0707
agm1000002487,3.5512356758117676,0.620040774345398,0.0
agm1000017401,3.86301851272583,0.8749134540557861,1.1249
agm1000003382,1.671680927276611,0.8660198450088501,0.0
agm1000016745,6.143380641937256,4.177343368530273,4.5486
agm1000010558,5.6189374923706055,4.391851425170898,3.3313
agm1000016829,6.817474842071533,4.057953834533691,5.2919
agm1000015025,7.189237117767334,5.15872859954834,5.8485
agm1000016614,6.475291728973389,4.975546360015869,4.7197
agm1000014995,7.076748847961426,5.101480007171631,4.8095
agm1000015795,7.086565971374512,5.2492218017578125,5.6494
agm1000008520,7.494627475738525,5.023581027984619,6.0334
agm1000011308,6.686351299285889,5.296198844909668,5.2517
agm1000007413,7.57460880279541,4.820443153381348,5.4731
agm1000018473,7.5810699462890625,5.095739364624023,5.8582
agm1000003985,7.211316108703613,4.892296314239502,5.574
agm1000004658,6.299089431762695,4.811621189117432,3.3314
agm1000018580,10.47917938232422,5.7633748054504395,6.5687
agm1000018110,10.06443691253662,6.264919281005859,6.4378
agm1000013706,10.222469329833984,6.414599418640137,6.6037
agm1000012056,9.586292266845703,6.5928497314453125,6.2585
agm1000015935,9.863645553588867,6.618332386016846,6.1971
agm1000001175,10.425334930419922,6.640893936157227,6.5383
agm1000006916,10.119991302490234,6.299737453460693,6.1243
agm1000006729,5.485504150390625,3.7717556953430176,4.6653
agm1000011778,5.943813800811768,4.018970489501953,4.814
agm1000015037,5.491594314575195,3.671238899230957,4.6348
agm1000014948,5.435668468475342,3.6944174766540527,3.8913
agm1000009878,5.573626518249512,3.364757537841797,3.9579
agm1000010448,6.011898517608643,3.590285062789917,4.7908
agm1000001545,5.73464298248291,2.925382614135742,4.5474
agm1000013703,5.845402240753174,3.0375235080718994,4.716
agm1000005682,4.784550666809082,3.000911235809326,2.6212
agm1000004205,0.3945903778076172,0.869246244430542,0.0
agm1000019822,0.9898202419281006,0.17138594388961792,0.6484
agm1000008172,0.6049528121948242,0.39580947160720825,0.8967
agm1000019687,2.3434653282165527,1.306015968322754,0.8939
agm1000004259,2.840598821640014,1.4428993463516235,0.4403
agm1000001258,0.3776288032531738,0.941632866859436,0.0521
agm1000010443,6.149852752685547,3.8968162536621094,4.1471
agm1000009266,11.094635009765623,4.803579807281494,5.9799
agm1000019677,6.927610397338867,4.111466884613037,3.2947
agm1000005774,8.298772811889648,4.694799900054932,4.8357
agm1000009858,13.811850547790527,5.657407760620117,6.9759
agm1000013977,10.429449081420898,5.938825607299805,6.1163
agm1000012549,7.927206993103027,3.8228423595428467,3.8095
agm1000004543,6.037149429321289,3.1245813369750977,3.2648
agm1000010520,6.5856828689575195,3.096515655517578,3.9183
agm1000019017,7.160700798034668,3.1974167823791504,3.1987
agm1000018533,6.87722110748291,2.7164618968963623,2.7904
agm1000017059,6.195638656616211,1.9067776203155518,1.7083
agm1000011099,7.223953723907471,1.9927036762237549,3.1461
agm1000011256,6.348665237426758,1.784855604171753,2.105
agm1000007926,8.292508125305176,2.683696746826172,3.1811
agm1000011291,7.325799942016602,1.9182859659194946,2.4551
agm1000001806,3.427999973297119,1.0722160339355469,0.0
agm1000018922,5.685067653656006,2.5573933124542236,2.6403
agm1000011992,5.641890048980713,2.717867612838745,3.5227
agm1000013294,5.5336079597473145,2.680497646331787,3.3248
agm1000011400,3.561939001083374,1.7269973754882812,2.0596
agm1000010218,5.937278747558594,2.602410316467285,3.3697
agm1000016283,6.136726379394531,2.557720184326172,2.6413
agm1000013345,6.065906047821045,2.5089759826660156,2.8637
agm1000001968,1.177009105682373,1.705082893371582,1.3573
agm1000002362,0.8105490207672119,0.7568109035491943,0.6597000000000001
agm1000019556,5.449312210083008,2.175373077392578,3.0546
agm1000016286,2.6945013999938965,1.7654163837432861,1.027
agm1000011977,3.568807363510132,1.8458232879638672,1.9995
agm1000004408,4.604820251464844,2.0907468795776367,3.1335
agm1000019730,1.552422285079956,1.0770341157913208,0.9351
agm1000017154,4.387609481811523,1.916489839553833,2.2427
agm1000008688,2.507917642593384,1.3828861713409424,0.6274000000000001
agm1000002353,0.2761209011077881,1.5307066440582275,0.7162000000000001
agm1000016822,4.320527076721191,1.686499834060669,2.5756
agm1000011444,4.403964519500732,1.4643661975860596,2.5101
agm1000012952,4.201886177062988,1.5805065631866455,2.6238
agm1000016146,4.140240669250488,1.5493535995483398,2.506
agm1000014148,4.348073959350586,1.6693098545074463,3.0237
agm1000012764,4.531238555908203,1.3876690864562988,2.443
agm1000007013,1.3400683403015137,1.2499604225158691,1.1933
agm1000013957,3.8039193153381343,1.7507994174957275,1.6067
agm1000004163,2.382826089859009,1.3681327104568481,0.9734
agm1000002572,0.0383095741271972,0.012217909097671509,0.0
agm1000004993,0.0981316566467285,0.12844452261924744,0.8035
agm1000005128,0.1202321052551269,0.0001361258327960968,0.0245
agm1000013722,0.1163520812988281,0.009779185056686401,0.4882
agm1000001142,0.0937066078186035,0.10251036286354065,0.0
agm1000013363,0.0360617637634277,0.00995871052145958,0.0
agm1000006230,0.0391302108764648,0.011014118790626526,0.1706
agm1000012989,0.1478877067565918,0.008209489285945892,0.0
agm1000007985,0.0290179252624511,0.020564790815114975,0.0
agm1000010222,0.0018935203552246,0.013105474412441254,0.0
agm1000004182,0.1028838157653808,-0.006099961698055267,0.0
agm1000006070,0.0004229545593261,0.036199308931827545,0.0
agm1000019303,0.0001425743103027,0.014723226428031921,0.0
agm1000005763,0.0012283325195312,0.021673880517482758,0.0
agm1000012156,0.0440645217895507,0.027475789189338684,0.0204
agm1000000579,0.0176119804382324,0.004596889019012451,0.1042
agm1000001494,0.0001778602600097,0.03329503536224365,0.0
agm1000005218,0.0561389923095703,0.06274192035198212,0.0
agm1000003654,0.0196857452392578,0.008080706000328064,0.0
agm1000000251,0.0454740524291992,0.002041235566139221,0.1187
agm1000014679,0.0003876686096191,-0.004484385251998901,0.0
agm1000018731,0.0088677406311035,0.0004354715347290039,0.0
agm1000011693,0.0027470588684082,-0.006242811679840088,0.0
agm1000012931,0.0250453948974609,0.0021287202835083008,0.0
agm1000007939,0.0526237487792968,0.005735456943511963,0.1297
agm1000006175,0.0302648544311523,0.001316368579864502,0.0308
agm1000010946,0.0072312355041503,-0.005212575197219849,0.0
agm1000009242,0.4535298347473144,0.014856457710266113,0.4684
agm1000011105,0.0026631355285644,0.4633544385433197,0.9954
agm1000009089,0.0016074180603027,0.999293327331543,2.0451
agm1000001138,0.0224590301513671,1.052775502204895,1.8142
agm1000006072,0.0931248664855957,0.9858806133270264,0.5165000000000001
agm1000013772,0.0612616539001464,0.7817784547805786,0.0
agm1000001163,0.0035676956176757,1.4418710470199585,0.0
agm1000002667,0.02116060256958,2.3824143409729004,3.4129
agm1000012387,2.2411346435546875e-05,-0.01358911395072937,4.3645
agm1000000233,0.5219902992248535,0.1799899935722351,3.9674
agm1000017149,0.0310196876525878,1.0474220514297485,1.064
agm1000000881,0.136171817779541,0.7119053602218628,1.6278
agm1000011752,0.0050797462463378,1.384760856628418,0.775
agm1000018314,0.0024232864379882,0.31392702460289,1.3948
agm1000004447,0.0047521591186523,0.11455835402011871,1.9189
agm1000008299,0.0025115013122558,0.37526413798332214,0.6176
agm1000013073,0.0046639442443847,0.6170608997344971,0.0
agm1000014606,3.719329833984375e-05,0.43962419033050537,0.3084
agm1000018735,0.008923053741455,0.009753622114658356,0.0
agm1000016678,0.0003809928894042,0.031846895813941956,0.0
agm1000011312,0.0399365425109863,0.012352973222732544,0.0
agm1000003111,0.0596842765808105,0.07238524407148361,0.0
agm1000002144,0.003063678741455,0.03347407281398773,0.7603000000000001
agm1000009538,0.0613894462585449,0.035329192876815796,0.0
agm1000004742,0.0231208801269531,0.03972235321998596,0.3154
agm1000014388,0.0077543258666992,0.054182201623916626,1.0843
agm1000013992,0.0401563644409179,0.38380691409111023,0.7285
agm1000008129,0.0034751892089843,0.03020765632390976,1.4994
agm1000011218,0.0004010200500488,0.025960728526115417,0.8356
agm1000017012,0.0198144912719726,-0.0026346147060394287,1.6749
agm1000010514,0.0222597122192382,0.0017157644033432007,1.6913
agm1000004644,0.000467300415039,0.026171043515205383,1.1251
agm1000018862,0.0043559074401855,0.36127549409866333,0.0
agm1000008746,0.0461483001708984,0.4122827649116516,0.1724
agm1000001009,6.914138793945312e-05,0.11473527550697327,0.3394
agm1000019252,0.0033035278320312,0.010680988430976868,0.0385
agm1000015895,0.0027942657470703,0.009383950382471085,0.0
agm1000014725,0.0045695304870605,0.11476422846317291,0.0
agm1000004833,0.0531458854675293,0.004050403833389282,0.0
agm1000014134,0.0009040832519531,0.008731842041015625,0.0
agm1000014340,0.0183386802673339,0.0007071644067764282,0.0
agm1000019744,0.0216202735900878,0.01203833520412445,0.0395
agm1000004631,0.0622515678405761,0.00031355395913124084,0.0
agm1000017527,0.0107393264770507,-0.016325026750564575,0.0
agm1000018245,0.0270886421203613,-0.002434283494949341,0.1127
agm1000018737,0.0550603866577148,0.013147763907909393,0.0
agm1000013367,0.0039930343627929,0.12785604596138,0.0
agm1000006127,0.0645828247070312,0.02432975172996521,0.2794
agm1000013139,0.5673861503601074,0.04620461165904999,0.2151
agm1000003285,0.0391821861267089,-0.0054454505443573,0.0
agm1000006353,0.0005865097045898,0.01433972641825676,0.0
agm1000017223,0.0128607749938964,0.019423052668571472,0.0
agm1000012945,0.0026431083679199,0.01435062289237976,0.0
agm1000001160,0.1290335655212402,0.0033157765865325928,0.0
agm1000002842,0.0920429229736328,0.0017365217208862305,0.0
agm1000018728,0.009261131286621,0.011966008692979813,0.0
agm1000011240,0.012087345123291,-0.006519891321659088,0.0
agm1000007864,0.0018444061279296,0.0078665092587471,0.0
agm1000015857,0.0037293434143066,0.01170271635055542,0.0418
agm1000012894,0.0387697219848632,-0.022403404116630554,0.0
agm1000000355,0.0450243949890136,0.07671964913606644,0.0
agm1000009387,0.0081396102905273,0.00468134880065918,0.0
agm1000001477,0.1034603118896484,0.06462283432483673,0.0
agm1000001077,0.05192232131958,0.06858639419078827,0.114
agm1000018706,0.0339913368225097,0.014335229992866516,0.0
agm1000015032,0.0060386657714843,0.022475697100162506,0.0
agm1000014441,0.011509895324707,0.0008226782083511353,0.0
agm1000009835,0.1541976928710937,0.013397470116615295,0.0
agm1000015853,0.0007667541503906,0.0424516499042511,0.0
agm1000011077,0.0245776176452636,0.010924011468887329,0.3248
agm1000013593,0.0272951126098632,0.0011565238237380981,0.6043000000000001
agm1000007634,0.0014901161193847,0.0019641518592834473,0.0
agm1000003099,0.0017995834350585,0.0059099867939949036,0.0
agm1000003832,0.0507993698120117,0.007055997848510742,0.0
agm1000019043,0.3379364013671875,0.07497914880514145,0.2611
agm1000006155,0.0043730735778808,0.12768666446208954,0.0
agm1000004296,0.0453929901123046,0.010512009263038635,0.0
agm1000017653,0.0521826744079589,0.03603513538837433,0.0777
agm1000019369,0.0076322555541992,0.8209763765335083,1.1026
agm1000013620,0.1238107681274414,-0.01357075572013855,0.0992
agm1000019215,0.0151643753051757,0.5947232246398926,0.8586
agm1000017555,0.0140848159790039,0.2121025025844574,0.6073000000000001
agm1000014846,0.0074439048767089,1.6777862310409546,2.5267
agm1000015147,0.0954530239105224,1.956735610961914,3.4205
agm1000015127,0.0075616836547851,0.44095829129219055,0.0
agm1000011554,0.1035327911376953,0.509296178817749,0.0
agm1000016574,0.0120811462402343,0.20006826519966125,0.0
agm1000000261,0.0951876640319824,0.0368875190615654,0.15
agm1000002740,1.6326332092285156,0.4675197899341583,0.7016
agm1000002244,0.1673345565795898,0.38364529609680176,0.0
agm1000017116,0.4365677833557129,0.28500714898109436,1.2643
agm1000008157,0.617401123046875,1.451470136642456,1.8722
agm1000000703,0.5735721588134766,0.1146106868982315,1.3998
agm1000015227,3.89587926864624,0.8215165138244629,1.7383000000000002
agm1000019971,0.0241141319274902,0.04522755742073059,0.0
agm1000003812,0.0566444396972656,0.07493948936462402,0.0
agm1000000805,0.0044870376586914,0.022083181887865067,0.0
agm1000007097,0.0113425254821777,0.025573208928108215,0.0
agm1000019425,0.0110969543457031,-0.004863426089286804,0.012
agm1000000875,0.0962510108947753,0.014249667525291443,0.0
agm1000013754,1.0420565605163574,0.01723724603652954,0.8292
agm1000007708,1.6641607284545898,0.9127787351608276,0.3856
agm1000009418,0.1686100959777832,0.067684605717659,0.2857
agm1000002032,0.0531063079833984,0.1785905957221985,0.0
agm1000008254,0.030898094177246,0.19099929928779602,0.4355
agm1000005057,0.0574927330017089,0.05576362460851669,0.0
agm1000006872,0.5691890716552734,0.5980710983276367,0.2889
agm1000003190,0.0698385238647461,0.36240866780281067,0.2765
agm1000013012,5.788919448852539,1.420966625213623,1.073
agm1000007068,6.549654006958008,2.084702968597412,0.7399
agm1000007245,6.807110786437988,2.142397403717041,0.649
agm1000009590,5.153770923614502,2.062577247619629,2.1774
agm1000006235,0.5847206115722656,1.4672324657440186,0.6864
agm1000019162,3.9292306900024414,1.9963799715042114,1.9327
agm1000017219,4.44882869720459,1.8652338981628418,2.1551
agm1000006022,4.245171070098877,1.3981232643127441,0.9716
agm1000010043,3.3749642372131348,1.731473445892334,1.3328
agm1000013338,3.5922694206237793,1.3805873394012451,1.8292
agm1000005322,3.982352733612061,1.3773645162582397,1.1058
agm1000004175,0.2383561134338379,0.12794780731201172,0.0
agm1000009058,3.232823371887207,0.2036987543106079,0.5842
agm1000001204,1.5365185737609863,0.2082018405199051,0.0
agm1000017536,3.6303248405456543,-0.09166115522384644,0.4346
agm1000004193,3.6442220211029057,0.24628867208957672,0.0
agm1000004912,2.882501125335694,0.059930965304374695,0.6172000000000001
agm1000019693,0.0086171627044677,0.7775441408157349,0.0
agm1000000034,3.288398504257202,0.9643474817276001,0.7288
agm1000013643,6.164787292480469,3.7952511310577393,4.4466
agm1000001254,5.592491149902344,3.6210973262786865,2.7833
agm1000016256,6.679790496826172,4.497385025024414,3.609
agm1000017811,6.9100446701049805,4.635226726531982,4.5773
agm1000014448,6.962182998657227,4.679906845092773,4.2812
agm1000002406,7.581406593322754,4.444875717163086,5.1012
agm1000002290,7.897608757019043,4.324559211730957,4.9061
agm1000018229,7.6150712966918945,4.659938335418701,4.9356
agm1000018691,7.612968921661377,4.497156143188477,4.8972
agm1000004102,6.661056995391846,4.338395118713379,2.9857
agm1000019329,9.860750198364258,4.016674995422363,5.459
agm1000016653,9.423919677734377,4.733923435211182,5.0679
agm1000015619,9.895092964172363,5.045592308044434,5.1354
agm1000019815,8.091357231140137,3.8010408878326416,4.7942
agm1000010812,10.71438694000244,4.8644208908081055,5.1557
agm1000002294,10.713151931762695,5.424635410308838,5.2571
agm1000005738,8.756451606750488,5.449672698974609,2.373
agm1000018007,5.470789909362793,3.3024187088012695,4.0274
agm1000018589,4.94970178604126,3.409911632537842,3.6191
agm1000017368,5.734010219573975,3.248385190963745,3.9267
agm1000016008,5.721048831939697,3.324500560760498,3.9707
agm1000014246,5.659887313842773,3.0514883995056152,4.2113
agm1000006205,6.3613691329956055,2.9326605796813965,4.0177
agm1000012968,5.502221584320068,3.4083306789398193,3.8682
agm1000004063,5.195917129516602,2.998399019241333,2.5506
agm1000019468,0.5813238620758057,0.26031237840652466,0.0686
agm1000001030,0.1394553184509277,0.06774233281612396,0.0
agm1000005873,0.0384693145751953,0.05466977506875992,0.0
agm1000001081,0.2402620315551757,-0.017044484615325928,0.0
agm1000007202,0.4552202224731445,0.11367078125476837,0.0
agm1000009443,0.0268421173095703,-0.019945383071899414,0.0
agm1000004550,0.2496523857116699,0.03708606958389282,0.0
agm1000005512,0.4946861267089844,0.12973201274871826,0.0
agm1000004881,0.0374493598937988,-0.003373771905899048,0.1999
agm1000005399,0.0035376548767089,0.10639370232820511,0.3208
agm1000018528,0.0022687911987304,0.012391656637191772,0.0
agm1000004868,0.0670723915100097,0.0026015788316726685,0.0631
agm1000019264,0.005007266998291,0.017900612205266953,0.0
agm1000000468,0.1156635284423828,0.00285952165722847,0.0
agm1000014681,0.0408401489257812,-0.0019288361072540283,0.0
agm1000009600,0.0060682296752929,0.015507906675338745,0.0821
agm1000004271,0.0825634002685546,0.014583826065063477,0.0
agm1000003467,0.0190849304199218,0.011695384979248047,0.1945
agm1000009381,0.0027003288269042,0.18260858952999115,0.1437
agm1000016879,0.0206780433654785,0.12558507919311523,0.263
agm1000008345,0.0068917274475097,0.0951206386089325,0.0
agm1000005516,0.0444779396057128,0.23916862905025482,0.362
agm1000014746,0.8279983997344971,0.8298652172088623,1.1509
agm1000000935,0.0031495094299316,0.4407452344894409,0.5557
agm1000001877,0.0228152275085449,0.3581540286540985,0.0
agm1000007028,0.0811004638671875,0.06219780445098877,0.4546
agm1000008549,0.0593833923339843,0.21100158989429474,0.1456
agm1000017719,0.0891256332397461,0.30465975403785706,0.2773
agm1000006026,0.0054490566253662,2.8053035736083984,0.9033
agm1000009572,0.0011215209960937,0.117767333984375,0.0
agm1000006232,0.0319924354553222,1.1607834100723267,0.1315
agm1000006318,0.0161261558532714,0.4081363379955292,0.0
agm1000019140,0.0003070831298828,0.052559107542037964,0.0
agm1000007264,0.3484067916870117,0.24560709297657013,0.4525
agm1000006172,0.0023584365844726,-0.006292253732681274,0.0
agm1000020052,0.0382485389709472,0.04471419006586075,0.1557
agm1000011356,0.0114064216613769,0.08570943772792816,0.0
agm1000019661,0.0034956932067871,-0.024074196815490723,0.0
agm1000015794,0.0392565727233886,0.11549348384141922,0.0
agm1000015093,0.0053882598876953,0.058138176798820496,0.0
agm1000006248,0.0043554306030273,0.24354203045368195,0.0
agm1000006447,0.0661039352416992,0.8451634645462036,0.2332
agm1000013399,0.0051407814025878,1.199597954750061,0.2374
agm1000003044,0.1533524990081787,0.12882724404335022,0.0
agm1000005901,0.025749921798706,1.6182016134262085,0.0
agm1000002410,0.0072970390319824,1.9186208248138428,0.1821
agm1000006284,0.0066084861755371,0.009314432740211487,0.0443
agm1000006892,0.0080928802490234,0.042024970054626465,0.0602
agm1000004325,0.1051454544067382,0.01730620115995407,0.0
agm1000018592,0.0822582244873046,0.03609590604901314,0.0
agm1000019638,0.0316495895385742,-0.0112934410572052,0.0
agm1000017035,0.0283684730529785,0.01165953278541565,0.0
agm1000013798,0.2741255760192871,0.01687881350517273,0.0
agm1000010426,0.0041093826293945,-0.022930502891540527,0.3713
agm1000017288,0.0088438987731933,0.03573700785636902,0.0
agm1000007104,0.0833892822265625,0.15462443232536316,0.0
agm1000000299,0.0245251655578613,0.0152464359998703,0.1683
agm1000009666,0.0004134178161621,0.009665224701166153,0.0105
agm1000009073,0.0476441383361816,0.054125458002090454,0.0055
agm1000010903,0.0001564025878906,0.05596335232257843,0.4281
agm1000004427,0.0096659660339355,1.0442818403244019,0.8809
agm1000016793,0.0330824851989746,0.02318425290286541,0.0
agm1000015497,0.0518121719360351,0.0421513095498085,0.0
agm1000011972,0.0259828567504882,0.022660572081804276,0.1115
agm1000000330,0.0252513885498046,0.026601433753967285,0.2258
agm1000012778,0.0693216323852539,-0.003329366445541382,0.0
agm1000003770,0.1576457023620605,0.06197063624858856,0.0
agm1000007658,0.0010628700256347,0.004492312669754028,0.3554
agm1000013079,0.0004820823669433,0.07296939194202423,0.0
agm1000010446,0.8234896659851074,0.08706263452768326,0.4193
agm1000008111,0.0953855514526367,0.07138250023126602,0.0353
agm1000016787,0.1194715499877929,0.04366247355937958,0.0
agm1000019277,0.0012331008911132,0.010287061333656311,0.0
agm1000011560,0.1677150726318359,0.05759222060441971,0.0
agm1000009665,0.0479946136474609,0.03360303118824959,0.0
agm1000011470,0.0040369033813476,0.08391430974006653,0.0
agm1000002719,0.0518951416015625,0.02150856703519821,0.0
agm1000010326,0.0394911766052246,0.033410340547561646,0.1524
agm1000004943,0.10410737991333,0.013774096965789795,0.0
agm1000013229,0.0060048103332519,0.08456547558307648,0.0
agm1000019993,0.0031356811523437,0.006361469626426697,0.1553
agm1000004112,0.0233283042907714,0.034016504883766174,0.0
agm1000008064,0.4557738304138183,0.0337180495262146,0.0104
agm1000016848,0.0111804008483886,0.07910528779029846,0.0
agm1000002672,0.0866613388061523,0.052311189472675323,0.0
agm1000003495,0.5380263328552246,0.17330802977085114,0.2356
agm1000002288,0.0487427711486816,0.1357775628566742,0.0
agm1000013948,0.1581363677978515,0.0648469403386116,0.0
agm1000005651,0.0393099784851074,0.019433483481407166,0.0
agm1000013723,0.2296485900878906,0.08726915717124939,0.0
agm1000002866,0.0012226104736328,-0.009798318147659302,0.0
agm1000000437,0.0653338432312011,0.003963500261306763,0.0
agm1000003706,0.3243370056152344,0.01919493079185486,0.0
agm1000000688,0.2554135322570801,0.014990031719207764,0.0
agm1000003447,0.0480427742004394,0.03631903603672981,0.014
agm1000003976,0.003176212310791,-0.007681623101234436,0.0
agm1000018342,0.0967154502868652,0.017905354499816895,0.0
agm1000016645,0.0071296691894531,0.022650837898254395,0.0
agm1000000013,0.1981787681579589,0.03974452614784241,0.0
agm1000015862,0.0017218589782714,0.034068137407302856,0.0
agm1000001672,0.0058083534240722,0.056916505098342896,0.0
agm1000012868,0.3316066265106201,0.07934257388114929,0.0
agm1000012419,0.0214395523071289,0.04000750184059143,0.0
agm1000010021,0.0278482437133789,0.1141866147518158,0.0
agm1000019943,0.018892765045166,0.4907150864601135,0.3536
agm1000002598,0.039412498474121,1.288078784942627,0.0
agm1000006214,0.0076212882995605,0.7093826532363892,0.0
agm1000009795,0.7872796058654785,0.2442738115787506,0.3326
agm1000002380,1.0475726127624512,3.980374336242676,4.2154
agm1000008466,0.1432785987854004,0.5692539215087891,3.5087
agm1000006757,0.1737570762634277,0.7083404064178467,3.274
agm1000006851,1.6351499557495115,1.2672247886657715,0.0
agm1000004173,0.0100898742675781,0.9528402090072632,0.5686
agm1000003117,0.0056533813476562,0.2374008148908615,0.0
agm1000004465,0.0073184967041015,0.1752055138349533,0.3471
agm1000012906,0.0233550071716308,0.015796713531017303,0.0
agm1000014662,0.000894546508789,0.0016846954822540283,0.0219
agm1000014046,0.0231375694274902,0.014627307653427124,0.0
agm1000001193,0.0932188034057617,-0.007257372140884399,0.0
agm1000002351,0.0030608177185058,0.03156937658786774,0.0616
agm1000012832,0.0027427673339843,0.006503045558929443,0.0
agm1000005461,0.0330619812011718,0.004954114556312561,0.0
agm1000016318,0.0009188652038574,0.04467662423849106,0.0
agm1000016748,0.000981330871582,0.06429913640022278,1.8148
agm1000006001,0.1069355010986328,0.6113181114196777,2.1086
agm1000002919,0.0150408744812011,0.07065652310848236,2.0167
agm1000003485,0.3390154838562011,0.057844072580337524,0.4824
agm1000011107,0.0129241943359375,0.012476563453674316,0.0
agm1000013656,0.0587849617004394,0.047734376043081284,0.0
agm1000006060,0.027139663696289,0.036026954650878906,0.0
agm1000015546,1.1915903091430664,0.039765581488609314,0.7198
agm1000012654,0.2682280540466308,0.08616727590560913,0.0
agm1000019786,0.0561022758483886,0.08995148539543152,0.0
agm1000004690,0.0344715118408203,0.01264527440071106,0.0
agm1000017826,0.0978336334228515,-0.005526833236217499,0.0
agm1000017048,0.0498123168945312,0.06049228459596634,0.0998
agm1000016091,0.6255631446838379,0.1010800302028656,0.4333
agm1000008275,0.1497144699096679,0.038763001561164856,0.0
agm1000002135,0.4529957771301269,0.024945266544818878,0.0
agm1000013549,0.2326302528381347,0.7098956108093262,0.0
agm1000002106,0.1643300056457519,0.014516986906528473,0.1345
agm1000018603,0.0284051895141601,0.032312728464603424,0.0
agm1000015355,0.0755839347839355,-0.011498421430587769,0.0752
agm1000012730,0.1685881614685058,0.020677417516708374,0.1152
agm1000005415,0.0656299591064453,0.0338379442691803,0.0
agm1000001035,1.1186671257019043,0.1452159732580185,0.2229
agm1000001539,0.093602180480957,0.12017299234867096,0.1345
agm1000000095,0.0519418716430664,0.23175284266471863,0.0
agm1000007640,0.0404834747314453,-0.012503787875175476,0.0
agm1000005256,0.0945682525634765,-0.0003916323184967041,0.0
agm1000000039,0.0021429061889648,0.021513812243938446,0.0583
agm1000013124,0.104166030883789,0.0066343992948532104,0.0
agm1000006962,0.0403943061828613,-0.019718505442142487,0.0
agm1000013988,0.1593437194824218,-0.019108816981315613,0.0
agm1000019536,1.604694962501526,0.8197944164276123,0.1927
agm1000003803,0.4476902484893799,0.2178574502468109,0.1008
agm1000006258,0.0213251113891601,0.07926350831985474,0.4384
agm1000012890,0.0368995666503906,0.6139979362487793,0.0
agm1000009216,0.0073881149291992,0.4099506735801697,0.0602
agm1000013270,0.0240912437438964,0.4177575409412384,0.2174
agm1000008007,0.0126361846923828,-0.008449718356132507,0.0
agm1000005640,0.0186872482299804,0.003692537546157837,0.0084
agm1000001121,0.2204217910766601,0.48016294836997986,0.0
agm1000006955,0.0087506771087646,0.33039888739585876,0.2358
agm1000019538,5.3882598876953125e-05,0.9680404663085938,0.0
agm1000011486,0.1151940822601318,-0.0045674145221710205,1.0149
agm1000010250,1.4884814023971558,0.9394340515136719,0.9034
agm1000018315,1.913139581680298,0.2987702786922455,0.4078
agm1000001303,0.788299560546875,0.7479530572891235,0.291
agm1000009374,1.6682652235031128,0.6371139287948608,1.2309
agm1000019476,0.1078433990478515,0.8671047687530518,0.1029
agm1000015169,0.0010671615600585,0.7157949209213257,0.0
agm1000015152,2.9728026390075684,1.1063532829284668,1.0141
agm1000011217,0.0283725261688232,0.7592604160308838,0.0
agm1000006705,1.7349436283111572,0.08998292684555054,1.0558
agm1000003080,0.7870898246765137,0.15245863795280457,0.5687
agm1000019659,1.2177951335906982,0.26051828265190125,0.0141
agm1000012825,0.0634324550628662,0.26832789182662964,0.0
agm1000001974,0.0095131397247314,0.5010412931442261,0.1254
agm1000011716,1.2238949537277222,0.5822312831878662,0.0
agm1000010049,3.0618906021118164,0.4547363817691803,0.8753000000000001
agm1000016980,1.1890190839767456,0.2978355884552002,0.3612
agm1000000773,0.0827782154083252,0.07797299325466156,0.0
agm1000018916,0.0282764434814453,0.28241077065467834,0.4923
agm1000012609,0.0046145915985107,0.3897840678691864,0.0
agm1000004506,0.0920615196228027,0.24620173871517181,0.0
agm1000001720,1.208479404449463,0.059592753648757935,0.9738
agm1000012229,0.0086452960968017,0.011212751269340515,0.0
agm1000002928,0.276799201965332,0.021703146398067474,0.1842
agm1000002574,0.1331226825714111,-0.013456985354423523,0.0
agm1000003240,0.0176401138305664,0.02843378484249115,0.0
agm1000009812,0.0470616817474365,0.0023429840803146362,0.0
agm1000017592,0.0232074260711669,-0.0027790367603302,0.1928
agm1000011374,0.38362717628479,0.03882084786891937,0.0
agm1000008105,0.0135293006896972,0.003994986414909363,0.0891
agm1000014420,0.0017142295837402,0.0695052519440651,0.059
agm1000017684,0.0128176212310791,0.07042205333709717,0.0
agm1000018519,0.0104074478149414,0.0005927048623561859,0.0
agm1000013088,0.0368375778198242,0.15200841426849365,0.0
agm1000012786,0.0828464031219482,0.013037770986557007,0.1356
agm1000015748,0.015430212020874,0.2107793539762497,0.4261
agm1000016951,0.0556282997131347,0.2505072057247162,0.0
agm1000006050,0.1184043884277343,-0.013470843434333801,0.0
agm1000007923,0.0019223690032958,0.10734416544437408,0.0
agm1000003884,0.0737600326538086,0.07461458444595337,0.0
agm1000006764,0.2052741050720214,0.05312179774045944,0.0
agm1000007529,0.025141954421997,-0.03231198340654373,0.0553
agm1000008106,0.0602948665618896,0.16990211606025696,0.0
agm1000011010,0.008448839187622,0.751693844795227,0.0347
agm1000016631,0.5495090484619141,0.0407143197953701,0.4904
agm1000018142,0.1978466510772705,0.18305838108062744,0.3417
agm1000015837,0.448591947555542,0.31096377968788147,0.7147
agm1000017124,0.1291108131408691,0.3321468234062195,0.1289
agm1000015729,0.5906109809875488,0.3942112922668457,0.2991
agm1000006374,0.0356891155242919,0.00908862054347992,0.0
agm1000009681,0.0253026485443115,0.8094650506973267,0.112
agm1000008434,0.4556455612182617,0.7680890560150146,0.0
agm1000000052,6.508827209472656e-05,0.147800013422966,0.0
agm1000018070,0.9217581748962402,0.3567708432674408,0.4431
agm1000012530,0.1299538612365722,0.5688173770904541,0.3585
agm1000007066,0.0760602951049804,0.6821115016937256,0.0827
agm1000001322,0.7896773815155029,0.35241562128067017,0.0
agm1000016500,0.0244586467742919,0.018420949578285217,0.0714
agm1000015252,0.0510902404785156,0.09846096485853195,0.1956
agm1000015552,0.0057201385498046,0.27606356143951416,0.0
agm1000011713,0.5966386795043945,0.2750406265258789,1.0841
agm1000008739,0.015777587890625,0.027627691626548767,0.0
agm1000012755,0.1346597671508789,0.041567400097846985,0.0
agm1000018633,0.4878320693969726,0.5030488967895508,0.3538
agm1000005758,0.0785448551177978,0.5728991031646729,0.0788
agm1000000914,0.1139335632324218,0.6322034597396851,0.0
agm1000006445,0.3395853042602539,0.7962011098861694,0.1299
agm1000006702,0.0648744106292724,0.05476076900959015,0.0
agm1000000997,0.4203436374664306,0.723037838935852,0.5124000000000001
agm1000010725,4.832383632659912,1.2091306447982788,0.5038
agm1000019614,0.0278105735778808,1.1288710832595825,0.0914
agm1000008422,7.313043117523193,1.6517537832260132,0.6876
agm1000006403,5.198127269744873,2.0944411754608154,0.9839
agm1000008438,5.195191860198975,2.0285091400146484,1.1366
agm1000003131,4.968538284301758,2.0006399154663086,1.5835
agm1000004840,4.635618209838867,0.17093074321746826,0.7923
agm1000009393,4.532255172729492,0.36521437764167786,1.6977
agm1000002282,0.1166296005249023,1.6891412734985352,1.0461
agm1000001384,0.5309736728668213,0.5376251339912415,0.622
agm1000006649,0.0191512107849121,0.09254762530326843,0.0
agm1000002622,0.0049309730529785,0.0691412091255188,0.0
agm1000013611,0.00559663772583,-0.05818316340446472,0.0812
agm1000000326,4.318363189697266,0.6253503561019897,0.3803
agm1000018530,3.862708330154419,0.785133957862854,0.11
agm1000007721,2.979590654373169,0.21760240197181702,0.1091
agm1000013539,6.120238304138184,2.060521364212036,4.0494
agm1000019456,7.176511287689209,3.874847888946533,4.588
agm1000016639,7.023536682128906,3.7789294719696045,4.3468
agm1000011085,7.183125019073486,4.022987365722656,4.3449
agm1000015926,6.896597862243652,4.119004726409912,4.3021
agm1000014026,7.179539680480957,3.0966389179229736,4.3148
agm1000002880,7.166654586791992,4.478846549987793,4.3155
agm1000016724,0.0103750228881835,4.2711896896362305,4.344
agm1000013277,9.06792449951172,3.7442808151245117,4.1625
agm1000001469,9.12617015838623,5.2038373947143555,4.3153
agm1000002199,9.342790603637695,4.263355255126953,4.1782
agm1000014227,9.178094863891602,5.587612152099609,3.9444
agm1000003747,9.202234268188477,5.228087425231934,3.7194
agm1000019899,5.74676513671875,2.6157422065734863,3.9412
agm1000016789,5.593040943145752,2.999279022216797,3.7131
agm1000016015,5.570783615112305,3.3363840579986572,3.7155
agm1000001490,5.7323150634765625,3.0624847412109375,3.9127
agm1000001012,5.55696964263916,2.8344852924346924,3.692
agm1000003121,5.5884528160095215,1.559645414352417,3.7356
agm1000003742,5.336723804473877,2.6133739948272705,2.5669
agm1000000440,0.3135309219360351,0.015261039137840271,0.0
agm1000013640,0.0868539810180664,0.07394976913928986,0.0
agm1000003328,1.0837702751159668,0.2894763946533203,0.4123
agm1000003365,0.8852574825286865,0.10895290970802307,0.2884
agm1000018336,0.001889944076538,0.10753575712442398,0.0
agm1000013199,0.0012288093566894,0.05416296422481537,0.3404
agm1000004638,0.0573768615722656,0.01925063133239746,0.0465
agm1000019914,0.1409592628479004,0.10225112736225128,0.1019
agm1000016918,0.1085577011108398,0.8027335405349731,0.0432
agm1000009177,0.1743836402893066,1.0236525535583496,0.0448
agm1000019254,2.963573217391968,0.5792086124420166,1.4742
agm1000014645,0.0007853507995605,1.0736682415008545,0.1711
agm1000006378,0.0258212089538574,0.7969871759414673,0.0
agm1000005068,0.0173718929290771,0.8075371980667114,0.0
agm1000003819,0.0003066062927246,0.611640453338623,0.8258000000000001
agm1000011414,0.0072026252746582,0.20023703575134277,0.0
agm1000017146,0.1623682975769043,0.032693177461624146,0.1693
agm1000002326,0.2748379707336426,0.41163644194602966,0.0
agm1000000144,1.1126341819763184,0.04559600353240967,0.0
agm1000000590,0.0005469322204589,0.06251737475395203,0.0
agm1000005258,0.0997686386108398,0.06614238023757935,0.0
agm1000019385,0.1581215858459472,-0.0013528764247894287,0.1775
agm1000005604,0.0029058456420898,-0.0014187470078468323,0.013
agm1000015723,0.174617052078247,-0.01303042471408844,0.0
agm1000008938,0.0741133689880371,-0.0018461942672729492,0.0
agm1000011785,0.1454465389251709,0.0034557580947875977,0.0
agm1000004430,0.0633888244628906,-0.001967981457710266,0.171
agm1000013720,0.0284199714660644,-0.00030034780502319336,0.0
agm1000018096,0.020543098449707,0.014670878648757935,0.0
agm1000002302,0.5528833866119385,0.044962078332901,0.164
agm1000007399,0.0168499946594238,0.1819378137588501,0.6631
agm1000006436,0.0528936386108398,-0.03178106248378754,0.0
agm1000005993,0.0962939262390136,0.001608133316040039,0.0
agm1000013421,0.2349348068237304,0.07294003665447235,0.0
agm1000007368,0.0893607139587402,-0.029507815837860107,0.0
agm1000009108,7.867813110351562e-06,0.22615930438041687,0.0
agm1000008552,4.76837158203125e-07,0.15670143067836761,0.0
agm1000019439,0.0255041122436523,0.02381157875061035,0.223
agm1000006213,0.5426909923553467,0.241793692111969,0.1996
agm1000018829,0.3234601020812988,0.4043569266796112,0.2312
agm1000003457,0.1014528274536132,0.022485241293907166,0.0
agm1000019234,0.0633063316345214,0.46943148970603943,0.1168
agm1000001131,0.040318489074707,0.18196293711662292,0.0
agm1000020044,0.0009224414825439,0.2437944859266281,0.1693
agm1000019120,0.4508023262023926,0.041770607233047485,0.133
agm1000010085,0.0009102821350097,0.013778895139694214,0.0
agm1000015692,0.0671224594116211,-0.010608747601509094,0.0
agm1000011126,9.5367431640625e-07,0.04678270220756531,0.8224
agm1000019523,0.0065996646881103,0.021927237510681152,0.0778
agm1000013796,0.0475649833679199,0.024785108864307404,0.0
agm1000000273,0.0449023246765136,0.5701712369918823,0.4784
agm1000015411,0.7688547372817993,0.08957153558731079,0.5504
agm1000019067,1.0660254955291748,-0.09926174581050873,0.4038
agm1000018987,0.003237247467041,0.008459687232971191,0.0
agm1000007167,0.0012211799621582,-0.04234859347343445,0.4179
agm1000004057,0.2160038948059082,0.015497177839279175,0.0
agm1000002627,0.5614089965820312,-0.0017358511686325073,0.0
agm1000016651,0.1079728603363037,-0.005240961909294128,0.0
agm1000014317,0.0241427421569824,-0.01855906844139099,0.0
agm1000004972,0.0719244480133056,0.016003936529159546,0.0
agm1000016007,0.0008356571197509,-0.00028981268405914307,0.0
agm1000014144,0.0039906501770019,-0.0005634278059005737,0.0
agm1000004685,0.069828987121582,0.008720248937606812,0.0
agm1000007356,0.0219676494598388,0.026112884283065796,0.0
agm1000003590,0.1075935363769531,0.061606958508491516,0.0
agm1000012087,0.0121049880981445,0.015339910984039307,0.0
agm1000012331,0.0187294483184814,0.009466767311096191,0.2242
agm1000010988,0.0566167831420898,0.15337231755256653,0.0
agm1000003782,0.0491394996643066,0.08776633441448212,0.0
agm1000018499,0.0152328014373779,0.002842254936695099,0.0
agm1000006608,0.2675237655639648,0.09286516904830933,0.0
agm1000006681,0.1110138893127441,0.08328591287136078,0.0
agm1000019458,0.0014915466308593,-0.03792455047369003,0.5764
agm1000010729,0.2225716114044189,0.10785607993602753,0.2878
agm1000006659,0.2068738937377929,0.2771058976650238,0.0
agm1000018990,0.6875946521759033,0.6707797050476074,0.7478
agm1000008384,0.1005940437316894,0.07740312814712524,0.0
agm1000004871,0.1392302513122558,0.011689841747283936,0.3373
agm1000016976,0.152195930480957,0.3706824779510498,0.4413
agm1000013452,0.303288459777832,0.1678495854139328,0.0
agm1000007646,0.3975453376770019,0.5042397975921631,0.2607
agm1000010127,0.0310046672821044,0.45988211035728455,0.0
agm1000005231,0.2382564544677734,0.056353211402893066,0.0
agm1000017659,0.0760707855224609,0.32060015201568604,0.8479
agm1000010212,0.0373270511627197,0.11470181494951248,0.0
agm1000009775,1.608912467956543,0.18151256442070007,0.1802
agm1000013069,6.4256815910339355,0.21678951382637024,3.1504
agm1000000536,0.6157348155975342,0.08578214049339294,1.0164
agm1000008900,0.0279080867767334,0.06663154065608978,0.0
agm1000000655,0.0097522735595703,0.2857123613357544,0.0
agm1000008723,0.0510849952697753,0.08959613740444183,0.0888
agm1000001242,0.8763933181762695,0.23417095839977264,0.5558000000000001
agm1000011640,0.0632472038269043,0.010500550270080566,0.224
agm1000000581,0.9785275459289552,0.03954683244228363,1.2151
agm1000006784,0.1398806571960449,0.03949946165084839,0.0
agm1000005035,0.4971137046813965,0.07174812257289886,0.224
agm1000005833,0.0568761825561523,0.6720541715621948,0.0
agm1000010349,5.696300029754639,1.2748461961746216,4.1075
agm1000003925,6.201355934143066,1.9635636806488037,4.5197
agm1000013090,7.066558361053467,3.1088571548461914,4.9768
agm1000007308,1.4678902626037598,1.321197509765625,2.6796
agm1000008039,0.0226783752441406,0.9187726974487305,0.0
agm1000000676,2.3365283012390137,0.09845098853111267,1.061
agm1000018571,3.69404935836792,0.615455150604248,1.4306
agm1000009121,4.058258533477783,0.22298216819763184,1.1883
agm1000015909,2.398850917816162,0.15851172804832458,1.0122
agm1000010675,2.6136088371276855,1.0490707159042358,1.1954
agm1000007703,1.0115642547607422,0.06444016098976135,0.0
agm1000016216,2.4418280124664307,0.7522391080856323,1.3001
agm1000016813,1.3624725341796875,0.7205466032028198,0.061
agm1000005985,1.8667445182800293,0.4400549829006195,1.2619
agm1000001265,0.0688800811767578,0.24557074904441833,0.0
agm1000001429,0.6919591426849365,0.17319388687610626,0.6024
agm1000010481,0.1397047042846679,0.6975772380828857,0.8091
agm1000002541,0.0828547477722168,0.11374138295650482,0.0
agm1000009827,0.0925421714782714,0.9537341594696045,0.0
agm1000017345,5.409860134124756,2.3376262187957764,2.1629
agm1000001580,0.0435590744018554,1.5277018547058105,0.0
agm1000008022,1.0868098735809326,1.7371588945388794,0.7903
agm1000009335,2.722445487976074,1.1947667598724365,1.2167
agm1000004013,2.825791597366333,0.7401871681213379,1.3992
agm1000009206,2.373493909835815,0.4179883897304535,0.7766000000000001
agm1000018216,2.226639986038208,0.5277655124664307,1.02
agm1000004916,0.1607937812805175,0.6229218244552612,0.0
agm1000012002,1.921138048171997,0.027822580188512802,0.8138000000000001
agm1000015292,0.9406251907348632,0.21843776106834412,0.262
agm1000013027,1.50199294090271,0.2829371988773346,1.0326
agm1000016865,0.7615132331848145,0.04552101343870163,0.2085
agm1000014077,0.8839235305786133,0.1698412299156189,0.0
agm1000007230,0.1059732437133789,0.12482663244009018,0.0
agm1000004783,2.160306215286255,0.36806410551071167,0.4607
agm1000009540,1.9249234199523928,0.1319512277841568,0.9467
agm1000017620,4.793742656707764,3.2393722534179688,2.8
agm1000012964,5.112893581390381,3.937633991241455,3.5602
agm1000004584,3.4578166007995605,2.5493156909942627,1.1895
agm1000018476,7.870319843292236,5.623162269592285,6.4102
agm1000006307,8.185239791870117,5.325872421264648,6.0972
agm1000012114,3.2007014751434326,0.017791330814361572,1.422
agm1000009721,3.448685646057129,1.092728614807129,2.2076
agm1000002922,3.612095355987549,1.4445860385894775,2.3884
agm1000017961,2.455644130706787,0.8248071670532227,0.9876
agm1000007309,3.2706611156463623,1.2914535999298096,1.3742
agm1000014594,3.0848426818847656,0.8698207139968872,1.7427
agm1000015106,4.119297027587891,1.5083823204040527,2.0551
agm1000019545,0.0037574768066406,0.7190574407577515,0.1874
agm1000016912,0.1762042045593261,0.8050065040588379,0.3747
agm1000006080,0.2090291976928711,0.39323094487190247,0.0555
agm1000017069,3.506479501724243,1.3218470811843872,0.2592
agm1000002454,0.7963104248046875,0.14880025386810303,0.9448
agm1000019324,0.0029377937316894,0.023366287350654602,0.0
agm1000016569,1.1411409378051758,0.02023652195930481,0.5328
agm1000018382,0.0207493305206298,0.07911388576030731,0.0
agm1000005183,0.0259532928466796,0.2447354942560196,0.0
agm1000000012,2.4896960258483887,0.27500495314598083,1.5998
agm1000013906,0.022900104522705,0.20270827412605286,0.0
agm1000002471,0.8342721462249756,0.10721205174922943,0.7112
agm1000002478,2.1487064361572266,1.1250667572021484,0.7539
agm1000007113,0.1919970512390136,0.06468057632446289,0.0
agm1000002539,0.295192003250122,0.31340208649635315,0.6238
agm1000019028,1.127186298370361,1.5453333854675293,1.4248
agm1000003912,1.1458725929260254,1.268568754196167,1.0683
agm1000017544,5.242153167724609,3.4295082092285156,2.968
agm1000014883,19.50851821899414,6.827099800109863,8.3895
agm1000005220,5.62221622467041,4.989570617675781,1.6905
agm1000009653,11.161258697509766,3.5796875953674316,5.5921
agm1000010931,7.309092998504639,2.259566307067871,2.0848
agm1000008945,1.885026454925537,1.1641327142715454,2.3212
agm1000010628,2.0755035877227783,2.116725444793701,1.1273
agm1000007631,4.942273139953613,2.6182658672332764,3.1754
agm1000007567,2.215085506439209,0.023438841104507446,2.1723
agm1000017021,3.737567901611328,1.6972228288650513,2.4162
agm1000008575,0.0056972503662109,0.7933223247528076,0.294
agm1000003686,1.3886194229125977,0.7099469900131226,0.0
agm1000017180,0.992136001586914,0.4608837068080902,0.0
agm1000002599,0.4278082847595215,0.5620774030685425,0.0
agm1000006819,0.0278363227844238,0.05705443024635315,0.0
agm1000003364,1.7657582759857178,0.051072001457214355,1.31
agm1000018335,2.4700493812561035,0.06284178793430328,0.9721
agm1000005030,3.1082136631011963,0.2476934790611267,1.6462
agm1000010225,0.038489818572998,0.05795060098171234,0.0
agm1000003050,0.4026546478271484,0.06270717084407806,0.0
agm1000005492,4.768658638000488,1.6776397228240967,2.9131
agm1000006797,3.8481640815734863,2.1306025981903076,3.4937
agm1000001419,4.150871276855469,2.1496636867523193,3.3124
agm1000009449,6.9502434730529785,2.487265110015869,4.1378
agm1000004240,6.024133682250977,2.776610851287842,3.6649
agm1000001197,5.441322326660156,0.3968607485294342,3.5502
agm1000017016,2.7555878162384033,1.5616668462753296,2.727
agm1000010353,2.539263963699341,1.5459413528442383,2.3335
agm1000004030,0.2396931648254394,1.2723008394241333,0.0
agm1000015836,4.529021263122559,1.0740479230880737,2.4185
agm1000013025,4.629213809967041,1.2023731470108032,2.24
agm1000014408,3.782911777496338,0.12451322376728058,2.0982
agm1000015332,4.949977874755859,0.8021297454833984,2.6048
agm1000018611,3.3493361473083496,0.7947815656661987,1.8028
agm1000002732,0.0012531280517578,0.21565452218055725,0.0
agm1000003523,3.5487053394317627,1.3932937383651733,2.5987
agm1000018183,1.8204731941223145,0.5610088109970093,0.2648
agm1000000704,0.2946028709411621,0.06493966281414032,0.2343
agm1000010940,2.910836696624756,1.1124533414840698,1.704
agm1000015958,3.0964269638061523,1.0019360780715942,1.9047
agm1000017533,3.8007564544677734,0.3395739793777466,2.3473
agm1000019333,0.9839513301849364,0.6952934265136719,1.0701
agm1000017102,1.9351749420166016,0.5588537454605103,0.6262
agm1000012957,1.696392059326172,0.8225219249725342,2.3203
agm1000008613,0.621798038482666,0.4468652009963989,0.3749
agm1000002314,1.4911584854125977,0.4103931486606598,1.4099
agm1000011368,2.148719072341919,1.173461675643921,2.4017
agm1000018845,3.197817802429199,0.23012755811214447,0.9844
agm1000018588,0.0311121940612792,0.2630905210971832,0.0
agm1000016054,2.4182894229888916,0.35593181848526,1.4049
agm1000000499,2.47281813621521,0.4976412355899811,1.5564
agm1000005538,2.8309929370880127,0.7402881383895874,2.072
agm1000001836,1.34370756149292,0.3843936622142792,0.0
agm1000005364,0.0290408134460449,0.7751023769378662,0.0
agm1000018290,0.0015099048614501,1.190266728401184,0.3933
agm1000019673,0.6874856948852539,0.36074355244636536,0.9065
agm1000012482,0.0223689079284667,0.2278309166431427,0.0
agm1000017269,1.306117296218872,0.1987776905298233,0.5606
agm1000019450,0.214242935180664,0.24194692075252533,0.0704
agm1000007886,0.0200130939483642,0.36168035864830017,0.0
agm1000001319,0.0053880214691162,0.09349080920219421,0.0
agm1000007351,0.0961415767669677,0.0676373690366745,0.3632
agm1000017110,0.0344886779785156,0.18363572657108307,0.3955
agm1000009543,0.4355225563049316,0.08807477355003357,0.6265000000000001
agm1000008018,0.3761465549468994,0.18433919548988342,0.0
agm1000019100,0.0221924781799316,0.09297730773687363,0.0
agm1000004553,3.5230207443237305,0.5714230537414551,0.0701
agm1000000285,2.4594945907592773,1.2276123762130737,0.1597
agm1000019257,5.988054275512695,4.106568813323975,4.2489
agm1000002898,4.993535041809082,3.8730592727661133,3.1885
agm1000013178,6.307985305786133,4.187369346618652,4.6882
agm1000002897,6.641763687133789,5.096370697021484,3.6743
agm1000018957,8.36022663116455,5.655924320220947,5.5465
agm1000006863,7.944103240966797,5.145052433013916,5.2195
agm1000000813,8.337407112121582,6.147827625274658,4.2984
agm1000018416,5.2578277587890625,2.917849063873291,4.1327
agm1000003220,4.5223469734191895,3.1074697971343994,2.4866
agm1000000974,4.655241012573242,3.023413896560669,3.0493
agm1000016352,3.7416858673095703,2.0026261806488037,0.3524
agm1000018645,5.339505672454834,1.777181625366211,1.0615
agm1000015811,5.598084449768066,2.1197192668914795,1.6292
agm1000004228,5.868653297424316,2.0361547470092773,1.7836
agm1000010546,5.805851459503174,2.4007153511047363,0.7557
agm1000003954,0.6415472030639648,1.9555928707122803,0.4832
agm1000004775,6.126283645629883,2.7344367504119873,1.2329
agm1000019166,4.560515403747559,1.999861478805542,2.6824
agm1000019300,4.849781513214111,2.4360368251800537,2.6302
agm1000018280,4.1687164306640625,2.1427900791168213,2.0182
agm1000000522,4.793891906738281,1.9542063474655151,2.5706
agm1000016176,4.611311912536621,2.2043590545654297,2.2312
agm1000008527,4.6197404861450195,1.97169029712677,2.1248
agm1000002256,4.585485458374023,2.789987802505493,1.9963
agm1000002535,0.4905235767364502,1.5991284847259521,0.5551
agm1000016356,3.399355411529541,1.707751750946045,2.0031
agm1000017263,3.557276964187622,1.6517443656921387,1.2983
agm1000015533,3.38991117477417,1.5919169187545776,1.5769000000000002
agm1000014105,3.81787371635437,1.3970400094985962,2.0044
agm1000012707,0.0782258510589599,1.0813632011413574,0.4078
agm1000016514,2.972449779510498,1.226721167564392,0.7228
agm1000018275,3.5547468662261963,1.221003532409668,1.3898
agm1000003000,3.3452024459838867,1.0668036937713623,1.1573
agm1000002721,3.5642707347869873,1.2166967391967773,1.5452
agm1000012690,3.8105483055114746,0.960320234298706,2.4641
agm1000007568,0.5765523910522461,0.6873018741607666,0.5184
agm1000017308,3.6813724040985103,0.2816809117794037,1.9852
agm1000005257,0.3431384563446045,0.4084976017475128,0.3555
agm1000000818,0.2768802642822265,0.42951056361198425,0.1507
agm1000010284,0.5800294876098633,0.014573067426681519,0.9376
agm1000004514,0.0963315963745117,1.6918601989746094,0.12
agm1000006648,0.0340256690979003,0.6756701469421387,0.2634
agm1000009360,0.0228071212768554,0.10782423615455627,0.0
agm1000010593,0.6023674011230469,0.07478280365467072,0.3632
agm1000005411,0.0003318786621093,0.0701080709695816,0.2579
agm1000017158,0.0535864830017089,0.015825659036636353,0.0307
agm1000004133,0.0064868927001953,0.013212770223617554,0.0
agm1000005430,0.0946927070617675,0.08116302639245987,0.0
agm1000017715,2.1693034172058105,0.02637694776058197,1.1703
agm1000015163,0.1722388267517089,0.010617941617965698,0.2043
agm1000019856,0.0053362846374511,0.020419538021087646,0.1129
agm1000014560,0.164867877960205,0.014967203140258789,0.166
agm1000018721,0.0019478797912597,0.013316303491592407,0.0
agm1000005984,0.0003972053527832,0.010263442993164062,0.0
agm1000001961,0.003979206085205,0.002316772937774658,0.0
agm1000006888,0.0005378723144531,0.07331416010856628,0.1426
agm1000004188,0.0248904228210449,0.07360419631004333,0.0
agm1000001683,0.0832014083862304,0.29204699397087097,0.0
agm1000014552,2.583179473876953,0.055260904133319855,0.5031
agm1000005160,0.125450849533081,0.48742327094078064,0.2786
agm1000012845,2.384185791015625e-06,0.19637179374694824,1.0654
agm1000015648,5.330559730529785,2.2798032760620117,3.5036
agm1000017437,0.0908484458923339,0.0829402506351471,0.2636
agm1000006560,0.0011146068572998,0.4579785168170929,0.6356
agm1000017728,7.3253278732299805,4.2924017906188965,5.0679
agm1000014792,5.21225643157959,0.1838131844997406,1.5606
agm1000006418,0.0028269290924072,0.008381873369216919,0.0
agm1000000397,9.5367431640625e-06,-0.01232573390007019,0.9314
agm1000015270,1.9004154205322263,0.06050713360309601,0.0224
agm1000020008,0.0123872756958007,0.10834658145904541,0.0
agm1000018676,0.0659551620483398,0.03179043531417847,0.0
agm1000011174,0.0022592544555664,-0.012990623712539673,0.0
agm1000016076,0.1902914047241211,0.06995174288749695,0.0
agm1000015826,0.0063452720642089,0.034167587757110596,0.0734
agm1000003067,0.0071296691894531,0.06980345398187637,0.0
agm1000006267,0.0016756057739257,0.7403886318206787,0.0849
agm1000001812,0.0472044944763183,0.03566013276576996,0.0
agm1000010366,0.0010457038879394,0.3530121147632599,0.0
agm1000007701,4.749496936798096,0.369685560464859,3.6332
agm1000004242,4.632136821746826,2.2589685916900635,2.5816
agm1000010449,3.8033485412597656,2.015080213546753,0.8424
agm1000017568,0.0031943321228027,0.011435732245445251,0.0
agm1000019782,0.0479145050048828,0.008345440030097961,0.0442
agm1000018069,0.0037779808044433,0.023568853735923767,0.1888
agm1000017118,0.0087108612060546,0.02131424844264984,0.2127
agm1000011926,0.2790670394897461,0.026848457753658295,0.2721
agm1000013067,0.0739064216613769,0.0371415913105011,0.0
agm1000004897,0.1197123527526855,-0.0040238648653030396,0.0
agm1000008099,0.0039300918579101,0.01663820445537567,0.0
agm1000000454,0.0094337463378906,0.07512485235929489,0.2874
agm1000007980,0.005225658416748,0.35974863171577454,0.0814
agm1000001038,0.1485161781311035,0.29657310247421265,0.0
agm1000004684,0.1863431930541992,0.7647430896759033,0.0268
agm1000000235,2.850066661834717,1.4235103130340576,1.1229
agm1000003989,1.4929003715515137,0.12546242773532867,0.7654000000000001
agm1000013377,0.0637025833129882,0.09607374668121338,0.0
agm1000001094,2.165465831756592,1.7487645149230957,0.9392
agm1000002315,0.40924072265625,0.6199522018432617,0.3164
agm1000002936,0.0567412376403808,-0.022724300622940063,0.0
agm1000001880,1.529592990875244,1.07804536819458,0.5861000000000001
agm1000008174,0.0462279319763183,0.19325706362724304,0.1645
agm1000000751,0.1405620574951172,0.9316706657409668,1.0063
agm1000017135,0.1961398124694824,0.019883304834365845,0.4547
agm1000007159,0.2315998077392578,0.09337280690670013,0.0
agm1000017015,0.0056805610656738,0.018161796033382416,0.0
agm1000005142,0.0359339714050293,0.01987939327955246,0.0
agm1000000180,0.318702220916748,-0.044015854597091675,0.0
agm1000012076,0.0670866966247558,-0.0042353346943855286,0.0714
agm1000008971,0.0596261024475097,-0.016088493168354034,0.0
agm1000009602,0.0228185653686523,-0.008572224527597427,0.0
agm1000015741,0.0203385353088378,-0.0015221312642097473,0.0
agm1000019431,0.0055813789367675,0.005380667746067047,0.0
agm1000000209,0.0307512283325195,0.12530598044395447,0.0
agm1000001692,0.0322036743164062,-0.00564068928360939,0.2994
agm1000010512,0.0031695365905761,0.0014382600784301758,0.2417
agm1000000699,0.0126781463623046,-0.005532462149858475,0.0
agm1000006011,0.0041103363037109,0.006966441869735718,0.0738
agm1000006122,0.0221076011657714,0.017713017761707306,0.1939
agm1000003625,0.022778034210205,-0.010477691888809204,0.1359
agm1000015705,0.0032238960266113,-0.0217197984457016,0.0
agm1000015145,0.1308531761169433,-0.00686287134885788,0.0
agm1000005622,0.0102996826171875,-0.01375548541545868,0.0
agm1000011435,0.0050420761108398,-0.016416817903518677,0.0
agm1000016654,0.0043449401855468,0.016228120774030685,0.0
agm1000018724,0.0525598526000976,-0.016907639801502228,0.2447
agm1000005831,0.1780862808227539,-0.005859293043613434,0.0
agm1000009442,0.0117726325988769,0.0028309673070907593,0.0
agm1000014433,0.2181234359741211,-0.021934762597084045,0.0067
agm1000012655,0.2639727592468261,0.0003309398889541626,0.6692
agm1000001882,0.1043539047241211,0.07177426666021347,0.0
agm1000002123,0.097292423248291,0.08101077377796173,0.0
agm1000011076,0.0123758316040039,0.04650714993476868,0.0
agm1000000580,0.2347283363342285,0.43914011120796204,0.6548
agm1000016985,0.0002470016479492,0.017776012420654297,0.5349
agm1000009183,0.3518614768981933,0.04786556959152222,0.0
agm1000006423,0.0208072662353515,0.07395708560943604,0.1136
agm1000002182,0.0523948669433593,0.051838696002960205,0.0
agm1000015117,0.0182151794433593,0.06486883759498596,0.0
agm1000013802,0.7016677856445312,0.31199178099632263,0.1209
agm1000004999,0.0004985332489013,0.30256015062332153,0.0
agm1000019251,0.0005750656127929,0.41568729281425476,1.5737
agm1000007857,0.0148401260375976,0.15274810791015625,1.8049
agm1000002017,0.000746726989746,0.7452466487884521,1.0287
agm1000012195,0.109621524810791,0.8094351291656494,2.6148
agm1000013648,0.0054507255554199,1.6801726818084717,2.1431
agm1000019754,0.002425193786621,1.7875525951385498,1.977
agm1000018443,0.0016179084777832,0.050632327795028687,0.0908
agm1000012563,0.0909419059753418,0.008512049913406372,0.0
agm1000003335,0.1076025962829589,0.0034826993942260742,0.3402
agm1000002522,0.2428131103515625,0.12120714783668518,0.0
agm1000010223,0.0001087188720703,0.12743133306503296,0.0
agm1000011222,0.0299420356750488,0.37019115686416626,0.0741
agm1000019671,0.0309748649597167,0.0027229078114032745,0.0
agm1000015397,0.0070219039916992,0.0291580930352211,0.0
agm1000010214,0.0045485496520996,0.018345467746257782,0.0
agm1000001677,0.0030741691589355,0.0011619552969932556,0.0
agm1000015822,0.6788253784179688,0.03296130895614624,0.4016
agm1000013058,0.0412654876708984,0.0021082013845443726,0.0
agm1000009143,0.0011968612670898,0.031065022572875023,0.0
agm1000000080,0.0764937400817871,0.07921762019395828,0.0
agm1000019372,0.0089569091796875,0.07248428463935852,0.5295
agm1000011672,0.0016732215881347,0.0757700502872467,0.4154
agm1000012024,0.0216641426086425,0.05527721345424652,0.5505
agm1000018034,0.0005812644958496,0.06407647579908371,0.841
agm1000018078,0.0071091651916503,0.08865015208721161,0.9823
agm1000013936,0.0014796257019042,0.05543883889913559,1.1686
agm1000001843,0.0005898475646972,0.09869804978370667,0.4936
agm1000001956,0.034583568572998,0.37887367606163025,0.0
agm1000006849,0.002730369567871,0.3469913899898529,1.0699
agm1000010569,0.0062904357910156,0.8868803977966309,1.4257
agm1000000973,4.302116870880127,1.3220081329345703,1.4653
agm1000017988,0.0211586952209472,-0.004679400473833084,0.0167
agm1000019951,0.0254392623901367,-0.0015273690223693848,0.0
agm1000016899,0.0056009292602539,0.01528642326593399,0.0444
agm1000012029,0.2576313018798828,0.007809694856405258,0.4047
agm1000012865,0.011397361755371,0.004848375916481018,0.0
agm1000003073,0.032970905303955,0.005807161331176758,0.0
agm1000005407,0.0037612915039062,0.0107782743871212,0.0
agm1000000626,0.0220866203308105,-0.02053122967481613,0.0
agm1000008754,0.0355892181396484,0.028615092858672142,0.0
agm1000016640,0.0085725784301757,0.017915993928909302,0.0
agm1000019870,0.0353674888610839,0.008294254541397095,0.0
agm1000019873,0.0453748703002929,0.008936583995819092,0.0
agm1000005945,0.0649585723876953,-0.004371330142021179,0.0
agm1000013011,0.0422205924987793,0.01568058878183365,0.0
agm1000006009,0.0089979171752929,0.04369714856147766,0.0
agm1000009980,0.0133442878723144,-0.009900353848934174,0.0
agm1000003423,0.0022411346435546,0.007425926625728607,0.463
agm1000012767,0.0655546188354492,0.08702875673770905,0.0007
agm1000009670,6.580352783203125e-05,0.04096334055066109,0.0
agm1000000926,0.0725369453430175,0.02171625941991806,0.0
agm1000013487,0.0876665115356445,-0.01491294801235199,0.0306
agm1000006706,3.814697265625e-06,0.011793673038482666,0.0
agm1000009313,0.0013737678527832,0.011536262929439545,0.0
agm1000016817,0.0066123008728027,0.01859903335571289,0.0
agm1000003291,0.0247516632080078,0.024289436638355255,0.0
agm1000011952,7.915496826171875e-05,0.050150565803050995,0.0
agm1000000105,0.0004553794860839,-0.04408828169107437,0.2863
agm1000004287,0.0028982162475585,0.5040358901023865,0.3785
agm1000002560,0.0065393447875976,0.07051052153110504,0.0034
agm1000013623,0.0003728866577148,0.04085512459278107,0.0
agm1000008909,0.0378241539001464,-0.0006490647792816162,0.184
agm1000005712,0.1881923675537109,0.03133031725883484,0.2836
agm1000000517,0.0018191337585449,0.30899474024772644,0.7083
agm1000015680,0.0512886047363281,-0.03045249730348587,0.0
agm1000011904,0.0213427543640136,-0.006869364529848099,0.0
agm1000018483,0.0080060958862304,0.0021628253161907196,0.133
agm1000016115,0.0282130241394042,-0.03382883220911026,0.0
agm1000001684,0.0036869049072265,0.013173948973417282,0.0
agm1000014225,0.0188479423522949,-0.07835763692855835,0.0
agm1000012754,0.0266280174255371,-0.04371228814125061,0.2924
agm1000003118,0.018648624420166,0.0060968101024627686,0.0
agm1000006866,2.002716064453125e-05,-0.009209759533405304,0.2517
agm1000002104,0.0392789840698242,-0.019665174186229706,0.0
agm1000010657,0.0080881118774414,0.02764466404914856,0.0
agm1000004589,0.0532431602478027,-0.017881296575069427,0.0
agm1000018833,5.648449897766113,3.3411483764648438,2.4223
agm1000007147,5.1122846603393555,3.02069091796875,1.9802
agm1000004818,0.7869107723236084,2.9142181873321533,0.9212
agm1000009433,3.399898052215576,2.0094735622406006,1.6198
agm1000007541,4.133759021759033,2.1905150413513184,2.5753
agm1000003159,1.0336949825286863,1.0041769742965698,1.0266
agm1000002124,0.1795270442962646,0.1789340227842331,0.3299
agm1000019875,0.0283460617065429,0.1849682778120041,0.3898
agm1000004004,0.1941299438476562,0.08120153844356537,0.3275
agm1000017484,1.7268316745758057,0.04148833453655243,0.4217
agm1000011925,2.070683002471924,0.08741424232721329,0.8788
agm1000011744,2.0406293869018555,0.03322310000658035,1.3141
agm1000014177,2.5752034187316895,0.09620621055364609,1.4533
agm1000008722,0.2731635570526123,0.038662977516651154,0.0
agm1000001565,1.8102076053619385,0.03594513237476349,0.1602
agm1000017823,1.917027473449707,0.12136198580265045,0.4115
agm1000017559,5.245182037353516,3.4887900352478027,3.7856
agm1000009072,5.922929286956787,4.195007801055908,4.3431
agm1000000739,5.693582534790039,3.7575535774230957,4.0031
agm1000015430,8.205635070800781,6.255867004394531,6.6462
agm1000009911,9.11078929901123,6.262052059173584,6.877
agm1000020060,3.668088912963867,2.1246755123138428,2.0951
agm1000018872,4.2422332763671875,2.328512668609619,2.7438
agm1000009475,3.944139242172241,2.1750268936157227,2.4473000000000003
agm1000012460,3.6140565872192383,0.2521756887435913,0.9148
agm1000017255,3.221510887145996,0.5507521629333496,0.5208
agm1000016037,2.9340696334838867,0.3259977400302887,0.0
agm1000015474,3.0150961875915527,0.35217931866645813,0.0
agm1000013638,0.0265274047851562,0.026386365294456482,0.0
agm1000008399,2.9137001037597656,0.20945754647254944,0.0996
agm1000001919,0.2189612388610839,0.0799044817686081,0.0
agm1000001666,2.3498177528381348,0.24303121864795685,0.0
agm1000019292,2.137280225753784,0.32763221859931946,0.524
agm1000011862,2.7709333896636963,0.35864415764808655,0.9881
agm1000013046,2.356417417526245,0.4160008728504181,0.7207
agm1000018332,0.1092517375946044,0.27133363485336304,0.2341
agm1000010052,2.3562331199645996,0.2606545686721802,1.3402
agm1000013657,0.0135748386383056,0.10261498391628265,0.0
agm1000008236,0.0206446647644042,0.13013729453086853,0.0
agm1000006999,2.3388874530792236,0.23127561807632446,0.1759
agm1000004835,0.7358970642089844,0.22024890780448914,0.0
agm1000003894,0.2490909099578857,0.020309146493673325,0.606
agm1000003028,0.2884156703948974,0.028736799955368042,0.1012
agm1000005665,0.0517716407775878,0.03810613602399826,0.0
agm1000004636,0.3735125064849853,0.8363920450210571,0.0
agm1000001884,6.150200366973877,3.8043007850646973,4.4437
agm1000018447,5.792068004608154,3.3943424224853516,3.9657
agm1000001592,6.045775890350342,3.896329402923584,3.0697
agm1000003605,8.0828218460083,3.495932102203369,4.3983
agm1000018983,4.378187656402588,3.5518112182617188,2.7726
agm1000005717,7.639708518981934,3.3793153762817383,3.3428
agm1000009793,4.525750160217285,1.9970946311950684,3.7505
agm1000013907,5.723550796508789,2.348743200302124,3.4958
agm1000018555,4.843595027923584,0.11850348114967346,1.7339
agm1000009092,4.975041389465332,0.8306243419647217,1.9867
agm1000010441,4.965029716491699,0.4538451135158539,1.6497000000000002
agm1000011049,4.2618303298950195,1.2496581077575684,1.6138
agm1000011860,7.4645304679870605,1.4117717742919922,3.2076
agm1000004727,6.976719856262207,1.3212494850158691,2.6887
agm1000000423,1.7396888732910156,0.4043836295604706,0.0099
agm1000017977,5.3736114501953125,1.4945363998413086,0.9158
agm1000008982,1.8077397346496584,0.05104838311672211,0.0
agm1000011959,4.117605686187744,1.8650801181793213,2.7724
agm1000013445,3.5353012084960938,1.8627216815948486,2.6046
agm1000011705,3.967078924179077,2.010802984237671,2.4465
agm1000013009,3.6051785945892334,-0.03240267187356949,3.0134
agm1000010697,3.4801197052001953,0.6375036239624023,1.88
agm1000009518,3.0364813804626465,0.052214570343494415,2.4369
agm1000001000,2.8758740425109863,0.048597902059555054,1.1497
agm1000012958,3.786579608917236,1.6916396617889404,1.6840000000000002
agm1000017374,1.4816572666168213,0.11876904219388962,1.3394
agm1000011526,0.3192586898803711,0.03289186954498291,0.0
agm1000005402,2.595739364624023,2.0599002838134766,0.5598000000000001
agm1000016784,3.4221384525299072,1.6254823207855225,1.9459
agm1000014328,3.110677480697632,1.2739982604980469,2.0873
agm1000012640,4.014236927032471,1.2913854122161865,2.3374
agm1000016510,1.3367555141448977,0.34788748621940613,1.1171
agm1000008609,0.4742860794067383,0.3301725685596466,0.0
agm1000006733,2.4605424404144287,0.23853707313537598,2.1563
agm1000010032,0.1563940048217773,-0.01255914568901062,0.0
agm1000000484,0.0092678070068359,0.7851302623748779,0.0
agm1000017848,3.168438673019409,1.1400803327560425,2.0448
agm1000015773,2.9372730255126953,1.1610095500946045,2.2416
agm1000012726,2.4467570781707764,1.0210111141204834,1.8371
agm1000016429,0.0154581069946289,0.7400442361831665,0.0
agm1000013580,3.317054271697998,0.635151743888855,2.102
agm1000000943,0.1864643096923828,0.3068492114543915,0.0
agm1000003511,0.2982110977172851,0.03899918496608734,0.0
agm1000017356,1.7318861484527588,0.5274157524108887,0.1516
agm1000001392,0.0007505416870117,0.6873475313186646,0.0
agm1000017868,0.0211663246154785,0.03324892371892929,0.0
agm1000015254,3.887754201889038,0.5915201902389526,1.2478
agm1000002826,5.774260520935059,3.537252902984619,4.5936
agm1000017667,8.9851655960083,4.963449954986572,6.6477
agm1000011235,6.324152946472168,3.6401662826538086,2.9083
agm1000011599,2.73459792137146,0.1616678535938263,0.4863
agm1000001948,5.61522912979126,2.7865166664123535,3.9134
agm1000010176,4.783184051513672,1.658697485923767,1.9663
agm1000005974,5.119112014770508,3.277864933013916,1.6494
agm1000006551,2.6820428371429443,1.1599340438842773,0.8341000000000001
agm1000007089,3.249194860458374,1.8326351642608643,1.8618
agm1000003460,3.1701691150665283,2.097926139831543,1.2189
agm1000006359,1.664681911468506,0.3844090700149536,0.3692
agm1000002211,2.99363112449646,1.116824984550476,0.9955
agm1000016855,1.7569499015808103,0.07501691579818726,0.6493
agm1000009446,0.0843214988708496,0.037875041365623474,0.0766
agm1000018979,1.1778979301452637,0.08021113276481628,1.071
agm1000019896,0.0332159996032714,-0.0031852200627326965,0.0506
agm1000008052,1.3039603233337402,0.0233486145734787,0.9929
agm1000009402,0.1483731269836425,-0.021112516522407532,0.0
agm1000001898,0.8366484642028809,0.010270334780216217,0.0
agm1000019741,0.6908717155456543,0.08786827325820923,0.3706
agm1000001651,0.0120978355407714,0.19168716669082642,0.0
agm1000010432,1.8111143112182615,0.1068820208311081,0.8852000000000001
agm1000001920,0.3233082294464111,0.25957608222961426,0.2954
agm1000013169,2.771472454071045,0.7404897212982178,1.5116
agm1000019117,1.558750867843628,0.09287562966346741,2.2055
agm1000009694,1.8163652420043943,0.09763923287391663,0.6657000000000001
agm1000013396,0.085665225982666,0.013048678636550903,0.3019
agm1000013750,0.0580296516418457,0.28160691261291504,0.0
agm1000007198,0.0054359436035156,0.15030616521835327,0.1699
agm1000005667,2.387171745300293,0.0019444525241851807,1.4578
agm1000008245,0.3801524639129638,0.008335039019584656,0.2722
agm1000017256,0.5315117835998535,-0.0015850216150283813,0.6276
agm1000005207,0.3054616451263428,0.07228463888168335,0.0
agm1000008510,0.1265647411346435,0.00980326533317566,0.0
agm1000013605,0.3161745071411133,0.046969830989837646,0.1033
agm1000004253,0.4211058616638183,0.03625845909118652,0.4177
agm1000017192,0.4298977851867676,-0.0011448860168457031,0.4408
agm1000012433,0.9022247791290284,0.028169482946395874,0.0687
agm1000005935,0.0621943473815918,0.030765175819396973,0.0
agm1000005477,1.34914231300354,0.13007506728172302,0.4234
agm1000005722,0.0244979858398437,-0.006489887833595276,0.3133
agm1000004344,0.0951237678527832,0.48264312744140625,0.018
agm1000005797,0.0399949550628662,0.12045812606811523,0.0
agm1000018812,1.9349496364593504,0.167865589261055,0.7089000000000001
agm1000008459,0.0377306938171386,0.1342766284942627,0.0
agm1000001116,0.6499438285827637,0.06256017088890076,0.8882
agm1000014278,0.0641536712646484,0.03769892454147339,0.0
agm1000001685,0.0866093635559082,0.06550535559654236,0.1215
agm1000000596,0.1381692886352539,0.05156928300857544,0.2171
agm1000007256,0.0637178421020507,0.28250861167907715,0.3622
agm1000013567,0.199902057647705,0.05458369851112366,0.0
agm1000013806,3.0392112731933594,0.5626872777938843,2.4873
agm1000000224,1.6360578536987305,0.6962271928787231,0.5728
agm1000018047,2.7996997833251953,0.7177815437316895,2.3104
agm1000015960,3.5884294509887695,1.1342191696166992,2.6373
agm1000007903,3.679500579833984,0.6871713399887085,3.4504
agm1000010605,2.4734907150268555,0.3133459985256195,2.0859
agm1000000932,4.248650550842285,0.8535524606704712,3.1666
agm1000004499,1.1320428848266602,0.590003252029419,1.1516
agm1000000890,3.2120447158813477,1.4479905366897583,0.962
agm1000018393,3.1250295639038086,0.24215425550937653,0.3881
agm1000005713,0.1274728775024414,0.34534117579460144,0.0
agm1000012819,1.29685640335083,0.1556476652622223,0.0
agm1000014962,2.0083494186401367,0.4979894757270813,1.3507
agm1000019573,2.138148784637451,0.22584353387355804,1.2139
agm1000015182,1.9254393577575684,0.114015132188797,1.1516
agm1000010793,3.1298749446868896,0.005162745714187622,2.1736
agm1000014385,1.9734067916870115,0.6162114143371582,1.724
agm1000018463,4.208393096923828,0.8386168479919434,2.9001
agm1000015778,2.091022491455078,0.8090041875839233,1.9457
agm1000000342,1.7684521675109863,0.5680974721908569,1.1186
agm1000019010,2.461753845214844,0.19177356362342834,0.7631
agm1000019130,0.0007896423339843,0.14154058694839478,0.7692
agm1000015756,0.0494771003723144,0.06576748192310333,0.784
agm1000018702,2.7388458251953125,0.7934013605117798,1.9017
agm1000015903,3.571774959564209,0.7001451253890991,2.5889
agm1000017661,2.8840274810791016,0.6241672039031982,2.0042
agm1000002311,3.1812849044799805,0.1824152171611786,3.4775
agm1000001902,1.0654561519622805,0.198407381772995,0.947
agm1000012698,3.749609470367432,1.1849639415740967,2.7203
agm1000009796,3.477133274078369,0.8308215141296387,2.0812
agm1000005096,0.3382813930511474,-0.0372018963098526,0.0
agm1000000492,0.7833318710327148,0.13491880893707275,0.0
agm1000003780,0.0180869102478027,0.14133316278457642,0.0
agm1000003391,1.7533154487609863,0.35088565945625305,1.6521
agm1000013704,0.5282154083251953,0.067223459482193,0.0
agm1000001756,0.2564678192138672,0.04413941502571106,0.5841000000000001
agm1000004561,0.1147031784057617,0.13328617811203003,0.1661
agm1000018312,0.0057401657104492,0.028552979230880737,0.0
agm1000014094,0.1019558906555175,0.010249495506286621,0.0
agm1000002207,0.0632500648498535,0.014509767293930054,0.0
agm1000015752,0.0142450332641601,0.023705273866653442,0.0
agm1000001497,0.0521187782287597,0.2872495651245117,0.5151
agm1000018102,0.7920012474060059,0.5991601943969727,0.7407
agm1000019733,0.631441593170166,0.5965076684951782,0.5984
agm1000012255,0.0036807060241699,0.517042338848114,0.0
agm1000000907,1.1086328029632568,0.6694023609161377,0.9283
agm1000015143,1.2900469303131104,0.4269506633281708,0.7421
agm1000007496,0.0954818725585937,0.25303390622138977,0.1838
agm1000008346,0.4007923603057861,0.5531749725341797,0.295
agm1000007109,0.0421786308288574,0.4780643880367279,0.3598
agm1000001293,0.5392670631408691,0.1733972728252411,0.0
agm1000007722,1.2557330131530762,0.0022776126861572266,0.3185
agm1000019532,8.21541690826416,2.9335155487060547,3.898
agm1000004569,7.263312339782715,1.2361069917678833,3.6192
agm1000000102,1.6884384155273438,0.1423695683479309,1.6963
agm1000019499,2.9492831230163574,1.8544038534164429,2.0498
agm1000004464,2.1043777465820312,0.23276755213737488,1.8735
agm1000009501,4.372771263122559,1.6741182804107666,3.0092
agm1000005099,0.511509895324707,0.7291501760482788,0.6396000000000001
agm1000018534,3.37235689163208,1.323656678199768,1.7683
agm1000005393,2.518749475479126,1.4134857654571533,1.1549
agm1000007565,0.2012763023376464,0.11694881319999695,0.0
agm1000013033,1.6894094944000244,1.3920398950576782,0.8813000000000001
agm1000014456,0.0435330867767334,0.31372132897377014,0.0
agm1000014082,2.3793394565582275,1.2362275123596191,1.8941
agm1000018689,1.5904176235198977,0.49314093589782715,1.0119
agm1000000625,1.2649168968200684,0.32856613397598267,0.8126
agm1000008601,0.0230240821838378,0.11043980717658997,0.0
agm1000006637,0.0561757087707519,0.35198739171028137,0.2433
agm1000012783,0.2797665596008301,0.12457427382469177,0.0
agm1000014971,0.762321949005127,1.243853211402893,0.0982
agm1000005819,2.2724175453186035,3.104144811630249,0.6475000000000001
agm1000009472,7.219882488250732,4.30335807800293,5.422
agm1000003432,5.07258415222168,3.1983180046081543,0.1367
agm1000012467,15.038286209106444,6.286089897155762,7.0962
agm1000003113,13.613943099975586,5.644786357879639,6.2656
agm1000015545,10.262533187866213,6.390456199645996,6.2488
agm1000013803,5.195547580718994,2.6249308586120605,3.6777
agm1000003854,3.2340283393859863,2.572327136993408,0.9334
agm1000018850,4.074242115020752,2.8813865184783936,2.3484
agm1000019936,1.0275611877441406,0.4775674045085907,0.9422
agm1000006181,3.844830513000488,3.063814163208008,2.7129000000000003
agm1000011358,3.065744161605835,0.560537576675415,0.8594
agm1000016309,1.9186739921569824,0.4578920900821686,0.8391000000000001
agm1000016178,5.434670448303223,3.0557861328125,2.5014000000000003
agm1000014241,4.806966781616211,2.823359489440918,2.4006
agm1000002332,0.0005650520324707,0.2133094072341919,0.0
agm1000006142,0.4837169647216797,0.23804014921188354,0.255
agm1000015575,1.6682987213134766,0.08213070034980774,0.4793
agm1000015711,2.7718353271484375,1.654592752456665,2.029
agm1000019424,2.1367177963256836,1.276432752609253,0.7363000000000001
agm1000018135,1.1861097812652588,0.7307556867599487,0.7048
agm1000009425,1.9700722694396973,1.497793436050415,1.0753
agm1000011667,0.0014252662658691,0.33504369854927063,0.0
agm1000018697,0.1981956958770752,0.4808973968029022,0.1302
agm1000015184,0.0330212116241455,0.20841102302074432,0.0
agm1000003689,0.6101603507995605,0.4423758387565613,0.0
agm1000015871,3.1089322566986084,1.233364462852478,2.2119
agm1000003006,0.8984811305999756,0.7234854698181152,0.499
agm1000009696,3.009795665740967,1.667731761932373,0.9171
agm1000002359,4.877820014953613,4.97851037979126,4.1154
agm1000019637,2.942793846130371,0.7456653118133545,2.5431
agm1000010417,0.9841575622558594,2.2736921310424805,0.0
agm1000013140,4.2777018547058105,2.4749748706817627,3.2957
agm1000002433,0.0977697372436523,2.4226126670837402,0.2553
agm1000000205,0.9044005870819092,1.4562071561813354,1.526
agm1000008192,2.2823233604431152,1.7642152309417725,1.2508
agm1000012969,0.0504531860351562,0.13458411395549774,0.0
agm1000000744,1.775784969329834,0.7960489988327026,1.8048
agm1000019635,0.0012233257293701,0.1719096302986145,0.1446
agm1000004848,0.3728747367858886,0.1047322154045105,0.0
agm1000000365,0.0378553867340087,0.218690425157547,0.0
agm1000000125,3.96204686164856,0.23324550688266754,0.2954
agm1000000809,2.3505771160125732,0.8081579208374023,0.2728
agm1000000533,5.263016700744629,3.5005767345428467,3.4545
agm1000002003,5.475139617919922,4.522829532623291,3.3685
agm1000002305,5.915591239929199,4.999612808227539,3.813
agm1000009262,8.735672950744629,5.200265407562256,5.7679
agm1000000349,8.733636856079102,5.5731964111328125,4.6614
agm1000019890,4.4500732421875,3.0775957107543945,3.7574
agm1000017168,4.593534469604492,2.702695846557617,4.0182
agm1000000886,4.686963081359863,2.8171474933624268,2.9425
agm1000009834,4.922820091247559,1.9665026664733887,1.7092
agm1000016449,1.148097038269043,1.8134249448776245,0.5602
agm1000012124,6.298502445220947,1.2381386756896973,1.7351
agm1000016958,5.458841800689697,1.9569742679595947,1.3828
agm1000015966,5.062098026275635,1.7580599784851074,1.6786
agm1000012773,6.0716681480407715,1.8214137554168701,1.0697
agm1000003138,6.3538713455200195,1.6774358749389648,1.3148
agm1000009748,6.202646255493164,1.8365472555160522,0.1344
agm1000004544,0.5930345058441162,1.5795238018035889,0.4902
agm1000001397,4.333878517150879,1.996506690979004,2.6173
agm1000019413,3.9656383991241455,1.9343634843826294,1.7431
agm1000011650,3.5550014972686768,1.929208755493164,1.0362
agm1000004365,3.933552265167236,2.0452191829681396,1.5949
agm1000007257,4.446482181549072,1.963001012802124,1.7828
agm1000012734,4.375741481781006,2.12667179107666,1.6672
agm1000001382,0.612738847732544,1.3079220056533813,0.3817
agm1000001559,2.1996991634368896,1.1027213335037231,1.6343
agm1000003586,1.0290379524230957,1.2047743797302246,0.4924
agm1000018658,1.5554711818695068,1.3048650026321411,1.0772
agm1000001226,0.1846733093261718,1.3881765604019165,0.0
agm1000000061,0.3517930507659912,0.7032380104064941,0.0327
agm1000016682,3.4124293327331543,1.5930923223495483,1.9365
agm1000013660,3.972513914108277,1.5734999179840088,2.1021
agm1000015971,3.987075328826904,1.6043806076049805,2.0568
agm1000013220,3.321202516555786,1.3697004318237305,0.9175
agm1000002666,3.881532907485962,1.1975903511047363,1.7051
agm1000007898,0.0455503463745117,0.7318040132522583,0.5118
agm1000019902,3.331432580947876,1.5728602409362793,2.1376
agm1000016384,2.8723843097686768,1.0713796615600586,1.8168
agm1000018652,3.136113166809082,1.6593073606491089,1.9096
agm1000015666,3.54076886177063,1.4126698970794678,2.4759
agm1000009221,3.607165098190307,1.2242258787155151,2.2068
agm1000007855,2.3923118114471436,0.9227720499038696,0.5
agm1000013880,3.211904287338257,0.009026557207107544,1.601
agm1000011086,5.097417831420898,2.894388198852539,3.9072
agm1000007553,5.981776237487793,3.906559944152832,4.8946000000000005
agm1000015577,5.999998092651367,3.4601988792419434,4.7169
agm1000016917,0.7400789260864258,0.845960259437561,0.6312
agm1000004139,0.0616765022277832,0.7890348434448242,0.4232
agm1000008128,4.030821800231934,1.8282244205474854,1.7535
agm1000002306,1.474496603012085,0.7149935960769653,0.1187
agm1000018363,1.6145551204681396,1.0475493669509888,1.0402
agm1000010455,3.843412160873413,1.2088820934295654,2.8065
agm1000004293,0.3706645965576172,0.9047274589538574,0.5248
agm1000010164,6.717126846313477,4.581247806549072,5.1271
agm1000017334,8.301836967468262,5.338718414306641,6.3431
agm1000003497,6.4847564697265625,6.121068954467773,4.3079
agm1000013116,5.484289646148682,3.621354341506958,4.827
agm1000000673,10.252355575561523,6.745532512664795,6.9863
agm1000014024,9.16596794128418,7.3518266677856445,7.3477
agm1000017137,5.292849540710449,3.8913021087646484,4.029
agm1000005616,4.538671016693115,3.225069761276245,2.4512
agm1000006184,5.604499340057373,3.878805160522461,4.365
agm1000014849,6.139725685119629,4.878899574279785,5.4842
agm1000009417,7.356820106506348,0.6566652059555054,5.1331
agm1000012650,7.341125011444092,4.193947792053223,5.5816
agm1000018358,7.299290657043457,2.9918501377105713,3.8938
agm1000014506,7.433753967285156,0.23959454894065857,5.1248
agm1000000474,7.434221267700195,1.7747478485107422,5.5218
agm1000011289,7.341893672943115,1.1068748235702515,4.4128
agm1000008917,3.2302892208099365,0.8534771203994751,1.3168
agm1000016413,5.341168403625488,2.5583689212799072,4.4053
agm1000018703,4.532024383544922,3.4876255989074707,3.3374
agm1000018100,4.447612762451172,2.7885022163391113,2.1599
agm1000012779,5.1865973472595215,2.8892083168029785,4.4827
agm1000015310,4.715478897094727,2.8534951210021973,2.7391
agm1000008587,4.811252117156982,3.185713291168213,4.0447
agm1000011584,3.9407401084899902,2.942457675933838,3.1603
agm1000003203,1.659304141998291,0.44630855321884155,1.2918
agm1000007345,0.4167251586914062,0.885764479637146,0.3071
agm1000000453,0.8272414207458496,2.573253631591797,0.0395
agm1000017754,3.129051446914673,2.3381175994873047,2.1857
agm1000017321,4.113469123840332,2.058717727661133,2.4889
agm1000009231,4.672745704650879,2.1668448448181152,4.0048
agm1000011542,3.8154568672180176,2.1665091514587402,2.2515
agm1000007302,4.069502830505371,2.1464922428131104,3.2311
agm1000016887,2.0926504135131836,1.6850314140319824,1.3469
agm1000002726,0.0198016166687011,0.15153031051158905,0.0
agm1000008991,0.0379071235656738,0.7144521474838257,0.0
agm1000011252,3.1212527751922607,1.4507724046707153,1.9922
agm1000000820,2.9588327407836914,1.5540270805358887,1.5247000000000002
agm1000000838,3.917901039123535,1.3418934345245361,3.1593
agm1000019823,1.1441545486450195,1.270956039428711,0.6389
agm1000017056,0.0847744941711425,0.8782612085342407,0.0
agm1000007941,2.720196485519409,1.2706291675567627,1.9557
agm1000011583,2.973970413208008,1.6697626113891602,0.6927
agm1000001004,0.0130836963653564,0.4872521460056305,0.0
agm1000018128,3.704854249954224,1.5405224561691284,2.6509
agm1000019353,10.72012424468994,7.125388145446777,8.5055
agm1000013854,10.795943260192873,6.775737762451172,8.6285
agm1000015665,3.885686874389648,1.7305606603622437,2.7865
agm1000013682,2.429844617843628,1.528786301612854,0.0
agm1000011988,3.705430746078491,3.6303560733795166,3.9672
agm1000012776,3.724209308624267,2.2593839168548584,3.9764
agm1000014316,4.351227760314941,3.5101306438446045,4.9954
agm1000014109,3.204803705215454,3.4124038219451904,3.509
agm1000005569,0.5973701477050781,1.9558086395263672,0.0
agm1000002291,0.1612358093261718,2.428410291671753,0.0
agm1000004020,0.0006484985351562,1.2454317808151245,0.0
agm1000009470,0.0051202774047851,1.473788857460022,0.0
agm1000012518,2.507394790649414,1.0547434091567993,1.2223
agm1000016725,1.7768566608428955,0.6424723863601685,1.27
agm1000006217,0.0032792091369628,0.4923466444015503,0.0
agm1000014119,2.0830211639404297,1.1732386350631714,1.1465
agm1000016622,1.7002010345458984,1.8951088190078735,2.014
agm1000015108,1.5663182735443115,1.5171706676483154,0.2999
agm1000009469,0.0200142860412597,0.7360068559646606,0.0
agm1000017064,0.3607745170593261,0.9622564315795898,0.6731
agm1000019691,2.4076311588287354,0.7688734531402588,0.9136
agm1000013060,1.7389771938323977,1.17151939868927,1.2369
agm1000001883,0.7967243194580078,2.177781105041504,1.0185
agm1000009232,1.9326512813568115,0.8776530027389526,0.0
agm1000003228,0.2049334049224853,0.33493897318840027,0.0
agm1000017325,3.272381544113159,1.02263343334198,0.0
agm1000009445,0.0173888206481933,0.569442868232727,0.2474
agm1000009405,0.0049614906311035,1.032366156578064,1.0044
agm1000003200,1.2339320182800293,0.8276060819625854,0.0
agm1000019793,7.463237285614014,4.737645149230957,4.5672
agm1000013138,7.470943450927734,3.492964744567871,4.8498
agm1000002584,7.693009376525879,4.6142659187316895,3.8091
agm1000018959,10.449801445007324,5.639235973358154,5.7556
agm1000006444,10.31838607788086,6.051650047302246,5.5148
agm1000004116,6.262246608734131,3.291792631149292,3.9857
agm1000006868,5.661569118499756,2.7791264057159424,3.7147
agm1000008569,5.48070764541626,2.9474294185638428,3.2233
agm1000019262,7.314808368682861,2.9917802810668945,2.2880000000000003
agm1000016450,5.053338050842285,2.578986406326294,0.5085000000000001
agm1000018860,6.950578689575195,2.220383405685425,1.5636
agm1000013278,7.09368896484375,2.279823064804077,2.0929
agm1000015306,6.210974216461182,2.3974509239196777,2.2989
agm1000010891,7.151676654815674,2.2228941917419434,1.8718
agm1000000436,6.81982946395874,2.4971115589141846,1.7422
agm1000013457,8.115050315856934,2.4618067741394043,1.4663
agm1000003259,6.276366233825684,2.7097458839416504,1.3224
agm1000009937,5.110004901885986,2.2394227981567383,3.312
agm1000015568,3.650121927261353,2.120748996734619,1.3346
agm1000002911,5.41448974609375,2.5408811569213867,2.9989
agm1000007531,4.1951446533203125,1.9984192848205566,2.3316
agm1000002108,5.485552787780762,2.936192035675049,2.6251
agm1000008249,5.081365585327148,2.764832019805908,2.5249
agm1000008928,0.1984007358551025,1.7015185356140137,0.0349
agm1000003187,1.9404520988464355,1.9132111072540283,0.2236
agm1000016294,4.240971565246582,1.7816838026046753,2.0942
agm1000012062,4.14362907409668,1.842381238937378,1.8651
agm1000015320,4.054182052612305,1.7898491621017456,1.6527
agm1000000136,4.846513748168945,1.7284839153289795,2.8054
agm1000000561,4.130475997924805,1.7203142642974854,1.9379
agm1000014101,5.234285831451416,2.243748664855957,2.4157
agm1000013953,4.081411361694336,1.8246736526489258,2.0905
agm1000012179,3.5609774589538574,1.171543836593628,2.4137
agm1000016481,3.152334213256836,1.1369118690490723,0.5088
agm1000018429,3.341116189956665,1.2739778757095337,2.4059
agm1000000601,3.924154758453369,1.4370553493499756,2.6327
agm1000014395,3.84232497215271,1.2914535999298096,2.0726
agm1000011034,3.8766062259674072,1.2818114757537842,2.6568
agm1000007577,4.022439002990723,1.3373922109603882,1.9071
agm1000017329,3.9423344135284424,1.2915925979614258,2.2492
agm1000007236,0.488173246383667,0.9033647775650024,0.0
agm1000015179,10.720748901367188,3.3175525665283203,4.6383
agm1000003070,4.11035680770874,1.085679292678833,0.0
agm1000006967,0.2362313270568847,0.046320706605911255,0.0
agm1000009940,0.050149917602539,0.08316600322723389,0.0
agm1000001367,1.815440654754639,0.14417687058448792,0.4821
agm1000019104,0.651207447052002,0.6659712791442871,0.4314
agm1000006000,2.1825668811798096,0.47660231590270996,0.1624
agm1000001357,4.5575408935546875,2.3906071186065674,2.1822
agm1000016844,7.4657087326049805,2.5382163524627686,4.2305
agm1000000081,6.640400409698486,2.8097827434539795,2.6458
agm1000010913,6.333146095275879,2.588639497756958,3.7754
agm1000013636,6.686176300048828,2.8937175273895264,3.7105
agm1000001074,5.196520805358887,2.1620163917541504,1.1895
agm1000008663,6.027298450469971,2.0886521339416504,2.8075
agm1000010638,4.555851459503174,1.9336605072021484,2.2733
agm1000000670,0.8663794994354248,-0.11837977170944214,0.0
agm1000017916,3.1494884490966797,0.4950011670589447,0.8083
agm1000018587,3.385416030883789,0.2334674745798111,0.8758
agm1000010723,3.345104694366455,0.010152444243431091,1.3301
agm1000014244,4.577332496643066,0.562170147895813,1.4705
agm1000013034,4.7508158683776855,0.6881943941116333,1.5717
agm1000007948,5.7658820152282715,1.146531343460083,2.2816
agm1000013479,5.601193428039551,1.3220791816711426,1.714
agm1000005874,0.0029559135437011,0.4280482232570648,0.0
agm1000004120,2.7918267250061035,0.6587816476821899,1.7517
agm1000007560,0.0011186599731445,0.2275751233100891,0.0
agm1000014404,3.416968822479248,1.517378330230713,2.0586
agm1000015186,3.900864839553833,1.4264369010925293,2.0888
agm1000007350,5.057473182678223,1.6039845943450928,2.8938
agm1000010800,4.115651607513428,1.3399522304534912,2.0188
agm1000016515,1.9336161613464355,0.6400431394577026,1.3002
agm1000016370,0.0260834693908691,0.6151365041732788,0.0
agm1000003608,2.69350004196167,0.551524817943573,1.648
agm1000002772,0.0232346057891845,0.02586115151643753,0.0
agm1000008126,0.6713242530822754,0.03403252363204956,0.0
agm1000019995,2.672994613647461,0.7035744190216064,1.577
agm1000018401,2.429304361343384,0.6197366714477539,1.6802
agm1000010101,3.979801177978515,0.8881531953811646,2.436
agm1000016795,0.0104680061340332,0.3385765254497528,0.0
agm1000002166,1.1842660903930664,1.062888503074646,0.4788
agm1000009356,1.3908884525299072,0.40006235241889954,0.2935
agm1000017283,2.6936159133911133,1.3200764656066895,0.3747
agm1000016354,2.8051915168762207,0.5059165954589844,1.6071
agm1000013846,3.25234317779541,0.7107971906661987,1.8567
agm1000018400,2.7249984741210938,0.30977222323417664,0.8765000000000001
agm1000012795,3.4178357124328613,0.23830851912498474,1.5283
agm1000019494,1.9997882843017576,0.5450167059898376,1.189
agm1000000560,0.0111670494079589,0.045725882053375244,0.0
agm1000010876,0.1827311515808105,0.28064239025115967,0.0
agm1000004232,0.2660267353057861,0.05876190960407257,0.6173000000000001
agm1000009397,2.150721788406372,0.5655286312103271,0.109
agm1000001795,9.18105697631836,5.218601226806641,0.0
agm1000011754,0.0345082283020019,0.27462464570999146,0.0
agm1000007426,9.674110412597656,4.23684024810791,7.1764
agm1000013196,9.489631652832031,4.901619911193848,7.065
agm1000001106,2.029921054840088,3.091925621032715,0.7786000000000001
agm1000002396,0.5079917907714844,0.19312377274036407,0.0
agm1000001326,0.0203080177307128,0.029159866273403168,0.0
agm1000006676,0.0666422843933105,0.00844891369342804,0.0
agm1000013666,0.0670514106750488,0.008859578520059586,0.0
agm1000000461,0.0030684471130371,0.021769441664218903,0.0
agm1000000611,0.4952759742736816,0.0036639682948589325,0.0
agm1000001538,0.0130434036254882,-0.007811605930328369,0.0
agm1000006983,0.0035738945007324,0.025656715035438538,0.0
agm1000002520,0.0779829025268554,0.0010413676500320435,0.3868
agm1000013454,0.0346078872680664,0.003606930375099182,0.0
agm1000005530,0.0691804885864257,0.0012445524334907532,0.0398
agm1000000177,0.0114021301269531,0.02171049267053604,0.0
agm1000002383,0.0276641845703125,-0.022689923644065857,0.0261
agm1000007683,0.136453628540039,0.02497328259050846,0.0
agm1000003233,0.0291328430175781,0.028630666434764862,0.0
agm1000012869,0.2183399200439453,0.07552047073841095,0.0
agm1000003584,0.1915044784545898,0.0364997498691082,0.0
agm1000007335,0.0046277046203613,0.0288286954164505,0.0
agm1000017172,0.0052485466003417,0.053765930235385895,0.0
agm1000013062,0.0410728454589843,0.020217567682266235,0.0
agm1000004748,0.0098109245300292,0.16308331489562988,0.2787
agm1000001487,0.0753884315490722,0.3599189519882202,0.2463
agm1000018408,0.0573096275329589,0.11724868416786194,0.3244
agm1000006722,0.0041184425354003,2.352372646331787,2.74
agm1000012889,0.0461630821228027,0.07718513906002045,2.7825
agm1000007194,0.0037522315979003,1.3872010707855225,0.1344
agm1000010419,0.0032815933227539,1.2929619550704956,2.1164
agm1000019427,1.6234993934631348,1.0204271078109741,1.6328
agm1000009273,0.0134010314941406,0.05424968898296356,0.0
agm1000001342,0.0010347366333007,0.11058549582958221,0.0
agm1000001859,0.5303888320922852,0.08633121848106384,0.5453
agm1000016726,0.0406522750854492,0.020168423652648926,0.0
agm1000012802,0.0848183631896972,-0.025158166885375977,0.0
agm1000014364,0.0945281982421875,-0.012964233756065369,0.0
agm1000004138,0.1237630844116211,0.021884791553020477,0.0
agm1000003127,0.1474571228027343,-0.008605897426605225,0.1891
agm1000007902,0.0985989570617675,0.20667764544487,0.0
agm1000001848,0.2387094497680664,0.04318312555551529,0.0
agm1000013217,0.0050182342529296,0.5059429407119751,0.7318
agm1000009662,0.0028276443481445,0.07614368200302124,1.198
agm1000011615,0.0076942443847656,0.0042531490325927734,0.0
agm1000015198,0.017160415649414,-0.006497010588645935,0.0
agm1000003149,0.2982344627380371,-0.014394983649253845,0.0
agm1000013167,0.0752162933349609,0.03403962403535843,0.0219
agm1000011441,0.0213208198547363,-0.006887421011924744,0.0
agm1000000792,0.0234417915344238,0.005176916718482971,0.0
agm1000002691,0.3282117843627929,-0.005890987813472748,0.0
agm1000005429,0.1735405921936035,0.02755340188741684,0.0
agm1000011238,0.3315653800964355,0.2924852669239044,0.0
agm1000006944,0.0012798309326171,0.04734795168042183,0.0
agm1000014201,0.0076899528503417,0.0466868132352829,0.0
agm1000006167,0.0806851387023925,0.014578059315681458,0.0
agm1000006469,0.0290746688842773,0.01604500412940979,0.0
agm1000006174,0.020547866821289,0.007920809090137482,0.0
agm1000013117,0.0012245178222656,0.040511369705200195,0.0
agm1000016827,0.0382466316223144,-0.0024652332067489624,0.0
agm1000011962,0.0574841499328613,0.014145240187644958,0.0444
agm1000011263,0.0082626342773437,0.032667629420757294,0.0
agm1000015983,0.0033841133117675,0.0022183358669281006,0.0
agm1000004244,0.0257635116577148,0.028201565146446228,0.0
agm1000008685,0.065889835357666,-0.025154486298561096,0.0
agm1000004431,0.3345594406127929,0.12731662392616272,0.0
agm1000018911,0.0209331512451171,0.06288284063339233,0.0
agm1000019111,0.0055203437805175,0.025395527482032776,0.0
agm1000003153,0.0281133651733398,0.001879855990409851,0.0
agm1000012662,0.0314822196960449,-0.03147823363542557,0.0
agm1000013833,0.0084719657897949,-0.0019363760948181152,0.0
agm1000000331,0.0688796043395996,0.04528062045574188,0.0328
agm1000005698,0.0553665161132812,0.02927662432193756,0.0
agm1000019123,0.0059216022491455,0.0021404772996902466,0.0
agm1000001496,0.0083334445953369,-0.008568070828914642,0.3718
agm1000001991,0.000748872756958,0.19080129265785217,0.7109000000000001
agm1000002886,0.0272440910339355,0.0022682994604110718,0.1472
agm1000008963,0.0767180919647216,0.029483124613761902,0.0224
agm1000010334,0.0010263919830322,0.06985513865947723,0.034
agm1000004839,0.1947016716003418,-0.007004335522651672,0.9215
agm1000010791,0.0136849880218505,0.015185389667749405,0.0
agm1000002878,0.2142553329467773,0.008110523223876953,0.1194
agm1000000845,0.1692354679107666,-0.02315865457057953,0.0
agm1000004202,0.0162281990051269,0.006376311182975769,0.0
agm1000012393,0.0136466026306152,0.008044634014368057,0.0798
agm1000000387,0.0404438972473144,0.0812060758471489,0.0
agm1000000429,0.0047485828399658,-0.008237302303314209,0.7542
agm1000010189,0.0039889812469482,0.005469493567943573,0.0309
agm1000008641,0.247699499130249,0.02263873815536499,0.1812
agm1000002592,0.008319616317749,0.05077236145734787,0.0
agm1000001869,0.1333463191986084,0.07409520447254181,0.0306
agm1000000895,0.0375628471374511,-0.02243361622095108,0.0
agm1000017914,0.0113239288330078,-0.003344625234603882,0.0
agm1000019692,0.1403193473815918,0.04168769717216492,0.1364
agm1000015013,0.0002710819244384,0.028032835572957993,0.0
agm1000016204,0.0014164447784423,0.029272593557834625,0.0
agm1000016750,0.0269381999969482,0.010781332850456238,0.0
agm1000012310,0.0225846767425537,0.009859099984169006,0.0
agm1000007768,0.0042507648468017,0.012106537818908691,0.0
agm1000012867,0.0029654502868652,-0.0029236525297164917,0.0
agm1000002708,0.0216774940490722,0.02007506787776947,0.0
agm1000005541,3.027915954589844e-05,-0.004426091909408569,0.0624
agm1000018415,0.2955517768859863,0.02747739851474762,0.3895
agm1000000587,0.0151124000549316,-0.011472165584564209,0.0
agm1000000462,0.0475654602050781,0.021394312381744385,0.0
agm1000000766,0.0409395694732666,-0.0010817348957061768,0.0
agm1000011758,0.0554397106170654,0.10972844064235687,0.0
agm1000000527,0.0080757141113281,0.12496733665466309,0.2603
agm1000013751,0.001164436340332,1.0600242614746094,0.0052
agm1000010044,0.0003150701522827,0.3577320873737335,0.0
agm1000011349,0.233424425125122,0.965785026550293,0.9149
agm1000011516,6.519185543060303,1.1512866020202637,0.0007
agm1000010119,0.0016257762908935,2.032254695892334,3.8326
agm1000005123,0.0752637386322021,2.108015537261963,2.3715
agm1000019930,0.0128254890441894,2.981678009033203,3.653
agm1000013227,0.0034815073013305,1.712937593460083,2.5915
agm1000018898,0.00154709815979,1.7808740139007568,1.6866
agm1000001225,0.3084738254547119,1.308236002922058,0.4227
agm1000017377,0.031761884689331,0.032417625188827515,0.366
agm1000000054,0.042579174041748,0.13140568137168884,0.0
agm1000008108,0.0003693103790283,0.2742226719856262,0.1313
agm1000018262,0.0012209415435791,0.32119226455688477,0.4713
agm1000002092,0.0004098415374755,0.6954482793807983,0.1438
agm1000003839,0.0027408599853515,0.14813338220119476,0.0
agm1000018796,0.0062708854675292,0.000491708517074585,0.0
agm1000019702,0.0227069854736328,0.009357258677482605,0.0611
agm1000013526,0.0080673694610595,0.015362605452537537,0.0
agm1000014418,0.0929441452026367,0.03482472896575928,0.2655
agm1000009245,0.0221281051635742,0.0060977935791015625,0.0
agm1000010135,0.002831220626831,0.11129173636436462,0.0
agm1000008830,0.0088748931884765,0.006565406918525696,0.1455
agm1000009995,0.0003519058227539,0.03852817416191101,0.2991
agm1000005125,0.0809235572814941,0.04799041152000427,0.0
agm1000006737,0.0146248340606689,0.02318824827671051,0.0
agm1000009807,4.178847789764404,0.11391450464725494,0.5932000000000001
agm1000002421,4.191261291503906,0.30691036581993103,0.3481
agm1000008905,0.0006477832794189,0.038835614919662476,0.0
agm1000016820,0.0011382102966308,0.21243618428707123,0.8086
agm1000006058,0.0900120735168457,0.043871067464351654,1.2164
agm1000009189,0.0064911842346191,0.009902507066726685,0.0
agm1000010462,0.00323486328125,0.007789880037307739,0.0
agm1000004237,0.0302305221557617,0.02698589116334915,1.1571
agm1000002904,0.0400471687316894,0.11261359602212906,0.0
agm1000006679,0.0221939086914062,0.3249417245388031,0.8878
agm1000018371,0.0001587867736816,0.25325626134872437,0.5833
agm1000004525,0.0040023326873779,0.13127394020557404,0.2301
agm1000017611,6.647733688354492,1.5704671144485474,1.7439
agm1000019952,0.0062465667724609,0.02111189067363739,0.0
agm1000019742,0.0099434852600097,-0.005820780992507935,0.0
agm1000011285,0.0001778602600097,0.008468803018331528,0.0
agm1000018334,0.0035951137542724,0.006784215569496155,0.0
agm1000012053,0.0036346912384033,0.05486377328634262,0.0
agm1000014057,0.0297663211822509,-0.0058028846979141235,0.0
agm1000013820,0.0002322196960449,0.014264553785324097,0.0
agm1000000853,0.0591859817504882,0.05202497914433479,0.0
agm1000009342,0.0001013278961181,0.009283766150474548,0.1981
agm1000002803,0.1808314323425293,0.005735024809837341,0.1228
agm1000010639,0.0177686214447021,0.011339094489812851,0.0
agm1000008545,0.0023791790008544,0.032899126410484314,0.043
agm1000001488,0.099963903427124,0.08296500146389008,0.0
agm1000017999,0.0014333724975585,0.01754988729953766,0.0
agm1000006502,0.0693788528442382,0.021910130977630615,0.1017
agm1000013333,0.1565437316894531,0.008021727204322815,0.0
agm1000014108,0.0002262592315673,0.023288875818252563,0.1867
agm1000015224,0.4070703983306885,-0.0003104880452156067,0.0
agm1000006567,0.0129809379577636,-0.007148817181587219,0.4045
agm1000002966,0.0321385860443115,0.22500808537006378,0.3759
agm1000003829,0.0180165767669677,0.013430267572402954,0.2901
agm1000001965,0.0366735458374023,0.007606834173202515,0.0
agm1000013379,0.0326631069183349,0.08099088072776794,0.2628
agm1000008408,0.4800844192504883,-0.027360737323760986,0.2999
agm1000010133,0.0057027339935302,0.04333174228668213,0.0
agm1000008003,0.2122479677200317,0.030114829540252686,0.361
agm1000003828,0.718548059463501,0.001695677638053894,0.0
agm1000004388,0.1276118755340576,0.054732441902160645,0.0
agm1000013283,0.1645703315734863,0.07178735733032227,0.0
agm1000001312,0.0488433837890625,0.011260971426963806,0.4196
agm1000007061,0.2733821868896484,0.06917373090982437,0.0
agm1000009943,0.00295090675354,0.04251697659492493,0.2911
agm1000017143,0.1443104743957519,0.013284966349601746,0.1211
agm1000013408,0.0032722949981689,0.013743162155151367,0.2039
agm1000006492,0.112067699432373,0.09599049389362335,0.1267
agm1000017976,0.6617410182952881,0.07338614761829376,0.0164
agm1000003254,0.0478253364562988,0.09287139773368835,0.1412
agm1000018636,0.0838618278503418,-0.004254564642906189,0.0
agm1000015528,0.0448775291442871,0.02715899795293808,0.1079
agm1000018182,0.0707595348358154,0.04104115441441536,0.1239
agm1000010611,0.1202356815338134,0.026719942688941956,0.0
agm1000002885,0.0445907115936279,0.057581543922424316,0.1765
agm1000008213,0.0383276939392089,0.01993483304977417,0.0
agm1000017373,3.0040740966796875e-05,0.20346054434776306,0.0
agm1000011467,0.0110731124877929,0.014531224966049194,0.0
agm1000016859,0.0714335441589355,0.007316619157791138,0.0315
agm1000005648,0.214785099029541,0.06386639922857285,0.0727
agm1000009306,0.2401490211486816,0.025790806859731674,0.0
agm1000006257,0.0134680271148681,0.01062660664319992,0.0
agm1000003874,4.8718132972717285,2.0576319694519043,3.4275
agm1000007835,5.087279796600342,2.2959299087524414,3.6695
agm1000003970,6.278268814086914,1.7565370798110962,0.6009
agm1000013504,5.079538345336914,2.6703991889953613,1.3473
agm1000010368,0.0322704315185546,1.7638490200042725,1.1394
agm1000001229,4.908289909362793,0.13950052857398987,0.9038
agm1000010466,4.379374027252197,0.6748496294021606,1.4994
agm1000019342,3.9754347801208496,-0.13615339994430542,0.0
agm1000016932,6.361913204193115,2.9868993759155273,3.9126
agm1000016567,6.657386779785156,4.445777416229248,4.2877
agm1000014338,6.654804229736328,4.58026123046875,4.1983
agm1000014172,6.932666778564453,4.96031379699707,4.3084
agm1000002612,6.833388805389404,4.56190824508667,3.2652
agm1000015877,8.350593566894531,4.614280700683594,4.2877
agm1000010915,9.492473602294922,4.865103721618652,4.0275
agm1000007019,9.548480987548828,5.363468170166016,3.9292
agm1000014175,9.453007698059082,5.365389823913574,3.6631
agm1000017030,5.183996200561523,3.496863842010498,3.294
agm1000001739,5.523974418640137,3.460456371307373,3.8899
agm1000009768,5.446902275085449,1.6870603561401367,3.6704
agm1000005600,5.360073089599609,2.7082202434539795,2.7345
agm1000013151,0.1803693771362304,0.23670309782028198,0.4738
agm1000003441,0.0868654251098632,0.0866960883140564,0.0
agm1000003493,0.0170497894287109,0.6718302965164185,0.0
agm1000002561,0.6068081855773926,0.02660822868347168,0.0
agm1000012928,0.3865880966186523,0.04526039958000183,0.227
agm1000001291,0.1705944538116455,0.1824018657207489,0.0
agm1000009173,1.126101016998291,0.007989346981048584,0.7796000000000001
agm1000013744,0.0489437580108642,0.07049384713172913,0.4843
agm1000009489,1.0821375846862793,0.06177161633968353,1.4661
agm1000002399,0.3211796283721924,0.14895835518836975,0.0
agm1000008697,0.1882777214050293,0.05931998789310455,0.0
agm1000009487,1.2544658184051514,-0.007388025522232056,1.1038
agm1000000284,0.4253678321838379,-0.011447817087173462,0.0
agm1000010152,0.149656057357788,0.0022799670696258545,0.3092
agm1000000417,0.046114444732666,0.006016969680786133,0.0
agm1000005009,0.0067341327667236,0.004263877868652344,0.0
agm1000002656,0.0024416446685791,0.018422037363052368,0.0
agm1000004295,0.0083703994750976,0.15500013530254364,0.0
agm1000003108,0.0230510234832763,0.4037412703037262,0.0
agm1000010823,1.56160306930542,0.03411266207695007,0.7072
agm1000002542,0.0253357887268066,0.007126510143280029,0.7143
agm1000010245,0.0165421962738037,0.01612135022878647,0.0
agm1000009152,0.0024452209472656,0.02750040963292122,0.0
agm1000008911,0.0178003311157226,0.058475710451602936,0.0
agm1000018230,0.0008516311645507,0.06489810347557068,0.0
agm1000001486,0.0823273658752441,0.008717924356460571,0.0
agm1000016831,0.0383028984069824,0.12203988432884216,0.0
agm1000006891,0.0044729709625244,0.10074803233146667,0.0
agm1000016882,0.0243902206420898,0.24098365008831024,0.0
agm1000012159,0.0190556049346923,0.3360993266105652,0.0
agm1000005313,0.0521025657653808,0.03514384478330612,0.0
agm1000013848,0.1897904872894287,0.050588689744472504,0.0
agm1000005418,0.1833600997924804,0.0819256454706192,0.0
agm1000013018,0.1236510276794433,0.01814514398574829,0.0
agm1000007031,0.0355072021484375,0.026287242770195007,0.4512
agm1000019392,0.0005750656127929,0.12352991104125977,0.0
agm1000000005,0.3137362003326416,0.22834481298923492,0.2096
agm1000003312,0.2330212593078613,0.008655920624732971,0.3212
agm1000004519,1.2089412212371826,0.1864861398935318,2.9619999999999997
agm1000013500,2.280184030532837,0.6415150165557861,1.9781
agm1000005701,0.020827293395996,0.015967391431331635,0.0
agm1000011924,1.366964340209961,1.2784228324890137,2.4421
agm1000003435,2.0296831130981445,1.2808477878570557,3.2426
agm1000018635,2.3584766387939453,0.7781490087509155,2.7249
agm1000002817,3.0268964767456055,0.5547342300415039,3.3806
agm1000013334,0.0930216312408447,0.392695814371109,1.295
agm1000018366,2.6475846767425537,0.7391873598098755,2.3795
agm1000012085,5.078315734863281e-05,0.09155133366584778,0.1081
agm1000011066,0.0258502960205078,0.0511367991566658,0.0
agm1000018296,0.9527275562286376,0.9744625091552734,1.1143
agm1000011939,0.834852933883667,0.9081975221633911,1.5455
agm1000018224,1.4271187782287598,1.2880232334136963,0.8091
agm1000014189,1.5649142265319824,0.33613261580467224,2.112
agm1000005599,3.191019058227539,0.21332111954689026,1.7385000000000002
agm1000013544,4.068800926208496,0.2072639912366867,2.1654
agm1000003275,0.3047606945037842,0.23992279171943665,0.273
agm1000012935,0.0181477069854736,0.06873469054698944,0.8282
agm1000001552,0.2321467399597168,0.2042846977710724,0.2088
agm1000016664,1.0171833038330078,0.9341155290603638,1.7103000000000002
agm1000003040,1.1692204475402832,1.187683343887329,1.9438
agm1000000823,1.8069062232971191,0.4802568256855011,2.7957
agm1000011933,0.5613970756530762,0.173028364777565,1.5589
agm1000014131,2.4342315196990967,0.7139006853103638,2.4158
agm1000012607,0.0140304565429687,0.36744531989097595,0.8200000000000001
agm1000010643,0.005319595336914,0.33935752511024475,0.0
agm1000006030,0.1750540733337402,0.9505770206451416,0.0
agm1000005310,0.0015864372253417,0.23335102200508118,0.0
agm1000016011,0.0326704978942871,-0.03508663922548294,0.0
agm1000010782,0.0020737648010253,-0.010318532586097717,0.0
agm1000013893,0.0274882316589355,0.011580869555473328,0.0
agm1000013498,0.0028095245361328,0.00010082125663757324,0.0126
agm1000005252,0.0118083953857421,-0.06721850484609604,0.0
agm1000010252,0.0189425945281982,0.06824128329753876,0.0
agm1000016721,0.6298329830169678,0.7769229412078857,1.5459
agm1000015657,0.0223381519317626,0.20903703570365906,0.0
agm1000010083,0.0784082412719726,-0.007239088416099548,0.0
agm1000011536,0.060925006866455,0.21665599942207336,0.0
agm1000002602,0.1191973686218261,-0.0019022151827812195,0.0
agm1000013627,0.0601344108581543,0.1210259348154068,0.0
agm1000000250,0.886085033416748,0.23009692132472992,0.8702000000000001
agm1000014432,0.065342903137207,0.14615392684936523,0.0
agm1000016785,0.910210371017456,-0.01707514375448227,0.0347
agm1000016163,0.0013656616210937,0.37230417132377625,0.0
agm1000014126,0.1388516426086425,0.010861814022064209,0.0
agm1000010598,0.0049667358398437,0.05916939675807953,0.0
agm1000015726,1.1788763999938965,0.052440524101257324,0.672
agm1000005798,0.0480821132659912,0.14092989265918732,0.0
agm1000016862,0.0217494964599609,0.004143044352531433,0.1573
agm1000015874,0.0062196254730224,-0.017330557107925415,0.0
agm1000011884,0.0004465579986572,-0.0067074596881866455,0.0
agm1000016271,0.0004901885986328,0.01657263934612274,0.0
agm1000015671,0.057046890258789,0.01925709843635559,0.0
agm1000013523,0.0549690723419189,0.024423807859420776,0.0
agm1000000241,0.3433198928833008,0.010627791285514832,0.0
agm1000013980,0.0172090530395507,-0.0116804838180542,0.0
agm1000000432,0.0704145431518554,-0.002081543207168579,0.0
agm1000019045,0.0230922698974609,0.6369092464447021,0.4055
agm1000005892,0.0236506462097167,0.8076262474060059,0.3855
agm1000013815,0.0145483016967773,-0.011338263750076294,0.5483
agm1000005938,0.2320098876953125,0.0020605698227882385,0.0
agm1000003377,0.0134539604187011,0.029554098844528198,0.0
agm1000004372,0.0375094413757324,-0.002222880721092224,0.0
agm1000010291,0.0078139305114746,-0.0001664683222770691,0.0
agm1000003257,0.030369758605957,-0.008843176066875458,0.0
agm1000002549,0.0043272972106933,0.07185447216033936,0.0
agm1000002018,0.0576682090759277,0.007587112486362457,0.0
agm1000018098,0.0005426406860351,0.00103011354804039,0.0
agm1000002400,0.0038933753967285,0.01627151295542717,0.0
agm1000001331,0.1559996604919433,0.00688575953245163,0.1005
agm1000002762,0.0489978790283203,0.007943280041217804,0.0
agm1000004361,0.0124692916870117,0.008996918797492981,0.0
agm1000004107,0.01639986038208,-0.003970101475715637,0.0
agm1000019092,0.0077695846557617,-0.013304829597473145,0.0
agm1000012016,0.0919375419616699,0.03446583449840546,0.0
agm1000008485,0.0069780349731445,0.010687083005905151,0.0
agm1000003892,0.0270395278930664,0.006175428628921509,0.0
agm1000001909,0.0063705444335937,0.05681787431240082,0.0
agm1000001171,0.0187387466430664,0.12120570242404938,0.0
agm1000003306,0.0156941413879394,0.009522974491119385,0.0333
agm1000009623,1.430511474609375e-06,0.0410526804625988,0.0
agm1000001048,0.0132713317871093,0.5015313625335693,0.4692
agm1000018055,0.0021419525146484,0.1622929871082306,0.4512
agm1000017443,0.0008840560913085,0.041578590869903564,0.0
agm1000014950,0.0868773460388183,0.09387516975402832,0.1298
agm1000008949,0.4626765251159668,2.049529552459717,3.883
agm1000004777,0.1396408081054687,0.5804243087768555,3.6005000000000003
agm1000013805,0.0002408027648925,1.8764233589172363,2.9181
agm1000015272,0.0028057098388671,2.30350399017334,3.4656
agm1000002245,1.6454200744628906,1.5573630332946777,2.8538
agm1000011139,0.0662760734558105,0.7295386791229248,1.2311
agm1000017068,0.0134596824645996,0.03397279977798462,0.4174
agm1000005264,0.1670842170715332,-0.011258244514465332,0.1232
agm1000010178,0.0081739425659179,-0.02186259627342224,0.4849
agm1000008347,0.0417542457580566,-0.013272851705551147,0.0
agm1000014900,0.1483745574951172,-0.035894304513931274,0.0
agm1000006620,0.0306487083435058,0.03825036436319351,0.0
agm1000018540,0.0027580261230468,0.03244027495384216,0.0008
agm1000016001,0.006235122680664,0.08231167495250702,0.1473
agm1000015185,0.0397987365722656,0.055194541811943054,0.0
agm1000007214,0.0062265396118164,0.015262141823768616,0.0
agm1000001578,0.0105934143066406,-0.012227170169353485,0.1294
agm1000013839,0.0229086875915527,-0.008037090301513672,0.0
agm1000002492,0.0147051811218261,-0.01696515828371048,0.0
agm1000016740,0.0036664009094238,0.06631670892238617,1.802
agm1000011365,0.0169739723205566,1.0017423629760742,0.9029
agm1000010651,0.0004916191101074,0.5101059675216675,0.7095
agm1000005373,0.0022187232971191,1.0475348234176636,1.7568
agm1000013087,0.0272941589355468,0.44860512018203735,2.0075
agm1000012660,0.0017695426940917,1.0326495170593262,2.4348
agm1000003068,0.0972476005554199,0.3721782863140106,0.1445
agm1000006256,0.0150389671325683,0.7038886547088623,1.4369
agm1000002713,0.2712941169738769,0.9098596572875977,0.0
agm1000002944,0.0152692794799804,0.6367789506912231,0.1364
agm1000007268,0.0386209487915039,-0.010464511811733246,0.0
agm1000012262,0.0361814498901367,-0.002224750816822052,0.0039
agm1000015170,0.0010256767272949,0.03975817561149597,0.0
agm1000015457,0.0231871604919433,-0.0023092031478881836,0.0
agm1000013287,0.0558586120605468,0.015967190265655518,0.0
agm1000000594,0.0423817634582519,0.02053498476743698,0.0541
agm1000011046,0.0009598731994628,0.010664716362953186,0.0
agm1000009785,0.0001187324523925,0.23188257217407227,0.0
agm1000016375,0.0685410499572753,-0.007197260856628418,0.0055
agm1000011159,0.0287318229675292,-0.013051658868789673,0.0
agm1000003293,0.0314502716064453,0.0033818408846855164,0.0185
agm1000018594,0.0208306312561035,-0.011951684951782227,0.0
agm1000002688,0.0113539695739746,-0.01154772937297821,0.1609
agm1000018161,0.0064358711242675,-0.004945531487464905,0.0
agm1000002961,0.0536108016967773,-0.007722631096839905,0.047
agm1000006293,0.0858125686645507,0.005684256553649902,0.0511
agm1000007816,0.1251907348632812,-0.0031982362270355225,0.0
agm1000000537,0.0360069274902343,0.01653081178665161,0.0494
agm1000012057,0.1303057670593261,0.0028258822858333588,0.0
agm1000016012,0.1116924285888671,0.007741287350654602,0.0
agm1000014238,0.2584872245788574,0.004181087017059326,0.0
agm1000004016,0.1196742057800293,0.009822078049182892,0.0
agm1000009646,0.0015969276428222,0.0071452707052230835,0.0
agm1000016986,0.0025763511657714,0.023265086114406586,0.4506
agm1000012990,0.012618064880371,0.01148746907711029,0.0665
agm1000001790,0.4146842956542969,0.03267969563603401,0.0205
agm1000014308,0.1262068748474121,0.002590656280517578,0.0
agm1000005170,0.0047392845153808,0.027536049485206604,0.0
agm1000013918,0.0293226242065429,0.0434853732585907,0.0
agm1000005918,0.046276569366455,0.038630202412605286,0.0
agm1000009935,0.3293471336364746,0.05659693479537964,0.0
agm1000018117,0.0192890167236328,0.05985152721405029,0.3647
agm1000012932,0.2625818252563476,0.13866743445396423,0.0837
agm1000004067,0.0067172050476074,0.0773659199476242,0.0
agm1000018304,5.903072357177734,1.1535446643829346,2.0272
agm1000005752,4.469717979431152,0.6210242509841919,2.3888
agm1000013951,4.527997016906738,2.0570647716522217,3.0416
agm1000002040,2.837351083755493,0.29197433590888977,0.5660000000000001
agm1000017323,1.8115262985229492,0.09796087443828583,1.2917
agm1000001952,0.0346138477325439,-0.04713824391365051,0.0
agm1000008068,0.7577133178710938,0.19767627120018005,0.0
agm1000010431,1.4776151180267334,0.32970014214515686,0.667
agm1000017920,1.748192310333252,0.5288330316543579,0.6345000000000001
agm1000013075,0.9267230033874512,0.13861578702926636,0.9215
agm1000016522,0.0236084461212158,0.032333485782146454,0.0
agm1000009241,2.3085150718688965,0.05472838878631592,1.373
agm1000002628,1.1361083984375,0.10191258788108826,1.2185
agm1000005472,0.2302126884460449,0.1617044061422348,0.0
agm1000009112,0.0039114952087402,0.5675784349441528,0.4035
agm1000010784,5.966947078704834,2.752814292907715,3.8412
agm1000017940,5.7907867431640625,3.8056089878082275,3.3481
agm1000009934,6.753811359405518,3.941535234451294,4.7657
agm1000004309,0.4391865730285644,1.7516636848449707,0.8629
agm1000005345,4.4167351722717285,2.7782630920410156,1.0445
agm1000016913,13.69782829284668,4.423715114593506,5.1613
agm1000008922,12.931921005249023,4.271200180053711,4.752
agm1000013541,4.501343727111816,2.2669224739074707,2.9536
agm1000017500,4.587340354919434,2.161754608154297,3.0023
agm1000018065,4.080077648162842,1.7357195615768433,1.3798
agm1000018021,2.70892071723938,0.47539186477661133,0.8257
agm1000009330,4.143773078918457,1.8928606510162354,1.4719
agm1000000706,0.0646600723266601,0.3435920178890228,0.0
agm1000018704,0.8367204666137695,0.3536227345466614,0.5216000000000001
agm1000009196,4.789936542510986,1.6035683155059814,1.8961
agm1000008199,0.0039443969726562,-0.006228625774383545,0.0
agm1000016939,2.1625988483428955,0.7206263542175293,1.1324
agm1000018523,0.4607801437377929,0.45316922664642334,0.5866
agm1000016744,2.11627459526062,0.517376184463501,0.3644
agm1000006895,0.0218253135681152,0.762934684753418,0.0
agm1000015980,1.8899924755096436,0.27480676770210266,0.9396
agm1000015287,0.3352398872375488,0.5074774026870728,0.0
agm1000012713,0.0008339881896972,0.0558864027261734,0.0
agm1000013004,0.1198983192443847,0.19771628081798553,0.0
agm1000013543,0.0130891799926757,1.2319186925888062,0.0
agm1000015401,0.0247681140899658,0.04577341675758362,0.0
agm1000007750,1.0389328002929688,0.35623306035995483,0.7753
agm1000017570,7.516469955444336,3.540752410888672,4.3954
agm1000011579,0.4264698028564453,0.9123629331588745,0.0
agm1000000424,1.6909818649291992,1.5841124057769775,1.0036
agm1000016835,9.085068702697754,2.599337339401245,3.8813
agm1000007859,4.1175994873046875,1.3395239114761353,2.0787
agm1000000064,2.829143524169922,0.22889910638332367,2.2309
agm1000010509,2.513714551925659,1.2607595920562744,0.7774000000000001
agm1000004478,4.641625881195068,1.9816569089889526,2.8837
agm1000009582,7.132732391357422,1.0080000162124634,1.9366
agm1000010650,0.3040614128112793,0.4979511797428131,0.0
agm1000005733,0.2863011360168457,0.4879392683506012,0.0
agm1000010762,0.0069837570190429,0.3404327929019928,0.0
agm1000007838,3.0482776165008545,0.5473788976669312,2.043
agm1000002750,1.3268988132476809,-0.0041976869106292725,0.6967
agm1000004467,0.0067124366760253,2.353909492492676,0.6526000000000001
agm1000019047,0.0095400810241699,1.289137601852417,0.0
agm1000001962,0.0543451309204101,0.04346272349357605,0.1176
agm1000013995,2.1572682857513428,0.1488981544971466,1.0586
agm1000004606,2.5681889057159424,0.20255322754383087,1.1635
agm1000019663,2.575915813446045,0.9652127027511597,1.5044
agm1000000644,1.4879217147827148,0.9037096500396729,0.4422
agm1000002827,0.3419280052185058,0.026561841368675232,0.0
agm1000006112,1.8786237239837649,0.4177800416946411,1.8958
agm1000005413,1.5219526290893557,0.46466532349586487,0.5176000000000001
agm1000008691,2.8926358222961426,0.2847263514995575,1.1803
agm1000003665,0.0489277839660644,0.07795609533786774,0.3385
agm1000018446,3.0810317993164062,0.0037449151277542114,1.6643
agm1000000669,0.1289958953857422,-0.0008832663297653198,0.3982
agm1000009697,0.2021923065185547,0.00852002203464508,0.0
agm1000003453,0.0584464073181152,0.0977352112531662,0.0
agm1000005649,0.1821608543395996,-0.013606816530227661,0.2823
agm1000007288,0.2484936714172363,-0.0257703959941864,0.0
agm1000019131,0.3468647003173828,0.057652633637189865,0.5394
agm1000005489,1.1126761436462402,0.005876913666725159,1.041
agm1000015547,0.0162334442138671,-0.0026472583413124084,0.0075
agm1000000346,0.4342775344848633,-0.01497618854045868,0.6805
agm1000010391,6.67572021484375e-06,0.025621742010116577,0.0
agm1000000426,0.0379128456115722,0.012213774025440216,0.1604
agm1000003516,0.1991415023803711,1.9594420194625854,0.0
agm1000014034,2.6394872665405273,0.01764032244682312,1.8739
agm1000001428,3.7901721000671382,0.03501155972480774,1.9711
agm1000016900,0.0161304473876953,0.06671425700187683,0.0
agm1000018964,0.6271147727966309,0.45670631527900696,0.0
agm1000003103,0.0539369583129882,0.8896907567977905,0.0
agm1000000755,0.0747337341308593,0.19325301051139832,0.0
agm1000007454,0.3652102947235107,0.02631939947605133,0.661
agm1000005823,1.479539394378662,0.08678747713565826,1.0307
agm1000006192,0.0042254924774169,0.1820818930864334,0.2101
agm1000000300,0.021498680114746,0.14821705222129822,0.0085
agm1000007145,0.0523583889007568,0.23486095666885376,0.3065
agm1000013172,0.2267537117004394,0.35804229974746704,0.0
agm1000013291,0.5193610191345215,-0.019700534641742706,0.0
agm1000002312,0.3315482139587402,0.22505927085876465,0.0
agm1000012191,1.4105281829833984,0.1325691044330597,0.8229000000000001
agm1000003865,0.0661745071411132,-0.0022958368062973022,0.0
agm1000002131,0.1002876758575439,0.2676998972892761,0.0
agm1000019035,3.9254589080810542,2.577713966369629,2.5582000000000003
agm1000017968,2.156543731689453,0.3832050859928131,2.0019
agm1000017814,1.9197204113006592,0.4697607457637787,0.7868
agm1000019879,2.6585628986358643,0.5391115546226501,1.8787
agm1000003102,1.6809847354888916,0.16299830377101898,1.366
agm1000015659,1.9645438194274905,0.22115671634674072,1.1969
agm1000019049,0.9145441055297852,0.2999238967895508,0.6735
agm1000019683,1.117344856262207,0.06321882456541061,0.7461
agm1000018679,2.77916955947876,0.1088709607720375,0.9325
agm1000011971,2.0253353118896484,-0.010545849800109863,0.9879
agm1000012913,0.6820993423461914,-0.002007782459259033,0.0
agm1000012626,1.276799201965332,-0.0068771690130233765,0.7292000000000001
agm1000000139,0.0050575733184814,-0.013114973902702332,0.0
agm1000000369,0.052675724029541,-0.0027745068073272705,0.0
agm1000007050,1.7518067359924316,0.020044639706611633,0.3955
agm1000001304,0.2275714874267578,0.033544279634952545,0.0
agm1000009589,0.0078020095825195,0.5263913869857788,0.3525
agm1000009097,4.15088415145874,1.5099960565567017,2.7115
agm1000015923,3.962468147277832,1.700040340423584,2.6532
agm1000007856,3.812656879425049,1.564427375793457,2.7295
agm1000004132,3.5261478424072266,2.0603013038635254,1.7395
agm1000016577,2.653517723083496,1.6140351295471191,2.1774
agm1000016643,2.7110676765441895,1.530923843383789,2.1607
agm1000016207,2.5745508670806885,1.073677659034729,1.8949
agm1000007775,3.82564926147461,1.9558748006820679,3.2457
agm1000016189,3.2967965602874756,1.9247969388961792,2.9563
agm1000013773,2.5749731063842773,1.5309587717056274,2.529
agm1000001489,2.545966863632202,2.0004420280456543,2.5874
agm1000005437,3.3930532932281494,1.9900274276733398,3.235
agm1000018221,2.477769374847412,2.150913953781128,2.3644
agm1000009027,5.304198265075684,2.7786755561828613,3.196
agm1000004180,0.4784300327301025,2.646038293838501,0.2567
agm1000000305,0.0020112991333007,2.6513619422912598,0.6708000000000001
agm1000017194,8.019015312194824,2.853175640106201,3.5257
agm1000015279,6.808450698852539,2.5071587562561035,3.8727
agm1000013348,1.943831443786621,1.8540359735488892,2.7806
agm1000011258,3.9446280002593994,1.7782241106033325,2.7278
agm1000000375,3.166727304458618,1.756138563156128,2.323
agm1000004235,3.385343313217163,1.5248465538024902,2.5065
agm1000004454,4.4529805183410645,1.874267578125,2.9448
agm1000018226,3.0245068073272705,1.6382583379745483,1.9586
agm1000002781,3.575230121612549,1.5689568519592285,1.9382
agm1000000038,3.9371631145477295,2.031191349029541,2.8059000000000003
agm1000014001,3.8828234672546382,2.081012487411499,2.6826
agm1000000811,2.413295269012451,2.292008399963379,1.5033
agm1000019213,0.8562016487121582,2.501676321029663,0.725
agm1000000870,2.8581104278564453,2.7704827785491943,1.5965
agm1000017554,8.029031753540039,3.6560633182525635,4.8045
agm1000007164,7.512205123901367,3.14851713180542,3.0515
agm1000003992,8.612480163574219,3.99743390083313,4.1938
agm1000019434,2.840381860733032,1.3088335990905762,2.7852
agm1000019592,0.9438345432281494,1.2861509323120117,0.9209
agm1000015772,2.8080062866210938,1.3338311910629272,2.4445
agm1000009427,1.4697630405426023,1.2904890775680542,0.5106
agm1000013346,2.3966095447540283,1.2656466960906982,2.0883
agm1000010490,2.1070029735565186,1.3286014795303345,1.6578
agm1000006238,2.240335702896118,1.4596173763275146,2.4091
agm1000013571,2.4140663146972656,1.133833408355713,2.1619
agm1000012112,3.648051261901855,1.8106580972671509,2.4728
agm1000001387,0.3817472457885742,1.7503821849822998,0.0
agm1000007682,0.0742630958557128,1.451585292816162,0.0
agm1000019612,5.74937629699707,1.9091740846633911,1.6851
agm1000000413,0.6522574424743652,0.7971993684768677,0.6973
agm1000010503,0.0089378356933593,0.10057955980300903,0.0
agm1000005684,0.4416761398315429,0.08646878600120544,0.0
agm1000008100,0.6155409812927246,0.10234963893890381,0.0
agm1000011944,1.6682147979736328,0.15287268161773682,0.0
agm1000016166,2.046197414398194,0.17944157123565674,0.5444
agm1000012735,3.1811113357543945,0.9433314800262451,1.6579000000000002
agm1000013840,2.572007179260254,1.313577651977539,1.2452
agm1000012902,2.438436508178711,0.9820421934127808,0.7204
agm1000018726,0.7874355316162109,0.7451882362365723,0.3751
agm1000019295,2.034965991973877,0.8371055126190186,1.6429
agm1000000215,2.10342788696289,0.7559405565261841,0.9407
agm1000014790,0.1046094894409179,0.8079873323440552,0.0
agm1000014084,0.1596026420593261,0.4773802161216736,0.0
agm1000000783,0.8631081581115723,0.2659984827041626,0.0
agm1000009517,1.430511474609375e-06,0.9056857824325562,1.1738
agm1000001972,0.0094680786132812,0.015384800732135773,0.2812
agm1000004628,0.0764732360839843,0.17714330554008484,0.0
agm1000008736,0.0025651454925537,0.12164916098117828,0.0
agm1000018840,0.095937967300415,0.06189536303281784,0.0755
agm1000016768,1.847658395767212,0.3734753131866455,0.3721
agm1000009951,0.5845141410827637,0.10607533156871796,0.4884
agm1000015718,1.7260453701019287,0.12429983168840408,1.1212
agm1000011689,0.0211927890777587,0.06584177166223526,0.0
agm1000008522,0.033764362335205,0.17369303107261658,0.1135
agm1000011961,2.6817052364349365,0.28207090497016907,1.5851000000000002
agm1000000529,1.9411466121673584,1.007653832435608,0.5374
agm1000009392,0.0036096572875976,0.9681938886642456,0.3587
agm1000018094,0.0371534824371337,0.8095965385437012,0.0
agm1000002525,2.8135242462158203,0.10826994478702545,2.1808
agm1000011814,0.0050768852233886,0.7612415552139282,0.0
agm1000017359,0.0012769699096679,0.6846126317977905,0.4574
agm1000000126,1.222602605819702,0.25379204750061035,0.9282
agm1000015803,0.0070695877075195,0.5283428430557251,0.0
agm1000009977,0.0030174255371093,0.13016393780708313,0.0
agm1000013372,0.5378165245056152,0.9227087497711182,0.0
agm1000000323,0.7910542488098145,0.31842467188835144,0.0
agm1000016850,2.462298631668091,0.35491493344306946,0.739
agm1000018544,0.0014548301696777,0.28995734453201294,0.0977
agm1000007876,0.0496397018432617,0.15112391114234924,0.0
agm1000019036,1.3654680252075195,0.07671412825584412,0.8533000000000001
agm1000004328,0.0941319465637207,0.5795191526412964,0.0
agm1000003077,0.0997712612152099,0.10574883222579956,0.0
agm1000009153,3.337860107421875e-06,1.3171749114990234,0.0
agm1000014040,0.0027155876159667,0.7208999395370483,0.2318
agm1000019762,0.0292763710021972,0.26157107949256897,0.0
agm1000018080,0.1015654802322387,0.21337023377418518,0.0
agm1000015951,0.0098729133605957,0.15675295889377594,0.0
agm1000016107,0.057138442993164,0.3723630905151367,0.0
agm1000012039,0.1749629974365234,-0.005188196897506714,0.0
agm1000010902,0.0073122978210449,0.21903261542320251,0.0
agm1000006276,2.1963541507720947,0.12587687373161316,1.5558
agm1000008784,0.90637469291687,0.030609458684921265,1.0479
agm1000013337,0.7149131298065186,0.339189350605011,0.0
agm1000018091,3.871919631958008,1.300926685333252,0.4113
agm1000010702,4.8591132164001465,0.017145410180091858,0.2588
agm1000019774,4.464613914489746,2.2473220825195312,1.4193
agm1000001478,4.9203619956970215,2.331451416015625,0.7756000000000001
agm1000018397,4.425467014312744,2.3111681938171387,1.4689
agm1000010408,4.373073577880859,2.572134017944336,1.5167000000000002
agm1000003462,4.833187580108643,2.0160439014434814,1.0563
agm1000013851,3.877133846282959,0.24495583772659302,1.6335000000000002
agm1000002673,4.041379451751709,1.129575252532959,1.0039
agm1000004026,3.0366647243499756,0.2674753963947296,0.4281
agm1000007880,2.8260273933410645,0.021064631640911102,0.039
agm1000012141,4.658774375915527,0.3492850661277771,0.1307
agm1000018962,2.655221939086914,0.11238205432891846,0.0823
agm1000008841,2.7601935863494873,0.2412743866443634,0.0
agm1000019451,0.1106235980987548,-0.045264601707458496,0.0
agm1000013082,5.098275184631348,4.009984016418457,3.1798
agm1000008551,7.10223388671875,3.783285617828369,4.2254
agm1000019755,7.163690567016602,4.6560258865356445,4.5121
agm1000018451,6.724536418914795,4.359132766723633,3.9622
agm1000015465,6.475254058837891,4.43986701965332,4.2782
agm1000014153,7.703652381896973,4.597232818603516,4.7475000000000005
agm1000015789,7.206629753112793,4.4519500732421875,4.436
agm1000013353,7.801435470581055,4.717772483825684,4.4927
agm1000008743,6.626438617706299,4.854666233062744,4.2256
agm1000017449,9.82262897491455,4.607006549835205,4.8367
agm1000020046,6.357501029968262,4.382579803466797,4.1925
agm1000017297,7.109623908996582,4.390479564666748,4.1909
agm1000011951,8.576196670532227,4.376053810119629,4.6053
agm1000018308,2.9498214721679688,5.114831924438477,4.1011
agm1000003882,10.681804656982422,4.747180938720703,4.3788
agm1000017046,10.679466247558594,4.713289260864258,4.4261
agm1000015462,9.549460411071776,3.5052037239074707,4.2712
agm1000010418,5.7143707275390625,3.358586311340332,4.1478
agm1000016212,5.681742191314697,2.9925613403320312,3.8039
agm1000001366,5.889379024505615,3.3343029022216797,4.0678
agm1000014290,5.585812091827393,3.496546745300293,3.7603
agm1000010302,5.940808296203613,3.027963638305664,3.9852
agm1000016906,5.9861273765563965,2.81784725189209,3.8905
agm1000013284,5.988713264465332,3.474384307861328,3.8551
agm1000001711,5.1547698974609375,3.0363035202026367,2.5967
agm1000009172,5.705981254577637,0.3569818139076233,2.5952
agm1000007107,5.761439323425293,0.3816160261631012,0.8527
agm1000013742,3.329049825668335,1.4045183658599854,2.159
agm1000001615,2.473960876464844,0.1337859332561493,1.515
agm1000018798,2.395071029663086,0.32614609599113464,1.5849
agm1000001581,0.0907235145568847,0.013355568051338196,0.0
agm1000019207,0.1658248901367187,0.02052302658557892,0.0
agm1000008872,1.4569296836853027,-0.02576558291912079,0.7588
agm1000015925,1.771439552307129,0.1254860758781433,0.7253000000000001
agm1000007280,0.1607923507690429,0.02275988459587097,0.0052
agm1000004629,0.1431751251220703,0.36813223361968994,0.3084
agm1000004060,2.0742502212524414,0.07154366374015808,0.4374
agm1000013913,2.0062055587768555,0.022523552179336548,0.6658000000000001
agm1000007988,5.143089294433594,3.2633044719696045,4.019
agm1000017679,5.052908897399902,3.5920517444610596,4.1208
agm1000000218,5.2958760261535645,3.2115635871887207,4.088
agm1000002289,7.781402587890625,3.591524362564087,6.234
agm1000006894,7.828297138214111,3.559375762939453,5.0013
agm1000018795,3.468322992324829,1.6987049579620361,2.5699
agm1000010614,4.282948017120361,1.2215560674667358,2.5998
agm1000002519,2.34110164642334,0.6218723058700562,1.1495
agm1000012208,3.58750057220459,0.7719405889511108,0.7795000000000001
agm1000016701,3.3281149864196777,0.5891844034194946,0.5793
agm1000004479,0.015573501586914,0.4910416901111603,0.0
agm1000001103,3.44417405128479,0.5237560272216797,0.3784
agm1000009690,3.8233368396759033,0.07277882844209671,0.5091
agm1000001299,4.5671186447143555,1.100085735321045,1.1702
agm1000019626,0.0022010803222656,0.020825207233428955,0.0
agm1000019801,0.3971762657165527,0.010558873414993286,0.3729
agm1000016826,0.0493180751800537,0.012294113636016846,0.0
agm1000015704,0.7373514175415039,0.006906628608703613,0.1552
agm1000002118,0.1633522510528564,0.010363757610321045,0.0
agm1000007804,0.0625724792480468,-7.495284080505371e-05,0.0
agm1000001734,0.0749921798706054,0.020439714193344116,0.4681
agm1000011371,2.294163227081299,0.46701595187187195,0.7224
agm1000001530,6.704846382141113,2.8899736404418945,2.442
agm1000007301,6.258539199829102,2.668095827102661,2.0239
agm1000004851,5.909274101257324,2.7045936584472656,0.749
agm1000018937,4.227354526519775,2.5058670043945312,3.0776
agm1000010733,4.974987506866455,2.25626802444458,2.5503
agm1000007171,0.853722333908081,2.673158884048462,1.1626
agm1000012595,4.7687578201293945,1.7867145538330078,3.1915
agm1000005591,4.414094924926758,1.6802341938018799,1.3711
agm1000000566,4.035167694091797,2.2111029624938965,2.9995000000000003
agm1000007292,2.8323354721069336,1.991761565208435,2.2437
agm1000008440,1.6844713687896729,1.3481051921844482,0.1534
agm1000001240,3.71596097946167,1.5880458354949951,1.7197
agm1000010234,3.089615821838379,0.3839094936847687,1.2021
agm1000002283,1.6511430740356443,0.4563191533088684,0.0
agm1000007527,3.4485080242156982,0.4426541030406952,0.0896
agm1000013335,3.7095775604248047,1.1459118127822876,0.047
agm1000019029,2.4908885955810547,0.6122660636901855,0.5748
agm1000015632,3.7513411045074463,0.9936550855636597,1.1122
agm1000002593,3.601961612701416,1.0699033737182617,1.0597
agm1000014061,6.654816150665283,4.253307342529297,5.4863
agm1000000510,6.924829006195068,3.5416297912597656,5.1852
agm1000001452,5.841671943664551,3.850064754486084,3.5363
agm1000009314,7.444211483001709,5.1526689529418945,5.7595
agm1000016773,6.561579704284668,4.554399013519287,5.0564
agm1000017140,6.9955549240112305,5.079255104064941,5.3283000000000005
agm1000016112,7.086061954498291,5.253505706787109,5.6476
agm1000002529,7.470806121826172,5.1462249755859375,6.1033
agm1000018394,7.129158020019531,4.924869537353516,5.2843
agm1000009955,7.580942153930664,5.011247634887695,5.6895
agm1000002338,7.58073616027832,5.096545696258545,5.8515
agm1000015437,7.21306037902832,5.171661376953125,5.3652
agm1000019084,10.549896240234377,6.4291486740112305,6.4476
agm1000017669,10.40367317199707,6.290440559387207,6.663
agm1000018297,9.740188598632812,6.636926651000977,6.5178
agm1000009656,10.239874839782717,6.409965515136719,6.5846
agm1000002350,10.38238525390625,6.409246444702148,6.6815999999999995
agm1000012669,10.424832344055176,6.465225696563721,6.2851
agm1000000334,10.425209045410156,6.585430145263672,6.5382
agm1000002865,9.88086986541748,6.029200553894043,6.1003
agm1000019409,5.196972846984863,3.547217607498169,4.4575
agm1000017627,5.488003730773926,3.951209545135498,4.6984
agm1000017637,5.588637351989746,3.4952614307403564,3.8226
agm1000006093,5.212928295135498,3.7127294540405273,4.4017
agm1000016295,4.522766590118408,3.6637024879455566,3.7376
agm1000011136,5.331357479095459,3.5295982360839844,3.7906
agm1000001861,5.837632179260254,3.0248165130615234,4.7155000000000005
agm1000017165,5.849826812744141,3.0792317390441895,4.7409
agm1000010562,0.2682452201843261,0.5464584827423096,0.0
agm1000010705,3.10962176322937,0.2938239574432373,0.4696
agm1000009391,3.0229454040527344,0.3754878044128418,0.1703
agm1000005764,0.0486536026000976,0.31319186091423035,0.0629
agm1000010211,2.9125850200653076,1.3109915256500244,1.4059
agm1000007307,0.0541789531707763,0.7557002305984497,0.0
agm1000007018,0.3211092948913574,0.5732673406600952,0.3967
agm1000003022,6.311244964599609,3.2369141578674316,2.9048
agm1000017151,9.438590049743652,5.042255401611328,5.7682
agm1000008813,7.873642921447754,4.353299617767334,4.3496
agm1000014031,8.305635452270508,4.693365097045898,4.9056
agm1000017178,12.334576606750488,5.848462104797363,6.774
agm1000001128,10.925946235656738,5.281522274017334,3.9163
agm1000006138,6.5613603591918945,3.484408378601074,3.4477
agm1000003918,6.0381903648376465,3.1148159503936768,2.4255
agm1000013035,6.589200973510742,2.926757335662842,3.8429
agm1000019798,6.790474891662598,2.4756598472595215,2.915
agm1000016960,6.867430686950684,2.722261905670166,2.7856
agm1000015467,7.055858612060547,2.397597074508667,2.8739
agm1000010116,7.897265434265137,2.2107150554656982,3.2327
agm1000015932,6.181272506713867,2.052067279815674,2.1856
agm1000013411,8.291167259216309,2.6159234046936035,3.1871
agm1000005476,1.4429454803466797,1.3575024604797363,1.2946
agm1000009435,5.1418256759643555,2.342005968093872,3.3528
agm1000009773,5.6624836921691895,2.503911256790161,3.2636
agm1000017114,5.080053329467773,2.2243871688842773,2.9921
agm1000014294,4.987351894378662,2.415975332260132,2.4209
agm1000019076,4.757895469665527,2.5833959579467773,2.4898
agm1000012315,2.2633774280548096,1.7475086450576782,1.4987
agm1000007303,2.8897194862365723,1.482858657836914,1.9195
agm1000018207,6.069028854370117,2.5466904640197754,2.8656
agm1000003793,0.2917492389678955,1.4122741222381592,0.4866
agm1000001334,0.0752134323120117,1.297983169555664,0.0
agm1000014765,4.093447685241699,2.1337220668792725,2.2785
agm1000018663,4.982778549194336,2.152115821838379,2.5755
agm1000015889,4.339554786682129,2.309053897857666,2.7037
agm1000008442,4.601586818695068,2.088162899017334,3.1335
agm1000012646,5.034613132476807,1.836268424987793,2.6239
agm1000009635,4.38247013092041,1.9159066677093506,2.2268
agm1000013290,0.0609374046325683,1.6676881313323975,0.0
agm1000005551,0.4046800136566162,1.8695369958877563,0.3627
agm1000009504,3.7248435020446777,1.5924797058105469,2.1308
agm1000017757,3.7825074195861816,1.8201152086257935,2.6808
agm1000009683,4.214540481567383,1.504218339920044,2.6193
agm1000018086,4.0732197761535645,1.5480631589889526,1.3718
agm1000015584,4.412798881530762,1.6094565391540527,2.3672
agm1000004821,4.540682792663574,1.309945821762085,2.3784
agm1000013559,3.761925458908081,1.5585874319076538,1.5522
agm1000009571,3.812931060791016,1.746238112449646,1.6133000000000002
agm1000006200,0.7194602489471436,1.2791101932525635,0.1029
agm1000019106,0.0206532478332519,0.6052300930023193,0.7058
agm1000002449,0.0237836837768554,-0.004975929856300354,0.9054
agm1000004509,0.0570940971374511,0.38795074820518494,0.3909
agm1000008191,0.000563621520996,0.06184667348861694,0.0589
agm1000001133,0.0932974815368652,0.10256896913051605,0.0
agm1000010286,0.0113158226013183,0.11790087819099426,0.0
agm1000002205,0.0260477066040039,0.011275619268417358,0.1612
agm1000003273,0.0349287986755371,-0.0045140087604522705,0.0
agm1000005232,0.0052027702331542,-0.010957762598991394,0.0
agm1000005653,0.0066709518432617,-0.0008417963981628418,0.0
agm1000007021,0.0085415840148925,-0.010736130177974701,0.0
agm1000018515,0.0029878616333007,0.016171149909496307,0.0
agm1000002945,0.0134186744689941,0.027861014008522034,0.0
agm1000004820,0.0089626312255859,-0.0001270398497581482,0.0176
agm1000009895,0.002540111541748,-0.00991552323102951,0.0
agm1000002012,0.0436677932739257,0.0022541582584381104,0.0
agm1000004571,0.0855817794799804,0.032594941556453705,0.0
agm1000004158,0.0659136772155761,-0.028044238686561584,0.0
agm1000020016,0.0058808326721191,0.5421360731124878,0.9851
agm1000018985,0.001955509185791,0.07099835574626923,0.2114
agm1000019208,0.0006842613220214,0.09160825610160828,0.2629
agm1000016737,0.004617691040039,0.013330839574337006,0.0
agm1000011871,0.0731849670410156,0.01884271204471588,0.0
agm1000016075,0.0066919326782226,0.00918085128068924,0.0
agm1000010878,0.0037569999694824,0.018929898738861084,0.0
agm1000006744,0.0244216918945312,-0.010630249977111816,0.0
agm1000002933,0.0254788398742675,0.00985349714756012,0.0943
agm1000013747,0.4526963233947754,0.008042782545089722,0.0
agm1000005838,0.0003848075866699,0.6282387971878052,2.1999
agm1000018153,0.025036334991455,1.0360687971115112,1.7329
agm1000002742,0.0795726776123046,1.2986514568328857,1.6346
agm1000019881,0.0002508163452148,1.1815435886383057,0.7161000000000001
agm1000002176,0.0401177406311035,0.9818111658096313,0.5769000000000001
agm1000017774,0.0057425498962402,0.5482028722763062,0.388
agm1000011000,0.021498680114746,2.3812344074249268,3.4108
agm1000019601,0.0089054107666015,0.09957617521286011,1.7554
agm1000012993,0.0026860237121582,0.39793798327445984,2.7956000000000003
agm1000012888,0.0764775276184082,0.5310454368591309,1.7866
agm1000002323,0.0019388198852539,0.27318018674850464,0.0
agm1000016539,0.3529434204101562,0.9654711484909058,0.5823
agm1000017094,0.0004768371582031,0.5471999645233154,1.2131
agm1000007780,0.0118594169616699,0.37145987153053284,1.4094
agm1000001826,0.0729689598083496,0.2748335301876068,0.0
agm1000005409,0.0544638633728027,0.6394604444503784,0.084
agm1000015583,0.0018987655639648,0.9527761936187744,0.0
agm1000016399,0.0548248291015625,0.028039850294589996,0.0
agm1000017866,0.211376667022705,0.001101076602935791,0.0
agm1000007173,0.01102876663208,-0.008204393088817596,0.0
agm1000015953,0.2092957496643066,0.028841957449913025,0.0
agm1000007067,0.0076270103454589,0.0068950355052948,0.3652
agm1000018299,0.0614113807678222,0.029886692762374878,0.0
agm1000007052,0.1675629615783691,0.010168850421905518,0.0
agm1000019973,0.0010914802551269,0.012289434671401978,0.8496
agm1000018685,0.0167088508605957,0.008409470319747925,0.0
agm1000012044,0.0131020545959472,0.019343718886375427,0.1076
agm1000015922,0.0131201744079589,0.25474417209625244,0.254
agm1000012850,0.0020842552185058,0.023291558027267456,1.4412
agm1000000227,0.0063252449035644,0.02386036515235901,1.5302
agm1000004964,0.0088253021240234,0.039711177349090576,0.0305
agm1000017011,0.0008935928344726,0.4315067231655121,0.1091
agm1000010307,0.0250263214111328,0.448873907327652,0.1724
agm1000002070,0.0315279960632324,0.3166860342025757,0.0
agm1000018669,0.0047111511230468,0.006787791848182678,0.0
agm1000016044,0.0024762153625488,0.009446382522583008,0.0
agm1000013484,0.0333352088928222,0.01286952942609787,0.0
agm1000006969,0.0406227111816406,-0.0047506168484687805,0.1336
agm1000010773,0.0624017715454101,0.1470184624195099,0.0
agm1000003649,0.0293188095092773,0.0015424340963363647,0.0
agm1000009340,0.1499910354614257,0.02876347303390503,0.5161
agm1000006748,0.0178852081298828,0.0612623393535614,0.0
agm1000016329,0.0163578987121582,0.0019798576831817627,0.0
agm1000014707,0.0018458366394042,0.03885309398174286,0.0096
agm1000005178,0.0210533142089843,0.06304304301738739,0.0
agm1000014292,0.0167927742004394,0.003273315727710724,0.2366
agm1000006173,0.0571656227111816,-0.018011219799518585,0.0
agm1000010688,0.005220890045166,0.016024857759475708,0.1094
agm1000005395,0.083681583404541,0.00524921715259552,0.0
agm1000001690,0.0169811248779296,0.029418200254440308,0.0
agm1000009663,0.0150580406188964,-0.006712555885314941,0.0
agm1000020050,0.0621585845947265,0.07074879109859467,0.0
agm1000001282,0.2095327377319336,0.020377233624458313,0.1834
agm1000003016,0.0225930213928222,-0.007815122604370117,0.0
agm1000014845,0.0272130966186523,-0.015492409467697144,0.0
agm1000009847,0.0036907196044921,0.06882711499929428,0.1373
agm1000008350,0.0029077529907226,0.02445855736732483,0.9972
agm1000014197,0.0304574966430664,0.09466544538736343,0.0
agm1000003901,0.0185122489929199,0.01613973081111908,0.0817
agm1000012642,0.01715087890625,0.012350596487522125,0.0
agm1000007967,0.0608172416687011,0.03184834122657776,0.0
agm1000004698,0.1450285911560058,0.030343398451805115,0.0
agm1000002788,0.0236310958862304,0.0017948895692825317,0.0
agm1000012181,0.0036053657531738,0.022414609789848328,0.0
agm1000007584,0.0023136138916015,0.03609992563724518,0.0
agm1000002398,0.0842509269714355,0.018970586359500885,0.0
agm1000004991,0.0142650604248046,-0.005279712378978729,0.0
agm1000012682,0.0250334739685058,0.04600740969181061,0.0
agm1000009619,0.0047893524169921,0.01249898225069046,0.0
agm1000013324,0.0363044738769531,-0.010860055685043335,0.0
agm1000008814,0.0634627342224121,0.05623685568571091,0.0
agm1000003744,0.089418888092041,-0.002579718828201294,0.0
agm1000001047,0.0111846923828125,0.007917672395706177,0.0
agm1000004496,0.0103249549865722,0.010313011705875397,0.167
agm1000002216,0.0977234840393066,0.004919886589050293,0.0
agm1000017489,0.0157265663146972,0.05799826979637146,0.0
agm1000005827,0.094855785369873,0.0057666003704071045,0.0
agm1000018935,0.0052204132080078,0.12964488565921783,0.0
agm1000000092,0.030409812927246,0.1028648316860199,0.0
agm1000008464,0.000131607055664,0.1234118863940239,1.2497
agm1000014507,1.430511474609375e-06,0.2526903450489044,0.4762
agm1000005370,0.4290032386779785,1.9128278493881226,2.1581
agm1000011822,0.0856533050537109,2.755509853363037,0.0
agm1000017593,0.0076704025268554,0.3714284300804138,0.6845
agm1000002918,0.0762233734130859,0.37749025225639343,0.0
agm1000019898,0.6164155006408691,0.25677019357681274,0.9674
agm1000020037,0.0012946128845214,0.01513884961605072,0.2664
agm1000007572,0.0719051361083984,0.012784510850906372,0.0
agm1000019972,0.0660266876220703,0.23046335577964783,1.2316
agm1000006624,0.1052346229553222,0.6611486673355103,1.0306
agm1000010425,0.0129008293151855,0.05254713445901871,0.6093000000000001
agm1000019384,5.315299034118652,2.123260259628296,3.22
agm1000008506,3.791745185852051,0.9015636444091797,1.604
agm1000017254,0.1461067199707031,0.0819387435913086,0.1398
agm1000012166,0.1031303405761718,0.041659727692604065,0.1011
agm1000008272,0.2501616477966308,0.06574748456478119,0.0
agm1000003093,0.1211118698120117,0.1149490624666214,0.0
agm1000000401,0.1521015167236328,0.027748804539442062,0.2088
agm1000009044,0.2296943664550781,0.6690506935119629,0.4103
agm1000017830,0.298410415649414,0.027846872806549072,0.0753
agm1000005219,1.7033181190490725,1.4885607957839966,0.5072
agm1000017268,0.0139698982238769,0.07152169197797775,0.0
agm1000001435,0.0752301216125488,0.16899794340133667,0.9303
agm1000008396,0.0036568641662597,-0.035167060792446136,0.0943
agm1000015193,1.108078956604004,0.05502180755138397,0.4043
agm1000009709,0.7728757858276367,0.11600041389465332,0.4086
agm1000013874,0.1728549003601074,0.4890027344226837,0.0
agm1000010701,5.788820266723633,1.4073584079742432,1.0634
agm1000002160,5.911158561706543,1.701865315437317,0.3249
agm1000003134,6.285121917724609,1.9406191110610962,0.292
agm1000006077,4.860930442810059,2.2054996490478516,1.8672
agm1000003920,1.6132750511169434,1.5836340188980103,1.1325
agm1000007024,4.341434478759766,1.7985867261886597,1.778
agm1000013958,4.295976161956787,1.5826475620269775,1.8011
agm1000002420,4.324901580810547,1.721994400024414,1.2892
agm1000009661,4.187500476837158,0.7043783664703369,2.2537000000000003
agm1000008566,3.9408950805664062,1.7601702213287354,0.53
agm1000000315,3.980073928833008,1.2953602075576782,1.0963
agm1000005419,3.6193554401397705,1.4191899299621582,0.6658000000000001
agm1000017108,0.0583729743957519,0.25420650839805603,0.0
agm1000001031,2.4707236289978027,0.5301557779312134,0.7618
agm1000019543,3.63107967376709,-0.09530606865882874,0.4368
agm1000000348,3.6427152156829834,0.333065003156662,0.0
agm1000011052,3.2482123374938965,0.5940760374069214,0.5578000000000001
agm1000019735,0.3213808536529541,0.4485553205013275,0.5675
agm1000015823,5.583157539367676,3.8653016090393066,4.3004999999999995
agm1000009388,6.1647868156433105,3.757770299911499,4.4445
agm1000019770,7.433802604675293,4.29968786239624,5.1012
agm1000017974,6.933935165405273,4.6830010414123535,4.7066
agm1000010896,7.234634876251221,4.18067741394043,4.8909
agm1000017188,6.870649337768555,4.475613594055176,4.7074
agm1000015056,7.035643577575684,4.445762634277344,4.7191
agm1000017044,7.638267040252685,4.582701206207275,4.9335
agm1000013578,7.61284065246582,4.6306610107421875,4.8996
agm1000003268,7.474047660827637,4.021308898925781,4.7284
agm1000002821,6.6627631187438965,4.410186290740967,2.8872
agm1000017722,9.86294174194336,4.010706901550293,5.4575
agm1000009462,9.757339477539062,4.443271636962891,5.4883
agm1000014416,8.632974624633789,3.9420928955078125,4.9189
agm1000012924,8.836687088012695,4.862447738647461,4.9614
agm1000013728,10.71407699584961,5.471622467041016,5.2569
agm1000016626,10.07882595062256,4.607974052429199,4.6292
agm1000002197,7.729562282562256,4.805976390838623,0.0956
agm1000009885,5.639787197113037,3.117852210998535,4.1655
agm1000016754,4.954699516296387,3.4200119972229004,3.6255
agm1000013394,5.652459144592285,3.308004379272461,4.1362
agm1000015879,5.725255966186523,3.3297910690307617,3.9694
agm1000010648,5.6082305908203125,3.3484766483306885,4.0478
agm1000002873,6.120305061340332,3.109740734100342,4.0049
agm1000003029,5.808836936950684,2.8835806846618652,3.9656
agm1000003296,5.203808784484863,3.020629644393921,2.3234
agm1000019335,0.5951542854309082,0.4080992043018341,0.4897
agm1000001657,0.121650218963623,0.1648494303226471,0.0639
agm1000005979,0.0032176971435546,0.10580427199602127,0.3922
agm1000019266,0.322575569152832,0.17574897408485413,0.0346
agm1000004886,0.1282401084899902,-0.015534460544586182,0.1421
agm1000008203,0.0082402229309082,0.002157270908355713,0.0
agm1000019319,0.0098967552185058,0.008405715227127075,0.0
agm1000013002,0.0329947471618652,0.06960132718086243,0.0
agm1000018803,0.0261716842651367,0.10241472721099854,0.0
agm1000018930,0.4046773910522461,0.07304684817790985,0.4077
agm1000005136,0.0009455680847167,0.013010963797569275,0.0
agm1000019988,0.0506515502929687,0.030002426356077194,0.0
agm1000000287,0.0009136199951171,0.04915180802345276,0.3876
agm1000019624,0.0561017990112304,0.19941699504852295,0.1706
agm1000011543,0.0018339157104492,0.028293244540691376,0.0
agm1000001118,0.040198802947998,0.0037788599729537964,0.2547
agm1000007618,0.0074744224548339,0.005216687917709351,0.0
agm1000000196,0.106109619140625,0.06465330719947815,0.0
agm1000014485,1.019782781600952,0.24319806694984436,1.219
agm1000018101,0.0333342552185058,0.1264089047908783,0.4432
agm1000005362,0.0015487670898437,0.2092094123363495,0.4157
agm1000013023,0.1038289070129394,0.18758437037467957,0.0
agm1000019830,0.0023708343505859,0.9500859975814819,0.0
agm1000011664,4.609402179718018,1.911773920059204,2.6949
agm1000006525,0.0069541931152343,0.22718267142772675,0.0
agm1000006290,0.0886666774749755,0.2023172676563263,0.0026
agm1000000691,0.0706079006195068,2.851048707962036,0.3058
agm1000014486,0.3549671173095703,0.3205602765083313,0.0009
agm1000011260,1.2204821109771729,0.3191991448402405,0.0
agm1000007711,0.0119318962097167,0.1549651026725769,0.0125
agm1000000421,7.295608520507812e-05,0.27898722887039185,0.6008
agm1000005303,0.2131328582763672,0.08275720477104187,0.0
agm1000003508,0.0319671630859375,0.38553586602211,0.0
agm1000008355,0.098393440246582,0.09346945583820343,0.0175
agm1000013967,0.0087590217590332,0.06845512986183167,0.0
agm1000016420,0.0316753387451171,0.02323518693447113,0.0
agm1000014451,0.0128426551818847,0.028502926230430603,0.0
agm1000016604,0.0009698867797851,0.05225203186273575,0.0
agm1000005295,0.0415000915527343,0.28280502557754517,0.1018
agm1000015605,0.0180087089538574,0.08671995997428894,0.0
agm1000008700,0.0264863967895507,0.03514164686203003,0.0003
agm1000007892,0.1881132125854492,0.027959410101175308,0.0
agm1000009564,0.0025701522827148,1.3526066541671753,0.237
agm1000014212,0.0363471508026123,0.13649748265743256,0.0
agm1000011089,0.853428840637207,1.1422072649002075,1.4254
agm1000001969,1.142024040222168,2.517535924911499,1.0517
agm1000018395,0.1319513320922851,0.015299290418624878,0.0
agm1000000059,0.5340337753295898,0.0060388147830963135,0.3801
agm1000002098,0.0225410461425781,0.01536203920841217,0.0
agm1000016660,0.0831913948059082,0.036247432231903076,0.0
agm1000019243,0.0047917366027832,0.020811930298805237,0.0055
agm1000011912,0.1385116577148437,0.03425752371549606,0.1803
agm1000011677,0.1258935928344726,0.004884272813796997,0.0
agm1000006246,0.0677037239074707,0.020533062517642975,0.0
agm1000003408,0.1121196746826171,0.030781149864196777,0.0
agm1000006588,0.1509966850280761,0.02397822216153145,0.0
agm1000010535,0.0042595863342285,0.020145326852798462,0.1622
agm1000013248,0.0008111000061035,0.013563454151153564,0.0
agm1000019356,0.1731009483337402,0.053230881690979004,0.2197
agm1000001156,0.0006709098815917,0.03912392258644104,0.44
agm1000007246,0.005958080291748,0.20053011178970337,0.3638
agm1000019639,0.0467004776000976,0.020920466631650925,0.0438
agm1000015405,0.0007190704345703,0.03801492974162102,0.0
agm1000018733,0.0043239593505859,0.012709975242614746,0.0
agm1000011831,0.0617928504943847,0.000994466245174408,0.0
agm1000002583,0.0182609558105468,-0.018593966960906982,0.0
agm1000006900,0.0040140151977539,0.08632689714431763,0.0
agm1000002759,0.1266775131225586,0.33501479029655457,0.0
agm1000019920,0.1618552207946777,0.02731642872095108,0.0004
agm1000003789,1.032093524932861,0.20530472695827484,1.1091
agm1000001053,5.817413330078125e-05,1.3009871244430542,0.867
agm1000018746,0.0010037422180175,0.02953702211380005,0.0
agm1000018386,0.0057101249694824,0.02110600471496582,0.0
agm1000016923,0.0037322044372558,0.03528016060590744,0.0
agm1000016049,0.027505874633789,0.007407471537590027,0.0
agm1000014140,0.0001306533813476,0.04002102464437485,0.0
agm1000000985,0.1078600883483886,0.0487564355134964,0.0
agm1000012686,0.0388684272766113,0.09508759528398514,0.0
agm1000003659,0.1645050048828125,-0.002545394003391266,0.263
agm1000009383,0.0005841255187988,0.09218468517065048,0.004
agm1000017398,0.0020465850830078,0.34993842244148254,0.0
agm1000013845,0.0063467025756835,0.051872722804546356,0.1812
agm1000000098,0.0020937919616699,0.8190653324127197,0.6737000000000001
agm1000001858,0.0108776092529296,0.022080451250076294,0.1222
agm1000006903,0.0652942657470703,0.13197872042655945,0.2465
agm1000008665,0.3861317634582519,0.06361202895641327,0.6226
agm1000005749,0.6240825653076172,0.029449984431266785,0.3292
agm1000006454,0.0273189544677734,0.02238917350769043,0.0
agm1000007570,0.1415905952453613,-0.015082970261573792,0.0
agm1000005007,0.0657329559326171,0.05621489882469177,0.0
agm1000000920,0.796757698059082,-0.006357133388519287,0.1298
agm1000013402,1.1920714378356934,0.004040740430355072,0.6005
agm1000005721,0.1313948631286621,0.010362192988395691,0.0
agm1000002843,0.1314420700073242,0.0011552125215530396,0.0
agm1000000186,0.277048110961914,0.03375020623207092,0.2037
agm1000004285,0.1357002258300781,0.005187384784221649,0.0
agm1000017251,0.0046319961547851,0.04798656702041626,0.0
agm1000011132,0.0764245986938476,0.022062569856643677,0.0
agm1000014221,0.1621818542480468,0.059486061334609985,0.0
agm1000000157,0.0083165168762207,0.032272785902023315,0.0
agm1000006450,0.0674691200256347,0.007638335227966309,0.0574
agm1000007437,0.0404314994812011,0.07778985798358917,0.0
agm1000013884,0.072052001953125,0.05760714411735535,0.0
agm1000000223,0.0912947654724121,0.20278577506542206,0.0
agm1000018388,0.1304554939270019,0.4098077118396759,0.1048
agm1000008886,0.0011844635009765,0.8916653394699097,0.5822
agm1000004219,0.0078439712524414,1.8533871173858643,0.0237
agm1000006225,4.76837158203125e-07,0.21822017431259155,0.0124
agm1000010848,2.7018065452575684,2.3905551433563232,3.6902
agm1000001853,0.2944655418395996,2.413869857788086,3.2847
agm1000004184,0.5787820816040039,3.3871188163757324,0.0
agm1000015069,0.0696120262145996,1.0939445495605469,2.1466
agm1000010763,1.581453800201416,0.009127512574195862,0.2858
agm1000009772,0.0111575126647949,0.27183711528778076,0.0
agm1000019872,0.0007658004760742,0.014269456267356873,0.205
agm1000010898,0.016359806060791,0.058863792568445206,0.0
agm1000018618,0.01426362991333,0.015527099370956421,0.0
agm1000010636,0.0605692863464355,-0.015609204769134521,0.0006
agm1000003679,0.0110015869140625,0.034748464822769165,0.0
agm1000005208,0.7991600036621094,-0.0029396414756774902,0.0
agm1000009758,0.000460147857666,0.005415737628936768,0.0
agm1000004159,0.0544629096984863,-0.013246186077594757,0.0
agm1000014254,0.3380374908447265,1.4680386781692505,1.958
agm1000016100,0.0018467903137207,1.344459056854248,1.9928
agm1000001897,0.0153059959411621,0.43922725319862366,2.1063
agm1000015808,0.0639247894287109,0.0304328054189682,2.5884
agm1000012648,0.4006657600402832,0.042529329657554626,0.4923
agm1000014324,0.098884105682373,0.031473755836486816,0.0
agm1000015336,0.0383973121643066,0.010937526822090149,0.0
agm1000002902,0.0090084075927734,0.027311354875564575,0.0
agm1000015779,0.009106159210205,-0.017697244882583618,0.164
agm1000002418,0.2248411178588867,0.05324522405862808,0.0
agm1000000616,0.0188779830932617,0.29629579186439514,0.0
agm1000008695,0.0205273628234863,0.09618896245956421,0.0
agm1000016825,0.0348529815673828,0.015110652893781662,0.0
agm1000012939,0.3082895278930664,0.011332832276821136,0.0
agm1000011524,0.0656747817993164,0.04985013231635094,0.0
agm1000003185,0.0026807785034179,0.06819448620080948,0.0
agm1000004607,0.1142616271972656,0.025927558541297913,0.0
agm1000009922,1.33514404296875e-05,0.25826495885849,0.3928
agm1000004504,0.1724228858947754,0.033141762018203735,0.0
agm1000011968,0.0830130577087402,0.029408633708953857,0.0
agm1000011559,0.0086407661437988,0.04308922588825226,0.0
agm1000001506,0.1758875846862793,0.016224399209022522,0.0
agm1000014336,0.4598560333251953,0.10046713799238205,0.4801
agm1000000573,0.3555445671081543,0.08385954797267914,0.0811
agm1000009210,3.337860107421875e-06,0.018168672919273376,0.307
agm1000004959,0.1618919372558593,0.30641427636146545,0.0
agm1000011833,0.0067043304443359,0.022230379283428192,0.0
agm1000003721,0.1029591560363769,0.0031166821718215942,0.0
agm1000014228,0.0054688453674316,0.028159327805042267,0.0894
agm1000010006,0.0326952934265136,0.01287052035331726,0.0
agm1000000360,0.1655964851379394,0.04186055064201355,0.1748
agm1000002899,0.2723374366760254,-0.026102140545845032,0.0
agm1000009428,0.0059914588928222,0.08220411837100983,0.0
agm1000010453,0.0061037540435791,0.1645650416612625,0.0
agm1000001264,0.0157735347747802,-0.012407362461090088,0.2382
agm1000001152,0.0056385993957519,0.092680424451828,0.0
agm1000007216,0.3774571418762207,0.25946107506752014,0.0
agm1000005745,0.0539777278900146,0.08074383437633514,0.0
agm1000017084,0.0036380290985107,0.010258883237838745,0.0405
agm1000004798,0.1673107147216797,0.06211267411708832,0.0
agm1000002266,0.0033595561981201,0.05952802300453186,0.0005
agm1000003368,0.0354144573211669,0.38781461119651794,0.0741
agm1000018830,0.0767676830291748,0.13181337714195251,0.1471
agm1000014512,0.0316979885101318,-0.0009634122252464294,0.0117
agm1000001745,0.2893342971801758,0.7915102243423462,0.0
agm1000016915,0.8094961643218994,0.5716594457626343,0.2949
agm1000006401,0.0076460838317871,0.10859915614128113,0.0
agm1000010097,5.245208740234375e-06,0.6397322416305542,0.4269
agm1000006210,0.0019192695617675,0.7741425037384033,0.4769
agm1000003722,0.022010326385498,1.1930124759674072,0.0
agm1000019963,1.4410319328308103,0.9349712133407593,1.2703
agm1000019304,1.7461671829223633,0.16359356045722961,0.4437
agm1000005889,0.2262411117553711,0.30746686458587646,0.2424
agm1000018119,0.004061222076416,0.6926425695419312,0.0
agm1000017074,0.0059039592742919,0.11342966556549072,0.0242
agm1000007586,1.2636184692382812e-05,0.1839442104101181,0.0
agm1000006081,0.105487585067749,0.4089767336845398,0.0621
agm1000019906,0.0365540981292724,0.3435252606868744,0.0237
agm1000012842,3.0795364379882812,0.6994985342025757,0.8835000000000001
agm1000007421,0.0148811340332031,0.15792687237262726,0.0
agm1000010602,0.9312825202941896,0.04523736238479614,0.0
agm1000019448,0.0180981159210205,0.3216836154460907,0.0
agm1000005061,0.0036423206329345,0.5192428827285767,0.0
agm1000014480,0.0017476081848144,0.01431301236152649,0.0
agm1000003676,0.9323761463165284,0.10772083699703217,0.6502
agm1000000398,0.0367085933685302,0.01612156629562378,0.0
agm1000000231,0.0065703392028808,0.007382050156593323,0.0
agm1000018699,0.0006341934204101,0.005429446697235107,0.0621
agm1000016030,0.0001673698425292,0.06355348974466324,0.0
agm1000017759,0.0408239364624023,0.0184030681848526,0.0
agm1000014147,0.0685281753540039,0.029250144958496094,0.0
agm1000018461,0.0701789855957031,0.03156568109989166,0.0
agm1000002663,0.0224177837371826,0.029848337173461914,0.3337
agm1000019211,0.0033562183380126,0.13193345069885254,0.0
agm1000017400,0.0031909942626953,0.05272137373685837,0.1473
agm1000018144,0.0028820037841796,0.030625127255916595,0.1495
agm1000016687,0.0033366680145263,0.24166366457939148,0.0
agm1000015892,0.0351121425628662,0.014460891485214233,0.255
agm1000001339,0.0391650199890136,0.03750312328338623,0.0
agm1000007802,0.0175616741180419,0.12509040534496307,0.0
agm1000011605,0.0480704307556152,0.04462885856628418,0.0
agm1000001712,0.0045478343963623,-0.0011159665882587433,0.0
agm1000003008,0.0403950214385986,0.01809772476553917,0.0143
agm1000005560,0.0683400630950927,0.4497418999671936,0.0
agm1000018838,0.0029325485229492,0.04738663136959076,0.0
agm1000003443,0.77803635597229,0.15437671542167664,0.0
agm1000009376,0.0927240848541259,0.5824644565582275,0.0
agm1000010249,0.0009801387786865,0.16507327556610107,0.1251
agm1000019599,0.0023467540740966,0.06142522394657135,0.3997
agm1000019767,0.0209321975708007,0.3165062367916107,0.2018
agm1000014193,0.495929479598999,0.6654007434844971,0.2856
agm1000002346,0.1621105670928955,0.05468272417783737,0.0
agm1000005223,0.0560910701751709,0.07887297123670578,0.4828
agm1000010209,0.0099406242370605,0.3322807848453522,0.0
agm1000001255,0.037870168685913,0.6470694541931152,0.0
agm1000009865,4.76837158203125e-06,0.2301073968410492,0.1863
agm1000019853,0.0090088844299316,0.8420982360839844,0.0
agm1000006473,0.0450325012207031,0.4511174261569977,0.5818
agm1000000962,0.0121569633483886,0.550361156463623,0.0
agm1000003311,0.6007683277130127,0.04198330640792847,0.731
agm1000016647,0.0092403888702392,0.07693368196487427,0.3004
agm1000016919,0.001723289489746,0.07913054525852203,0.29
agm1000015939,0.3471717834472656,0.23612727224826813,0.4739
agm1000013959,0.0014004707336425,-0.019975461065769196,0.0
agm1000001770,0.3753635883331299,0.04339109733700752,0.0
agm1000002868,0.0207023620605468,0.06247197091579437,0.1056
agm1000013684,0.0224099159240722,0.04265613853931427,0.0
agm1000008734,0.0085418224334716,0.5080680847167969,0.0663
agm1000009508,6.4373016357421875e-06,0.1190720722079277,0.2964
agm1000009140,0.9373269081115724,0.3293767273426056,0.8969
agm1000002958,0.0338683128356933,0.1115894615650177,0.0
agm1000004346,0.0006229877471923,0.27305179834365845,0.2542
agm1000002484,6.7844038009643555,1.1343302726745605,0.4522
agm1000018303,0.0031893253326416,1.2864500284194946,0.0
agm1000019907,3.827272891998291,2.0359129905700684,1.2407
agm1000007112,5.187201976776123,2.101984977722168,0.8846
agm1000005457,5.215155124664307,1.9925059080123901,0.7454000000000001
agm1000018170,4.933511734008789,2.1684226989746094,1.5492
agm1000000646,4.843844413757324,0.933873176574707,0.7484000000000001
agm1000017357,4.423246383666992,0.400333046913147,1.6674
agm1000008061,4.259209632873535,0.5767546892166138,1.1935
agm1000002511,4.21518087387085,0.6461328268051147,0.9119
agm1000009545,2.973905324935913,0.1174045205116272,0.0532
agm1000019748,0.0195543766021728,0.5063077211380005,0.0
agm1000008532,4.328339099884033,-0.07484418153762817,0.0
agm1000017295,0.1387035846710205,0.12295219302177429,0.0
agm1000010964,3.787648677825928,0.07294279336929321,0.0015
agm1000000639,3.4251956939697266,0.4635290205478668,0.3473
agm1000012610,6.12023401260376,2.284853935241699,4.0495
agm1000019785,6.843995094299316,3.895388603210449,4.3024
agm1000016942,6.828431606292725,3.836500883102417,3.7793
agm1000011986,6.868251800537109,3.994184732437134,4.244
agm1000011098,7.2238030433654785,4.125069618225098,4.531
agm1000004393,7.178754806518555,3.713129758834839,4.3124
agm1000000053,6.861754894256592,4.518437385559082,3.8847
agm1000017412,7.930438995361328,4.4398908615112305,4.3822
agm1000018870,6.973503589630127,4.0399088859558105,4.0873
agm1000017608,8.979719161987305,4.392271518707275,4.3944
agm1000012883,9.177778244018556,5.715953826904297,4.021
agm1000018093,9.177411079406738,5.802080154418945,4.0213
agm1000006877,9.12558937072754,5.106818675994873,4.0563
agm1000016293,5.33616828918457,3.6084446907043457,2.9158
agm1000018222,5.595394611358643,3.2742106914520264,3.7402
agm1000015358,5.776155471801758,3.587667942047119,3.7472
agm1000004316,5.4455976486206055,2.2822437286376953,3.0351
agm1000018283,5.583743095397949,1.984533429145813,3.7368
agm1000013318,5.583963394165039,2.448756694793701,3.6828
agm1000003452,5.3373212814331055,2.5963358879089355,2.5567
agm1000001082,0.5283904075622559,0.008162550628185272,0.4923
agm1000003999,0.124363899230957,-0.03827205300331116,0.0
agm1000019222,0.5015730857849121,0.04358569532632828,0.4401
agm1000001863,0.0900716781616211,0.02410033345222473,0.0
agm1000006832,0.1252689361572265,0.11980283260345459,0.0368
agm1000015636,0.0124902725219726,-0.009812012314796448,0.0
agm1000003837,0.0567808151245117,0.00845349207520485,0.0
agm1000019678,0.5590803623199463,0.03430069237947464,0.444
agm1000012862,1.8962295055389404,1.3214694261550903,0.5263
agm1000002377,2.082589864730835,1.1372963190078735,0.472
agm1000011842,0.0091981887817382,1.0983633995056152,0.0
agm1000017642,1.5983514785766602,1.3617656230926514,1.5864
agm1000010039,0.5981466770172119,0.5424602031707764,1.0846
agm1000002417,0.5395207405090332,0.743476390838623,0.3039
agm1000011151,0.0273249149322509,0.6445204019546509,0.0006
agm1000014787,0.3501205444335937,-0.02350279688835144,0.2893
agm1000020051,0.0350589752197265,0.09143608808517456,0.248
agm1000013914,0.1198501586914062,0.07236805558204651,0.0
agm1000017699,2.3688478469848633,0.002494916319847107,1.1934
agm1000019546,0.0067558288574218,0.018226832151412964,0.0
agm1000014644,1.4576456546783447,0.13168394565582275,0.5015000000000001
agm1000007800,0.4653511047363281,0.019704818725585938,0.0
agm1000018688,0.0901193618774414,-0.0029288604855537415,0.0902
agm1000018206,0.0336427688598632,-0.009698159992694855,0.1653
agm1000007037,0.0071120262145996,0.006992354989051819,0.0
agm1000009389,0.0929980278015136,0.02401001751422882,0.0222
agm1000016067,0.6963012218475342,0.0037517547607421875,0.174
agm1000010825,0.0226573944091796,-0.004395380616188049,0.0
agm1000014139,0.0190067291259765,-0.0006277337670326233,0.0
agm1000005830,0.0396943092346191,0.08949032425880432,0.0145
agm1000002371,0.026257038116455,0.007657274603843689,0.5051
agm1000007492,0.2988350391387939,0.02563709020614624,0.0
agm1000000006,0.6300175189971924,0.363915354013443,0.5497000000000001
agm1000010720,0.0949463844299316,0.07252627611160278,0.0
agm1000001341,0.0539002418518066,0.02916521579027176,0.0
agm1000001525,0.1358048915863037,0.1008748710155487,0.182
agm1000001860,0.0351142883300781,0.09350347518920898,0.0
agm1000013150,0.2395732402801513,0.05329626798629761,0.0242
agm1000005809,1.057474136352539,0.4049474000930786,0.3852
agm1000012942,0.1448650360107422,0.048857107758522034,0.3448
agm1000019193,0.1266713142395019,0.29488056898117065,0.0762
agm1000013148,0.4125025272369385,0.23990976810455322,0.2309
agm1000015246,1.0764939785003662,0.003569483757019043,0.1751
agm1000018786,0.0055408477783203,0.18530386686325073,0.0419
agm1000004533,0.1195302009582519,0.10013249516487122,0.0
agm1000000339,0.0006208419799804,0.3500824272632599,0.0337
agm1000011352,1.190211296081543,0.10187892615795135,0.3114
agm1000016306,0.489617109298706,0.1142166256904602,0.4979
agm1000009087,1.0688354969024658,0.2895870506763458,0.8935000000000001
agm1000001670,0.1110668182373046,0.049060702323913574,0.0687
agm1000003322,0.0286390781402587,0.3538230359554291,0.9827
agm1000011348,0.2573428153991699,0.9856787919998169,0.0
agm1000017808,1.0654561519622805,-0.09930504858493805,0.4036
agm1000015572,0.0006995201110839,-0.01321428269147873,0.0
agm1000013971,0.0029172897338867,0.20977236330509186,0.393
agm1000011537,0.0321736335754394,0.0402909517288208,0.0
agm1000014581,0.0016961097717285,-0.0005884170532226562,0.1414
agm1000012511,0.173579454421997,-0.01704809069633484,0.0
agm1000019238,0.0027408599853515,-0.019576184451580048,0.0
agm1000018166,0.0022666454315185,-0.009334161877632141,0.0922
agm1000009734,0.013010025024414,0.004218533635139465,0.0
agm1000010810,0.0109810829162597,0.0012536197900772095,0.0
agm1000008811,0.0601129531860351,-0.015788793563842773,0.0
agm1000012808,0.0062029361724853,0.04047060012817383,0.0
agm1000003444,0.141204833984375,0.0424153208732605,0.0
agm1000013792,0.0442166328430175,0.024045854806900024,0.0
agm1000007118,0.0022449493408203,0.05907967686653137,0.1499
agm1000002423,0.8880136013031006,0.06330058723688126,0.6685
agm1000013596,0.4771847724914551,0.06550310552120209,0.0
agm1000003502,1.946004867553711,0.10143288969993591,1.0831
agm1000000153,0.7987487316131592,0.1959538757801056,0.1413
agm1000010726,0.0132317543029785,0.10329127311706543,0.1951
agm1000000576,0.0020465850830078,0.04165033996105194,0.0
agm1000007573,0.2764923572540283,0.03708508610725403,0.0
agm1000000628,0.2775278091430664,0.12224918603897095,0.619
agm1000008844,0.136279821395874,0.11797259747982025,0.0
agm1000008654,0.1340398788452148,0.08495138585567474,0.0
agm1000005756,0.0059208869934082,0.046217724680900574,0.0
agm1000019593,0.046205997467041,0.21161432564258575,0.4818
agm1000005626,0.0219435691833496,0.23222288489341736,0.0
agm1000005742,0.0850937366485595,0.12946204841136932,0.0
agm1000000757,0.2372958660125732,0.07324253022670746,0.0
agm1000008605,0.1445882320404052,0.12795281410217285,0.0
agm1000018353,0.087785005569458,0.3323642313480377,0.0
agm1000013429,0.732527494430542,0.39178434014320374,0.0
agm1000005946,0.6783792972564697,0.07851231098175049,0.0272
agm1000004201,3.7103075981140137,0.6118546724319458,1.8461
agm1000013637,3.089022159576416,0.14217963814735413,1.9995
agm1000002718,0.0689573287963867,0.049002669751644135,0.0
agm1000013574,1.0775489807128906,0.1280200183391571,0.7412000000000001
agm1000002578,0.250434398651123,0.0023403912782669067,0.0
agm1000004398,1.4584214687347412,0.0646757110953331,0.3738
agm1000018672,0.1032698154449462,0.12170813977718353,0.0
agm1000012930,0.1211996078491211,0.003275558352470398,0.0
agm1000002397,0.0141530036926269,0.05354982614517212,0.0
agm1000011032,0.0080037117004394,0.07786904275417328,0.0
agm1000009875,0.0635023117065429,0.5550916194915771,0.0
agm1000015557,5.6985039710998535,2.1023714542388916,4.1388
agm1000009857,1.630070447921753,0.41390931606292725,1.1375
agm1000002009,9.341933250427246,3.736811876296997,4.9579
agm1000017958,1.465167760848999,1.3135449886322021,2.6792
agm1000000815,1.2570996284484863,0.9176205396652222,0.4242
agm1000013299,0.0316991806030273,0.2973284125328064,0.1662
agm1000016013,4.235383033752441,0.3982430100440979,2.029
agm1000010130,0.6504697799682617,0.059544168412685394,0.38
agm1000006571,1.550546169281006,0.46803706884384155,0.0165
agm1000003091,0.2223951816558838,0.13590382039546967,0.3071
agm1000012225,3.1681394577026367,0.16512973606586456,1.7437
agm1000011161,2.4103498458862305,0.13977329432964325,1.4153
agm1000004160,1.36236310005188,0.7953075170516968,1.01
agm1000012881,0.0147411823272705,0.30244535207748413,0.0
agm1000012022,0.0187110900878906,0.24796050786972046,0.0
agm1000010567,0.0039691925048828,0.4653541147708893,0.0
agm1000003932,0.1359615325927734,0.42267152667045593,0.8150000000000001
agm1000008227,0.956240177154541,1.0617438554763794,1.0536
agm1000016245,0.6429958343505859,1.0232086181640625,1.6644
agm1000007297,5.358853340148926,1.5651469230651855,3.0756
agm1000003888,5.783580303192139,1.6525089740753174,2.1473
agm1000004670,0.4763412475585937,1.798805832862854,0.5366000000000001
agm1000008809,2.7211666107177734,1.194825530052185,1.2142
agm1000002279,3.137840986251831,1.0401874780654907,2.1365
agm1000019370,1.3404498100280762,0.3800187408924103,0.5628000000000001
agm1000019636,0.646648645401001,0.4990819990634918,0.3667
agm1000017819,1.5258936882019043,0.07647817581892014,0.0313
agm1000014987,0.5604968070983887,0.11773382127285004,0.0049
agm1000016646,0.3548860549926758,0.0479201078414917,0.1757
agm1000008255,0.0093870162963867,0.11179235577583313,0.0
agm1000005281,1.7613236904144287,0.1625751554965973,1.4428
agm1000008486,0.0227522850036621,0.14235465228557587,0.1309
agm1000003800,0.4542450904846191,0.07176795601844788,0.3088
agm1000010783,2.084833860397339,0.25825682282447815,0.4099
agm1000008948,0.8372623920440674,0.15794719755649567,0.0
agm1000017358,4.817033290863037,3.454113006591797,2.885
agm1000001177,5.114002227783203,3.411694049835205,3.6132
agm1000015621,7.457014083862305,5.699027061462402,5.7813
agm1000020006,7.539267539978027,5.4069504737854,5.1
agm1000012878,8.260701179504395,5.564286231994629,6.2305
agm1000016849,3.0479166507720947,0.23806068301200867,1.3753
agm1000000720,3.4875309467315674,0.16805317997932434,1.5351
agm1000002132,0.0390999317169189,1.296156406402588,0.0
agm1000012316,2.7877817153930664,1.1942968368530273,1.5431
agm1000018668,3.2271127700805664,0.8888428211212158,0.8284
agm1000017008,3.650786876678467,1.253607153892517,1.5038
agm1000016003,3.3762125968933105,0.6114939451217651,0.3313
agm1000014049,3.642305850982666,1.2253429889678955,1.4105
agm1000015762,0.2067713737487793,1.020560622215271,0.1215
agm1000003878,3.7144618034362793,0.8899062871932983,0.5723
agm1000013433,3.4990851879119873,1.4359931945800781,0.2648
agm1000003191,2.167144298553467,0.3820277750492096,0.0
agm1000018915,1.5853497982025146,0.04311405122280121,0.1349
agm1000007688,0.0534396171569824,0.07408997416496277,0.0
agm1000020013,0.1469936370849609,0.04862068593502045,0.0013
agm1000015929,1.7435314655303955,0.46726444363594055,0.9402
agm1000010473,2.214867115020752,0.28833872079849243,1.0888
agm1000000191,0.4611401557922363,0.2597692310810089,0.3902
agm1000001981,0.1985435485839843,0.04122944921255112,0.0892
agm1000018506,2.14792537689209,0.6139827966690063,0.9117
agm1000004239,0.1321902275085449,0.3072793483734131,0.0
agm1000005034,0.7552921772003174,0.8282475471496582,0.5457000000000001
agm1000003049,1.288546085357666,0.3791722357273102,1.2282
agm1000019734,14.689523696899414,4.928271293640137,5.8905
agm1000015001,3.733504295349121,0.961762547492981,1.9765
agm1000015223,19.384050369262695,6.344444274902344,8.6538
agm1000015392,8.710725784301758,2.3564252853393555,2.8349
agm1000017101,9.86057472229004,3.6475350856781006,5.0574
agm1000005198,6.68919038772583,0.775058388710022,1.4283
agm1000000138,3.4795982837677,0.3880988657474518,2.2635
agm1000019909,4.133541584014893,0.3309786021709442,1.6799
agm1000001888,0.6053354740142822,2.222076416015625,0.9104
agm1000001407,2.2392585277557373,0.8851613998413086,1.753
agm1000019220,2.064990997314453,0.43169745802879333,0.9078
agm1000013401,3.8731613159179688,2.1525216102600098,2.7171000000000003
agm1000002179,0.0021986961364746,0.43962717056274414,0.0014
agm1000001110,2.484276294708252,0.771151065826416,0.1871
agm1000000198,0.3546710014343261,0.7354016304016113,0.0
agm1000008778,0.0053117275238037,0.03415939211845398,0.0
agm1000004610,0.0640387535095214,-0.000667959451675415,0.0
agm1000004486,0.0693898200988769,0.013887077569961548,0.3281
agm1000011095,0.0668525695800781,0.044948697090148926,0.0
agm1000018993,0.0941183567047119,0.03801795095205307,0.0
agm1000007385,0.5671861171722412,0.011169523000717163,0.433
agm1000001458,0.5044915676116943,0.12589028477668762,0.9433
agm1000012284,3.7470645904541016,2.2274980545043945,3.5541
agm1000003893,3.676910877227783,2.1493310928344727,2.499
agm1000013932,2.32313871383667,2.3534412384033203,2.4654
agm1000019794,6.756038665771484,2.747650623321533,3.9781
agm1000007022,6.512828826904297,0.4184298813343048,4.3566
agm1000013208,4.421703815460205,2.4898648262023926,3.0037
agm1000012093,2.6131303310394287,1.7977930307388306,2.8951
agm1000001157,3.0434651374816895,1.4796839952468872,2.1158
agm1000019696,5.3530473709106445,1.6135883331298828,2.9136
agm1000005558,4.527548789978027,1.071509599685669,2.4183
agm1000018965,0.4856281280517578,0.7681854963302612,1.1609
agm1000012738,4.440452575683594,0.5898206233978271,2.6279
agm1000017444,2.8132431507110596,1.0555721521377563,1.2771
agm1000016637,3.3566339015960693,0.7949941158294678,1.8075
agm1000007363,3.495753765106201,0.2292872667312622,1.9192
agm1000006910,0.0024785995483398,0.07019489258527756,0.0
agm1000013254,1.821303367614746,0.7915955781936646,0.2218
agm1000001917,0.0385899543762207,0.21469637751579285,0.0
agm1000017712,3.2982144355773926,1.0157041549682617,1.6760000000000002
agm1000016144,3.0947251319885254,0.9980512857437134,1.9045
agm1000016800,2.832704782485962,1.0435279607772827,1.5661
agm1000018708,1.7990031242370603,1.0321636199951172,1.5317
agm1000012796,1.5163459777832031,0.2738000750541687,1.829
agm1000010267,1.6914176940917969,0.7092965841293335,2.3092
agm1000007152,0.4730212688446045,0.32935068011283875,0.0
agm1000003041,0.1768550872802734,0.040425240993499756,0.2976
agm1000009818,0.0174400806427001,1.4198951721191406,0.2492
agm1000015770,3.703195095062256,0.3383328318595886,1.752
agm1000014475,2.790970802307129,0.37722113728523254,1.3018
agm1000016727,1.694636344909668,0.5085192918777466,0.4456
agm1000014085,2.1984832286834717,0.3522818982601166,1.3835
agm1000001201,2.8309366703033447,0.677960991859436,2.072
agm1000004662,0.098750352859497,0.2685368061065674,0.0
agm1000002736,0.0533382892608642,0.0790901705622673,0.0
agm1000009287,0.0034613609313964,1.1055721044540405,0.2514
agm1000015691,2.125934600830078,0.37508922815322876,1.2189
agm1000016058,1.4727535247802734,0.1381739228963852,1.1378
agm1000014318,1.4032444953918457,0.19265465438365936,1.1012
agm1000010173,0.5355474948883057,0.31427130103111267,0.2615
agm1000001916,0.4808638095855713,0.11666560173034668,0.4811
agm1000004730,0.233750581741333,0.267818421125412,0.4514
agm1000001704,0.5783743858337402,0.012555114924907684,0.0
agm1000009815,0.0119218826293945,0.20450849831104279,0.2487
agm1000013063,2.480233669281006,0.40155529975891113,0.374
agm1000004048,1.8656303882598877,0.7450821399688721,0.1468
agm1000007691,0.4823973178863525,0.18678736686706543,0.0
agm1000009616,3.2368392944335938,0.7102023363113403,0.6888000000000001
agm1000001283,2.7439677715301514,0.7454466819763184,0.2866
agm1000012264,5.641209602355957,3.4992916584014893,4.8457
agm1000009371,6.774964809417725,4.455844879150391,5.4142
agm1000010837,6.308506965637207,4.253695487976074,4.6896
agm1000003807,6.647427558898926,4.916118621826172,3.6712
agm1000001987,8.625837326049805,5.807775497436523,6.0609
agm1000000710,8.540019989013672,5.517843246459961,4.4783
agm1000007445,8.173551559448242,6.003178596496582,3.9147
agm1000006779,4.9660234451293945,3.012699604034424,3.8338
agm1000001797,5.240118980407715,3.0930604934692383,2.8964
agm1000009759,5.588620185852051,1.2764177322387695,1.8747
agm1000000115,5.497087478637695,2.22602915763855,1.7181000000000002
agm1000016823,5.340230941772461,1.7454030513763428,1.0428
agm1000015479,6.08636474609375,2.141820192337036,2.0229
agm1000015640,5.260955810546875,2.0621275901794434,1.0286
agm1000016936,5.793658256530762,2.53712797164917,0.6908000000000001
agm1000008583,0.1205887794494628,0.37633004784584045,0.0
agm1000004930,6.127488613128662,3.2983508110046387,1.0181
agm1000019460,4.1330718994140625,2.1381418704986572,2.0441
agm1000016571,4.286038875579834,2.0783376693725586,2.1761
agm1000011949,4.576078414916992,2.2682220935821533,1.8489
agm1000011688,4.00358247756958,2.1849536895751953,0.2253
agm1000015796,4.613273620605469,2.2025716304779053,2.2145
agm1000003223,4.608633041381836,2.105246067047119,1.8151
agm1000013974,4.5813446044921875,2.781064987182617,1.9935
agm1000007508,4.0895185470581055,1.7846523523330688,2.7988
agm1000018687,3.7175850868225098,1.6359875202178955,2.1311
agm1000003628,3.4402825832366943,1.8708336353302002,1.5132
agm1000005188,3.5045459270477295,1.7990403175354004,0.9965
agm1000009786,3.8173937797546382,1.7049955129623413,2.0387
agm1000003262,2.6798782348632812,1.4738229513168335,0.2539
agm1000016641,3.388804197311402,1.295250654220581,1.867
agm1000012000,3.836930990219116,1.203851342201233,1.6438
agm1000018568,3.5340576171875,1.391506552696228,1.77
agm1000015301,2.9100160598754883,1.117500901222229,1.4197
agm1000009276,3.811179876327514,0.966900110244751,2.4278
agm1000008200,3.609108209609986,0.5744401216506958,1.9197
agm1000011091,3.6810269355773926,0.47818523645401,1.9791
agm1000008791,1.4958910942077637,0.18383927643299103,0.2195
agm1000001820,0.6903204917907715,0.0314558744430542,0.9411
agm1000002641,0.6092805862426758,1.8284389972686768,0.4072
agm1000000129,0.1159687042236328,-0.00729137659072876,0.0
agm1000019843,0.0210919380187988,0.06007230281829834,0.0411
agm1000008852,0.025552749633789,0.13912101089954376,0.4461
agm1000000782,0.0028614997863769,0.06997910141944885,0.2571
agm1000009760,0.3049159049987793,0.10705453157424927,0.1673
agm1000010237,0.021824836730957,-0.01407557725906372,0.387
agm1000005452,0.5468273162841797,0.07615795731544495,0.4535
agm1000004884,2.8368821144104004,0.37282779812812805,1.1099
agm1000017639,0.8875198364257812,0.024940557777881622,0.742
agm1000019328,0.0120320320129394,0.017298728227615356,0.0
agm1000011522,0.1295142173767089,0.03109341859817505,0.0
agm1000016141,0.0079283714294433,0.02761596441268921,0.0
agm1000003004,0.003570556640625,0.03601105511188507,0.0
agm1000012696,0.1399445533752441,0.0009476840496063232,0.0
agm1000002090,0.0949182510375976,0.008886992931365967,0.0
agm1000002341,0.0028862953186035,0.0769512951374054,0.0
agm1000011078,0.0015621185302734,0.011197254061698914,0.2945
agm1000019374,0.0004210472106933,0.05078175663948059,0.0002
agm1000006857,0.9409639835357666,0.3343367874622345,0.7782
agm1000006566,0.0041279792785644,2.00313663482666,0.6933
agm1000004528,5.237423419952393,0.1674235761165619,3.3973
agm1000009247,1.0139501094818115,0.2757384181022644,0.7416
agm1000013646,0.0051240921020507,0.25842803716659546,0.3526
agm1000019443,7.327726364135742,4.283556938171387,5.0679
agm1000000320,5.72897481918335,3.4093570709228516,2.5351
agm1000015196,0.0432631969451904,0.00452771782875061,0.0
agm1000002577,0.0047430992126464,1.01313054561615,0.0
agm1000011614,1.9007487297058103,0.06054958701133728,0.0227
agm1000019307,0.0201373100280761,0.05750143527984619,0.0
agm1000016679,0.0732278823852539,0.01325911283493042,0.0
agm1000014344,0.0041065216064453,0.02362126111984253,0.0
agm1000012048,0.1233525276184082,0.028863608837127686,0.0
agm1000003550,0.0644879341125488,0.1953657865524292,0.0
agm1000005104,0.080113410949707,0.06997475028038025,0.1799
agm1000000632,0.0092968940734863,0.41484376788139343,0.0
agm1000009136,0.0003604888916015,0.031299471855163574,0.0
agm1000007590,0.0380973815917968,0.0410444438457489,0.0
agm1000007391,4.576922416687012,1.8500510454177856,3.086
agm1000018941,4.792934894561768,2.6925148963928223,2.6846
agm1000006569,4.962629318237305,1.837897777557373,2.064
agm1000019268,0.0374717712402343,0.036521896719932556,0.0
agm1000018875,0.0086441040039062,0.010247111320495605,0.1356
agm1000011684,0.0022463798522949,0.00772760808467865,0.0
agm1000017022,0.005721092224121,0.022246524691581726,0.0
agm1000016734,0.009429931640625,0.011642545461654663,0.0
agm1000008895,0.0047454833984375,0.017752856016159058,0.0016
agm1000010665,0.0162272453308105,0.027283847332000732,0.0
agm1000007517,0.0671973228454589,0.02538178861141205,0.0
agm1000006151,0.0004734992980957,0.11522489041090012,0.3367
agm1000009569,5.7220458984375e-06,0.0014741122722625732,0.0
agm1000007348,2.2434654235839844,0.9673168659210205,1.4194
agm1000013114,1.5198335647583008,0.017093077301979065,0.6103000000000001
agm1000006509,2.7653489112854004,0.009183362126350403,1.3046
agm1000009599,1.8019051551818848,0.4503444731235504,1.0735
agm1000002067,2.0182766914367676,0.4238828718662262,1.3041
agm1000019005,0.1046276092529296,-0.012968689203262329,0.0
agm1000003316,0.0199875831604003,0.03353460133075714,0.016
agm1000003299,1.7162880897521973,-0.0014380738139152527,0.4915
agm1000019184,0.0184736251831054,0.0034544244408607483,0.0
agm1000013059,0.0647668838500976,0.2166338860988617,1.4358
agm1000000906,0.0473866462707519,0.22630572319030762,1.51
agm1000006782,0.0260515213012695,0.017102032899856567,0.1124
agm1000000154,0.0487284660339355,-0.010013818740844727,0.1155
agm1000006593,0.0723309516906738,0.0532417967915535,0.0
agm1000003170,0.6109700202941895,0.004970483481884003,0.3836
agm1000008294,0.0038380622863769,-0.00027904659509658813,0.0044
agm1000004440,0.9584341049194336,0.003050893545150757,0.3665
agm1000000837,0.0010132789611816,0.0026236623525619507,0.0
agm1000008732,2.193450927734375e-05,0.007610686123371124,0.0
agm1000000776,0.016089916229248,-0.02425801008939743,0.0
agm1000013912,0.0128383636474609,-0.0021784603595733643,0.2163
agm1000017601,0.0979905128479003,0.043119363486766815,0.0
agm1000015299,0.0027136802673339,0.005884140729904175,0.0
agm1000009040,0.0001707077026367,0.0067493245005607605,0.2801
agm1000005289,0.045600414276123,-0.008295111358165741,0.0047
agm1000004760,0.0034356117248535,0.04872146248817444,0.5733
agm1000002407,0.0040955543518066,-0.0028084293007850647,0.0
agm1000019540,0.190765380859375,0.05751052498817444,0.0581
agm1000008194,0.0217680931091308,0.011988770216703415,0.0
agm1000017797,0.1585516929626464,0.005016151815652847,0.2914
agm1000020057,0.0120539665222167,0.000911414623260498,0.0
agm1000019241,0.0748114585876464,0.042187049984931946,0.1221
agm1000011626,0.0054526329040527,-0.002040781080722809,0.0
agm1000011048,0.0958156585693359,-0.0023840665817260742,0.0
agm1000018107,0.1908111572265625,0.0037615038454532623,0.3875
agm1000011428,0.0001082420349121,0.0070082396268844604,0.2488
agm1000009015,0.166910171508789,-0.0016263611614704132,0.094
agm1000005999,0.2591848373413086,0.011916376650333405,0.0
agm1000014067,0.0150833129882812,0.0686483308672905,0.0
agm1000013126,0.0020151138305664,0.017760857939720154,0.0
agm1000013968,0.0032715797424316,0.4457796812057495,0.0208
agm1000010956,0.0233292579650878,0.007051616907119751,0.4409
agm1000018800,0.0056557655334472,0.11383920907974243,0.0
agm1000000712,0.4121127128601074,0.24979376792907715,0.501
agm1000004028,0.0293140411376953,0.031966567039489746,0.1428
agm1000017998,0.0516433715820312,0.01442912220954895,0.0
agm1000010195,0.0031228065490722,0.07225891947746277,0.0
agm1000000470,0.7064023017883301,0.824138879776001,0.0881
agm1000011284,0.1487107276916504,0.0009176433086395264,0.5589000000000001
agm1000010745,0.0010132789611816,1.0307791233062744,2.4089
agm1000003683,0.0115151405334472,1.6619665622711182,2.0586
agm1000006789,0.3089756965637207,1.8570741415023804,0.4128
agm1000015314,0.0442919731140136,1.196150541305542,2.6463
agm1000009510,0.0044808387756347,0.809833288192749,2.2213
agm1000003728,0.0024123191833496,2.588034152984619,1.952
agm1000016869,0.0036191940307617,-0.0014401376247406006,0.1115
agm1000007502,0.4383134841918945,0.07484662532806396,0.0
agm1000001207,0.1722493171691894,0.4700801968574524,0.494
agm1000015591,0.0343604087829589,0.02667611837387085,0.0
agm1000005995,0.0727987289428711,0.09704694151878357,0.3668
agm1000000683,9.918212890625e-05,0.044839441776275635,0.5974
agm1000011922,0.0212507247924804,0.08256466686725616,0.0
agm1000011233,0.0025477409362792,0.050270333886146545,0.0
agm1000017028,0.0503578186035156,0.05769706517457962,0.1176
agm1000007873,0.0169668197631835,0.011900685727596283,0.0399
agm1000001504,0.0050868988037109,0.007743190973997116,0.0
agm1000000519,0.1225581169128418,-0.00492791086435318,0.0
agm1000012925,0.0023846626281738,0.041651926934719086,0.0
agm1000016482,0.0023770332336425,-0.005556933581829071,0.2054
agm1000017055,0.0012373924255371,0.056592702865600586,0.5667
agm1000009968,0.0028214454650878,0.0809301882982254,0.0
agm1000008489,0.0092062950134277,0.1714843511581421,0.9159
agm1000015798,0.0482101440429687,0.00536191463470459,0.0
agm1000016132,0.0036063194274902,0.2826070785522461,0.7708
agm1000018127,0.2760825157165527,0.10232130438089371,1.2708
agm1000007609,0.0284886360168457,0.04571191221475601,0.1475
agm1000004819,0.0006303787231445,0.3774113059043884,0.293
agm1000012456,0.0642013549804687,0.28501179814338684,0.9756
agm1000002855,0.0145578384399414,1.7220908403396606,1.9615
agm1000007333,5.245208740234375e-06,1.493330955505371,0.0231
agm1000019805,0.0018610954284667,0.012720808386802673,0.1549
agm1000016686,0.0033597946166992,0.0027689486742019653,0.0
agm1000011194,0.0189676284790039,0.006445020437240601,0.0
agm1000016101,0.0308446884155273,0.007631920278072357,0.0
agm1000009691,0.0736689567565918,0.007754519581794739,0.0
agm1000005002,0.0314517021179199,0.0058196112513542175,0.0
agm1000004902,0.0282950401306152,0.009097352623939514,0.3116
agm1000004263,0.0935420989990234,-0.0020661689341068268,0.0
agm1000001667,0.0092654228210449,0.014979630708694458,0.0
agm1000017156,0.0026683807373046,0.026596158742904663,0.0
agm1000018333,0.0310196876525878,0.02771162986755371,0.1386
agm1000018717,0.2077779769897461,0.01281900703907013,0.2842
agm1000016903,0.7672758102416992,0.052921995520591736,0.9531
agm1000014286,0.0008811950683593,-0.005317769944667816,0.0029
agm1000015652,0.8627185821533203,0.14916536211967468,0.9447
agm1000007423,0.1351771354675293,-0.03698258101940155,0.0
agm1000008313,0.0072455406188964,-0.026451945304870605,0.0
agm1000001856,0.2080750465393066,0.009019769728183746,0.0
agm1000017148,4.1961669921875e-05,0.04138296842575073,0.0
agm1000009444,0.0044622421264648,0.5285565853118896,0.1346
agm1000004806,0.0371336936950683,0.29113417863845825,0.7175
agm1000000046,0.0011820793151855,0.20602834224700928,0.7212000000000001
agm1000006273,0.0293622016906738,0.007788114249706268,0.0
agm1000018597,0.0073518753051757,0.018581382930278778,0.0
agm1000016157,0.0224771499633789,0.024875812232494354,0.0
agm1000015700,1.3350706100463867,0.1595391035079956,1.1341
agm1000004715,0.0381407737731933,0.027608603239059448,0.1846
agm1000010171,0.0020070075988769,0.007390853017568588,0.0
agm1000005517,0.0150995254516601,0.048538580536842346,0.0323
agm1000004663,0.0543961524963378,-0.00671723484992981,0.0409
agm1000013659,0.0084028244018554,0.008686445653438568,0.0053
agm1000004812,0.027496337890625,0.5928845405578613,0.7038
agm1000014880,0.0011811256408691,-0.00023639202117919922,0.1408
agm1000016383,0.0130805969238281,0.001659989356994629,0.0
agm1000019221,0.0157179832458496,-0.004784837365150452,0.1432
agm1000017244,0.0274786949157714,-0.04447506368160248,0.0237
agm1000017857,1.1477546691894531,0.09779994934797287,1.1373
agm1000013807,0.0072588920593261,0.031558215618133545,0.459
agm1000007212,0.0167007446289062,-0.08111768960952759,0.0
agm1000007699,0.0307898521423339,-0.0216839462518692,0.0
agm1000001809,0.0037136077880859,0.09341356158256531,0.0825
agm1000003726,0.0092840194702148,0.028053224086761475,0.347
agm1000008937,0.0001120567321777,-0.03002236783504486,0.0
agm1000005621,0.0970072746276855,-0.031595274806022644,0.0
agm1000004131,0.0042324066162109,0.006291136145591736,0.2988
agm1000018918,5.711489677429199,3.1922411918640137,2.4882
agm1000003265,5.466919422149658,2.441621780395508,1.6171
agm1000019477,3.7885258197784424,1.9187595844268799,2.5813
agm1000018139,3.832590579986572,1.7885632514953613,1.884
agm1000001430,4.135117530822754,1.715047001838684,2.6008
agm1000007731,3.62140440940857,1.3766108751296997,1.4952
agm1000001394,0.3803904056549072,0.1618841588497162,0.4791
agm1000007589,2.3604390621185303,0.2662734389305115,1.1164
agm1000003668,0.8940794467926025,0.09233890473842621,0.496
agm1000018562,1.9953265190124512,0.08120554685592651,0.4696
agm1000009626,1.985398530960083,0.12563788890838623,0.9491
agm1000015647,2.5129599571228027,0.039270758628845215,1.9344
agm1000010930,2.300224542617798,0.07130976021289825,1.2427
agm1000005813,0.0481801033020019,0.019909676164388657,0.0
agm1000001086,0.001406192779541,0.15592429041862488,0.1206
agm1000013515,1.9170300960540771,0.14309817552566528,0.409
agm1000017209,5.281222343444824,3.866305112838745,3.8593
agm1000012951,5.790590763092041,4.067941665649414,3.7901
agm1000015324,5.701082229614258,3.9345998764038086,4.0468
agm1000019718,8.163496971130371,5.672200679779053,6.6614
agm1000002964,8.811638832092285,5.8354573249816895,6.4013
agm1000017725,3.669121742248535,2.121731758117676,2.0959
agm1000010797,4.52250862121582,1.6693155765533447,2.8012
agm1000009908,3.381605625152588,0.2681170105934143,0.9601
agm1000016736,3.002882957458496,0.48559701442718506,0.5114000000000001
agm1000014760,2.8112473487854004,1.0536442995071411,0.2101
agm1000011663,0.0372810363769531,0.47629526257514954,0.0
agm1000001169,0.0330479145050048,0.8448282480239868,0.0
agm1000012401,2.87251615524292,0.2490907907485962,0.7583000000000001
agm1000004578,2.881019115447998,0.13880237936973572,0.0485
agm1000009813,3.2027478218078613,0.31918609142303467,0.1162
agm1000002671,3.804419040679931,0.1980733573436737,0.5012
agm1000019753,0.0502402782440185,0.19804374873638153,0.0
agm1000016993,0.039372444152832,0.32462984323501587,0.2049
agm1000004317,1.7329216003417969,0.3272230327129364,0.1423
agm1000015848,2.664518356323242,0.16648828983306885,1.2147
agm1000010801,2.3556065559387207,0.5309479236602783,1.2436
agm1000006043,0.3650579452514648,0.07643026113510132,0.5494
agm1000000564,2.4089195728302,0.37987157702445984,0.2987
agm1000014702,2.5198843479156494,0.5407285690307617,0.3514
agm1000004641,2.4954934120178223,0.7370363473892212,0.8316
agm1000001661,0.1551237106323242,0.07102306187152863,0.6569
agm1000000003,2.492415428161621,0.3948894739151001,0.3127
agm1000007532,0.0858979225158691,0.35918402671813965,0.0
agm1000010928,5.47236442565918,2.925234794616699,3.2928
agm1000009296,6.605624198913574,3.342406988143921,5.3669
agm1000013403,5.33269739151001,2.9554128646850586,4.0051
agm1000003863,6.046169281005859,3.863785743713379,3.0682
agm1000003437,9.03298568725586,3.536315679550171,4.5868
agm1000007346,6.550239562988281,3.113898754119873,4.2141
agm1000008939,8.608139038085938,3.9676084518432617,5.1445
agm1000017105,4.078749656677246,1.5492901802062988,3.1146
agm1000004707,3.8293263912200928,2.0653421878814697,1.6676000000000002
agm1000016762,4.5361833572387695,0.9286090135574341,1.4701
agm1000008838,4.842909336090088,1.1121556758880615,1.9377
agm1000006016,4.902345657348633,0.3560965061187744,1.8958
agm1000000133,5.682310581207275,0.35271069407463074,2.2512
agm1000016832,7.4178056716918945,1.892878532409668,3.3162000000000003
agm1000012676,6.985143661499023,1.4819142818450928,2.7077
agm1000015447,4.481401443481445,0.7534540891647339,1.5066000000000002
agm1000003565,0.0014586448669433,0.02988310158252716,0.0
agm1000004283,1.9445858001708984,0.009158313274383545,0.0
agm1000016419,3.6603851318359375,0.603422999382019,2.5664
agm1000015024,4.018254280090332,1.737660527229309,1.9763
agm1000008418,2.707821846008301,0.07434035837650299,1.4961
agm1000012693,4.308740615844727,2.023098945617676,3.327
agm1000002852,4.805213451385498,1.7421610355377197,2.7373000000000003
agm1000019096,4.473846435546875,1.8768115043640137,1.583
agm1000004089,2.2946572303771973,-0.03958010673522949,0.3356
agm1000018428,3.7882657051086426,1.7088332176208496,1.6853
agm1000009565,0.2469563484191894,0.07089251279830933,0.0
agm1000003702,0.6042661666870117,-0.08534297347068787,0.0
agm1000017909,4.206510066986084,1.570899248123169,2.2141
agm1000014939,4.185328960418701,1.501661777496338,2.0404
agm1000009350,4.035134315490723,1.8068808317184448,2.4262
agm1000018574,1.8177852630615232,0.8233323097229004,1.5783
agm1000015489,4.157483100891113,0.5779993534088135,1.301
agm1000001728,1.92785382270813,0.941530704498291,1.1954
agm1000014239,0.1368203163146972,0.8398150205612183,0.0
agm1000007369,0.9292783737182616,0.3415180444717407,0.0267
agm1000004341,0.063723087310791,0.016572371125221252,0.0
agm1000010670,3.1672163009643555,1.1401546001434326,2.0433
agm1000015269,2.2122747898101807,1.196427583694458,1.421
agm1000019219,1.952112913131714,0.8962830305099487,1.3018
agm1000007486,4.034595489501953,0.8246194124221802,2.7023
agm1000004340,3.505570650100708,0.11995264887809753,2.1855
agm1000016043,0.0406537055969238,0.3392660915851593,0.0
agm1000007195,0.1132068634033203,0.0641452968120575,0.0
agm1000001765,0.1364145278930664,0.31862929463386536,0.0
agm1000004047,0.8449854850769043,1.1553527116775513,0.804
agm1000015496,0.1440873146057129,0.2818157374858856,0.0
agm1000014818,2.473215103149414,-0.011506766080856323,0.0433
agm1000014843,2.920870780944824,-0.05516853928565979,0.2434
agm1000006485,8.883810043334961,4.660321235656738,5.9991
agm1000005108,6.84440803527832,4.217541694641113,3.4479
agm1000004831,2.0015974044799805,1.0426348447799683,0.3499
agm1000016974,5.112233638763428,2.9887442588806152,2.2037
agm1000002050,5.381242752075195,2.910790205001831,3.2774
agm1000004697,5.118452072143555,2.537202835083008,1.5861
agm1000012852,2.6075661182403564,0.15940742194652557,0.7524000000000001
agm1000002631,3.393791437149048,2.0291907787323,1.2667
agm1000019814,2.2230918407440186,0.37111958861351013,0.7924
agm1000013128,2.124664068222046,0.13688082993030548,0.4837
agm1000009083,0.1483030319213867,0.14987382292747498,0.0
agm1000004576,0.235563039779663,0.10248011350631714,0.1421
agm1000002317,2.2595458030700684,0.868820071220398,0.7588
agm1000004688,0.0168614387512207,-0.009690910577774048,0.0
agm1000018088,0.0551557540893554,0.0265264343470335,0.0
agm1000008252,0.1311745643615722,0.01582486182451248,0.0
agm1000012096,2.112656593322754,-0.0019184239208698273,0.0132
agm1000009011,1.0306906700134275,0.040675655007362366,0.6499
agm1000012895,2.760275363922119,0.3226378262042999,1.7315
agm1000019980,1.8766660690307615,0.23440416157245636,2.1513
agm1000009285,0.9621810913085938,0.29261383414268494,0.7218
agm1000002047,0.8350653648376465,0.20717743039131165,0.6094
agm1000008170,1.629431962966919,0.8822895288467407,0.624
agm1000010166,1.561537504196167,0.006285548210144043,1.0427
agm1000005358,0.0401949882507324,0.007554918527603149,0.0
agm1000008095,0.1014623641967773,0.40180113911628723,0.0
agm1000007771,0.1922922134399414,0.9345402717590332,0.3031
agm1000019561,0.9947659969329834,-0.019067615270614624,0.3374
agm1000009201,1.513103485107422,0.017332136631011963,0.5768
agm1000005332,0.1094007492065429,0.007193639874458313,0.0
agm1000006115,1.3333501815795898,0.07397642731666565,0.6872
agm1000003834,2.00480055809021,0.01428896188735962,1.1555
agm1000009523,0.0025253295898437,0.05068463087081909,0.0
agm1000004976,1.2025880813598633,0.05215224623680115,1.1625
agm1000008010,0.549748420715332,0.028068512678146362,0.2709
agm1000009843,0.1651349067687988,-0.0005317628383636475,0.4575
agm1000003426,0.4010219573974609,0.008027523756027222,0.1999
agm1000015181,1.037391185760498,0.0136929452419281,0.5178
agm1000001025,0.0062451362609863,0.021602781489491463,0.0
agm1000006025,1.7928590774536133,0.6980998516082764,1.2543
agm1000001747,0.0284252166748046,0.20177459716796875,0.0
agm1000002307,0.0738840103149414,0.014280065894126892,0.2626
agm1000015331,1.940474271774292,0.07422900199890137,0.7128
agm1000016668,0.2815694808959961,0.11223046481609344,0.0
agm1000013717,0.6851315498352051,0.15500019490718842,0.4808
agm1000016133,0.8691551685333252,0.1785057783126831,0.4439
agm1000007831,0.2279224395751953,0.03537288308143616,0.0
agm1000002473,0.2559132575988769,0.1048649251461029,0.0
agm1000010436,0.1200113296508789,0.01534929871559143,0.2286
agm1000006929,3.004140615463257,0.43200597167015076,3.4066
agm1000009631,3.039896011352539,0.5100506544113159,2.488
agm1000015402,3.042538642883301,1.2938752174377441,2.4337
agm1000018773,2.615489959716797,1.0957276821136475,2.0099
agm1000016072,3.5873212814331055,1.1276953220367432,2.6385
agm1000008482,4.201191425323486,0.37374016642570496,3.4785
agm1000009978,2.4814209938049316,0.31192299723625183,2.0865
agm1000013350,3.9156765937805176,1.0297727584838867,2.971
agm1000001180,1.180516242980957,0.5940001010894775,0.245
agm1000003619,1.0899572372436523,0.7010232210159302,0.2713
agm1000006931,3.1865265369415283,0.6764742136001587,1.7853
agm1000017969,0.0008153915405273,0.04358794540166855,0.433
agm1000003321,0.0156006813049316,1.3620445728302002,0.0
agm1000014624,1.8693819046020508,0.3819572329521179,1.2521
agm1000018739,1.848927021026611,0.8969334363937378,0.8269000000000001
agm1000001632,1.9994354248046875,1.16082763671875,1.5729000000000002
agm1000012670,3.138071060180664,0.0020558536052703857,2.1736
agm1000000912,1.766157627105713,0.5161346793174744,1.6343
agm1000013766,4.2076287269592285,0.9704656600952148,2.9001
agm1000006653,3.4557080268859863,0.00980549305677414,2.0418
agm1000003598,1.354166030883789,0.4128662943840027,0.6829000000000001
agm1000010075,2.3815531730651855,0.2881273627281189,0.8863000000000001
agm1000014032,1.973191738128662,0.1633080542087555,0.0998
agm1000005277,1.116227626800537,0.49284642934799194,0.5961000000000001
agm1000016372,2.74543833732605,0.4634794294834137,1.8871
agm1000012926,2.719101905822754,0.4935406744480133,2.3136
agm1000009161,2.8648688793182373,0.46093401312828064,2.5588
agm1000006671,3.1789464950561523,0.17923033237457275,3.4769
agm1000011398,0.0403885841369628,0.26769381761550903,0.0
agm1000008074,0.3488988876342773,0.06299647688865662,0.0
agm1000013896,3.477025032043457,0.8907521963119507,2.0811
agm1000006021,0.0814754962921142,-0.025288812816143036,0.2781
agm1000005321,1.6489288806915283,0.051496997475624084,1.4329
agm1000010603,0.0017642974853515,0.425783634185791,0.412
agm1000015539,0.2057991027832031,0.0434974730014801,0.0
agm1000012249,0.6091680526733398,0.05374835431575775,0.0136
agm1000000396,0.0549664497375488,0.0426601767539978,0.8522000000000001
agm1000008175,0.5506777763366699,0.02156233787536621,0.0
agm1000014447,0.0252647399902343,0.01621106266975403,0.3785
agm1000011858,0.0010895729064941,0.07177755236625671,1.6513
agm1000016828,0.0447359085083007,0.041585177183151245,0.9447
agm1000001261,0.1854848861694336,0.027846962213516235,0.0
agm1000019591,2.4239163398742676,0.44969773292541504,1.0422
agm1000016556,0.0251619815826416,0.11028695106506348,0.2602
agm1000014266,0.9769303798675536,0.06901846826076508,0.0
agm1000000747,0.7278909683227539,0.3979027271270752,0.2125
agm1000006678,0.035837173461914,0.40335625410079956,0.0
agm1000015868,1.412320613861084,0.5427588820457458,1.0746
agm1000014135,0.0659403800964355,0.23292526602745056,0.0
agm1000001624,0.0690302848815918,0.14114895462989807,0.0
agm1000009377,7.62939453125e-06,0.10165604948997498,0.4318
agm1000006804,0.9950125217437744,0.33517032861709595,0.5557
agm1000002379,0.0028085708618164,-0.004661232233047485,0.0
agm1000016886,6.166701316833496,3.32885479927063,1.9124
agm1000018147,7.223616600036621,2.19381046295166,3.3209
agm1000009323,6.962348937988281,1.0796207189559937,3.7524
agm1000019927,3.376229763031006,0.6606559753417969,2.108
agm1000008288,1.936776638031006,0.17304885387420654,1.581
agm1000017207,3.3868961334228516,1.5817897319793701,2.0411
agm1000013170,0.5050296783447266,1.145527958869934,1.0977
agm1000017112,3.319530248641968,1.47420072555542,1.6683
agm1000009604,1.732388257980347,0.8258241415023804,0.644
agm1000000698,0.3298685550689697,0.2552151679992676,0.0
agm1000017354,1.80503511428833,0.991493821144104,1.074
agm1000014567,1.4995431900024414,1.0569584369659424,0.1663
agm1000011310,1.5717017650604248,1.210026741027832,0.6518
agm1000013186,0.7192118167877197,0.22507065534591675,0.0
agm1000006780,0.2308626174926757,0.14586935937404633,0.3788
agm1000004611,1.3522589206695557,2.0064609050750732,0.931
agm1000007354,0.0445199012756347,0.10875934362411499,0.0
agm1000000629,0.0225133895874023,0.5155016183853149,0.0
agm1000019550,5.334619998931885,3.52097749710083,3.7366
agm1000007834,9.778139114379885,4.892449378967285,4.2753
agm1000012299,7.20756196975708,4.770895481109619,5.4891
agm1000000636,5.351994514465332,4.558517932891846,0.775
agm1000008323,13.354902267456056,6.487767219543457,2.8707000000000003
agm1000010664,13.635190963745115,5.638654708862305,6.214
agm1000012578,6.601925373077393,2.884906768798828,3.4053
agm1000009209,5.22271728515625,2.419074058532715,3.7725
agm1000001125,0.0124871730804443,1.0335224866867065,0.0
agm1000012058,3.9664156436920166,1.9223418235778809,2.5983
agm1000013149,3.2915232181549072,0.09429377317428589,2.3191
agm1000017260,0.2338080406188964,0.32482099533081055,0.7919
agm1000015236,0.4130227565765381,0.33599069714546204,0.0
agm1000003713,0.0103399753570556,0.09716308116912842,0.5324
agm1000012653,5.125771999359131,3.125657558441162,2.3391
agm1000018241,4.807072639465332,2.5980093479156494,2.4081
agm1000002893,0.0158443450927734,1.8748517036437988,0.0
agm1000004456,0.3647289276123047,0.20892450213432312,0.7616
agm1000000645,0.6981632709503174,0.29885441064834595,0.0
agm1000017905,3.336185932159424,1.7356071472167969,2.4391
agm1000012268,2.3507184982299805,1.460889220237732,1.5752000000000002
agm1000016888,1.7157938480377195,1.0962841510772705,1.0004
agm1000008797,2.84432601928711,1.7768324613571167,2.1752
agm1000009468,0.1761620044708252,0.10621426999568939,0.0
agm1000016289,0.6672656536102295,0.5787874460220337,0.64
agm1000018913,0.2308931350708007,0.8146119117736816,0.1717
agm1000008380,0.0453238487243652,0.6658720970153809,0.1747
agm1000017129,1.1897978782653809,1.6950640678405762,1.2091
agm1000013180,2.086024522781372,2.067117929458618,0.5939
agm1000018346,3.0098159313201904,1.6608047485351562,0.9734
agm1000010053,4.888037204742432,4.936081886291504,4.115
agm1000006068,0.0012226104736328,0.512965202331543,0.0
agm1000009281,0.9793918132781982,2.2224879264831543,0.0
agm1000005299,4.315060615539551,2.8074421882629395,3.4319
agm1000010041,0.4174582958221435,1.712436556816101,0.0
agm1000009563,1.3149213790893557,1.49806809425354,1.4635
agm1000000262,2.2109014987945557,1.0784658193588257,0.9863
agm1000009166,2.061831474304199,0.7871440649032593,1.3769
agm1000008279,0.3113923072814941,1.0862253904342651,0.0544
agm1000004252,2.1143438816070557,0.5159281492233276,0.2277
agm1000019836,0.0017833709716796,0.21903294324874878,0.0
agm1000013422,2.387176990509033,0.05177178978919983,0.0
agm1000019912,0.0774087905883789,0.45475053787231445,0.1562
agm1000002113,0.137017011642456,0.1489000916481018,0.3576
agm1000009757,6.060349464416504,3.942695140838623,5.2152
agm1000004391,6.104486465454102,4.610559940338135,3.7529
agm1000002825,8.932267189025879,5.461912155151367,5.7844
agm1000017211,8.69369125366211,5.638298511505127,5.5519
agm1000006382,8.736490249633789,5.263704776763916,4.5440000000000005
agm1000010395,4.785242080688477,3.114119529724121,4.0238
agm1000013314,4.393397331237793,2.615935802459717,3.666
agm1000003908,4.688309669494629,2.8334434032440186,2.9442
agm1000016688,5.968085289001465,1.954603910446167,1.4844
agm1000019649,1.535275936126709,1.766369104385376,0.6793
agm1000004245,5.353873252868652,1.263811707496643,1.6563
agm1000017928,6.34142541885376,2.0321030616760254,2.3102
agm1000014064,6.187161445617676,1.7770752906799316,1.824
agm1000010942,6.07187032699585,1.82137930393219,1.0695
agm1000003868,5.975289344787598,1.9161021709442139,0.9734
agm1000014027,6.202748775482178,1.8677667379379272,0.1416
agm1000000206,6.400936126708984,2.289036273956299,1.6829
agm1000019383,3.889362096786499,1.9398338794708252,2.2331
agm1000014949,4.011594772338867,1.9686498641967773,1.9081
agm1000017941,4.355960369110107,2.306307792663574,2.3919
agm1000014076,4.477398872375488,1.6635081768035889,2.389
agm1000003270,4.407077312469482,2.122284412384033,1.8591
agm1000017088,4.247437477111816,2.072793960571289,1.3775
agm1000002252,0.313650369644165,1.3134455680847168,0.2757
agm1000012710,2.199305295944214,1.102748990058899,1.6346
agm1000016119,0.5768523216247559,1.5150532722473145,0.4698
agm1000012936,0.3886051177978515,1.0909149646759033,0.9664
agm1000004580,0.6060380935668945,1.242841124534607,0.0733
agm1000016454,3.51842737197876,1.7646702527999878,1.9618
agm1000011907,4.127634048461914,1.6953740119934082,1.8628
agm1000001349,3.815868139266968,1.6736395359039307,1.5669
agm1000003007,3.9177322387695312,1.4871904850006104,1.9826
agm1000000656,4.0544586181640625,1.049978256225586,1.8153
agm1000012746,3.8984358310699463,0.6477442979812622,1.6805
agm1000001036,0.3722267150878906,0.6444441080093384,0.595
agm1000016305,2.735010862350464,1.3800194263458252,0.8766
agm1000017383,3.3321285247802734,1.2964130640029907,2.1006
agm1000015166,2.650519371032715,1.0169552564620972,1.5522
agm1000015878,3.3089897632598877,1.6333614587783813,2.0584
agm1000010079,3.37203049659729,1.2009230852127075,2.2669
agm1000006419,3.396663188934326,0.7166167497634888,1.7868
agm1000003521,0.4343235492706299,0.8407924175262451,0.3241
agm1000015373,5.123234748840332,3.3265316486358643,3.7987
agm1000013819,5.970373153686523,3.3171393871307373,4.8321000000000005
agm1000000252,5.517608165740967,3.3781847953796387,1.6586
agm1000018347,1.2345218658447266,1.0487951040267944,0.6706000000000001
agm1000012398,4.620949745178223,2.620041847229004,1.6551
agm1000008005,2.0408716201782227,0.15354134142398834,0.356
agm1000004402,0.2899360656738281,0.15427258610725403,0.4334
agm1000019664,0.0163531303405761,0.749077320098877,0.0
agm1000002194,1.9594511985778809,0.9016603231430054,0.951
agm1000006452,8.98287296295166,4.5909857749938965,5.8499
agm1000000679,3.4107728004455566,4.230096817016602,0.0
agm1000008437,6.814202308654785,5.9443464279174805,5.5483
agm1000002931,7.681319713592529,5.605132102966309,6.6294
agm1000012527,16.40375328063965,7.280351161956787,8.1357
agm1000001126,10.440078735351562,6.793610572814941,5.6799
agm1000006495,11.748331069946287,7.193346977233887,7.7954
agm1000018053,5.1553473472595215,3.552618980407715,3.4625
agm1000010388,5.307094097137451,3.7880969047546387,4.1755
agm1000004471,5.711650848388672,3.1568756103515625,4.9372
agm1000019097,7.516886711120605,4.420629024505615,5.3554
agm1000019136,8.543611526489258,4.814426422119141,5.0144
agm1000008141,7.67262601852417,0.11743156611919403,4.8443000000000005
agm1000011919,7.342133045196533,0.210676908493042,4.8019
agm1000006472,7.433745384216309,1.7024776935577393,5.5012
agm1000000431,7.370955944061279,4.233680725097656,4.2655
agm1000000383,7.382335662841797,2.8691599369049072,4.7439
agm1000002501,5.756646156311035,1.4538482427597046,4.4295
agm1000019705,4.205072402954102,3.0710225105285645,3.3022
agm1000017222,4.548409938812256,3.4991416931152344,3.349
agm1000010526,5.064598560333252,3.09625506401062,4.2705
agm1000017685,4.346867561340332,2.356916666030884,2.1684
agm1000011333,4.225377082824707,2.796225070953369,2.3093
agm1000002965,4.233115196228027,2.336909294128418,3.2345
agm1000013246,4.18869686126709,2.7406277656555176,3.6085
agm1000015901,0.0111937522888183,0.20791319012641907,0.0
agm1000000446,0.8283002376556396,1.9936854839324951,0.6936
agm1000004734,2.992866039276123,2.9416303634643555,0.9471
agm1000012892,3.324598550796509,2.3826892375946045,2.6756
agm1000002159,4.664339065551758,2.1940135955810547,4.0515
agm1000015819,3.611037015914917,2.105684757232666,3.1766
agm1000017014,3.377728223800659,2.2389626502990723,1.7425000000000002
agm1000010325,3.710576295852661,1.747138500213623,2.4975
agm1000005312,3.916868209838867,2.1531224250793457,2.8427
agm1000013787,4.4596686363220215,2.0765838623046875,3.3977
agm1000007661,0.0232393741607666,0.6253172159194946,0.4568
agm1000018626,4.071825981140137,1.4553258419036865,2.9042
agm1000015187,2.956448554992676,1.5595431327819824,1.5211
agm1000015979,3.1314914226531982,1.76715087890625,2.4723
agm1000014326,2.6545352935791016,1.6246590614318848,1.6947
agm1000011004,0.000521183013916,0.6029980182647705,0.0
agm1000012634,2.3573760986328125,1.432194709777832,1.4469
agm1000014188,2.692305088043213,1.398397445678711,2.0005
agm1000007490,0.3008818626403808,0.31825578212738037,0.0
agm1000003539,1.8746755123138428,1.1192067861557007,0.4952
agm1000007973,10.712968826293944,6.591060638427734,8.5149
agm1000001997,10.794733047485352,7.119272232055664,8.6788
agm1000005917,3.881654977798462,2.543628215789795,2.887
agm1000004744,2.7870888710021973,2.2468464374542236,1.4008
agm1000015021,3.718936681747437,2.3482251167297363,3.8929
agm1000012882,3.72416353225708,2.3924055099487305,4.1811
agm1000017818,2.1981897354125977,3.5253469944000244,1.3174
agm1000013000,3.835015773773194,2.3041794300079346,2.9339
agm1000008432,5.626678466796875e-05,1.1638081073760986,0.9263
agm1000019050,0.1844491958618164,1.7685151100158691,0.2521
agm1000011825,1.561093807220459,0.2944832444190979,2.6793
agm1000001512,0.1611161231994629,1.9745519161224365,0.0555
agm1000019242,0.5486445426940918,1.1325953006744385,0.1602
agm1000018028,0.4383955001831054,1.1634981632232666,0.5231
agm1000004243,0.4443802833557129,0.7509785890579224,0.4429
agm1000007896,0.4826288223266601,0.6508898735046387,0.8484
agm1000017406,1.8321897983551023,1.1311298608779907,1.4444
agm1000011337,0.0413823127746582,1.2506295442581177,0.6698000000000001
agm1000010361,1.544888257980347,1.3542728424072266,1.1659
agm1000008546,0.1137604713439941,0.7795968055725098,0.0
agm1000012753,1.4499554634094238,0.3647245764732361,1.0771
agm1000018220,1.741560459136963,1.262169599533081,0.5857
agm1000015485,3.831376791000366,1.8483226299285889,0.0
agm1000018450,2.614572525024414,0.6070107221603394,1.0452
agm1000008063,2.605351686477661,0.6582527160644531,0.6667000000000001
agm1000018438,0.113077163696289,1.2941821813583374,0.4456
agm1000004387,3.994667053222656,1.378924012184143,0.0464
agm1000006911,0.0081512928009033,0.8084806203842163,0.0
agm1000005179,0.211606740951538,0.9526563882827759,0.4225
agm1000009519,8.668190956115723,4.534982681274414,5.5600000000000005
agm1000007056,7.472005844116211,3.614931583404541,4.8492
agm1000003763,7.693170547485352,4.623898029327393,3.8082
agm1000009494,12.17672634124756,6.443110942840576,6.5091
agm1000004195,10.459245681762695,5.581129550933838,4.5272
agm1000009399,6.688659191131592,2.9044723510742188,4.1423
agm1000013412,5.689374923706055,2.829878807067871,3.7191
agm1000003089,5.743529796600342,2.934861421585083,3.1821
agm1000008853,7.315279960632324,3.016568660736084,2.2875
agm1000016759,6.673916816711426,2.011573553085327,1.9196
agm1000016841,6.151263236999512,2.314363718032837,1.8506
agm1000010629,7.16471529006958,2.1213104724884033,1.8923
agm1000000927,6.993149757385254,2.484382152557373,2.1538
agm1000012719,7.151556968688965,2.2225332260131836,1.9399
agm1000001691,6.882783889770508,2.470548391342163,1.7188
agm1000001594,6.2364044189453125,2.4942266941070557,1.7009
agm1000017618,4.946993827819824,2.055148124694824,2.8105
agm1000016809,5.067284107208252,2.0483741760253906,2.3383
agm1000015875,4.040782451629639,2.258890151977539,1.8675
agm1000004415,5.3986101150512695,2.604976177215576,2.9978
agm1000013255,3.780993700027466,1.946732759475708,2.0624
agm1000017331,5.5562286376953125,2.966796398162842,2.6246
agm1000011546,5.046018600463867,1.9905346632003784,2.4187
agm1000004256,0.0136983394622802,1.7743953466415405,0.418
agm1000009359,4.863051414489746,1.8120756149291992,2.9492000000000003
agm1000017423,4.294139862060547,1.748365879058838,1.9088
agm1000016652,4.465519428253174,1.96309494972229,2.0104
agm1000016159,4.146533012390137,1.9694128036499023,1.7696
agm1000001631,5.184132099151611,1.7299754619598389,2.7984
agm1000000989,5.293645858764648,2.377431869506836,2.3234
agm1000017045,5.234464168548584,2.5733237266540527,2.4396
agm1000001723,0.1913418769836425,1.2472362518310547,0.3813
agm1000019411,3.5880112648010254,1.3597736358642578,2.1455
agm1000019091,3.038940668106079,1.226592779159546,2.0688
agm1000019079,3.228091239929199,1.379548192024231,1.3875
agm1000016889,4.1714019775390625,1.4630157947540283,2.4032
agm1000015138,3.1503589153289795,0.9535106420516968,1.4507
agm1000012790,3.877718210220337,1.282158374786377,2.6566
agm1000003327,4.429584503173828,1.2865651845932007,1.9921
agm1000012859,3.9426233768463135,1.253401517868042,2.2492
agm1000004940,0.2786521911621094,0.5654968023300171,0.1727
agm1000011298,10.77589225769043,4.011406898498535,4.7271
agm1000014519,2.8575448989868164,3.3537979125976562,0.6401
agm1000004890,0.4160919189453125,0.09611627459526062,0.7782
agm1000000352,0.0965673923492431,0.09906664490699768,0.0
agm1000012416,0.8846540451049805,0.0071228742599487305,0.0546
agm1000004118,1.1278526782989502,0.3270634710788727,0.5465
agm1000004186,0.3102374076843261,0.54527747631073,0.0
agm1000009705,7.282752513885498,2.872591733932495,3.7819
agm1000013081,5.8691205978393555,2.324528694152832,3.6109
agm1000002805,7.769190311431885,2.7172272205352783,4.0693
agm1000019316,5.6156511306762695,2.4163060188293457,3.2767
agm1000007154,6.9717583656311035,2.1907522678375244,3.2141
agm1000003759,8.603961944580078,2.5227255821228027,4.518
agm1000019088,6.060274600982666,1.9130492210388184,3.4606
agm1000004686,5.296179294586182,1.9847807884216309,1.8246
agm1000013480,0.0200917720794677,0.043743669986724854,0.0
agm1000019703,2.776578903198242,0.2577328085899353,0.4861
agm1000016747,3.385359287261963,0.2307950258255005,0.8766
agm1000015180,3.8751120567321777,0.31570130586624146,1.0282
agm1000016140,3.6165308952331543,0.25883007049560547,1.3646
agm1000012721,5.966895580291748,0.9991297721862793,2.3494
agm1000004327,5.422659873962402,1.2640098333358765,1.9084
agm1000017111,5.600548267364502,1.3303532600402832,1.7135
agm1000015426,3.383190631866455,0.3341034948825836,1.1674
agm1000003642,0.5217533111572266,0.05059322714805603,0.27
agm1000005451,0.1056818962097168,0.05257248133420944,0.0
agm1000019396,3.8192131519317623,1.5481622219085693,2.3152
agm1000012300,3.083954334259033,1.3187556266784668,2.0649
agm1000004574,4.8895487785339355,1.7091418504714966,2.8051
agm1000017751,3.203615188598633,0.2923163175582886,2.1347
agm1000011336,2.3654263019561768,1.0734550952911377,1.9064
agm1000002165,1.276414394378662,0.4977792799472809,1.0374
agm1000009096,4.520448684692383,1.5424209833145142,1.043
agm1000013022,0.4476594924926758,0.11096885055303574,0.0
agm1000017240,3.7168474197387695,1.1139211654663086,1.6723
agm1000015809,3.1390857696533203,1.190283179283142,1.82
agm1000017304,2.261311292648315,0.6753504276275635,1.2091
agm1000011033,0.1784911155700683,0.7540587186813354,0.3547
agm1000008461,2.7583069801330566,0.8727341890335083,1.6318
agm1000004994,0.9105241298675536,0.6416116952896118,0.0786
agm1000005086,0.0837855339050293,0.12980079650878906,0.0
agm1000000286,0.2730393409729004,0.7709639072418213,0.0
agm1000017250,3.1613495349884033,0.5112658739089966,1.5224
agm1000018919,2.0894863605499268,0.1836371123790741,1.1255
agm1000016751,1.658849000930786,0.18615812063217163,1.3717
agm1000007992,3.814816474914551,0.42993515729904175,2.3453
agm1000011790,0.1601862907409668,0.204563707113266,0.0
agm1000011553,0.0236282348632812,0.01569676399230957,0.0
agm1000002268,0.4427213668823242,0.15634523332118988,0.1194
agm1000005587,0.4070901870727539,-0.007129400968551636,0.0
agm1000017271,2.1716973781585693,0.7762833833694458,0.0
agm1000017721,4.241418838500977,1.3947288990020752,1.8867
agm1000001821,0.0275459289550781,0.3622560203075409,0.0
agm1000003781,9.75500774383545,3.7733840942382812,7.6158
agm1000010744,7.2184319496154785,4.587209224700928,5.5042
agm1000010413,0.0022869110107421,0.4002062976360321,0.0
agm1000001199,0.0081110000610351,0.2916746437549591,0.0
agm1000008610,0.0288548469543457,0.0015192031860351562,0.0
agm1000002210,0.1177864074707031,0.01789616048336029,0.0
agm1000007870,0.0437979698181152,0.04629819840192795,0.0
agm1000019142,0.1228528022766113,0.009780287742614746,0.0
agm1000002001,0.0406360626220703,0.003937557339668274,0.0
agm1000017005,0.002115249633789,-0.013492591679096222,0.0
agm1000004791,0.1226511001586914,-0.0010617226362228394,0.0
agm1000009532,0.0984511375427246,0.002137579023838043,0.0
agm1000008431,0.0409407615661621,-0.015348941087722778,0.0
agm1000005581,0.0075111389160156,0.12663358449935913,0.0
agm1000000923,0.0142669677734375,0.012714490294456482,0.0
agm1000008638,0.0056118965148925,-0.013179048895835876,0.0
agm1000011229,0.0456581115722656,0.006547380238771439,0.0
agm1000015941,0.0071310997009277,0.04797033220529556,0.0
agm1000003755,0.0400195121765136,0.010269731283187866,0.0
agm1000010734,0.0278773307800292,0.015356212854385376,0.0
agm1000002723,0.0554671287536621,0.4970691502094269,0.0
agm1000012907,0.0157127380371093,0.07584421336650848,0.0
agm1000010151,1.9073486328125e-06,0.2799719572067261,0.0
agm1000013760,0.1267991065979004,0.2628873884677887,0.0612
agm1000010461,0.0463500022888183,0.3306191563606262,0.0
agm1000001184,0.9155158996582032,1.2066930532455444,0.8961
agm1000010686,0.0008254051208496,2.3427326679229736,3.0674
agm1000005380,0.0200963020324707,0.6610938310623169,2.6113
agm1000019958,1.4462990760803225,0.40154820680618286,2.2183
agm1000004591,1.5881099700927734,1.126462697982788,1.846
agm1000002112,0.2118034362792968,2.619823455810547,0.0
agm1000004161,0.0179028511047363,0.08598139882087708,0.0
agm1000004829,0.0841512680053711,0.07880157232284546,0.0
agm1000005941,0.0339093208312988,0.03240001201629639,0.0
agm1000018582,0.12615966796875,-0.0010942816734313965,0.0
agm1000015799,0.955967903137207,0.02814669907093048,0.0
agm1000009950,0.0169715881347656,0.14354784786701202,0.0
agm1000008215,0.0408825874328613,-0.006599098443984985,0.0
agm1000002424,0.1978735923767089,0.4265700578689575,0.0
agm1000017917,0.0253477096557617,-0.014869406819343567,0.0
agm1000017155,0.000216007232666,0.11678974330425262,1.037
agm1000010129,0.0161981582641601,0.2585776448249817,1.0161
agm1000014160,1.2874603271484377e-05,0.22044184803962708,1.4191
agm1000016079,0.0595426559448242,0.032622963190078735,1.1649
agm1000006971,0.2102980613708496,0.12088098376989365,0.8749
agm1000000245,0.2933745384216308,-0.021091260015964508,0.1681
agm1000016735,0.0959939956665039,0.028591446578502655,0.0
agm1000009283,0.0051050186157226,0.007640272378921509,0.0
agm1000013389,0.1015577316284179,-0.006182756274938583,0.0
agm1000006370,0.2944364547729492,-0.003935560584068298,0.0
agm1000006603,0.2026429176330566,-0.0370020866394043,0.0
agm1000009412,0.3435168266296386,0.20931370556354523,0.0
agm1000014259,0.0142555236816406,0.021923154592514038,0.065
agm1000010824,0.0915255546569824,0.01099027693271637,0.0
agm1000016158,0.055971622467041,0.010978341102600098,0.0608
agm1000004995,0.0203590393066406,-0.0012928396463394165,0.0197
agm1000000268,0.3618526458740234,0.0002499520778656006,0.0
agm1000002999,0.6618709564208984,-0.0033566653728485107,0.0
agm1000008787,0.0416193008422851,-0.03175479173660278,0.0933
agm1000001358,0.0668349266052246,-0.0022508203983306885,0.0472
agm1000011586,0.0918154716491699,0.009269699454307556,0.1636
agm1000004739,0.1762423515319824,-0.009614884853363037,0.0
agm1000018647,0.0034399032592773,0.13987167179584503,0.31
agm1000003883,0.0527315139770507,0.0024139583110809326,0.0255
agm1000006516,0.7354340553283691,0.12310822308063507,0.0
agm1000016764,0.0708913803100586,0.009811431169509888,0.0
agm1000011286,0.0456647872924804,0.014983776956796646,0.0
agm1000002402,0.0161647796630859,0.00961737334728241,0.0
agm1000000572,0.0184893608093261,0.11844173818826675,0.0
agm1000007960,0.0394468307495117,-0.018356353044509888,0.0
agm1000009030,0.0392827987670898,0.13228847086429596,0.0
agm1000001835,0.0949087142944336,0.016064703464508057,0.0
agm1000005213,0.0678927898406982,-0.004542499780654907,0.3299
agm1000019802,0.0005440711975097,0.20577308535575867,0.8499
agm1000010693,0.8580057621002197,0.1395195573568344,0.9475
agm1000012950,0.0102009773254394,0.00418873131275177,0.3474
agm1000001937,0.7270491123199463,0.01789116859436035,0.3183
agm1000003128,0.0258519649505615,0.10322598367929459,0.0385
agm1000005262,0.1216015815734863,-0.006031639873981476,0.2186
agm1000009888,0.0217564105987548,0.04510628432035446,0.0
agm1000003012,0.0114233493804931,-0.005362838506698608,0.5273
agm1000008392,0.0219333171844482,-0.00920093059539795,0.0
agm1000003731,0.4750783443450928,-0.004276767373085022,0.2372
agm1000001245,0.0759601593017578,0.010439135134220123,0.0
agm1000007895,0.0026564598083496,0.04931793361902237,0.1144
agm1000012524,0.0065646171569824,0.0037810057401657104,0.0
agm1000013330,0.0257008075714111,-0.011354029178619385,0.0
agm1000003939,0.0079865455627441,0.0076037198305130005,0.0
agm1000019464,0.0606098175048828,0.06212839484214783,0.0547
agm1000005841,0.1014802455902099,0.038807354867458344,0.0728
agm1000007921,0.0091598033905029,0.0037953630089759827,0.0
agm1000007139,0.0147061347961425,0.0005009099841117859,0.0493
agm1000019817,0.0043425559997558,0.0401814728975296,0.1689
agm1000011534,0.2646498680114746,0.03946828842163086,0.3205
agm1000019325,0.0042955875396728,0.003582969307899475,0.0
agm1000009436,0.0035457611083984,-0.002177000045776367,0.0
agm1000006042,0.0027637481689453,0.021469630300998688,0.0
agm1000016113,0.1311757564544677,0.007213160395622253,0.1375
agm1000004968,0.0388007164001464,0.013127297163009644,0.0
agm1000014037,0.0927717685699462,0.038459502160549164,0.0
agm1000007636,0.0056846141815185,0.0007070004940032959,0.0
agm1000009090,0.2955470085144043,0.02739855647087097,0.3855
agm1000000124,0.3474881649017334,-0.011077605187892914,0.2149
agm1000013010,0.0566267967224121,0.0693918764591217,0.0
agm1000010646,0.0009777545928955,0.275122731924057,1.156
agm1000002503,0.0077486038208007,0.9795759916305542,1.2063
agm1000006091,0.0439276695251464,1.589050054550171,0.4398
agm1000008159,0.0116755962371826,1.0309768915176392,0.0097
agm1000013908,0.937814712524414,0.9568908214569092,0.8201
agm1000005347,0.0029062032699584,1.3020955324172974,0.0331
agm1000016326,0.0003358125686645,1.0777323246002197,1.1229
agm1000002579,0.0473279953002929,2.1076858043670654,3.8387
agm1000004300,0.004507303237915,0.0548977255821228,1.931
agm1000018310,0.0042585134506225,1.7745816707611084,2.3613
agm1000010207,0.0004506111145019,0.92966628074646,1.725
agm1000015576,0.0526241064071655,1.1240646839141846,2.6557
agm1000011738,0.0100252628326416,0.11866222321987152,0.2222
agm1000009246,0.0189063549041748,0.14783672988414764,0.0
agm1000006996,0.0081639289855957,0.47944125533103943,0.0319
agm1000009286,4.76837158203125e-07,0.11189591884613037,0.1912
agm1000001062,0.0012023448944091,0.1260979175567627,0.4605
agm1000011518,0.016871690750122,0.38431763648986816,0.0
agm1000014836,0.0013203620910644,0.7012295722961426,0.0
agm1000018458,0.0035059452056884,0.03577104210853577,0.0
agm1000017810,0.0213789939880371,0.011531811207532883,0.0
agm1000016657,0.0005009174346923,0.003542661666870117,0.0172
agm1000015867,0.0461857318878173,-0.004399418830871582,0.0
agm1000005753,0.0221788883209228,0.006133668124675751,0.0
agm1000011416,0.0288209915161132,0.06760194897651672,0.0481
agm1000006422,0.0020365715026855,0.06467947363853455,0.0
agm1000012748,0.0002672672271728,-0.024190843105316162,0.2974
agm1000009396,0.0013360977172851,0.022314071655273438,0.0
agm1000005174,0.0921263694763183,0.005681365728378296,0.3313
agm1000001623,0.9421162605285645,0.24544015526771545,0.0
agm1000002660,0.1371757984161377,0.23138192296028137,0.0
agm1000001515,0.1320655345916748,0.37530195713043213,0.0
agm1000017878,0.0482020378112793,0.034924350678920746,0.7247
agm1000013569,0.0104320049285888,0.3942455053329468,0.3288
agm1000014096,0.0719184875488281,0.13836219906806946,0.3366
agm1000013215,0.0032389163970947,0.004693061113357544,0.0
agm1000003669,0.0384416580200195,0.009963929653167725,0.9445
agm1000006045,0.4580812454223633,0.006627768278121948,0.3924
agm1000012425,0.0466611385345459,0.2078154981136322,0.3999
agm1000001550,0.297513484954834,0.30666130781173706,0.7061000000000001
agm1000008726,0.4906866550445556,0.474782258272171,1.2437
agm1000009781,0.3295063972473144,0.5167351961135864,0.9361
agm1000017587,0.045910358428955,-0.0001829788088798523,0.0
agm1000014866,0.0016005039215087,0.018458276987075806,0.0
agm1000008242,0.0384624004364013,0.02456701546907425,0.0
agm1000016160,0.042997121810913,0.011305302381515503,0.0
agm1000001735,0.0022237300872802,0.06462769955396652,0.0661
agm1000010691,0.0128297805786132,-0.014021754264831543,0.0
agm1000013323,0.1887097358703613,0.03862585127353668,0.0
agm1000001710,0.0730602741241455,0.035065703094005585,0.0
agm1000013352,0.0001153945922851,0.013216748833656311,0.2013
agm1000000878,0.1072616577148437,0.04573158919811249,0.0
agm1000005583,0.1954505443572998,0.03702674061059952,0.156
agm1000012164,2.465900182723999,0.06532466411590576,0.0446
agm1000004896,0.122082233428955,0.05275793373584747,0.3877
agm1000018066,0.0614867210388183,0.024723701179027557,0.0211
agm1000018600,0.0003044605255126,0.0033525973558425903,0.0
agm1000002665,0.0245616436004638,0.012641459703445435,0.3375
agm1000011550,0.0661566257476806,-0.0009803920984268188,0.0
agm1000005055,0.0432398319244384,0.015330374240875244,0.0
agm1000009437,0.0002782344818115,0.029944047331809998,0.6197
agm1000001267,0.0319972038269043,0.3001933693885803,0.376
agm1000001953,0.140765905380249,0.01403859257698059,0.0
agm1000017203,0.0261232852935791,0.04426179081201553,0.1294
agm1000007459,0.1130995750427246,0.036544352769851685,0.0
agm1000002832,0.0196647644042968,0.06799815595149994,0.0987
agm1000016955,0.5203508138656616,0.040480032563209534,0.4276
agm1000019309,0.2610628604888916,0.03092806041240692,0.0
agm1000001864,0.1625576019287109,0.26597297191619873,0.0
agm1000016981,0.0080394744873046,0.011315472424030304,0.0
agm1000015835,0.0138783454895019,0.0688609853386879,0.1399
agm1000014122,0.0490150451660156,0.011127933859825134,0.42
agm1000013775,0.0944085121154785,0.013232961297035217,0.0
agm1000001405,0.4103820323944092,0.00986810028553009,0.5700000000000001
agm1000018921,0.0266821384429931,0.12280025333166122,0.2022
agm1000004127,0.0140745639801025,0.027316048741340637,0.0
agm1000003009,0.3314371109008789,0.0918930172920227,0.1433
agm1000013778,0.2632670402526855,0.0030838921666145325,0.192
agm1000017510,0.0007028579711914,0.018521703779697418,0.4869
agm1000018256,0.011951208114624,0.030425269156694412,0.0
agm1000003206,0.0206274986267089,0.04885665327310562,0.0
agm1000015881,0.1094155311584472,0.03559084236621857,0.0
agm1000016909,0.0254266262054443,0.06100039184093475,0.1562
agm1000012840,0.0161347389221191,0.005714625120162964,0.928
agm1000002499,0.2978837490081787,0.006603896617889404,0.3426
agm1000009921,4.458427429199219e-05,0.19425317645072937,0.0001
agm1000005297,0.0116925239562988,2.3066997528076172e-05,0.0
agm1000006682,0.0051620006561279,0.006575286388397217,0.0
agm1000008499,0.0411975383758544,0.0274696946144104,0.0739
agm1000012169,0.3694782257080078,0.015051469206809998,0.4029
agm1000012821,0.9524497985839844,0.048885539174079895,0.01
agm1000010721,5.036106109619141,2.910526752471924,3.5795
agm1000006062,0.6236512660980225,0.6143960952758789,0.5194
agm1000008446,6.845288276672363,1.3995180130004883,0.5439
agm1000005355,0.2330470085144043,2.3220303058624268,1.1578
agm1000012207,5.300923824310303,2.328014373779297,1.5458
agm1000002031,4.86026668548584,1.656029224395752,0.9727
agm1000001620,0.0063748359680175,1.241317629814148,1.1248
agm1000005274,4.815288543701172,0.5782651901245117,0.1134
agm1000009577,6.361934185028076,2.9811148643493652,3.9091
agm1000019419,7.218796730041504,4.708840370178223,4.2457
agm1000015081,6.565583229064941,4.463222026824951,4.0894
agm1000010582,6.933256149291992,4.744414329528809,4.1355
agm1000016503,0.0102043151855468,4.921457290649414,3.3637
agm1000005243,9.289998054504396,4.950303554534912,4.2204
agm1000015418,0.0005435943603515,4.405796051025391,4.2034
agm1000000280,9.546234130859377,5.065364837646484,4.0981
agm1000020043,5.3269362449646,3.0893454551696777,3.8731
agm1000015631,5.140060901641846,3.223912239074707,3.5517000000000003
agm1000002255,5.434299945831299,3.128946542739868,3.3805
agm1000013070,5.44683313369751,1.386643409729004,3.6701
agm1000005537,0.0203046798706054,0.3716401159763336,0.2909
agm1000005680,0.0462028980255126,0.0051991939544677734,0.0
agm1000004355,0.0184803009033203,0.10263720154762268,0.1539
agm1000006160,0.008385419845581,0.7200009822845459,0.0
agm1000018287,0.0032052993774414,0.19226202368736267,0.0
agm1000000086,0.3803164958953857,0.16181442141532898,0.0
agm1000018763,0.0700368881225586,0.3267368674278259,1.121
agm1000000260,0.3970506191253662,0.22058813273906708,0.8631000000000001
agm1000001466,0.0012688636779785,0.05240273475646973,0.0
agm1000006635,0.7767155170440674,0.153211772441864,0.8592000000000001
agm1000005412,0.8795292377471924,0.10109033435583115,0.8828
agm1000019613,0.0053825378417968,0.24079425632953644,0.9193
agm1000018469,1.0939826965332031,-0.0020965635776519775,1.0725
agm1000001436,0.3163456916809082,-0.028988733887672424,0.06
agm1000008273,0.5481729507446289,0.006721675395965576,0.9505
agm1000003352,0.1918656826019287,0.010627180337905884,0.0272
agm1000013130,0.0060744285583496,0.04516294598579407,0.0
agm1000004724,0.0265059471130371,0.051727354526519775,0.0
agm1000002203,0.0077667236328125,0.0893314927816391,0.2354
agm1000018893,0.2360467910766601,0.042481929063797,0.0
agm1000015737,0.149259328842163,0.041774243116378784,0.1143
agm1000005992,0.1550741195678711,0.012456268072128296,0.0
agm1000001473,0.0069646835327148,0.009941667318344116,0.0
agm1000000288,0.0230646133422851,0.03134024143218994,0.0
agm1000003872,0.0176010131835937,0.030341103672981262,0.0
agm1000010967,0.0003190040588378,-0.001685023307800293,0.2254
agm1000006489,0.0292057991027832,0.01988956332206726,0.0
agm1000010255,0.0160856246948242,0.06348791718482971,0.0
agm1000001896,0.0171225070953369,0.07059325277805328,0.0
agm1000006343,0.0077555179595947,0.49570658802986145,0.0
agm1000007949,0.0014560222625732,0.07300734519958496,0.0
agm1000010120,0.0100681781768798,0.03752598166465759,0.0
agm1000006507,0.0039007663726806,0.07743367552757263,0.0
agm1000005681,0.0763890743255615,0.00969482958316803,0.0
agm1000003909,0.0044670104980468,0.00012570619583129883,0.0
agm1000000137,0.0229678153991699,0.08828791975975037,0.0
agm1000001893,0.015451431274414,0.006825432181358337,0.0
agm1000007178,0.5836162567138672,0.3693293631076813,1.0071
agm1000004910,0.1244564056396484,-0.010244905948638916,0.0124
agm1000011538,0.9033284187316896,0.4478684365749359,1.388
agm1000002212,0.6074800491333008,0.010833226144313812,0.2473
agm1000012182,0.1685719490051269,0.4853309094905853,1.0692
agm1000011847,1.3398942947387695,1.3879845142364502,2.4133
agm1000019260,2.2786974906921387,0.7844632863998413,2.2169
agm1000014742,0.7019884586334229,0.6609495878219604,1.6879
agm1000005168,2.978188991546631,0.22883382439613342,3.3184
agm1000010568,2.7873682975769043,0.6109714508056641,2.6533
agm1000007644,0.005202293395996,0.4399062693119049,0.0
agm1000001655,0.1761832237243652,0.17003674805164337,0.0
agm1000001381,0.000460147857666,1.1142199039459229,0.0
agm1000009780,1.0948245525360107,0.6700364351272583,1.1381
agm1000003192,1.151454210281372,1.409397840499878,1.6609
agm1000007248,1.5420525074005127,0.46623340249061584,1.7808000000000002
agm1000000911,3.4298887252807617,0.5520589351654053,2.3331
agm1000013405,2.4148340225219727,0.27103957533836365,1.4342
agm1000016192,2.0401418209075928,1.1352429389953613,1.233
agm1000003809,0.0136604309082031,0.15196295082569122,0.8599
agm1000009175,1.1898038387298584,0.05108761787414551,0.0
agm1000018660,0.5865383148193359,0.8205691576004028,1.5968
agm1000016048,1.6370091438293457,1.3648903369903564,2.3938
agm1000012769,1.1673979759216309,1.2965091466903687,1.9422
agm1000019397,1.145343542098999,0.8193192481994629,2.0187
agm1000011471,0.0021717548370361,0.7398383617401123,0.0
agm1000005669,0.0085783004760742,0.13365307450294495,0.0
agm1000003557,0.1821403503417968,0.3744204044342041,0.2272
agm1000018810,0.2562012672424316,0.2791544795036316,0.2079
agm1000005420,0.1326398849487304,0.7385176420211792,0.0
agm1000003923,0.0340218544006347,0.6589292287826538,0.0
agm1000011955,0.0005326271057128,0.08811664581298828,0.0
agm1000005432,0.0946674346923828,0.18546731770038605,0.0
agm1000005127,0.034618854522705,0.008890047669410706,0.0
agm1000005003,0.3107514381408691,0.03699016571044922,0.0
agm1000007122,0.2407426834106445,0.01457936316728592,0.1347
agm1000018569,0.7946293354034424,0.02293001115322113,0.085
agm1000011437,0.1634783744812011,0.19901295006275177,0.0
agm1000013201,0.0231072902679443,0.22883450984954834,0.0
agm1000012792,0.269977331161499,-0.011430211365222931,0.0
agm1000007974,0.1577637195587158,0.25117629766464233,0.5858
agm1000002345,0.6513092517852783,0.0024176910519599915,1.2079
agm1000008023,0.0189175605773925,-0.04292267560958862,0.0
agm1000001786,0.0611927509307861,0.005042284727096558,0.0
agm1000014922,0.1687407493591308,0.11900323629379272,0.4893
agm1000004490,0.0471370220184326,0.2861005663871765,0.0
agm1000011203,0.0050413608551025,0.132343128323555,0.2593
agm1000007899,0.3660707473754883,0.2072942852973938,0.1791
agm1000013019,1.6455111503601074,0.41652002930641174,1.5542
agm1000009178,0.0427212715148925,0.049360089004039764,0.0
agm1000002200,0.2696363925933838,0.1222803145647049,0.0
agm1000009088,0.3628039360046386,0.14052006602287292,0.1418
agm1000017404,0.0015280246734619,0.104681596159935,0.0
agm1000016770,0.1397352218627929,-0.0028382092714309692,0.0
agm1000003827,0.2350449562072754,-2.9519200325012207e-05,0.0
agm1000002730,0.0063538551330566,0.041056156158447266,0.0
agm1000012737,0.0483732223510742,-0.0010215938091278076,0.0
agm1000004336,0.0746078491210937,0.057360969483852386,0.0
agm1000009810,0.0489208698272705,-0.016910821199417114,0.0
agm1000009767,0.183359146118164,-0.004920214414596558,0.652
agm1000003551,0.0222249031066894,0.7288234233856201,0.6097
agm1000002992,0.0344071388244628,0.3298191726207733,0.0
agm1000006530,0.0471806526184082,0.01145675778388977,0.0
agm1000003126,0.2314791679382324,0.0021091774106025696,0.0
agm1000001311,0.110851764678955,-0.022728540003299713,0.0348
agm1000019153,0.0061354637145996,0.04265256226062775,0.0
agm1000002664,0.039522647857666,0.16328179836273193,0.0
agm1000000347,0.0936040878295898,0.02387697994709015,0.0
agm1000004226,0.1835527420043945,0.04615658521652222,0.0
agm1000002463,0.0398111343383789,0.03488882631063461,0.0434
agm1000003338,0.1055660247802734,0.0019263476133346558,0.0
agm1000002286,0.06976318359375,-0.009547680616378784,0.0
agm1000004397,0.158149242401123,0.0075751617550849915,0.1002
agm1000005820,0.0819554328918457,0.0019209831953048706,0.0
agm1000000767,0.0009074211120605,0.016092054545879364,0.0
agm1000002701,0.0166339874267578,0.08290174603462219,0.0
agm1000016707,0.0033597946166992,-0.0037177950143814087,0.0
agm1000004695,0.001535415649414,0.04920371621847153,0.0
agm1000004664,0.0807981491088867,0.02187630906701088,0.0
agm1000007823,0.0102567672729492,0.03653369098901749,0.0
agm1000004330,0.0107569694519042,0.0328403115272522,0.0
agm1000001779,0.0619783401489257,0.025917179882526398,0.0
agm1000006478,0.870305061340332,0.16105715930461884,0.1797
agm1000012071,0.215606689453125,0.10539281368255615,0.447
agm1000013530,0.0521378517150878,0.21363696455955505,0.0
agm1000007761,0.0027012825012207,0.2863961458206177,0.9493
agm1000002071,0.0005145072937011,0.729951024055481,0.6381
agm1000011828,0.0002994537353515,0.15574005246162415,0.0
agm1000010029,0.4623293876647949,2.0490126609802246,3.8827
agm1000008025,0.1244792938232421,0.536447286605835,3.5937
agm1000006369,0.0001111030578613,1.1352280378341675,2.2014
agm1000006788,0.0305061340332031,2.2583858966827393,3.0035
agm1000017708,0.0061335563659667,2.8141860961914062,3.1371
agm1000000981,0.982872486114502,1.4754538536071777,1.4906
agm1000011083,0.0048232078552246,0.11291053891181946,0.2231
agm1000006675,0.3013391494750976,0.1331234574317932,0.0188
agm1000015322,0.007080078125,-0.06526800990104675,0.0
agm1000000276,0.0182719230651855,0.19478750228881836,0.0396
agm1000002836,0.0085334777832031,0.012224167585372925,0.0
agm1000017849,0.0470037460327148,0.02548738196492195,0.0
agm1000015804,0.0412721633911132,0.05895765498280525,0.0
agm1000016757,0.0007691383361816,-0.009423404932022095,0.0
agm1000013247,0.0115318298339843,0.0808880478143692,0.0
agm1000005229,0.0010080337524414,0.042236343026161194,0.0
agm1000006394,0.027501106262207,0.03257817029953003,0.0
agm1000009419,0.0373353958129882,-0.0158846378326416,0.0
agm1000002755,0.0095300674438476,0.007313191890716553,0.0
agm1000017464,0.0003471374511718,0.49739202857017517,1.204
agm1000011902,0.2269058227539062,0.7643203735351562,1.843
agm1000010205,0.0013275146484375,0.7021150588989258,1.5795
agm1000006921,0.0214447975158691,0.8427020311355591,1.2381
agm1000015352,0.0019111633300781,0.8091466426849365,1.0102
agm1000006305,0.0261626243591308,0.16859742999076843,0.0
agm1000019086,0.0006723403930664,0.09602004289627075,0.3581
agm1000003694,0.2175221443176269,0.9893369674682617,1.437
agm1000000534,0.8033690452575684,1.444185733795166,1.0271
agm1000019737,0.0360383987426757,-0.0013920515775680542,0.0
agm1000018664,0.004396915435791,0.013915188610553741,0.0
agm1000010376,0.0561375617980957,0.01787109673023224,0.0
agm1000015945,0.085909366607666,0.009249739348888397,0.0
agm1000003823,0.0238265991210937,0.022452179342508316,0.0
agm1000014178,0.0053009986877441,0.01895473524928093,0.0
agm1000006561,0.0167469978332519,0.06395155936479568,0.0
agm1000006864,0.2415618896484375,0.06025649607181549,0.0
agm1000017313,8.726119995117188e-05,0.17912545800209045,0.0001
agm1000016699,0.1270866394042968,-0.018610574305057526,0.0
agm1000007457,0.0018243789672851,-0.0007486715912818909,0.0263
agm1000016152,0.0265307426452636,0.0039757490158081055,0.0
agm1000007191,0.0046634674072265,0.017246950417757034,0.1502
agm1000002304,0.0265102386474609,-0.012595802545547485,0.1928
agm1000012937,0.018320083618164,0.001766398549079895,0.0
agm1000001144,0.041083812713623,-0.01190783828496933,0.0
agm1000019399,0.078256607055664,0.02567368745803833,0.0202
agm1000004822,0.0449414253234863,0.04282912611961365,0.0
agm1000018961,0.0033912658691406,0.013629794120788574,0.0
agm1000014430,0.1298155784606933,0.0025205276906490326,0.0
agm1000017058,0.0338997840881347,0.0026570409536361694,0.0
agm1000002982,0.1816067695617675,0.0053438544273376465,0.0
agm1000001107,0.2375669479370117,0.008978310972452164,0.0996
agm1000000149,0.0666103363037109,0.007139585912227631,0.0
agm1000019588,0.0024690628051757,0.014155052602291107,0.0274
agm1000004797,0.0236997604370117,0.010913312435150146,0.1022
agm1000018584,0.201456069946289,-0.000918954610824585,0.0
agm1000013950,0.1183247566223144,-0.011101514101028442,0.0
agm1000011340,0.0120825767517089,0.02072560042142868,0.0
agm1000010400,0.0405020713806152,0.039675816893577576,0.0
agm1000007624,0.0056281089782714,-0.009803667664527893,0.0602
agm1000002957,0.0268454551696777,0.048428066074848175,0.0089
agm1000016959,0.0192971229553222,0.05939739942550659,0.3637
agm1000000753,0.0323925018310546,0.1424487680196762,0.2457
agm1000003074,0.4529790878295898,0.00016196072101593018,0.0
agm1000016999,6.948307991027832,0.42011314630508423,2.6605
agm1000000597,3.3121144771575928,1.1762017011642456,1.6327
agm1000019233,0.0060687065124511,1.004193663597107,0.0
agm1000004953,0.3285298347473144,0.38491132855415344,0.5776
agm1000013159,0.008535623550415,0.17257437109947205,0.0
agm1000000343,1.987644910812378,0.505646824836731,1.0996
agm1000012127,0.1382427215576172,0.07883705943822861,0.0
agm1000006143,0.3218507766723633,0.08029112964868546,0.0
agm1000010827,0.8545982837677002,0.13475185632705688,0.6188
agm1000018749,1.193108320236206,0.11022346466779709,0.6672
agm1000015897,0.0060791969299316,0.044521793723106384,0.0
agm1000002115,0.8193724155426025,0.07649140059947968,0.8646
agm1000012699,0.888188362121582,0.1540333777666092,0.6573
agm1000008892,0.1104497909545898,0.06167968735098839,0.0
agm1000013472,0.0154995918273925,0.6706604957580566,0.0
agm1000013305,2.122300148010254,0.9652286767959595,2.007
agm1000004470,5.801329612731934,3.76859712600708,3.3948
agm1000019633,6.763485908508301,3.2008981704711914,4.7163
agm1000004176,0.4387392997741699,1.7517280578613281,0.8613000000000001
agm1000018849,13.701709747314451,4.756720542907715,5.8318
agm1000017888,13.138223648071287,4.5532941818237305,5.4208
agm1000015555,9.873024940490724,4.272319316864014,5.3649
agm1000009638,4.530998229980469,2.004054546356201,3.0478
agm1000008519,0.3949999809265136,1.1419597864151,0.0
agm1000014621,4.160449981689453,1.1865718364715576,1.0577
agm1000019087,0.0028791427612304,0.19068558514118195,0.0
agm1000010167,0.0123519897460937,0.30147719383239746,0.0
agm1000011965,1.74519681930542,0.19788669049739838,0.52
agm1000013823,4.2591552734375,1.052335262298584,1.7237
agm1000014015,4.78989315032959,1.5457628965377808,1.9538
agm1000002133,0.4951491355895996,-0.06729568541049957,0.0
agm1000014274,2.346984386444092,0.9275742769241333,1.2668
agm1000002319,0.0070219039916992,0.39242854714393616,0.0
agm1000018638,2.116245746612549,0.5146989822387695,0.3655
agm1000014822,1.4729995727539062,0.5545468330383301,0.9072
agm1000005404,1.5693650245666504,0.528200626373291,1.2388
agm1000010354,0.2693679332733154,0.2541683316230774,0.0
agm1000000794,0.0881199836730957,0.07919219136238098,0.0
agm1000000174,0.8964352607727051,1.4627578258514404,0.3107
agm1000003282,1.098121166229248,0.03558579087257385,1.5534
agm1000015596,1.295456886291504,0.2411365956068039,0.81
agm1000000043,3.0044362545013428,1.4679811000823975,1.779
agm1000002381,19.200260162353516,4.864199638366699,6.3887
agm1000011405,2.1771888732910156,1.2986316680908203,0.4742
agm1000013847,6.204333305358887,1.9404549598693848,2.7727
agm1000010597,3.09061598777771,0.6496206521987915,3.0482
agm1000009684,5.217238426208496,1.6673728227615356,2.7105
agm1000002227,1.8428621292114256,0.8347108364105225,1.1131
agm1000013678,4.4994916915893555,2.0733642578125,3.0476
agm1000002094,2.4284777641296387,-0.03197881579399109,1.0198
agm1000008456,1.9692983627319336,0.8269768953323364,1.4084
agm1000007878,4.246396064758301,1.614007592201233,2.0598
agm1000002229,0.003209114074707,0.09128858894109726,0.0
agm1000000528,0.3443074226379394,0.003330763429403305,0.0
agm1000001186,0.0565357208251953,0.008180558681488037,0.1661
agm1000008453,1.925297260284424,2.2078118324279785,1.2917
agm1000001534,0.020637035369873,1.3189600706100464,0.0
agm1000009114,3.777021169662475,0.020818710327148438,1.9045
agm1000001232,1.3046021461486816,0.2910091280937195,0.8944000000000001
agm1000003714,2.524730920791626,0.15801340341567993,1.0816
agm1000009958,0.0090460777282714,-0.020373709499835968,0.0
agm1000003664,0.0061454772949218,0.09941679984331131,0.0
agm1000001308,1.7248833179473877,0.5609118938446045,1.1475
agm1000006959,1.9050002098083496,0.4294769763946533,1.9184
agm1000005164,2.571989059448242,0.6363294124603271,2.3097
agm1000019598,2.1395375728607178,0.7268182039260864,1.5337
agm1000001514,2.4947168827056885,0.37381744384765625,1.6599
agm1000009366,3.262460708618164,0.03580526262521744,1.8577
agm1000006879,2.729940891265869,0.29620489478111267,1.7251
agm1000000257,0.1775450706481933,0.5525461435317993,0.6746
agm1000018218,1.390888214111328,0.011038757860660553,1.2978
agm1000001362,0.8943274021148682,0.0647873654961586,1.0323
agm1000003469,2.1408140659332275,0.10326488316059113,1.7097
agm1000014023,1.159574031829834,-0.0027857348322868347,0.8034
agm1000003193,0.1118531227111816,0.035022057592868805,0.0
agm1000006449,0.1062045097351074,-0.018892884254455566,0.1687
agm1000002985,0.433110237121582,-0.01369544118642807,0.6815
agm1000004115,0.035757303237915,0.008875995874404907,0.0
agm1000000415,0.0008423328399658,2.059253454208374,0.0
agm1000003693,0.1480541229248047,1.470064401626587,0.0
agm1000015096,0.5999059677124023,0.020560704171657562,0.8093
agm1000002064,2.61538028717041,0.05489909648895264,1.3104
agm1000012944,0.2235326766967773,0.07651351392269135,0.0
agm1000010911,0.0004615783691406,0.1242050975561142,0.1941
agm1000013455,0.0046758651733398,0.4754124879837036,0.0
agm1000016944,0.5757870674133301,0.028173387050628662,0.5047
agm1000013219,0.9529733657836914,0.05578035116195679,1.2465
agm1000012084,1.91369891166687,0.24038222432136536,1.2788
agm1000000140,0.1634182929992675,0.218755304813385,0.0966
agm1000009294,0.0339043140411376,0.3234352171421051,0.0
agm1000002026,0.0047712326049804,0.30867645144462585,0.0
agm1000007228,1.069481611251831,0.9451053142547607,0.9074
agm1000006949,0.158750295639038,0.1506098359823227,0.3463
agm1000001958,0.0774564743041992,0.27807992696762085,0.0
agm1000004691,0.1987495422363281,0.1811956912279129,0.0
agm1000003902,0.0295133590698242,0.1907009482383728,0.1999
agm1000006763,0.802009105682373,0.031105607748031616,0.7884
agm1000001750,0.0304136276245117,0.3787350654602051,0.0
agm1000015451,2.7453670501708984,0.08699822425842285,1.8145
agm1000007680,0.0234596729278564,0.12708884477615356,0.0
agm1000017776,2.853571653366089,0.5119079351425171,1.1194
agm1000007847,0.2721049785614013,0.2895762026309967,0.4502
agm1000017859,1.6491594314575195,0.1933905929327011,1.0775
agm1000018771,0.3520233631134033,0.1207219660282135,0.2152
agm1000018899,0.0115594863891601,0.37924832105636597,0.318
agm1000011742,1.6180419921875,0.03929838910698891,1.046
agm1000014401,1.6529502868652344,-0.0314335823059082,0.9623
agm1000016741,1.8438689708709717,-0.02428215742111206,0.4805
agm1000015985,0.7198343276977539,0.0206412672996521,0.1401
agm1000015083,1.3826160430908203,0.027500629425048828,0.4226
agm1000006085,2.0023746490478516,-0.01217682659626007,0.9297
agm1000002600,0.4221587181091308,0.025766514241695404,0.0
agm1000020034,0.1650705337524414,0.022154420614242554,0.0
agm1000011452,0.0104246139526367,0.4681123197078705,0.0
agm1000017023,3.737938165664673,1.561051607131958,2.2878
agm1000018820,1.8001816272735596,1.4302256107330322,1.3202
agm1000013838,4.234994411468506,1.6187260150909424,3.1336
agm1000013919,4.390819549560547,2.3766486644744873,3.2405
agm1000016830,2.610640287399292,1.7035291194915771,2.4047
agm1000015531,3.149096727371216,1.784674882888794,2.478
agm1000011897,2.831443548202514,2.027439594268799,2.5451
agm1000015156,2.6204264163970947,1.5025959014892578,2.1394
agm1000018148,2.455354690551758,1.8111275434494019,2.3344
agm1000013991,2.793269634246826,1.9769271612167358,2.3342
agm1000000219,2.674403667449951,2.2677886486053467,2.9971
agm1000010271,3.374525785446167,1.9002840518951416,3.1192
agm1000001318,3.6688520908355713,1.6681344509124756,3.3701
agm1000018480,0.0009462833404541,2.1438708305358887,0.0
agm1000013922,0.0767850875854492,2.68032169342041,0.0
agm1000008725,0.0114216804504394,1.8313121795654297,0.0
agm1000006922,6.642134666442871,2.6318182945251465,3.6543
agm1000009465,6.332831859588623,3.13340425491333,2.6315
agm1000019717,3.491415023803711,1.845306634902954,2.0888
agm1000016572,2.37606430053711,1.6868033409118652,1.9415
agm1000017191,3.9980196952819824,1.734499454498291,2.6263
agm1000017777,3.428166627883911,1.7111787796020508,2.3462
agm1000013844,4.460536003112793,1.895184874534607,2.998
agm1000013326,3.664017677307129,1.409010648727417,2.5732
agm1000016479,1.7245941162109375,0.6603920459747314,0.8009000000000001
agm1000004108,1.9296183586120603,1.4307219982147217,0.0
agm1000017085,3.883462429046631,2.0962164402008057,2.7675
agm1000007504,4.434476852416992,2.902029037475586,2.9954
agm1000018402,0.0244536399841308,2.6114206314086914,0.0
agm1000001162,0.2383875846862793,2.7386276721954346,0.0
agm1000017200,8.019503593444824,3.716273784637451,4.8089
agm1000009426,7.589493274688721,3.2027266025543213,3.8031
agm1000005386,3.048994541168213,3.0290112495422363,0.2016
agm1000018651,2.7808570861816406,1.3201568126678467,2.4884
agm1000016462,1.955979347229004,0.9261652231216431,1.8323
agm1000007078,2.156106472015381,1.162255048751831,1.7507
agm1000016771,1.473477840423584,1.2822492122650146,1.1984
agm1000016151,2.423565626144409,1.1156816482543945,1.9092
agm1000001310,2.003690719604492,1.5364967584609985,2.0052
agm1000001761,1.7940070629119873,1.0701876878738403,1.2335
agm1000014904,1.8736422061920168,1.3701159954071045,1.6962000000000002
agm1000009723,3.4932894706726074,1.4793248176574707,2.3573
agm1000010561,3.814697265625e-06,1.2666596174240112,0.0376
agm1000000835,0.0487456321716308,1.3711011409759521,0.0
agm1000015562,5.10959005355835,1.4218809604644775,2.7699
agm1000001678,0.0285050868988037,0.7194886207580566,0.0
agm1000000028,1.517108917236328,0.11436858773231506,0.4247
agm1000017658,2.538285732269287,0.13663345575332642,0.6379
agm1000014671,2.1372079849243164,0.43742868304252625,0.8923000000000001
agm1000014435,1.6710267066955566,0.15437990427017212,0.0
agm1000015160,0.3949060440063476,0.15921339392662048,0.6276
agm1000008184,0.474877119064331,0.17613768577575684,0.1468
agm1000011390,2.7472376823425293,0.04361782968044281,0.8887
agm1000002013,0.2037563323974609,0.11895444989204407,0.0
agm1000016797,0.533604621887207,0.3084397614002228,0.0
agm1000016552,0.4910540580749511,0.7683517932891846,0.0014
agm1000017678,0.0003242492675781,0.655505895614624,0.6512
agm1000015833,0.0055217742919921,0.600892186164856,0.0
agm1000011602,2.7671384811401367,0.32757842540740967,1.8155
agm1000012020,0.2949514389038086,0.19690558314323425,0.0
agm1000012971,0.270972728729248,0.9704461097717285,0.0
agm1000003063,0.0923919677734375,1.3269000053405762,0.1047
agm1000004985,5.277874946594238,1.1456193923950195,2.4305
agm1000009512,0.4468035697937011,0.11768291890621185,0.0
agm1000019237,0.496638536453247,0.42242616415023804,0.4683
agm1000007130,0.0069396495819091,0.16026432812213898,0.2163
agm1000018244,0.8408257961273193,0.16574488580226898,0.6384000000000001
agm1000012612,1.2981743812561035,0.48211386799812317,0.2699
agm1000017603,0.092318058013916,0.015121176838874817,0.0
agm1000001114,0.1782617568969726,0.09786312282085419,0.6011000000000001
agm1000012623,2.4201443195343018,0.6042168140411377,1.1345
agm1000001124,0.3948140144348144,0.15960374474525452,0.0
agm1000013613,0.0143036842346191,0.8973695039749146,0.0
agm1000019627,0.1223251819610595,0.08546662330627441,0.0
agm1000015124,2.557436466217041,0.3695389926433563,1.1181
agm1000013555,0.1946120262145996,0.7197506427764893,0.0
agm1000016700,2.0048272609710693,0.5996425151824951,1.2715
agm1000008834,0.2008709907531738,0.35386908054351807,0.3007
agm1000016153,0.0560910701751709,1.0218322277069092,0.0
agm1000000977,0.0185818672180175,0.2577613294124603,0.0
agm1000009742,0.176612377166748,0.6893230676651001,0.0
agm1000012803,0.0472965240478515,0.15919674932956696,0.0
agm1000009561,2.916698932647705,0.47237628698349,1.6107
agm1000010282,3.2597219944000244,0.5127627849578857,2.1615
agm1000015277,0.142064094543457,0.23471777141094208,0.0
agm1000008516,2.269263982772827,0.4779972732067108,1.1854
agm1000006107,0.3884923458099365,0.00028918683528900146,0.0
agm1000006687,1.1793341636657717,0.23846274614334106,0.3035
agm1000013470,0.4925699234008789,1.3140685558319092,0.0
agm1000012664,0.0328774452209472,0.012515977025032043,0.0
agm1000001764,0.3024249076843261,0.018285445868968964,0.0
agm1000016897,2.313322067260742,0.2995854616165161,0.9011
agm1000018507,0.0122671127319335,0.2872735559940338,0.0
agm1000006484,2.3260855674743652,0.4183882474899292,1.6877
agm1000001190,0.0788626670837402,0.0587843582034111,0.0
agm1000011379,0.0001134872436523,0.46380162239074707,0.0
agm1000005807,0.0149967670440673,0.061562612652778625,0.0
agm1000002393,1.1885371208190918,-0.015365682542324066,0.0
agm1000009567,1.1920928955078125e-06,0.3336677849292755,0.0
agm1000009624,6.660070419311523,1.6096830368041992,0.8044
agm1000000274,6.321204662322998,0.4617252051830292,0.3049
agm1000018449,5.0654191970825195,2.111408233642578,1.6794
agm1000000643,0.3367118835449219,1.839643120765686,0.4457
agm1000009909,4.7574920654296875,1.4299235343933105,1.7569
agm1000001957,0.0738554000854492,1.854788899421692,1.0286
agm1000019152,4.105494499206543,2.0065598487854004,1.8831
agm1000002942,1.3947935104370115,1.722553014755249,1.0922
agm1000002637,0.0516717433929443,0.49900445342063904,0.0
agm1000001176,2.141368865966797,0.614466667175293,0.0911
agm1000019121,3.0657663345336914,0.032206952571868896,0.0
agm1000002394,4.465153694152832,0.4995822012424469,0.0
agm1000017371,0.0007774829864501,0.14211790263652802,0.1112
agm1000013267,3.165052890777588,0.28681230545043945,0.0286
agm1000006128,0.0080049037933349,0.05577102303504944,0.0
agm1000009113,7.12147331237793,2.8169164657592773,4.2324
agm1000004562,6.107424259185791,3.7273521423339844,2.853
agm1000016272,7.160515308380127,4.6437835693359375,4.5147
agm1000011272,6.246670722961426,4.340712547302246,3.4428
agm1000018518,6.710262775421143,4.407364368438721,4.3683
agm1000004337,7.699453353881836,4.578252792358398,4.7456
agm1000017081,7.8235368728637695,4.755608558654785,4.5626999999999995
agm1000002224,7.798576354980469,4.809241771697998,4.5623000000000005
agm1000008998,6.005194664001465,4.595742225646973,0.0467
agm1000019721,9.59385585784912,5.0367021560668945,4.8284
agm1000019610,8.408007621765137,4.531451225280762,4.3596
agm1000017388,9.058119773864746,4.287677764892578,4.6193
agm1000015816,8.986871719360352,4.718909740447998,4.5774
agm1000002950,9.27308177947998,4.255734443664551,3.5262
agm1000010585,10.65457534790039,5.029934883117676,4.3234
agm1000008825,10.089409828186035,5.006121635437012,4.4658
agm1000013152,9.168554306030272,4.8440728187561035,4.1244
agm1000018995,5.912675857543945,2.8815793991088867,4.068
agm1000018385,5.682775020599365,2.9953901767730713,3.8072
agm1000015098,5.748568058013916,3.4531140327453613,3.7764
agm1000016027,5.3368635177612305,3.5739588737487793,3.6816
agm1000005795,5.823908805847168,3.1914520263671875,4.0513
agm1000010332,5.985284805297852,3.432547092437744,3.8756
agm1000001954,5.9526262283325195,3.373854160308838,3.853
agm1000002926,1.373075246810913,1.1154018640518188,0.312
agm1000013607,5.6195855140686035,0.21838736534118652,2.0437
agm1000000120,5.784440517425537,0.7107523679733276,2.1421
agm1000000869,2.4930825233459473,0.09214839339256287,1.6897
agm1000004805,3.272012233734131,0.11665737628936768,2.5335
agm1000018313,2.165299415588379,0.011890143156051636,1.67
agm1000004209,2.8905749320983887,0.0020236074924468994,1.3437
agm1000012004,2.1474809646606445,0.07293957471847534,1.0122
agm1000006825,1.5352239608764648,0.006111130118370056,0.9915
agm1000006219,0.0281481742858886,0.00296039879322052,0.0
agm1000014187,2.2281415462493896,0.048054859042167664,1.437
agm1000004314,0.3888211250305176,0.045598626136779785,0.2268
agm1000001850,0.1685028076171875,0.041077226400375366,0.244
agm1000006204,0.0344026088714599,0.05956394970417023,0.2262
agm1000011097,5.093570709228516,3.340238094329834,4.1262
agm1000018874,5.318632125854492,3.552105188369751,3.2891
agm1000004055,3.926510572433472,3.16668438911438,1.9507
agm1000018471,8.009725570678711,0.8318592309951782,5.9843
agm1000002431,7.08444356918335,3.616077184677124,3.9068
agm1000009305,3.947044610977173,2.045990467071533,2.8171
agm1000007284,4.263020038604736,1.7497366666793823,2.6908000000000003
agm1000006575,3.296225070953369,0.7369669675827026,1.3316
agm1000018579,2.983029365539551,0.08163679391145706,0.2685
agm1000013385,3.862598180770874,0.8063385486602783,1.1115
agm1000004567,0.1789815425872802,0.2872426509857178,0.2985
agm1000004101,0.0971231460571289,0.178769052028656,0.0
agm1000005102,0.0442399978637695,0.28834259510040283,0.0
agm1000004901,4.567753791809082,1.0999186038970947,1.1366
agm1000019403,1.643012523651123,0.0648990273475647,0.4772
agm1000011947,2.1971089839935303,5.6937336921691895e-05,1.1327
agm1000011314,2.0090715885162354,0.049910157918930054,1.221
agm1000012716,2.7880749702453613,0.08806057274341583,1.5213
agm1000006224,2.6227784156799316,0.18188664317131042,1.0372
agm1000002929,0.5258398056030273,0.6236166954040527,0.621
agm1000003420,2.267174005508423,0.17926721274852753,0.511
agm1000000621,0.0320491790771484,0.0268237367272377,0.0
agm1000019181,6.626584053039551,2.767888069152832,2.3167
agm1000013043,6.258395671844482,2.742281198501587,2.0417
agm1000003090,7.115039825439453,3.0426502227783203,1.6894
agm1000002334,5.15110969543457,2.5869216918945312,3.2852
agm1000006968,4.971581935882568,2.3592824935913086,2.5787
agm1000000506,4.747178077697754,2.791029453277588,1.8875
agm1000013956,4.281274795532227,1.8950941562652588,2.457
agm1000008964,0.683091402053833,1.7843339443206787,0.9963
agm1000017109,3.9201619625091553,2.154141426086426,1.6929
agm1000006587,4.182623863220215,1.690860390663147,2.637
agm1000003709,3.618860960006714,1.047142744064331,1.4226
agm1000000457,3.7164759635925297,1.663016438484192,1.617
agm1000013293,2.8058063983917236,0.4299983084201813,1.1427
agm1000001970,4.25893497467041,0.6263241767883301,1.1958
agm1000018824,3.450338840484619,0.4510408639907837,0.0901
agm1000008451,3.001278877258301,0.5192241668701172,0.0
agm1000007860,3.454481601715088,0.9817306995391846,1.0263
agm1000018277,0.0031421184539794,0.46659937500953674,0.4529
agm1000018819,6.265780448913574,4.266810894012451,4.0674
agm1000006718,6.64166259765625,4.199321746826172,5.4781
agm1000005324,6.817383766174316,4.057955741882324,5.2863
agm1000018808,7.432354927062988,4.766273021697998,5.8402
agm1000018716,7.367327690124512,5.171034812927246,5.569
agm1000000832,7.287405967712402,4.942050933837891,6.0056
agm1000011857,7.095852375030518,5.125187873840332,5.5762
agm1000012658,7.520475387573242,5.006878852844238,6.114
agm1000010355,7.520290374755859,5.011497974395752,6.0419
agm1000014093,7.679928779602051,4.643448829650879,5.7479
agm1000013241,7.580996513366699,4.971508026123047,5.8576
agm1000011417,7.462814331054688,4.982008457183838,5.2661
agm1000005184,6.296699523925781,4.810929298400879,3.6963
agm1000015003,10.299667358398438,6.516522407531738,6.5089
agm1000015092,10.403190612792969,6.327747344970703,6.6636
agm1000006218,10.26243019104004,6.377676010131836,6.6603
agm1000010689,10.00108528137207,6.498898506164551,6.4455
agm1000019143,10.125449180603027,6.143673419952393,5.8478
agm1000013387,10.425167083740234,6.585391044616699,6.5237
agm1000015393,10.278718948364258,6.783151149749756,6.053
agm1000002973,9.053391456604004,4.617312431335449,4.2145
agm1000016779,6.073832988739014,4.035544395446777,4.6659
agm1000013321,5.6843390464782715,3.7689414024353027,4.8644
agm1000018307,5.10012149810791,3.5394034385681152,4.2512
agm1000015852,5.37724494934082,3.6774516105651855,4.5376
agm1000007837,5.663617134094238,3.299327850341797,4.9769000000000005
agm1000004433,5.96163272857666,2.8309249877929688,4.6967
agm1000013049,5.847473621368408,2.9855117797851562,4.7342
agm1000002534,4.780139923095703,2.949873924255371,3.134
agm1000001046,0.902564525604248,0.7921969890594482,0.373
agm1000017387,3.834390163421631,1.8918333053588867,0.7229
agm1000005548,3.2548394203186035,1.5634125471115112,0.0033
agm1000000351,3.3603506088256836,1.862917184829712,0.4051
agm1000012507,2.708284616470337,1.2168992757797241,1.1559
agm1000007334,0.3179481029510498,0.7699906826019287,0.2035
agm1000009139,6.975461006164551,3.5482587814331055,5.1819
agm1000010009,9.43797492980957,4.724712371826172,5.6499
agm1000008818,9.889212608337402,4.6299848556518555,4.9505
agm1000000524,7.993770599365234,4.4047393798828125,3.5045
agm1000006410,8.174249649047852,4.97019624710083,4.438
agm1000019445,10.06870174407959,6.157648086547852,4.7752
agm1000003979,10.925506591796877,5.343364715576172,3.9173
agm1000016987,7.293473243713379,2.9958231449127197,4.3102
agm1000001143,6.000482559204102,3.169201612472534,2.4254
agm1000014575,6.561781883239746,2.579770565032959,3.2084
agm1000009559,7.049101829528809,2.5628609657287598,3.2157
agm1000016428,5.47558069229126,1.9788548946380615,0.3129
agm1000003161,7.346348762512207,1.9308432340621948,3.1773
agm1000012213,7.897947311401367,2.2700202465057373,3.2636
agm1000013621,8.290291786193848,2.4588356018066406,3.0382
agm1000011996,8.293903350830078,2.88226580619812,3.0493
agm1000008361,2.3077943325042725,1.3043646812438965,0.4574
agm1000017483,5.346930503845215,2.222853660583496,3.2215
agm1000019810,5.546384334564209,2.554827928543091,3.0334
agm1000016796,5.5383172035217285,2.6252522468566895,3.0488
agm1000018074,5.2773942947387695,2.5400009155273438,2.8894
agm1000012800,5.940903186798096,2.5877463817596436,3.4361
agm1000011249,4.411870956420898,2.4222192764282227,1.6995
agm1000000885,5.532080173492432,2.717008352279663,2.8048
agm1000000609,2.21685791015625,1.7252601385116577,1.4326
agm1000006264,0.0647082328796386,0.2645653784275055,0.0
agm1000001132,0.3402013778686523,2.0576601028442383,0.0
agm1000017769,5.547491073608398,2.43986439704895,2.9149000000000003
agm1000016273,2.7738707065582275,1.6581664085388184,1.9187
agm1000018514,4.337129592895508,2.2478320598602295,2.7015
agm1000015235,3.395570755004883,1.7702157497406006,1.7446000000000002
agm1000002033,5.115266799926758,1.7644600868225098,2.573
agm1000012830,4.384980201721191,1.8974008560180664,2.2287
agm1000010229,0.0018444061279296,0.1413053721189499,0.0
agm1000001922,0.7051506042480469,1.2756153345108032,0.0
agm1000016342,4.093344688415527,1.4268341064453125,1.9917
agm1000017171,4.124723434448242,1.577617883682251,1.5409000000000002
agm1000018177,4.3704705238342285,1.636702060699463,2.354
agm1000011874,3.812944889068603,1.604236364364624,2.2079
agm1000000228,0.9751968383789062,1.1960089206695557,0.0
agm1000003821,0.513690710067749,0.8887203931808472,0.5207
agm1000010523,0.1243774890899658,1.3188717365264893,0.0
agm1000004523,0.2990877628326416,1.6627044677734375,0.0
agm1000002794,0.0160450935363769,0.01573997735977173,0.0
agm1000007673,0.000556468963623,0.004263300448656082,0.0
agm1000002127,0.0237746238708496,0.41207125782966614,0.365
agm1000006254,0.0527644157409668,-0.013178929686546326,0.1309
agm1000008557,0.0230398178100585,0.017600789666175842,0.2497
agm1000018057,0.0341773033142089,0.00903475284576416,0.0
agm1000005465,0.0528416633605957,0.032956190407276154,0.0
agm1000017264,0.0418343544006347,-0.018468253314495087,0.0
agm1000010986,0.0020709037780761,-0.015022121369838715,0.0
agm1000000652,0.0052804946899414,0.044747427105903625,0.2278
agm1000005382,0.0074100494384765,0.015501879155635834,0.0
agm1000003917,0.0047497749328613,0.0004351772367954254,0.0
agm1000010134,0.0366129875183105,0.02599378675222397,0.0
agm1000002384,0.0022168159484863,0.013167150318622589,0.179
agm1000002336,0.0399303436279296,0.06726887822151184,0.2997
agm1000010991,0.0242743492126464,0.011549830436706543,0.0
agm1000001695,0.0106792449951171,0.007378935813903809,0.0241
agm1000019200,0.012969970703125,0.09058725833892822,0.0149
agm1000003169,0.0061626434326171,0.027315177023410797,0.0
agm1000003805,0.0093765258789062,0.005265075713396072,0.0
agm1000011729,0.00333833694458,0.001167207956314087,0.0
agm1000019420,0.0047650337219238,0.02121661603450775,0.0
agm1000011146,0.0320630073547363,0.01047930121421814,0.0
agm1000010156,0.0227327346801757,0.007923305034637451,0.0039
agm1000005789,0.0189776420593261,0.016142599284648895,0.0
agm1000005657,0.0637578964233398,0.0035659372806549072,0.0
agm1000001767,0.0147566795349121,0.007656067609786987,0.0
agm1000007638,0.0487098693847656,-0.005703657865524292,0.0
agm1000004036,0.0937018394470214,0.035638779401779175,0.0
agm1000012998,0.4533200263977051,0.23450525104999542,1.9762
agm1000013973,0.0129785537719726,1.0430622100830078,1.1541
agm1000000051,0.0805649757385253,1.2472758293151855,1.635
agm1000009647,0.0068292617797851,1.0269663333892822,1.0659
agm1000001913,0.2132482528686523,0.59116530418396,0.4592
agm1000011540,0.5650863647460938,1.0219590663909912,0.2832
agm1000007905,0.0201373100280761,2.381953239440918,3.4116
agm1000018302,0.0001039505004882,0.2358381450176239,3.4393
agm1000007938,0.0006866455078125,1.1313540935516357,2.2131
agm1000010363,0.1100797653198242,0.4837901294231415,1.7797
agm1000003226,0.0315427780151367,0.6819475889205933,0.6979000000000001
agm1000012414,0.0325174331665039,0.5171138048171997,1.589
agm1000013344,0.0593385696411132,0.6787583827972412,0.6737000000000001
agm1000005641,0.1479401588439941,0.06673237681388855,0.3942
agm1000017778,0.0065512657165527,0.4784684479236603,0.0
agm1000004516,0.1420598030090332,0.5872554779052734,0.5054000000000001
agm1000017767,0.0063247680664062,1.0995326042175293,0.0
agm1000009971,0.0529651641845703,0.01332150399684906,0.0
agm1000018780,0.2574653625488281,-0.004762686789035797,0.0
agm1000019339,0.0556044578552246,0.018589571118354797,0.0
agm1000014163,0.0130839347839355,0.02482905238866806,0.0
agm1000011079,0.0091266632080078,0.056697964668273926,0.0
agm1000004508,0.0046925544738769,0.011939331889152527,0.0
agm1000003039,0.0027990341186523,0.04077979922294617,0.0
agm1000016658,0.0225849151611328,-0.0047285109758377075,0.0
agm1000010971,0.0100631713867187,0.13716909289360046,1.3331
agm1000011173,0.0057239532470703,-0.01882953941822052,0.0054
agm1000008839,0.0029044151306152,0.0190945565700531,1.6087
agm1000013960,0.0225658416748046,0.02799832820892334,1.7015
agm1000003281,0.0288357734680175,0.023200631141662598,0.0991
agm1000002977,0.0471467971801757,0.12677830457687378,0.0
agm1000012145,0.0227847099304199,0.10933056473731995,0.5353
agm1000007163,0.0008792877197265,0.32891952991485596,0.8155
agm1000007828,0.0665287971496582,1.481318473815918,0.3755
agm1000020022,0.0050663948059082,0.030491255223751068,0.0515
agm1000012081,0.1122245788574218,0.001089770346879959,0.046
agm1000012049,0.0054712295532226,0.03258770331740379,0.0
agm1000002505,0.0224156379699707,0.11629826575517654,0.0
agm1000006589,0.0308828353881835,0.02660350501537323,0.0
agm1000002303,0.0267491340637207,-0.01673385500907898,0.383
agm1000012981,0.1530375480651855,0.034239307045936584,0.0
agm1000003915,0.0432667732238769,0.002666868269443512,0.0
agm1000016460,0.0027580261230468,0.021542608737945557,0.0
agm1000016677,0.0311927795410156,0.002750590443611145,0.0943
agm1000012008,0.0842165946960449,0.002988383173942566,0.0
agm1000005929,0.2389326095581054,0.18769517540931702,0.0
agm1000009239,0.0928406715393066,0.014124304056167603,0.7287
agm1000002896,0.0086822509765625,0.009953662753105164,0.0
agm1000002808,0.1000885963439941,0.004496827721595764,0.0
agm1000000725,0.1118340492248535,0.028728589415550232,0.0
agm1000004174,0.0001716613769531,0.06471247971057892,0.0
agm1000005190,0.0049672126770019,0.08318699151277542,0.0
agm1000008625,0.0440011024475097,0.08673165738582611,0.0
agm1000017433,0.0213909149169921,-0.005287148058414459,0.0
agm1000019228,0.0132303237915039,0.04918608069419861,0.0
agm1000016713,0.0237054824829101,0.03201722353696823,0.2753
agm1000001029,0.0250906944274902,0.07680581510066986,0.0
agm1000007206,0.0344228744506835,-0.0026382505893707275,0.0716
agm1000002136,0.0125813484191894,0.10437916964292526,0.9453
agm1000003418,0.043123722076416,0.09080232679843903,0.0
agm1000010715,0.0083599090576171,0.1205349713563919,0.0
agm1000008975,0.0043907165527343,-0.00019158422946929932,0.0
agm1000017556,0.005197525024414,0.06986873596906662,0.0
agm1000005606,0.0186672210693359,0.009445305913686752,0.0
agm1000007035,0.0358753204345703,-0.02087920904159546,0.0
agm1000008608,0.0195446014404296,2.3461878299713135e-05,0.0
agm1000005134,0.0161395072937011,-0.009679585695266724,0.0
agm1000010297,0.0292177200317382,0.04743489623069763,0.0
agm1000009082,0.0044941902160644,0.003735095262527466,0.0
agm1000000599,0.0406293869018554,0.0180903822183609,0.0
agm1000003069,0.152313232421875,-0.0024899691343307495,0.0
agm1000002054,0.0287656784057617,0.02924289181828499,0.1664
agm1000005286,0.0428309440612793,0.021011464297771454,0.0
agm1000004068,0.0212392807006835,0.14078259468078613,0.5332
agm1000002763,0.0050692558288574,0.023337721824645996,0.0
agm1000015675,0.8297863006591797,0.03668918460607529,0.6253000000000001
agm1000001200,0.0866618156433105,0.02876674383878708,0.0
agm1000003941,0.5450429916381836,0.020453162491321564,0.4026
agm1000001021,0.4464864730834961,0.04602833837270737,0.1496
agm1000015359,0.1012487411499023,0.13241204619407654,0.0
agm1000011155,4.76837158203125e-07,0.3022975027561188,0.467
agm1000017514,0.000251293182373,1.8955152034759521,3.3875
agm1000014673,0.0467114448547363,1.796236276626587,2.0098
agm1000019740,0.0014185905456542,0.415742963552475,0.5859
agm1000015019,0.8071718215942383,1.022286295890808,0.4081
agm1000009496,1.7713418006896973,0.1712740659713745,0.9019
agm1000008884,0.0244507789611816,0.17019006609916687,0.0
agm1000013357,1.135615348815918,0.37741199135780334,0.0287
agm1000009102,0.601921558380127,0.11608034372329712,0.5995
agm1000003559,0.3163199424743652,1.5835256576538086,1.3839
agm1000006688,0.3204221725463867,0.06440094113349915,0.7202000000000001
agm1000010682,4.819827556610107,2.2628798484802246,2.836
agm1000013726,3.705257415771485,2.1516053676605225,1.4078
agm1000009553,0.0141024589538574,0.09030184149742126,0.0
agm1000018373,0.1381287574768066,0.04296457767486572,0.2378
agm1000013855,0.0175304412841796,-0.017122238874435425,0.1514
agm1000009122,0.0557861328125,0.6471762657165527,0.0
agm1000004659,0.0960621833801269,0.057783886790275574,0.0
agm1000001187,0.1823906898498535,0.92104172706604,0.4799
agm1000010476,0.9160828590393066,0.4841022789478302,0.5258
agm1000009892,1.5444998741149902,1.2594318389892578,0.0004
agm1000010893,0.0024685859680175,0.8666313886642456,0.3581
agm1000013080,0.0761299133300781,0.152891606092453,0.2058
agm1000002645,0.6947417259216309,0.02425236999988556,0.3256
agm1000017473,1.072037696838379,0.1427026391029358,0.2017
agm1000008012,0.0003848075866699,0.13824206590652466,0.0
agm1000018818,5.169304847717285,0.6531826257705688,0.604
agm1000017376,0.0039334297180175,1.1335160732269287,0.1579
agm1000001782,1.2741484642028809,1.6323875188827515,0.5688
agm1000017391,4.897276878356934,2.1403656005859375,1.9974
agm1000000084,4.245488166809082,2.073155164718628,1.2762
agm1000002175,5.133413314819336,2.554825782775879,1.2592
agm1000010258,3.299107789993286,1.854346513748169,1.183
agm1000000980,3.3265321254730225,1.872989535331726,1.2853
agm1000018888,3.760996103286743,1.977216124534607,2.0264
agm1000018422,4.140313148498535,1.9135408401489258,2.1967
agm1000005590,4.092824935913086,1.2363498210906982,1.3607
agm1000006990,0.5047152042388916,0.43465813994407654,0.7032
agm1000010833,2.349543571472168,0.16670605540275574,0.316
agm1000013759,3.3277695178985596,0.06523245573043823,0.7584000000000001
agm1000006691,0.2323248386383056,0.16072025895118713,0.0
agm1000006084,4.134157180786133,0.004864796996116638,0.1681
agm1000015340,4.723629951477051,0.7987644672393799,0.7483000000000001
agm1000017921,3.229234457015991,0.0036446601152420044,0.2796
agm1000013141,4.088284492492676,0.2626084089279175,0.6772
agm1000010993,6.013144493103027,3.712843418121338,4.5979
agm1000017104,6.164981842041016,3.768775463104248,4.4458
agm1000018871,7.261588096618652,4.598395347595215,4.9518
agm1000016464,6.936490535736084,4.6653828620910645,4.7046
agm1000000786,7.427875995635986,4.54812479019165,5.0385
agm1000015993,7.265559196472168,4.311565399169922,4.7395
agm1000011395,6.567222595214844,4.531332015991211,4.4086
agm1000016673,7.618934631347656,4.609031677246094,4.9346
agm1000001370,7.612201690673828,4.5840744972229,4.9331
agm1000003470,7.332972049713135,4.462636947631836,4.5896
agm1000005593,6.67195463180542,4.507404804229736,2.5571
agm1000019712,9.020968437194824,4.601806640625,5.2138
agm1000006650,10.146130561828612,4.804351329803467,5.3543
agm1000002617,10.227733612060549,4.783971786499023,5.3165
agm1000015377,8.03555965423584,4.5807085037231445,4.5683
agm1000012666,10.714048385620115,5.691561222076416,5.2166
agm1000011201,9.61723804473877,4.182443618774414,4.6314
agm1000000681,8.904338836669922,4.66146993637085,2.7759
agm1000016284,4.8959736824035645,3.267195463180542,2.8821
agm1000018383,5.481762409210205,3.191354274749756,3.4977
agm1000018194,5.312006950378418,3.165140390396118,3.7733
agm1000012681,5.616579055786133,3.0651373863220215,4.1913
agm1000015406,5.099765300750732,3.436159133911133,3.3585000000000003
agm1000009254,5.49852180480957,3.0244500637054443,3.951
agm1000007730,5.332258224487305,3.1376445293426514,3.7943
agm1000004268,0.006598949432373,0.031003490090370178,0.0
agm1000019408,0.2182998657226562,0.20891720056533813,0.0216
agm1000000024,0.2226181030273437,0.05991687625646591,0.1419
agm1000007380,0.2921380996704101,0.05734549090266228,0.0005
agm1000007696,0.2421693801879882,0.03252408280968666,0.3606
agm1000001453,0.1280069351196289,-0.01574556529521942,0.1432
agm1000002259,0.0370669364929199,-0.013974815607070923,0.0
agm1000000685,0.1071586608886718,0.07228069007396698,0.0029
agm1000002798,0.1435537338256836,0.0857706367969513,0.3464
agm1000015088,0.0189580917358398,0.1664169728755951,0.0
agm1000002063,0.002753734588623,0.21892273426055908,0.5438000000000001
agm1000008985,0.0021286010742187,-0.0015230774879455566,0.1849
agm1000001519,0.1181836128234863,0.04110746085643768,0.0
agm1000005328,0.0126910209655761,0.04407481104135513,0.3309
agm1000018782,0.0011038780212402,0.0891655832529068,0.0095
agm1000019032,0.003493309020996,0.13348190486431122,0.0
agm1000006532,0.0655813217163086,0.002409517765045166,0.0
agm1000000694,0.0031728744506835,0.018832653760910034,0.0
agm1000002851,0.0286645889282226,0.0016914010047912598,0.0
agm1000011832,4.192254543304443,1.1426668167114258,1.7253
agm1000011072,0.0017166137695312,0.2223551869392395,0.0
agm1000005004,0.6550822257995605,0.20379756391048431,0.4612
agm1000000873,5.245208740234375e-06,0.4142114222049713,0.8968
agm1000007656,0.0004353523254394,1.1876449584960938,0.2461
agm1000014973,1.1373286247253418,1.7950387001037598,0.9394
agm1000018339,0.0102381706237792,0.15483608841896057,0.3435
agm1000013834,0.2608318328857422,0.2049054503440857,0.0
agm1000001461,4.100799560546875e-05,0.038782715797424316,1.4928
agm1000015664,0.0011930465698242,0.32884663343429565,0.0
agm1000011551,8.881638526916504,1.9986159801483154,4.7711
agm1000002248,0.0242338180541992,0.15157221257686615,0.0801
agm1000003271,0.0014858245849609,0.230503112077713,0.0
agm1000014773,2.422159433364868,0.4636622965335846,0.9628
agm1000002373,0.0408072471618652,0.07807395607233047,0.0
agm1000017217,0.0886569023132324,0.029840320348739624,0.4342
agm1000005133,0.0004868507385253,0.03813369572162628,0.0
agm1000016667,0.0021643638610839,0.05551639571785927,0.0
agm1000011954,0.0763592720031738,0.15206998586654663,0.0
agm1000016068,0.0410380363464355,0.09650924056768417,0.0
agm1000001647,0.0001759529113769,0.15703269839286804,0.0
agm1000009477,0.4451494216918945,0.13681305944919586,0.5414
agm1000010529,0.0309586524963378,0.038419485092163086,0.0458
agm1000013190,0.0239691734313964,0.09070363640785217,0.3503
agm1000004671,0.0578422546386718,0.055064812302589417,0.0
agm1000006964,0.0062408447265625,0.25993192195892334,0.4241
agm1000012823,0.3021125793457031,1.5440597534179688,0.0
agm1000017367,0.0038099288940429,0.005301475524902344,0.0
agm1000010183,0.3993802070617676,0.01502564549446106,0.4088
agm1000013191,0.0022177696228027,0.01843884587287903,0.0717
agm1000003614,0.1364946365356445,0.03256157040596008,0.2128
agm1000007186,0.0879673957824707,0.014834146946668625,0.0
agm1000014282,0.0583019256591796,0.017587095499038696,0.0
agm1000015683,9.965896606445312e-05,-0.023278817534446716,0.0
agm1000011158,0.0490961074829101,0.014642052352428436,0.0
agm1000016064,0.0383071899414062,0.015188314020633698,0.0
agm1000003165,0.00140380859375,0.41122710704803467,0.5442
agm1000006886,0.0032873153686523,-0.02161101996898651,0.0
agm1000005101,0.0614666938781738,0.022778231650590897,0.0
agm1000001020,0.2944860458374023,1.3485546112060547,0.0
agm1000009777,1.9073486328125e-06,0.8280926942825317,0.2395
agm1000012986,0.0269961357116699,0.04518049955368042,0.2445
agm1000002774,0.000464916229248,0.7057318687438965,0.9101
agm1000019387,0.0608530044555664,0.007569540292024612,0.0287
agm1000015793,0.0352663993835449,0.01634909212589264,0.0
agm1000008634,0.0406923294067382,-0.01958606392145157,0.4406
agm1000008531,0.018096923828125,0.02417248860001564,0.2231
agm1000012970,0.5879788398742676,0.03585591912269592,0.4465
agm1000001979,0.0107464790344238,0.192926287651062,0.2638
agm1000014245,0.1262078285217285,0.05502840876579285,0.0
agm1000007883,0.3065633773803711,0.12485998868942261,0.4282
agm1000012922,0.0542421340942382,0.06136460602283478,0.1963
agm1000019020,0.0171666145324707,0.027366995811462402,0.0
agm1000016361,0.0088024139404296,0.034015730023384094,0.0
agm1000019496,0.0017924308776855,0.014519952237606049,0.011
agm1000017355,0.1775670051574707,0.0573548823595047,0.0
agm1000015817,0.0275049209594726,0.007443428039550781,0.0
agm1000015058,0.4654121398925781,0.006622765213251114,0.334
agm1000015295,0.0028314590454101,0.17963248491287231,0.0
agm1000009053,0.0562396049499511,0.028616853058338165,0.0
agm1000002831,0.0070114135742187,0.43718865513801575,0.2249
agm1000007387,0.0619382858276367,0.034420013427734375,0.0
agm1000009595,9.5367431640625e-07,0.02664998546242714,0.4114
agm1000002527,0.1650543212890625,-0.019193753600120544,0.1113
agm1000004521,0.0433001518249511,0.0698511153459549,0.0
agm1000002938,0.0665111541748046,0.09898850321769714,0.0286
agm1000001522,0.5041651725769043,0.06511124968528748,0.4315
agm1000010197,0.0245471000671386,0.08554299175739288,0.0
agm1000008237,0.1412920951843261,0.015867963433265686,0.0465
agm1000002714,0.2589325904846191,0.00437617301940918,0.0
agm1000010328,0.0752758979797363,0.011973947286605835,0.0
agm1000002474,1.1825008392333984,0.07155510783195496,0.2794
agm1000019812,0.0033516883850097,-0.019512727856636047,0.0
agm1000004766,0.0222687721252441,0.07240205258131027,0.1087
agm1000004854,0.5151262283325195,0.017814233899116516,0.0
agm1000000520,0.0035953521728515,0.0020749270915985107,0.3478
agm1000001280,0.0509114265441894,0.025929182767868042,0.0
agm1000001644,0.0769624710083007,0.02602294087409973,0.0
agm1000016592,0.1542863845825195,0.01023399829864502,0.0
agm1000012050,0.197758674621582,0.032565683126449585,0.0
agm1000007170,0.0710835456848144,0.00939515233039856,0.0809
agm1000012787,1.430511474609375e-06,0.019145548343658447,0.0
agm1000005511,0.0001325607299804,0.1315678507089615,0.0
agm1000002609,0.2882773876190185,0.12058138847351074,0.0
agm1000013263,2.454936981201172,0.27555760741233826,0.1573
agm1000014035,1.680315017700195,1.2609566450119019,0.2662
agm1000003675,0.0091180801391601,0.5209039449691772,0.0
agm1000002461,0.0026297569274902,1.075028419494629,0.599
agm1000013518,0.0035243034362792,0.6441640853881836,0.0
agm1000002298,0.4751977920532226,0.43485549092292786,0.0
agm1000000727,2.621931552886963,0.2865005135536194,2.9336
agm1000003085,0.0792193412780761,2.6243696212768555,3.2859
agm1000018897,0.0020098686218261,1.4607558250427246,2.075
agm1000013245,0.0031123161315917,1.9708847999572754,1.6054
agm1000018505,0.0101628303527832,0.02272285521030426,0.1417
agm1000001643,0.0118002891540527,0.05212177336215973,0.0992
agm1000001278,0.0317239761352539,0.2181040197610855,0.0478
agm1000003599,0.0925912857055664,0.13501645624637604,0.0
agm1000016717,0.1825103759765625,-0.0018678903579711914,0.0
agm1000013250,0.0330281257629394,0.0027419887483119965,0.0
agm1000015771,0.0001664161682128,0.002034500241279602,0.0
agm1000009192,0.0017271041870117,0.025853216648101807,0.0
agm1000018155,0.0010766983032226,0.006367862224578857,0.0
agm1000001356,0.0831961631774902,0.005871497094631195,0.0
agm1000010954,0.0033817291259765,0.21973975002765656,1.8746
agm1000002481,0.0013747215270996,0.020641803741455078,2.1575
agm1000018355,0.0047292709350585,0.061552032828330994,2.0169
agm1000011195,0.0407619476318359,0.0066531747579574585,0.0
agm1000010892,0.0592832565307617,-0.06503579020500183,0.0
agm1000007223,0.0762577056884765,0.027020469307899475,0.0
agm1000019019,0.0328893661499023,0.1041746735572815,0.2872
agm1000000452,0.0587139129638671,-0.006139844655990601,0.0
agm1000004762,0.2110872268676757,0.034542202949523926,0.0
agm1000011024,0.069979190826416,0.055207788944244385,0.0
agm1000003415,0.3398580551147461,0.008234158158302307,0.0
agm1000014834,0.0724520683288574,0.2097209393978119,0.0
agm1000011460,0.2369208335876464,0.028355661779642105,0.0852
agm1000009551,0.1664032936096191,0.037563130259513855,0.0
agm1000018694,0.0010538101196289,0.22909334301948547,0.0
agm1000007404,0.1717386245727539,0.033807314932346344,0.0
agm1000012705,0.0976428985595703,0.16744890809059143,0.293
agm1000010781,0.0947184562683105,0.014486044645309448,0.0903
agm1000003729,0.2433104515075683,0.059243664145469666,0.0
agm1000010450,0.0132722854614257,-0.0016515105962753296,0.0
agm1000015981,0.8518099784851074,0.05289539694786072,0.2526
agm1000006189,0.0233955383300781,0.014713626354932785,0.0
agm1000008415,0.0044617652893066,0.020152226090431213,0.0184
agm1000008808,0.0881571769714355,0.044841885566711426,0.0
agm1000013256,0.1597981452941894,0.07497800886631012,0.0
agm1000011288,0.073620319366455,0.0427364856004715,0.3864
agm1000010572,0.0045208930969238,-0.003827989101409912,0.0
agm1000001731,0.2523798942565918,0.024227306246757507,0.0
agm1000012684,0.0539627075195312,0.0516422837972641,0.0
agm1000007900,0.0206208229064941,0.006385747343301773,0.0
agm1000004021,0.3297734260559082,0.026487082242965698,0.064
agm1000003209,0.0378527641296386,0.011523332446813583,0.0
agm1000013209,0.0412096977233886,0.11145126819610596,0.0
agm1000006727,0.0983965396881103,-0.015603527426719666,0.0706
agm1000010077,0.0680654048919677,0.7458213567733765,0.0
agm1000019645,0.0010516643524169,0.8027389049530029,0.4758
agm1000000341,0.3367538452148437,0.40019306540489197,0.2785
agm1000019534,0.0022106170654296,0.0037740319967269897,0.0
agm1000001931,0.030069351196289,-0.008830815553665161,0.1756
agm1000000897,0.0030033588409423,0.036469362676143646,0.0
agm1000005381,0.0072965621948242,0.6901942491531372,0.0
agm1000004907,0.2088172435760498,0.13559536635875702,0.1839
agm1000005624,0.014739990234375,0.023695826530456543,0.0
agm1000019129,0.0021331310272216,0.014372102916240692,0.0
agm1000010384,0.0540955066680908,0.3241299092769623,0.0
agm1000004339,0.3356006145477295,0.49696195125579834,0.2994
agm1000013166,0.2709057331085205,0.12736710906028748,0.0
agm1000017760,2.5263988971710205,0.7112387418746948,0.0453
agm1000001774,0.0224425792694091,0.8663148880004883,0.0
agm1000006076,0.0001008510589599,1.2850642204284668,0.3502
agm1000007498,1.3352599143981934,1.0150959491729736,0.5037
agm1000008374,1.5938385725021362,0.03896872699260712,0.9836
agm1000002638,0.1459245681762695,0.4263298511505127,0.0
agm1000006094,0.0248529911041259,0.3038366138935089,0.0
agm1000009159,0.0071401596069335,0.24015071988105774,0.0002
agm1000002746,0.1587464809417724,0.5196864008903503,0.0
agm1000015122,0.1007018089294433,0.5181647539138794,0.0
agm1000004362,1.1882991790771484,0.36216461658477783,0.0
agm1000019809,1.8901453018188477,0.05027224123477936,0.3073
agm1000000937,0.1635799407958984,0.17975002527236938,0.0
agm1000009182,0.5675907135009766,0.11643189191818237,0.9274
agm1000014011,0.0016229152679443,0.4477541744709015,0.0
agm1000001166,0.0052120685577392,0.18929657340049744,0.0
agm1000017884,0.5823314189910889,0.32213249802589417,0.7721
agm1000009985,0.0099453926086425,-0.0115489661693573,0.0013
agm1000006102,0.0069925785064697,-0.003381773829460144,0.0476
agm1000016742,0.0010724067687988,0.03944121301174164,0.0
agm1000010792,0.0600934028625488,-0.013265416026115417,0.0709
agm1000015906,0.0061309337615966,-0.0018656551837921143,0.0
agm1000010506,0.0416059494018554,0.16218650341033936,0.0
agm1000007008,0.0272016525268554,0.10818718373775482,0.0
agm1000009332,0.056028127670288,0.022041037678718567,0.0
agm1000016473,0.0007634162902832,0.025345761328935623,0.2252
agm1000019459,0.0033948421478271,0.031130090355873108,0.0
agm1000010747,0.0236501693725585,0.06449956446886063,0.0398
agm1000010645,0.0441303253173828,0.4658695161342621,0.0
agm1000018711,4.863739013671875e-05,0.11908449232578278,0.0
agm1000016174,0.0031287670135498,-0.027783222496509552,0.0
agm1000013426,0.1640911102294922,0.2112227976322174,0.0
agm1000008185,0.010876178741455,0.05610924959182739,0.0
agm1000001239,0.00411057472229,0.022943345829844475,0.0685
agm1000004460,0.0802929401397705,0.016742758452892303,0.0
agm1000007312,0.1402571201324463,0.06439608335494995,0.0
agm1000010808,0.0005125999450683,0.1960999220609665,0.0
agm1000018246,0.0178747177124023,0.07394763827323914,0.1016
agm1000000374,0.0480690002441406,0.06767648458480835,0.0312
agm1000017097,0.0193543434143066,0.13334950804710388,0.0758
agm1000019606,0.0206341743469238,0.07709644734859467,0.0811
agm1000015514,0.0035340785980224,0.03267715126276016,0.3716
agm1000017574,0.3904447555541992,0.3573279082775116,0.3224
agm1000002585,0.2760803699493408,-0.0044417232275009155,0.3044
agm1000016084,0.4833436012268066,0.0728517547249794,0.3851
agm1000003555,0.0295350551605224,0.04252859950065613,0.0
agm1000008758,0.1576650142669677,0.7170950174331665,0.3614
agm1000017090,0.0466930866241455,0.23261378705501556,0.0
agm1000000106,0.2833011150360107,0.00813014805316925,0.0
agm1000009899,0.3710212707519531,0.39843541383743286,0.0
agm1000013993,0.0284056663513183,0.7846934795379639,0.0
agm1000000604,0.2123246192932129,0.5669010877609253,0.4809
agm1000004601,0.0406177043914794,0.028412729501724243,0.3505
agm1000014892,0.0073828697204589,0.36806949973106384,0.0
agm1000019405,0.0301761627197265,0.1631961315870285,0.0229
agm1000004905,0.0042762756347656,0.2882649600505829,0.0
agm1000007055,0.0278410911560058,0.5895028114318848,0.0
agm1000014111,0.0598261356353759,0.04136931151151657,0.0
agm1000005535,0.0270984172821044,0.17952239513397217,0.0
agm1000002073,0.1137311458587646,0.011296868324279785,0.0
agm1000000096,0.1479718685150146,0.548271656036377,0.1389
agm1000013898,0.206430435180664,0.13535627722740173,0.0
agm1000007211,0.930788278579712,0.2108977884054184,0.0624
agm1000013562,0.0014309883117675,0.06531177461147308,0.0
agm1000000630,0.5161128044128418,0.34012719988822937,0.0
agm1000000991,6.348787307739258,0.8532804250717163,0.3129
agm1000004693,6.727606773376465,1.4830775260925293,0.6159
agm1000003366,5.547334671020508,1.7499172687530518,1.5264
agm1000005572,5.139797210693359,1.4215483665466309,0.7776000000000001
agm1000019070,4.221829414367676,1.811650276184082,0.9198
agm1000017320,4.933410167694092,2.1751089096069336,1.5494
agm1000019203,3.8990397453308105,1.9348974227905273,1.0318
agm1000006555,4.0508527755737305,0.4176848828792572,1.4941
agm1000001729,4.22589111328125,0.5724585056304932,0.8688
agm1000017537,3.3981759548187256,1.1534751653671265,0.0592
agm1000013473,2.961228132247925,0.09207761287689209,0.0238
agm1000010820,0.0078272819519042,-0.0018360316753387451,0.1353
agm1000000738,4.753567218780518,0.4498487710952759,0.0
agm1000019446,0.0067532062530517,0.12147131562232971,0.0342
agm1000015548,3.70444393157959,2.3023409843444824,0.1536
agm1000000060,0.1103434562683105,0.19894714653491974,0.0
agm1000012818,6.120722770690918,3.1635634899139404,3.9447
agm1000016226,6.618897914886475,4.1442766189575195,3.2982
agm1000015304,7.0941691398620605,4.064568519592285,4.2738
agm1000015285,6.762539863586426,3.6803159713745117,4.1324
agm1000014150,7.223258018493652,4.078662872314453,4.5301
agm1000018751,7.175921440124512,4.633830547332764,4.318
agm1000003336,6.8080244064331055,4.421664237976074,3.079
agm1000017532,9.099845886230469,3.9061012268066406,4.3238
agm1000015967,8.81051254272461,4.007439613342285,4.3715
agm1000015210,8.970682144165039,4.67636775970459,4.3671
agm1000009903,9.177779197692873,5.799765586853027,4.021
agm1000013565,9.17774486541748,5.614599227905273,3.978
agm1000000996,9.240007400512695,4.862653732299805,3.1394
agm1000018906,5.587152481079102,3.1087217330932617,3.7174
agm1000015386,5.539536476135254,2.711698532104492,3.536
agm1000015948,5.413699150085449,3.2594714164733887,3.5569
agm1000012678,5.582511901855469,3.001222848892212,3.6837
agm1000013707,5.583828926086426,1.23557448387146,3.7369
agm1000001857,5.578233242034912,2.818239450454712,3.7131
agm1000004420,0.0022540092468261,-0.006363436579704285,0.0
agm1000008088,0.1751084327697754,0.10734823346138,0.2268
agm1000003110,0.0827264785766601,0.051421597599983215,0.0
agm1000011093,0.008063793182373,0.04047352075576782,0.0
agm1000007189,0.0808758735656738,0.028856366872787476,0.0
agm1000005205,0.2551150321960449,0.06219185143709183,0.2712
agm1000019256,0.0115237236022949,0.015416964888572693,0.0
agm1000019852,0.0107312202453613,-0.03383263945579529,0.0
agm1000018020,2.9715983867645264,0.43796494603157043,1.4765
agm1000010054,1.8957810401916504,1.2864503860473633,0.5062
agm1000006158,0.3483529090881347,0.15575602650642395,0.4341
agm1000004510,0.2094120979309082,0.062080979347229004,0.0551
agm1000007001,0.4341559410095215,1.1169216632843018,0.0
agm1000013608,0.0221085548400878,0.1634528934955597,0.0
agm1000015600,0.0558822154998779,0.09214037656784058,0.0
agm1000014972,0.0097837448120117,0.809961199760437,0.0001
agm1000017713,2.9502758979797363,-0.041309744119644165,1.3356
agm1000015613,1.7162997722625732,0.017938096076250076,0.3549
agm1000000999,1.2682738304138184,0.34445348381996155,0.0
agm1000011393,0.0089678764343261,0.06856629252433777,0.0
agm1000015487,0.0024290084838867,0.12631121277809143,0.3263
agm1000011385,0.0134439468383789,0.2591632902622223,0.0
agm1000011956,0.0099086761474609,0.0007456988096237183,0.1838
agm1000012816,0.3109183311462402,0.018493056297302246,0.0
agm1000015807,0.373323917388916,0.002756968140602112,0.0
agm1000011425,0.1451272964477539,0.0003541409969329834,0.0
agm1000014719,0.0347700119018554,0.015837430953979492,0.0
agm1000002262,0.6764812469482422,0.01962071657180786,0.3438
agm1000013091,0.0539402961730957,0.010565802454948425,0.0
agm1000001726,0.7084107398986816,0.014627516269683838,0.0
agm1000013050,0.1402349472045898,-0.002500351518392563,0.0
agm1000019261,0.0026769638061523,0.07816857099533081,0.0
agm1000009295,0.0007023811340332,0.13788414001464844,0.0
agm1000018445,0.0043976306915283,0.7110832929611206,0.2112
agm1000005844,0.7506425380706787,0.043361350893974304,0.0
agm1000006618,0.0643839836120605,0.09941326081752777,0.2051
agm1000013164,0.0086786746978759,0.028638571500778198,0.0
agm1000004944,0.0403652191162109,0.027858883142471313,0.0
agm1000006269,0.5768327713012695,0.07556608319282532,0.0
agm1000002971,0.1006548404693603,0.1716996729373932,0.0
agm1000008370,0.0001449584960937,0.07396380603313446,0.0
agm1000009180,0.0411593914031982,0.24007143080234528,0.0
agm1000006948,0.2498581409454345,0.3431195914745331,0.1846
agm1000005110,0.0021862983703613,0.007639214396476746,0.0
agm1000019318,0.0095527172088623,0.4138890504837036,0.1658
agm1000009754,0.0001015663146972,0.01460111141204834,0.0
agm1000005270,0.0002756118774414,0.2177346646785736,0.2112
agm1000006383,0.166604995727539,0.18421149253845215,0.3849
agm1000017640,0.00079345703125,0.4638077914714813,0.0
agm1000010537,0.0054061412811279,0.31880053877830505,0.0
agm1000015333,0.0156412124633789,0.114340640604496,0.2692
agm1000017677,0.3960649967193603,0.09232620894908905,0.016
agm1000011777,0.076672077178955,0.26353156566619873,0.076
agm1000017130,0.0007128715515136,-0.0731482207775116,0.0903
agm1000010736,0.1697494983673095,0.1165032833814621,0.0
agm1000005394,0.0025196075439453,0.4077111780643463,0.2016
agm1000006878,0.3501005172729492,0.018937885761260986,0.0
agm1000011465,0.0046606063842773,0.008393168449401855,0.0
agm1000016475,0.0028553009033203,-0.011735901236534119,0.0
agm1000016547,0.0022139549255371,0.011170990765094757,0.0
agm1000011197,0.0033669471740722,-0.01709948480129242,0.0
agm1000013528,0.1418924331665039,0.017513930797576904,0.3083
agm1000007820,0.0380373001098632,0.009537175297737122,0.0
agm1000005473,0.1781487464904785,-0.014912605285644531,0.2436
agm1000004495,0.067819595336914,0.024479776620864868,0.1269
agm1000007830,0.0029230117797851,0.03630037605762482,0.0
agm1000005284,0.0170428752899169,0.08602552115917206,0.0
agm1000017349,0.498643159866333,0.04226391017436981,0.4988
agm1000003337,0.0195631980895996,0.18603627383708954,0.0
agm1000005263,0.0512213706970214,0.42987143993377686,0.0
agm1000008730,0.555861234664917,0.3876980245113373,0.4088
agm1000005103,0.841019868850708,0.03088751807808876,0.7855000000000001
agm1000002201,0.2536957263946533,0.012289375066757202,0.1605
agm1000013909,2.334562063217163,0.11900721490383148,1.0471
agm1000000722,0.1692461967468261,0.06520508229732513,0.2605
agm1000004947,1.1338341236114502,0.21515417098999023,0.1482
agm1000004666,0.4471373558044433,0.12143868207931519,0.2438
agm1000005559,0.5863692760467529,0.692513108253479,0.0
agm1000010008,1.5560688972473145,0.7851083278656006,0.9471
agm1000019449,0.7204329967498779,0.28241363167762756,0.3112
agm1000012270,0.9034836292266846,0.032635971903800964,0.8255
agm1000019893,0.0210087299346923,0.6719285249710083,0.0
agm1000009797,0.0027680397033691,0.44151571393013,0.0998
agm1000001438,0.0465290546417236,0.04973924532532692,0.3767
agm1000018832,0.0399310588836669,0.6663432121276855,0.4255
agm1000002818,0.0202429294586181,0.1924436241388321,0.0
agm1000005143,0.5394103527069092,0.2572941184043884,0.1574
agm1000008284,0.6459002494812012,1.2407631874084473,0.8210000000000001
agm1000003146,2.8397316932678223,0.2826031446456909,1.4856
agm1000010851,4.357987403869629,0.2778070867061615,0.8934000000000001
agm1000001209,1.9072513580322263,0.5360398292541504,0.9697
agm1000002614,1.60789155960083,0.05238576978445053,0.1937
agm1000011128,2.428039789199829,0.014017343521118164,1.5211
agm1000013602,0.1823401451110839,0.12503036856651306,0.0
agm1000005228,0.026529312133789,0.024616822600364685,0.0
agm1000005049,0.1914219856262207,0.0882546454668045,0.0
agm1000008311,0.0551033020019531,0.19776670634746552,0.3528
agm1000019014,5.014121055603027,2.7161388397216797,3.455
agm1000005158,5.219418525695801,2.6559972763061523,3.615
agm1000004092,0.0078263282775878,0.9838974475860596,0.3844
agm1000010203,9.305704116821287,3.4253461360931396,4.8514
agm1000015070,3.6508021354675297,1.6655285358428955,2.7471
agm1000005306,0.9637126922607422,0.820624828338623,0.0
agm1000011823,3.0759079456329346,0.2731519043445587,1.0403
agm1000010874,3.057917356491089,0.7667087316513062,1.5841
agm1000014657,0.7154574394226074,0.15240179002285004,0.0
agm1000007110,2.618091106414795,0.8329282999038696,1.1993
agm1000009259,0.0040421485900878,0.07136400043964386,0.0
agm1000013064,3.156238079071045,0.17878390848636627,1.7319
agm1000015968,2.7547531127929688,0.3971886932849884,1.2984
agm1000012692,0.0981330871582031,0.6504606008529663,0.0
agm1000015022,0.4526631832122803,0.35896506905555725,0.0874
agm1000002451,0.5532159805297852,0.7627725601196289,0.5657
agm1000000617,0.1062178611755371,0.5729050636291504,0.1222
agm1000002901,0.1341414451599121,0.5461417436599731,0.3898
agm1000011392,2.0364928245544434,1.4142773151397705,2.6899
agm1000019189,5.246223449707031,3.2268800735473633,3.0411
agm1000001834,5.791440486907959,3.835862874984741,3.194
agm1000009658,0.0113346576690673,0.8234837055206299,0.0
agm1000000713,0.4761419296264648,1.7966396808624268,0.5365
agm1000008887,3.014734268188477,1.25694739818573,2.0759
agm1000004554,0.1832904815673828,0.35349777340888977,0.3139
agm1000006098,1.860062837600708,0.4477328956127167,0.0111
agm1000012911,2.0578181743621826,0.2978937327861786,0.8094
agm1000019041,0.1564869880676269,0.0399189218878746,0.1956
agm1000011318,0.5581202507019043,0.11744773387908936,0.0894
agm1000011446,1.5641210079193115,0.0024896860122680664,0.9795
agm1000016180,1.9994943141937256,0.2032562792301178,1.0992
agm1000012798,1.5376803874969482,0.25646379590034485,0.9674
agm1000001223,0.2000894546508789,0.07943147420883179,0.2886
agm1000002616,0.1029915809631347,0.11390800774097443,0.0
agm1000007598,1.8271596431732176,0.23276574909687042,0.4971
agm1000001455,0.3222804069519043,0.06044495105743408,0.0
agm1000010221,4.755275726318359,3.52365779876709,3.0341
agm1000009823,4.86864709854126,3.4688334465026855,2.9679
agm1000017585,7.336765766143799,5.538649559020996,5.6831
agm1000005369,7.702756881713867,5.18181037902832,6.0114
agm1000002414,7.836551666259766,5.082240104675293,5.3693
agm1000017450,3.380303859710694,0.005256026983261108,1.4657
agm1000007977,3.890387296676636,0.9923357963562012,2.2629
agm1000010937,2.5107641220092773,0.13388700783252716,1.3354
agm1000016315,2.173888683319092,0.36210647225379944,0.0
agm1000019747,0.0136747360229492,0.3714228868484497,0.0
agm1000018497,3.6500768661499023,1.2500779628753662,1.5
agm1000016738,0.6108729839324951,1.281205654144287,0.7522000000000001
agm1000003522,2.812314510345459,0.34145674109458923,0.2009
agm1000005441,0.2122776508331298,0.580547571182251,0.3148
agm1000000410,3.4522578716278076,1.7257362604141235,0.377
agm1000001010,0.2108297348022461,0.14442414045333862,0.0
agm1000016749,2.021355628967285,0.05309811234474182,0.6022000000000001
agm1000017491,1.585448980331421,0.04323287308216095,0.1364
agm1000016963,0.2192764282226562,0.09109711647033691,0.1349
agm1000014851,1.9766521453857424,0.049386173486709595,1.0505
agm1000016055,1.7414252758026123,0.46615341305732727,0.9384
agm1000011940,0.1571307182312011,0.09296451508998871,0.4513
agm1000008054,0.6838474273681641,0.14127448201179504,0.0
agm1000000540,0.5150020122528076,0.07132028788328171,0.4543
agm1000009395,2.1479275226593018,0.6140086650848389,0.9114
agm1000002536,0.2386550903320312,0.6200449466705322,0.0
agm1000019274,1.374833345413208,0.1705390065908432,1.0583
agm1000017764,1.6551024913787842,0.1571723222732544,1.1818
agm1000015626,14.75052261352539,5.060418605804443,6.0474
agm1000009067,19.358932495117188,6.360210418701172,8.4081
agm1000004924,19.53797912597656,6.81964111328125,8.6331
agm1000014542,8.742401123046875,2.1690561771392822,2.9131
agm1000012863,5.892725944519043,3.1480045318603516,3.4917
agm1000002250,2.308171272277832,0.18152260780334473,2.4938
agm1000012606,9.626476287841797,2.6557469367980957,3.3737
agm1000013949,0.2636799812316894,1.9694621562957764,0.0
agm1000008182,0.7347676753997803,0.5698374509811401,0.0
agm1000004992,0.3347606658935547,-0.01796557754278183,0.0
agm1000005014,2.513417959213257,1.805334210395813,0.449
agm1000004273,3.9327664375305176,1.7250449657440186,2.6091
agm1000012146,5.1095170974731445,0.9634158611297607,1.4499
agm1000009560,0.2889823913574219,0.9644671678543091,0.471
agm1000009945,3.2618675231933594,1.4626269340515137,2.3011
agm1000000749,0.0013515949249267,0.00527481734752655,0.0
agm1000001526,0.9989609718322754,0.07032600045204163,0.4188
agm1000009394,1.2314696311950684,0.05795544385910034,0.7894
agm1000019924,0.0809323787689209,-0.004167519509792328,0.0
agm1000019004,0.7926604747772217,0.03854280710220337,0.4755
agm1000000022,0.3270752429962158,0.27484816312789917,0.0155
agm1000018901,4.459953784942627,1.860520839691162,3.0646
agm1000009277,3.814114570617676,2.619147539138794,3.1422
agm1000010680,3.8975000381469727,1.4644750356674194,3.2883
agm1000002745,2.653663158416748,2.5818676948547363,3.0859
agm1000018106,5.981506824493408,2.8600900173187256,3.9851
agm1000011040,5.417983531951904,2.363430976867676,3.4888
agm1000000303,4.879414081573486,2.589056968688965,3.935
agm1000003221,2.7658467292785645,1.4684762954711914,1.7015
agm1000013106,1.302567481994629,1.7710037231445312,1.3402
agm1000016588,1.2887187004089355,0.4687410295009613,0.6181
agm1000014833,3.9826314449310303,1.2294200658798218,2.1402
agm1000009370,5.008785724639893,0.67472243309021,2.3777
agm1000016269,0.5716910362243652,0.3573831617832184,0.0
agm1000017535,0.7152204513549805,0.6327937841415405,0.0106
agm1000015161,1.2299532890319824,0.46351227164268494,0.1452
agm1000003953,3.8478713035583496,0.13537544012069702,2.2773
agm1000001241,0.5594301223754883,0.24146965146064758,0.5136000000000001
agm1000004876,5.06486701965332,1.5950344800949097,3.1498
agm1000006749,0.0223052501678466,0.21189847588539124,0.0
agm1000011588,2.2032389640808105,0.8437211513519287,1.3487
agm1000014463,3.2847793102264404,1.2854347229003906,1.7557
agm1000014313,2.384446620941162,0.7749315500259399,1.6505
agm1000011283,1.4941341876983645,0.3320204019546509,1.1949
agm1000000995,1.6966683864593506,0.8633865118026733,2.3018
agm1000016303,1.10101318359375,0.3309331238269806,1.0079
agm1000007484,0.108771800994873,0.11239795386791229,0.0
agm1000004942,0.0444254875183105,0.27689510583877563,0.0
agm1000013061,0.0143108367919921,1.4258956909179688,0.249
agm1000008559,3.980454206466675,0.07225862890481949,1.7594
agm1000015695,2.7909538745880127,0.19059063494205475,1.3091
agm1000011043,2.2864725589752197,0.4024505913257599,1.2711
agm1000009650,1.9954471588134768,0.06336413323879242,1.1897
agm1000002366,0.0204405784606933,0.29169750213623047,0.0
agm1000008615,0.0185413360595703,0.7325195074081421,0.0
agm1000012313,3.2776198387145996,0.937680721282959,2.1322
agm1000013888,0.0137581825256347,1.095639705657959,0.0574
agm1000015873,2.294194459915161,0.24977171421051025,1.5113
agm1000011198,0.9759643077850342,0.3407931923866272,1.1038
agm1000015120,1.1467735767364502,0.3040904402732849,0.5666
agm1000011669,0.0027885437011718,0.15145742893218994,0.0
agm1000000951,1.1421775817871094,0.18771782517433167,1.64
agm1000006159,0.8321871757507324,0.10714592039585114,0.3233
agm1000003026,0.1214098930358886,0.05459672212600708,0.0
agm1000013503,0.0207266807556152,0.19787445664405823,0.4919
agm1000010626,0.0325179100036621,0.12142989039421082,0.0
agm1000007099,0.2333369255065918,0.14830145239830017,0.0236
agm1000000487,3.4735710620880127,0.6685086488723755,0.0
agm1000018131,3.3118231296539307,0.7543338537216187,0.885
agm1000001714,0.5499148368835449,1.0332759618759155,0.0548
agm1000009965,4.960116386413574,3.9384326934814453,4.0112
agm1000016928,6.683091640472412,4.5054473876953125,5.239
agm1000002016,6.042223930358887,4.379643440246582,3.3185
agm1000005957,6.065371990203857,4.775552749633789,3.7893
agm1000017123,8.337871551513672,5.57499885559082,5.8516
agm1000006126,8.562477111816406,5.5693559646606445,4.3956
agm1000019656,5.17948055267334,3.3805270195007324,3.6619
agm1000013054,4.966645240783691,2.9425010681152344,3.8334
agm1000003411,5.239677429199219,2.944706439971924,2.895
agm1000019175,5.878280162811279,2.7310853004455566,1.8002
agm1000016521,5.1290411949157715,2.3981003761291504,1.4356
agm1000013587,5.7644548416137695,2.115957021713257,1.5242
agm1000018474,0.3090345859527588,1.2926583290100098,0.1056
agm1000000970,6.123381614685059,2.579089403152466,1.2923
agm1000013694,5.793703079223633,2.459207057952881,0.6910000000000001
agm1000003860,1.191938877105713,0.6322778463363647,0.0
agm1000001815,6.128001689910889,1.9601694345474243,0.9042
agm1000009164,4.6225786209106445,2.036088466644287,2.9617
agm1000016671,4.285531997680664,2.0778021812438965,2.173
agm1000014683,4.6109795570373535,2.0895533561706543,2.5384
agm1000014252,4.585976600646973,2.2517142295837402,2.2555
agm1000015512,4.15622615814209,2.100597858428955,1.6558000000000002
agm1000004882,4.557587146759033,2.606602668762207,2.0901
agm1000008845,0.1707620620727539,1.2683277130126953,0.4502
agm1000017723,4.170398712158203,1.532434344291687,2.5232
agm1000014931,3.855980396270752,1.583326816558838,2.2911
agm1000005592,3.443003416061402,1.858398675918579,1.4916
agm1000004154,4.094099998474121,1.3082548379898071,2.5437000000000003
agm1000013211,3.817638635635376,1.7907861471176147,2.0406
agm1000001941,3.7916529178619385,1.6877806186676025,1.087
agm1000016258,3.389230966567993,1.293731689453125,1.8675
agm1000016988,3.542337417602539,1.2085754871368408,1.0303
agm1000010236,3.736722707748413,1.5467958450317383,2.3578
agm1000015109,4.147046089172363,1.1950489282608032,2.4501
agm1000017160,2.5349414348602295,1.2085100412368774,0.1246
agm1000001416,3.621986389160156,0.6708564758300781,1.8539
agm1000009461,3.681182146072388,0.33763328194618225,1.9849
agm1000007664,0.1175146102905273,0.5301625728607178,0.0256
agm1000009213,0.4435811042785644,0.003645658493041992,0.3548
agm1000013393,0.0663528442382812,0.6011990308761597,0.0175
agm1000009407,0.00590181350708,0.031076908111572266,0.5892000000000001
agm1000001006,0.0474529266357421,0.12009069323539734,0.5153
agm1000003806,0.237586498260498,0.053712040185928345,0.0
agm1000008699,0.0090351104736328,0.07087180763483047,0.4554
agm1000012366,0.0525131225585937,0.035527631640434265,0.3113
agm1000019071,0.0015244483947753,0.00994756817817688,0.0
agm1000007478,0.6254806518554688,0.491839736700058,0.4372
agm1000019713,0.0206208229064941,0.6580709218978882,0.0
agm1000000203,0.1646866798400879,0.04730654135346413,0.3994
agm1000004475,0.1093831062316894,0.22006484866142273,0.1064
agm1000016774,0.033517837524414,0.016617536544799805,0.0
agm1000012227,0.0367279052734375,0.0439893901348114,0.0
agm1000010669,0.0615968704223632,0.03472191095352173,0.0
agm1000013101,0.000673770904541,0.029668420553207397,0.0
agm1000005610,0.0116639137268066,-0.0030014216899871826,0.0
agm1000001573,0.0526285171508789,0.061602383852005005,0.4457
agm1000009804,0.0007781982421875,0.019850611686706543,0.0
agm1000000716,8.58306884765625e-05,0.18557195365428925,1.0165
agm1000009127,0.0005249977111816,1.9720499515533447,0.4973
agm1000017750,1.6519114971160889,0.15553918480873108,1.3188
agm1000000134,0.002181053161621,0.06015712022781372,0.8134
agm1000014521,2.4860024452209473,0.03729347139596939,0.0147
agm1000015286,0.7987217903137207,0.18661054968833923,0.0
agm1000010951,0.0003490447998046,0.6329433917999268,0.0
agm1000015460,7.131228446960449,3.3593497276306152,4.9198
agm1000009292,0.3913297653198242,0.0823434442281723,0.2241
agm1000008480,0.2696495056152344,0.03573256731033325,0.0
agm1000000502,3.3332512378692627,0.10325899720191956,2.1103
agm1000014591,0.996107578277588,0.15926170349121094,0.1567
agm1000017621,0.029059886932373,0.04122494161128998,0.0
agm1000017037,0.0006875991821289,0.020635515451431274,0.0
agm1000016839,0.0021982192993164,0.049099646508693695,0.0833
agm1000014786,0.0637407302856445,0.011899232864379883,0.0
agm1000012946,0.0047621726989746,0.1585826873779297,0.5614
agm1000001846,0.0137491226196289,0.022528842091560364,0.5016
agm1000008738,0.0467152595520019,-0.03547987341880798,0.1463
agm1000017353,0.0003280639648437,0.003197908401489258,0.0
agm1000003459,0.0008816719055175,0.11683198809623718,0.8191
agm1000001018,4.652186393737793,1.434095859527588,3.2542
agm1000000543,4.918766021728516,2.3314125537872314,2.2571
agm1000002489,4.962405204772949,2.2566771507263184,2.0572
agm1000009110,0.0229816436767578,0.006233781576156616,0.0
agm1000016240,0.0433645248413085,-0.0014676153659820557,0.0
agm1000011121,0.0135059356689453,0.02307581901550293,0.0
agm1000014774,0.0008111000061035,0.004290446639060974,0.0
agm1000004792,0.0053000450134277,0.03247678279876709,0.1151
agm1000008276,0.2837319374084472,0.07713308930397034,0.0
agm1000009991,0.0103406906127929,-0.01517806202173233,0.0
agm1000015943,0.0030040740966796,-0.04800237715244293,0.0
agm1000005810,0.0013909339904785,0.014664918184280396,0.0001
agm1000013131,0.0074515342712402,0.00468781590461731,0.0
agm1000019738,2.395808696746826,0.25795066356658936,1.3041
agm1000008733,0.4357795715332031,0.785913348197937,0.1649
agm1000000558,2.7661828994750977,1.6356723308563232,1.2941
agm1000016876,1.672010898590088,0.12069566547870636,0.6654
agm1000002116,2.230046272277832,1.1589481830596924,0.8503000000000001
agm1000009134,1.5156974792480469,0.20266462862491608,0.5093
agm1000006404,0.0072569847106933,0.048467472195625305,0.0665
agm1000006854,1.3945212364196775,0.3454953134059906,0.0825
agm1000019520,0.0077366828918457,-0.0069722980260849,0.0239
agm1000019486,0.0020484924316406,0.3725679814815521,0.9759
agm1000000447,0.1096038818359375,0.2088182270526886,1.2322
agm1000019833,0.0595617294311523,0.00900164246559143,0.0
agm1000000958,0.5972476005554199,-0.0018514543771743774,0.6489
agm1000014003,0.3505110740661621,0.01901993155479431,0.442
agm1000000516,0.3575334548950195,0.003184765577316284,0.2466
agm1000004513,0.10662841796875,0.01180298626422882,0.0
agm1000004250,0.0187058448791503,-0.052399858832359314,0.0
agm1000000458,0.0473890304565429,-0.008657112717628479,0.0
agm1000013852,0.012434959411621,0.014003917574882507,0.0
agm1000004651,0.067150592803955,0.006843641400337219,0.1947
agm1000003207,0.0110459327697753,0.00027257949113845825,0.1254
agm1000019860,0.0192203521728515,0.020588934421539307,0.0
agm1000002939,0.0070805549621582,0.11525306105613708,0.4776
agm1000014033,0.0030288696289062,-0.006048940122127533,0.0
agm1000018778,0.0019240379333496,-0.041607439517974854,0.0
agm1000001208,0.0477457046508789,0.09866489470005035,0.0
agm1000003788,0.0635881423950195,0.015178151428699493,0.0
agm1000000085,0.0130243301391601,0.056103479117155075,0.0
agm1000004113,0.0991401672363281,0.023426741361618042,0.1312
agm1000019989,0.1591367721557617,0.004976876080036163,0.2907
agm1000011568,0.0573697090148925,-0.02120230346918106,0.0
agm1000020047,0.0003886222839355,-0.02046535164117813,0.3172
agm1000019441,0.0703554153442382,-0.01375841349363327,0.0
agm1000016498,0.0267558097839355,-0.023468971252441406,0.2446
agm1000003398,0.0008378028869628,0.0003361441195011139,0.0
agm1000001743,0.1926856040954589,-0.007143080234527588,0.3982
agm1000016031,0.0884556770324707,0.008769899606704712,0.0
agm1000003416,0.023414134979248,0.016820654273033142,0.2477
agm1000000135,0.013533592224121,0.01243746280670166,0.0
agm1000009770,0.001014232635498,0.013429403305053711,0.0
agm1000012282,0.0005226135253906,0.6373119354248047,0.0
agm1000011643,0.0020403861999511,0.11090128123760223,0.0
agm1000013999,0.0034079551696777,-0.04451689124107361,0.0021
agm1000002101,0.9675693511962892,0.09806591272354126,0.6389
agm1000003611,0.2120618820190429,0.1697494238615036,0.7486
agm1000019040,0.0515699386596679,0.01428249478340149,0.0
agm1000007249,0.0023388862609863,0.25039827823638916,0.1403
agm1000003769,0.0233616828918457,0.06546482443809509,0.0
agm1000001733,0.0085692405700683,0.0007046163082122803,0.015
agm1000012834,0.0075597763061523,0.0359320193529129,2.2045
agm1000000247,2.1457672119140625e-05,1.5992839336395264,2.0338
agm1000019270,0.0097885131835937,1.7736198902130127,2.2789
agm1000004785,0.1410117149353027,2.1366610527038574,2.2454
agm1000002043,0.2625355720520019,2.683074951171875,2.4328
agm1000009687,0.0012235641479492,0.012654781341552734,0.2879
agm1000009967,0.0129075050354003,0.3806450664997101,0.0
agm1000006178,0.0009598731994628,0.03138774633407593,0.3751
agm1000013349,0.0034918785095214,0.09541873633861542,0.2735
agm1000019763,0.0513906478881835,0.08239814639091492,0.0065
agm1000017729,0.0289835929870605,0.09362912178039551,0.0468
agm1000017421,0.0807232856750488,0.001780487596988678,0.0
agm1000019847,0.153076171875,0.0729510486125946,0.0
agm1000010471,0.0013937950134277,0.03670799732208252,0.0
agm1000016034,0.2651686668395996,0.024096325039863586,0.2113
agm1000005046,0.003791332244873,0.005722619593143463,0.0
agm1000006926,0.0096116065979003,0.07806429266929626,0.2066
agm1000001338,0.0271706581115722,0.013759583234786987,0.0
agm1000000578,0.0319719314575195,0.03807473182678223,0.0
agm1000019603,0.0063414573669433,0.08799701929092407,0.7308
agm1000016818,0.0010228157043457,0.023995816707611084,0.0
agm1000018610,6.198883056640625e-05,0.051973551511764526,0.6679
agm1000014806,0.0013084411621093,0.1001729816198349,0.379
agm1000005109,0.0016841888427734,0.13473720848560333,0.8946000000000001
agm1000005115,0.0016283988952636,0.05507738143205643,1.2723
agm1000001437,0.0030808448791503,0.028481557965278625,0.1252
agm1000006914,0.0023026466369628,0.12043026089668274,0.7069000000000001
agm1000009099,0.2781791687011719,0.5641030073165894,1.4162
agm1000006249,0.0002894401550292,1.3094110488891602,2.1308
agm1000000521,0.0043082237243652,1.6428440809249878,1.9617
agm1000018718,0.0157094001770019,-0.0097823366522789,0.0
agm1000007956,0.0030484199523925,-0.002425581216812134,0.0592
agm1000011835,0.003091812133789,-0.009311992675065994,0.0
agm1000015228,0.0595970153808593,0.002418994903564453,0.0
agm1000017197,0.0829143524169921,0.005415365099906921,0.0265
agm1000004199,0.0102419853210449,0.006161622703075409,0.0
agm1000012804,0.0026259422302246,0.009232752025127411,0.0
agm1000006282,0.016824722290039,-0.0014186985790729523,0.0
agm1000012947,0.0912761688232421,-0.0019380748271942139,0.0
agm1000013448,0.0002303123474121,0.01812267303466797,0.0
agm1000009499,0.002540111541748,0.028316468000411987,0.1038
agm1000015275,0.0426979064941406,0.0018760636448860168,0.0
agm1000010243,0.1218190193176269,0.004610046744346619,0.0
agm1000011138,0.03831148147583,0.004342705011367798,0.0509
agm1000015802,0.0008521080017089,-0.024072200059890747,0.0
agm1000005902,0.0696649551391601,0.026332199573516846,0.0
agm1000008112,0.0196461677551269,0.03966134786605835,0.1497
agm1000013242,0.3385772705078125,0.016730494797229767,0.3188
agm1000008089,0.0821728706359863,-0.0069277286529541016,0.0
agm1000013102,3.0040740966796875e-05,0.024545319378376007,0.0
agm1000002038,0.1099720001220703,0.22819200158119202,0.2421
agm1000000736,0.0372633934020996,0.290463387966156,0.7181000000000001
agm1000006275,0.2016725540161132,0.7970880270004272,0.0009
agm1000016268,0.0645647048950195,0.016273386776447296,0.1261
agm1000015522,0.0210127830505371,-0.003059297800064087,0.0
agm1000007744,0.1318182945251464,0.016651351004838943,0.0469
agm1000004614,0.0055270195007324,0.03005443513393402,0.0
agm1000013961,0.03338623046875,0.020178459584712982,0.4494
agm1000008576,0.0175967216491699,0.0009103044867515564,0.1534
agm1000008378,0.0047755241394042,0.04708142578601837,0.296
agm1000009870,8.392333984375e-05,0.02633877843618393,0.1898
agm1000010438,0.0167517662048339,0.008752651512622833,0.0044
agm1000003545,0.0056629180908203,0.010379128158092499,0.0
agm1000018736,0.0070228576660156,-0.0028960779309272766,0.0
agm1000011273,0.0059099197387695,-0.06737884879112244,0.0
agm1000010070,0.0891962051391601,0.008553311228752136,0.0
agm1000018341,0.0289568901062011,-0.044688060879707336,0.0245
agm1000019139,0.1580476760864257,0.012815423309803009,0.3135
agm1000013103,0.0009713172912597,-0.004229757934808731,0.0123
agm1000015065,0.0013337135314941,0.021710947155952454,0.2633
agm1000006291,0.0182199478149414,-0.006395615637302399,0.0
agm1000005706,0.0056233406066894,0.019107401371002197,0.0
agm1000013036,0.0022907257080078,0.005580872297286987,0.0
agm1000009671,0.0081748962402343,-0.009413346648216248,0.2227
agm1000018425,0.0002384185791015,-0.031768448650836945,0.3816
agm1000006524,0.394315242767334,-0.030445575714111328,0.0
agm1000013163,5.353984832763672,1.9258697032928467,2.3521
agm1000008295,1.1212706565856934,1.9961698055267334,0.9342
agm1000019236,3.8137152194976807,1.7299919128417969,2.2448
agm1000007612,3.64936900138855,2.071164608001709,1.8945
agm1000007101,3.505237579345703,2.2545158863067627,1.6589
agm1000020019,3.080111503601074,1.5481975078582764,0.2382
agm1000009574,2.7000479698181152,0.5310040712356567,1.032
agm1000010830,1.8634016513824463,0.04749688506126404,0.5609000000000001
agm1000019772,2.0929172039031982,0.05091090872883797,0.683
agm1000019868,0.3950541019439697,0.07489952445030212,0.2919
agm1000011616,0.6794471740722656,0.14976748824119568,0.0
agm1000002636,1.4869563579559326,0.1306844800710678,0.3153
agm1000010040,2.2995691299438477,0.14753280580043793,1.2079
agm1000001179,0.1464595794677734,0.007011733949184418,0.3999
agm1000006391,0.7306632995605469,0.17507930099964142,0.0
agm1000004214,0.4877562522888183,0.022890105843544006,0.0
agm1000008333,5.293003082275391,3.6238203048706055,3.9084
agm1000019932,5.612598419189453,3.728811740875244,3.6973
agm1000019288,8.870207786560059,6.296647071838379,7.0662
agm1000017982,8.163586616516113,5.672459125518799,6.6612
agm1000012810,9.411989212036133,5.888195037841797,6.0305
agm1000013015,3.5470235347747803,1.2867388725280762,2.3187
agm1000008409,4.539429187774658,2.4399807453155518,2.8238000000000003
agm1000017766,3.181894302368164,1.146837830543518,0.5608000000000001
agm1000017343,3.5663633346557617,1.2797211408615112,0.9223
agm1000008372,0.1249513626098632,0.6894911527633667,0.0
agm1000015914,3.180108070373535,0.8450965881347656,0.4517
agm1000012740,3.2680130004882812,0.40665748715400696,0.0004
agm1000000840,0.6194748878479004,0.9623249769210815,0.0
agm1000006117,3.6107547283172607,1.0244312286376953,0.1069
agm1000013013,3.203649520874023,0.3160974979400635,0.1301
agm1000017034,2.057852983474731,0.22924593091011047,0.6571
agm1000017526,1.6918845176696775,0.15828968584537506,0.1091
agm1000018621,2.602173328399658,0.6397974491119385,1.2948
agm1000015178,1.775590419769287,0.03758229315280914,0.1401
agm1000012714,2.718341827392578,0.7232153415679932,1.526
agm1000007185,0.3115034103393554,0.0737382024526596,0.0019
agm1000006315,0.2274916172027588,0.07523645460605621,0.3609
agm1000000844,2.4444642066955566,0.45503872632980347,0.2279
agm1000013235,2.519895315170288,0.4963882863521576,0.3516
agm1000009016,1.703855276107788,0.30984771251678467,1.0673
agm1000009732,3.374742269515991,0.01826798915863037,1.0995
agm1000005799,0.6947393417358398,0.010144174098968506,0.0
agm1000004277,0.3602964878082275,0.17089124023914337,0.0
agm1000013808,5.254363536834717,2.415928840637207,3.2205
agm1000017306,6.022127628326416,3.6025333404541016,3.9063
agm1000010437,5.336895942687988,3.4209766387939453,3.8044
agm1000004867,7.384604930877685,3.1448097229003906,4.8222000000000005
agm1000007115,8.721477508544922,3.9002275466918945,4.7269
agm1000013674,6.5507402420043945,2.9987897872924805,4.2143
agm1000019685,4.463319778442383,2.308403491973877,3.5721
agm1000000278,4.432374954223633,2.2356293201446533,1.8873
agm1000014715,4.498122692108154,0.19691501557826996,1.0585
agm1000019643,4.115659713745117,0.6232353448867798,1.6475
agm1000009085,4.857773303985596,1.099147081375122,1.9407
agm1000019775,2.545356512069702,0.6927460432052612,0.9813
agm1000016162,4.941080093383789,0.8029584884643555,2.0648
agm1000008934,7.0311970710754395,1.0992271900177002,2.9196
agm1000013618,7.028406143188477,1.2473511695861816,2.6914
agm1000003987,0.3860454559326172,0.6487544775009155,0.0
agm1000007839,0.4476699829101562,0.028482839465141296,0.0
agm1000018653,4.623935699462891,1.8975300788879395,2.6651
agm1000017752,2.50116229057312,1.7831213474273682,1.9996
agm1000016728,4.635625839233398,1.875182867050171,2.6797
agm1000017647,2.7859182357788086,0.5172209143638611,1.257
agm1000007700,4.279311180114746,2.3407270908355713,3.0421
agm1000019056,1.7161192893981934,0.1649980992078781,1.0124
agm1000016346,1.991366624832153,0.1353462040424347,1.2972
agm1000008831,1.1308033466339111,0.13518530130386353,0.8877
agm1000007706,2.590155124664306,0.06774599850177765,1.8436
agm1000001474,0.4232425689697265,0.0609712116420269,0.416
agm1000010096,0.361440896987915,0.321146696805954,0.7418
agm1000010919,3.580699920654297,1.478470802307129,2.3534
agm1000019444,2.6396913528442383,1.3993247747421265,1.7948
agm1000010392,3.2630653381347656,1.1704779863357544,2.7725
agm1000003974,0.2019786834716797,0.31169748306274414,0.0
agm1000006778,3.0018224716186523,0.3623373806476593,2.0633
agm1000003433,4.085053443908691,1.3905925750732422,2.0714
agm1000017185,1.165133714675903,0.02709956467151642,0.8756
agm1000003021,2.879697799682617,0.5027562379837036,1.104
agm1000008353,1.5325400829315186,0.11441249400377274,0.8338
agm1000016254,2.762327194213867,1.1040575504302979,1.6167
agm1000018261,2.648468494415283,1.0532913208007812,1.6378
agm1000011498,3.0214357376098633,0.9999167919158936,1.6433
agm1000000723,3.5623795986175537,0.7763736248016357,2.3441
agm1000016806,0.0015830993652343,0.06859395653009415,0.0
agm1000013222,0.1730074882507324,0.011312291026115417,0.1139
agm1000009115,1.7345874309539795,0.5320218205451965,0.1228
agm1000015220,0.0027260780334472,0.011306114494800568,0.3072
agm1000015654,0.2976994514465332,0.009306453168392181,0.0798
agm1000002568,0.0092368125915527,0.06026260554790497,0.0
agm1000007964,5.2576494216918945,3.221898078918457,3.752
agm1000015131,3.091139316558838,1.3859312534332275,0.0794
agm1000002051,8.327038764953613,5.02308464050293,5.0862
agm1000019414,3.912808656692505,1.6196614503860474,2.9174
agm1000005760,0.0122056007385253,1.0023688077926636,0.0
agm1000006260,5.405010223388672,2.9124903678894043,1.7086
agm1000013629,4.279463768005371,3.249957323074341,1.2743
agm1000012077,2.60575008392334,0.8274608850479126,2.0967
agm1000010478,2.6089797019958496,0.15759287774562836,0.7429
agm1000004811,3.3907408714294434,2.0310964584350586,1.269
agm1000018038,2.6302084922790527,0.7563314437866211,1.3294
agm1000005296,2.590430498123169,1.046589732170105,1.5607
agm1000006067,1.515880823135376,0.0686042308807373,0.4568
agm1000007600,0.0934557914733886,0.07260164618492126,0.1854
agm1000003211,2.0253219604492188,0.9256669282913208,0.6516000000000001
agm1000008720,0.0096073150634765,0.029566973447799683,0.0
agm1000010304,0.0012078285217285,0.03687629848718643,0.0
agm1000003697,0.166447639465332,0.002938687801361084,0.0
agm1000013378,1.0106019973754885,0.0077042654156684875,0.4127
agm1000018208,0.0012431144714355,0.09264501929283142,0.0
agm1000000171,0.1650700569152832,0.19276277720928192,0.1634
agm1000006448,0.2660527229309082,0.5769870281219482,0.3732
agm1000005824,0.3263955116271972,0.30411043763160706,0.0
agm1000001967,1.345334768295288,0.41426941752433777,0.2849
agm1000008679,0.0192818641662597,0.6718404293060303,0.0153
agm1000000595,0.6476726531982422,0.247455894947052,0.8101
agm1000003921,0.3461275100708008,0.0777745246887207,0.0
agm1000001694,0.7070436477661133,0.23620891571044922,0.2646
agm1000005203,0.0095949172973632,0.0445103794336319,0.0
agm1000006786,2.2865331172943115,0.0834880918264389,2.0002
agm1000001518,1.915127515792847,0.019825398921966553,0.9394
agm1000002029,1.362070083618164,0.01815265417098999,0.2795
agm1000009322,2.509287118911743,0.11917585134506226,1.1924
agm1000005890,0.3029327392578125,0.04899013787508011,0.3344
agm1000017599,0.3594021797180176,0.03680345416069031,0.4505
agm1000006694,0.0904974937438964,0.0002378523349761963,0.0
agm1000002125,0.0423254966735839,0.02771344780921936,0.8605
agm1000007916,0.0089893341064453,-0.019494980573654175,0.178
agm1000008082,0.2947237491607666,0.1900281310081482,0.0
agm1000000389,2.0888283252716064,0.041219502687454224,1.3799
agm1000015755,0.0009894371032714,0.03914140164852142,0.0193
agm1000000945,0.0045838356018066,0.7238950729370117,0.0
agm1000008902,0.1165175437927246,0.1294056624174118,0.0
agm1000019151,0.0095314979553222,0.19329427182674408,0.2115
agm1000011176,0.0059447288513183,0.11803841590881348,0.0
agm1000008783,0.0003242492675781,0.0903296172618866,0.0
agm1000015900,0.032264232635498,0.19703558087348938,0.0
agm1000007596,0.2089099884033203,0.03286200761795044,0.3335
agm1000014206,0.7209789752960205,0.18842872977256775,0.4673
agm1000002247,0.2121980190277099,0.2168874442577362,0.0
agm1000018026,0.0533208847045898,0.13526993989944458,0.6523
agm1000014455,3.129835367202759,1.0965077877044678,2.7673
agm1000012775,0.3403744697570801,0.04521426558494568,0.0
agm1000018595,3.8570573329925537,0.8346242904663086,2.5598
agm1000012027,2.9183080196380615,1.168405294418335,2.2099
agm1000016377,3.611645221710205,0.6913511753082275,2.2073
agm1000011813,2.168203115463257,0.6144484281539917,2.177
agm1000013763,2.667694330215454,0.5649961233139038,2.1701
agm1000017007,3.910351514816284,0.956684947013855,3.001
agm1000000612,1.2002944946289062,0.30093565583229065,1.4209
agm1000007361,3.0983035564422607,1.6846774816513062,0.6446000000000001
agm1000009271,3.356905937194824,0.11019250750541687,0.6848000000000001
agm1000005132,3.614088296890259,0.3655535578727722,0.6809000000000001
agm1000004957,0.0095996856689453,1.362210988998413,0.0
agm1000010976,1.823017120361328,0.7084411382675171,1.1899
agm1000016722,2.1325294971466064,0.5307945013046265,1.2819
agm1000006402,2.4627938270568848,0.15759430825710297,1.5757
agm1000003942,2.0657925605773926,0.19752679765224457,1.7282000000000002
agm1000001451,4.301959037780762,0.0556151419878006,2.8008
agm1000013894,4.204770565032959,0.8371624946594238,2.8947000000000003
agm1000004012,3.4007387161254883,0.44525614380836487,2.5467
agm1000001873,0.1965384483337402,0.4415927231311798,0.0181
agm1000008678,1.924377918243408,0.2349356710910797,0.4175
agm1000005598,1.9736895561218264,0.1640375405550003,0.0995
agm1000002947,0.9484882354736328,0.17379584908485413,1.4328
agm1000019524,3.0995001792907715,0.6555989980697632,2.4822
agm1000016880,2.6133456230163574,0.4292914569377899,2.1708
agm1000011686,2.605131149291992,0.15067492425441742,2.3069
agm1000003167,4.808566093444824,1.0743062496185303,3.4382
agm1000013836,3.740507125854492,0.8051501512527466,2.7612
agm1000005383,1.7894525527954102,0.055602267384529114,1.0778
agm1000017363,3.477017402648926,0.8479409217834473,2.1048
agm1000005580,0.24143648147583,0.015456914901733398,0.3597
agm1000019725,1.8293099403381348,0.42777517437934875,1.6588
agm1000006252,1.0626068115234375,0.10402259975671768,1.0557
agm1000000505,0.2313480377197265,0.07207784056663513,0.0
agm1000007379,0.2174625396728515,-0.0011573731899261475,0.0
agm1000002491,0.2201485633850097,0.12159796059131622,0.0
agm1000018572,0.0239672660827636,0.013512879610061646,0.4074
agm1000009645,0.0354290008544921,0.013105601072311401,0.0
agm1000016109,0.020172119140625,0.006345152854919434,0.0
agm1000009375,5.245208740234375e-06,0.043293267488479614,0.6797000000000001
agm1000000503,0.1244788169860839,0.022030144929885864,0.1535
agm1000015646,2.424357652664185,0.44856998324394226,1.0414
agm1000016798,0.574409008026123,0.381115585565567,0.2108
agm1000018714,1.1532485485076904,0.46466264128685,0.0
agm1000014634,0.241403579711914,0.15579161047935486,0.8692000000000001
agm1000011487,0.0074875354766845,0.11450592428445816,0.0
agm1000008512,0.0305061340332031,0.4349242150783539,0.0
agm1000010050,0.0194005966186523,0.2327652871608734,0.0
agm1000002114,0.5714583396911621,0.31857797503471375,0.0
agm1000013223,0.1855444908142089,0.15560156106948853,0.0
agm1000003692,0.3084473609924316,0.04185345768928528,0.1166
agm1000003830,0.0337858200073242,0.04970385134220123,0.2394
agm1000007879,7.3751935958862305,2.149075508117676,3.8485
agm1000001420,7.186592102050781,1.0965807437896729,3.6432
agm1000018049,5.6157307624816895,2.3493857383728027,3.0963
agm1000007975,2.3401575088500977,0.531326413154602,1.149
agm1000004322,1.6138603687286377,1.1585352420806885,0.051
agm1000008995,3.5485129356384277,0.6995742321014404,0.7163
agm1000002806,0.9362735748291016,0.3972320854663849,1.2275
agm1000012184,4.379708290100098,1.0750126838684082,1.4721
agm1000008033,2.664891481399536,0.9426257610321045,0.4413
agm1000017820,2.0306320190429688,0.9563562870025635,0.6918000000000001
agm1000019662,0.0364534854888916,0.4439084827899933,0.2821
agm1000018023,1.6218206882476809,0.4129915237426758,0.8408
agm1000004376,0.239354133605957,0.10567158460617065,0.0
agm1000006987,0.3504934310913086,0.18147923052310944,0.0
agm1000015869,2.3662915229797363,0.9847598075866699,1.7762
agm1000008693,0.334791898727417,0.2466922104358673,0.0
agm1000010323,0.0011935234069824,0.49053701758384705,0.0
agm1000017369,0.6509795188903809,1.2659903764724731,0.0
agm1000013439,5.965221881866455,3.5517592430114746,4.5118
agm1000010553,9.734797477722168,4.984153747558594,4.143
agm1000004262,7.205628395080566,4.037140846252441,5.4281
agm1000007812,15.147663116455078,7.164677619934082,8.0191
agm1000009718,14.993457794189451,6.1086530685424805,6.8759
agm1000017379,9.42556381225586,6.80488920211792,5.74
agm1000019882,6.6608500480651855,2.356586456298828,3.3112
agm1000017415,5.285341262817383,2.671229839324951,3.6236
agm1000000842,0.0119521617889404,1.017305850982666,0.0
agm1000009522,3.4914891719818115,1.1083984375,2.2892
agm1000017319,2.919703722000122,2.6716017723083496,1.5684
agm1000015973,3.2868552207946777,2.613799571990967,0.9602
agm1000018970,1.5455496311187744,0.24784302711486816,1.4117
agm1000012278,3.860739946365357,0.571355938911438,0.9597
agm1000000692,5.087203025817871,2.9678452014923096,2.3472
agm1000009282,4.805575370788574,2.557905435562134,2.4074
agm1000005787,2.289863348007202,0.07397055625915527,1.4467
agm1000000175,0.0755949020385742,0.14501546323299408,0.3995
agm1000004927,0.3547484874725342,0.4546065926551819,0.8696
agm1000010440,2.521794319152832,1.6165544986724854,1.3859
agm1000019410,1.7347495555877686,1.3117645978927612,1.0638
agm1000015999,2.7369134426116943,1.5058696269989014,1.5389
agm1000016804,2.2247908115386963,1.4047627449035645,0.4434
agm1000012736,2.77762770652771,1.7917001247406006,1.1745
agm1000011936,1.273383855819702,0.7349196672439575,1.1016
agm1000003588,0.5759592056274414,0.7485952377319336,0.0783
agm1000003326,2.0702433586120605,1.0686819553375244,0.9507
agm1000009999,0.0437984466552734,0.2365395873785019,0.0
agm1000005485,0.005472183227539,0.36342349648475647,0.0
agm1000013812,3.0098135471343994,1.591685175895691,0.9735
agm1000018050,6.692514896392822,4.46724796295166,5.3461
agm1000006823,0.0020880699157714,0.3878181278705597,0.0
agm1000018116,3.7868492603302,2.3375439643859863,2.6296
agm1000008424,1.6739225387573242,2.091403007507324,1.1202
agm1000018215,2.5916810035705566,1.7176697254180908,1.4764
agm1000013485,3.66900634765625,1.7887321710586548,2.7486
agm1000019921,0.4726996421813965,0.8471555709838867,0.4345
agm1000018535,1.6371841430664062,0.6950360536575317,0.3883
agm1000004971,1.520472526550293,0.7662897109985352,0.0516
agm1000000337,2.1115872859954834,0.5283023715019226,0.2268
agm1000019025,0.0023667812347412,0.16642361879348755,0.0
agm1000005022,4.048047065734863,0.6380748748779297,0.3909
agm1000002365,0.093623399734497,0.36980289220809937,0.0
agm1000013683,5.310397148132324,3.332873582839966,4.0917
agm1000010253,5.647279739379883,4.515064239501953,4.3166
agm1000002045,6.10444450378418,4.580096244812012,3.753
agm1000018462,8.53948974609375,5.448215484619141,4.8973
agm1000013425,8.399523735046387,5.385864734649658,4.9462
agm1000000964,8.645137786865234,5.278526782989502,4.4038
agm1000002735,3.9714035987854,2.5083248615264893,3.03
agm1000007571,4.394807815551758,2.6284666061401367,3.6682
agm1000005683,4.4678955078125,3.1716718673706055,3.0341
agm1000009799,5.907324314117432,0.033368758857250214,1.7766000000000002
agm1000019787,0.0333752632141113,1.626554012298584,0.1022
agm1000016581,2.395153522491455,0.8514567613601685,1.1596
agm1000011172,1.474348068237305,1.9403021335601807,1.2583
agm1000007748,6.187058448791504,1.7733898162841797,1.8178
agm1000015253,4.674862861633301,0.28200677037239075,0.9285
agm1000000841,5.976541519165039,2.0895466804504395,0.9719
agm1000008410,0.2802004814147949,1.8640855550765991,0.2687
agm1000001533,6.404250144958496,2.339076519012451,1.4621
agm1000016296,3.4628286361694336,2.058986186981201,0.9857
agm1000017454,4.072873592376709,1.9404152631759644,2.1411
agm1000017405,3.840287208557129,1.8960070610046387,1.6361
agm1000009728,3.9624834060668945,1.4596937894821167,2.0879
agm1000008689,4.469789505004883,2.0165257453918457,1.8659
agm1000012514,4.247435569763184,2.0469603538513184,1.3774
agm1000003343,4.265528678894043,2.2350804805755615,1.5936
agm1000017481,0.0334925651550293,1.1324471235275269,0.274
agm1000005093,0.998459815979004,1.465911865234375,1.1407
agm1000002434,1.0527501106262207,0.37318775057792664,0.3612
agm1000013097,1.446522235870361,1.5422334671020508,1.2078
agm1000018565,3.7428927421569824,1.7687453031539917,1.7645
agm1000017581,4.1279449462890625,1.68861722946167,2.3561
agm1000003526,3.8099477291107178,1.572442650794983,1.6794
agm1000006558,4.083340167999268,1.1469584703445435,2.3196
agm1000004643,3.964956760406494,1.7048242092132568,1.7966000000000002
agm1000016937,3.92385458946228,1.0722955465316772,1.4514
agm1000002703,2.2926135063171387,1.3142744302749634,0.2912
agm1000017943,2.9909121990203857,1.227338194847107,1.5049
agm1000019062,3.10823655128479,1.1960521936416626,1.8883
agm1000015987,3.094914436340332,1.410744547843933,1.5713
agm1000005566,3.589444398880005,1.3072590827941895,2.2943
agm1000016973,2.1507577896118164,1.3454601764678955,0.2563
agm1000005603,3.3795855045318604,0.571487307548523,1.6748
agm1000000769,0.5838840007781982,0.5220632553100586,0.6343
agm1000018923,5.981663703918457,3.7729926109313965,4.8052
agm1000000212,5.9827399253845215,3.264434814453125,4.9295
agm1000019928,0.1270093917846679,0.9765733480453491,0.0
agm1000001787,0.7975320816040039,0.7260923385620117,0.0
agm1000009566,3.2307021617889404,0.8107846975326538,2.8889
agm1000003476,2.2270584106445312,2.6278843879699707,1.5893000000000002
agm1000019861,0.0610570907592773,1.0055526494979858,0.0
agm1000016943,1.6284010410308838,1.0339072942733765,1.2283
agm1000001019,0.6389846801757812,1.2119245529174805,1.0521
agm1000002941,5.652650833129883,4.670838832855225,3.3298
agm1000004891,10.86385726928711,5.5262250900268555,6.8329
agm1000005152,6.4857707023620605,6.083675384521484,4.3065
agm1000006526,7.677675724029541,5.450826644897461,6.6008
agm1000009456,17.231643676757812,7.398906707763672,8.9295
agm1000000042,10.43994426727295,6.845661163330078,5.6798
agm1000000026,11.746325492858888,7.196812152862549,7.906
agm1000003699,5.024142265319824,3.43471622467041,3.2131
agm1000019299,5.559675216674805,3.8273420333862305,4.4537
agm1000016681,7.915400981903076,4.527959823608398,5.2924
agm1000005617,7.524534225463867,4.466589450836182,5.3554
agm1000013865,6.924683570861816,4.627758026123047,5.5245
agm1000015384,6.868109703063965,0.2210635542869568,4.6657
agm1000019779,7.400597095489502,0.7705825567245483,4.8061
agm1000000707,7.433846473693848,1.6437876224517822,5.5015
agm1000011657,6.8642168045043945,0.1105978861451149,3.9254
agm1000004411,2.3553953170776367,0.12987560033798218,0.0
agm1000002686,1.3602886199951172,0.42925652861595154,0.8947
agm1000019394,4.565573692321777,2.7917118072509766,3.2309
agm1000004046,4.534369945526123,3.2818264961242676,3.3018
agm1000004445,5.113623142242432,2.8068912029266357,4.5513
agm1000007736,4.352031707763672,2.9843406677246094,3.4317
agm1000012886,4.584850311279297,2.5971968173980713,3.3517
agm1000008326,4.312829971313477,2.8296117782592773,3.0109
agm1000009821,4.983720779418945,3.1432244777679443,3.8717
agm1000001257,0.7266829013824463,1.8052442073822021,0.7063
agm1000005013,2.866069793701172,2.493244171142578,1.3456
agm1000016441,4.12139892578125,2.1150527000427246,3.1294
agm1000010916,3.798914432525635,2.2790842056274414,3.1007
agm1000009824,4.491575241088867,2.0775647163391113,3.8914
agm1000015094,3.247836112976074,2.062333106994629,0.8621000000000001
agm1000019528,2.2079362869262695,1.972895622253418,1.4114
agm1000004266,4.100028038024902,1.7475088834762573,2.9214
agm1000013361,3.919018030166626,1.8163478374481201,2.822
agm1000018264,4.459700584411621,1.9774218797683716,3.3974
agm1000003201,3.0444533824920654,1.1870924234390259,0.8270000000000001
agm1000018486,4.108955383300781,1.5400917530059814,2.7903
agm1000017743,3.0917341709136963,1.733676791191101,1.5312
agm1000016114,3.1171255111694336,1.7679795026779175,2.4671
agm1000015172,3.1377522945404053,1.4657719135284424,1.3088
agm1000003952,1.5476140975952148,0.941611647605896,1.2913
agm1000003644,0.0240654945373535,0.270119309425354,0.0
agm1000004612,2.6952621936798096,1.3715680837631226,2.008
agm1000010841,0.08079195022583,0.6488730907440186,0.0
agm1000000919,0.5122885704040527,0.6258692741394043,0.0673
agm1000010322,10.718348503112791,7.232083797454834,8.5036
agm1000009274,3.84112548828125,2.3714146614074707,2.8434
agm1000017870,0.0116024017333984,0.7078350782394409,0.0
agm1000010525,3.0184850692749023,1.355278730392456,0.992
agm1000010160,3.713699340820313,2.946141242980957,3.749
agm1000015938,3.7242178916931152,2.4497530460357666,4.1811
agm1000019060,2.1986775398254395,3.5254359245300293,1.3176
agm1000010360,3.832961082458496,2.4799013137817383,2.9036
agm1000003180,0.0880899429321289,1.5187249183654785,0.0
agm1000003252,0.0962624549865722,1.2668956518173218,0.2544
agm1000006157,1.5516319274902344,1.3839460611343384,1.975
agm1000012554,0.0137639045715332,0.7423082590103149,0.0
agm1000017664,0.1358766555786132,1.610758662223816,0.0
agm1000014887,0.0012269020080566,1.0629963874816895,0.0
agm1000013511,0.0672278404235839,1.0194233655929565,0.0
agm1000015574,0.0201318264007568,0.18386954069137573,0.0
agm1000016266,1.0209054946899414,0.5951007604598999,0.438
agm1000014325,0.1380376815795898,0.5356249809265137,0.0
agm1000018707,2.052376508712769,0.6493675708770752,1.2922
agm1000007935,1.5698816776275637,1.9101637601852417,1.4927
agm1000000127,0.260869026184082,0.3611595332622528,0.4035
agm1000009891,1.7415595054626465,1.2698280811309814,0.5856
agm1000015389,1.987654209136963,1.4780657291412354,1.8767
agm1000013413,2.1917519569396973,0.331787645816803,0.4942
agm1000002639,2.5749266147613525,0.8067408800125122,0.2809
agm1000013343,3.439187526702881,0.5067734718322754,0.168
agm1000001789,0.7312536239624023,0.27762752771377563,0.085
agm1000013449,2.378246545791626,0.9703644514083862,0.5672
agm1000010631,6.918940544128418,3.5429039001464844,3.8843
agm1000017370,8.623239517211914,4.2356157302856445,5.3735
agm1000010573,7.463200092315674,4.719376564025879,4.7221
agm1000002909,6.842406272888184,5.084439277648926,4.0564
agm1000017305,11.16667938232422,6.32431173324585,6.2453
agm1000002884,9.381197929382324,6.36450719833374,4.6692
agm1000016978,6.610233306884766,3.0766007900238037,4.0212
agm1000000778,5.858232498168945,2.919689655303955,2.883
agm1000018946,6.278645992279053,2.9477200508117676,2.4856
agm1000012038,6.884134292602539,2.400195837020874,2.3545
agm1000016545,6.6725311279296875,2.010704755783081,1.9171
agm1000016847,6.544913291931152,2.469747543334961,2.3339
agm1000018067,6.076150894165039,2.189253568649292,1.5394
agm1000014226,6.9948015213012695,2.3502793312072754,2.1552
agm1000009034,6.1668243408203125,2.4572134017944336,1.7961
agm1000013563,8.001953125,2.4381461143493652,1.4858
agm1000005058,1.7478647232055664,2.18685245513916,1.6428
agm1000019871,4.295429706573486,2.0396924018859863,2.3323
agm1000018727,5.066551685333252,2.0480945110321045,2.3366
agm1000011415,3.772340774536133,2.0846033096313477,2.5937
agm1000010003,5.413142204284668,2.5424787998199463,2.9357
agm1000012870,2.501049280166626,1.791797399520874,0.6825
agm1000013232,5.558382034301758,2.968386173248291,2.6251
agm1000007440,4.769672870635986,2.233612537384033,2.4589
agm1000007546,2.3241915702819824,1.6015338897705078,1.0721
agm1000017515,5.080331802368164,1.9275703430175781,2.5896
agm1000019326,3.913684606552124,1.7874542474746704,2.221
agm1000018755,4.468354225158691,1.9624278545379639,2.0088
agm1000015946,4.659041404724121,2.244699478149414,2.3719
agm1000009692,5.186594486236572,1.727602243423462,2.7736
agm1000004520,4.833103656768799,1.9329173564910889,2.3029
agm1000009219,5.234582901000977,2.534461498260498,2.4399
agm1000005806,0.4007318019866943,1.3786437511444092,0.5435
agm1000017458,3.875403642654419,1.3578606843948364,2.201
agm1000016723,3.164595365524292,1.0076922178268433,1.8231
agm1000011276,2.903028964996338,1.1018073558807373,1.5268000000000002
agm1000015050,3.4559173583984375,1.3491926193237305,2.2293
agm1000016065,3.747398614883423,1.3938571214675903,2.3439
agm1000010091,3.876687049865722,1.2836706638336182,2.6117
agm1000000427,4.0857439041137695,1.552552580833435,2.0039
agm1000013419,3.9422216415405273,1.2642585039138794,2.2224
agm1000004370,0.1849410533905029,0.9441925287246704,0.4086
agm1000006538,0.0008609294891357,3.090524673461914,0.5578000000000001
agm1000010320,0.017651081085205,0.03597930818796158,0.0
agm1000003095,0.4467988014221191,0.09873396903276443,0.4256
agm1000006844,0.005462646484375,0.036516815423965454,0.0
agm1000009905,0.1857407093048095,0.42820078134536743,0.0
agm1000017063,2.8384850025177,0.5950095653533936,1.8137
agm1000013259,4.29118537902832,1.9069337844848633,3.0518
agm1000001150,6.840925693511963,2.609668254852295,3.7901
agm1000005440,6.632684230804443,2.7758545875549316,2.646
agm1000006324,7.79324197769165,2.823822021484375,4.0808
agm1000012394,7.452310562133789,3.037839651107788,4.3847000000000005
agm1000002765,6.856538772583008,2.814304828643799,2.6609
agm1000008021,8.600457191467285,2.6957082748413086,4.4487
agm1000004167,6.1164774894714355,1.8578102588653564,3.7122
agm1000004298,6.23823881149292,1.9816453456878662,2.919
agm1000003248,0.4773671627044678,1.5086994171142578,0.0
agm1000017635,3.568459987640381,0.1768490970134735,1.2599
agm1000012218,3.50114107131958,0.20278193056583405,1.0439
agm1000009473,3.598515748977661,0.3599945902824402,0.5967
agm1000019176,0.9305868148803712,0.4023366868495941,0.9747
agm1000015972,6.0452470779418945,1.121599555015564,2.5603
agm1000019946,2.1512742042541504,0.29749178886413574,0.9216
agm1000009065,5.489701747894287,0.38340774178504944,1.9602
agm1000018368,3.608503818511963,0.5009809732437134,0.4368
agm1000008953,0.0227785110473632,0.03249724209308624,0.0
agm1000008756,0.4642395973205566,0.07163473963737488,0.0936
agm1000017036,3.635713577270508,1.4634606838226318,1.7497
agm1000014233,3.8843257427215576,1.560530662536621,2.1548
agm1000017924,3.800837755203247,0.9332067966461182,1.9522
agm1000000585,2.889423131942749,0.7469222545623779,1.2184
agm1000010738,0.0978069305419921,1.2975283861160278,0.0
agm1000003510,3.327777624130249,1.4588377475738525,1.331
agm1000013328,4.5188727378845215,1.5676124095916748,1.0757
agm1000001744,0.4437470436096191,0.041887760162353516,0.0
agm1000014358,3.441058397293091,1.4575116634368896,1.8386
agm1000015732,3.258953809738159,1.053853988647461,1.9694
agm1000011913,4.024559020996094,1.1968448162078857,1.9389
agm1000018788,2.380371332168579,0.2442091405391693,1.2681
agm1000000759,0.0133576393127441,0.44323983788490295,0.0
agm1000013736,1.7681081295013428,0.2097994089126587,1.111
agm1000013877,2.69696307182312,1.4035987854003906,0.3452
agm1000007004,0.1790981292724609,0.7140543460845947,0.0
agm1000010087,3.3780016899108887,0.32368922233581543,2.0229
agm1000017674,2.2758989334106445,0.3142522871494293,1.1332
agm1000018734,1.4835472106933594,0.06308141350746155,0.7791
agm1000010764,3.814239978790283,0.32333430647850037,2.3313
agm1000015007,1.6532461643218994,0.42298462986946106,0.8912
agm1000003305,1.5208566188812256,0.03242334723472595,0.9189
agm1000008231,0.0787034034729003,0.06453871726989746,0.0
agm1000000771,2.2047929763793945,0.08159717917442322,0.7878000000000001
agm1000006889,0.9318649768829346,0.12114828824996948,0.0
agm1000005550,30.434852600097656,6.879644393920898,9.4878
agm1000015103,4.253200531005859,1.2123098373413086,1.8999
agm1000019892,9.592483520507812,5.412606239318848,6.8742
agm1000007229,9.623001098632812,4.961174011230469,7.1185
agm1000000070,6.2352752685546875,4.430303573608398,3.1991
agm1000013336,0.0166382789611816,0.19758792221546173,0.5365
agm1000006951,0.0017056465148925,0.07123593986034393,0.0
agm1000004997,0.0252079963684082,-0.018804296851158142,0.0
agm1000012170,0.6606273651123047,0.0009460002183914185,0.0
agm1000004151,0.0105571746826171,0.015971455723047256,0.0
agm1000007499,0.0306301116943359,-0.003325238823890686,0.0
agm1000013625,0.1963868141174316,0.02186606079339981,0.0
agm1000013303,0.1961860656738281,-0.016570210456848145,0.0
agm1000004588,0.0220084190368652,0.0021700114011764526,0.1102
agm1000018268,0.0105776786804199,-0.004300110042095184,0.0
agm1000009041,0.2528738975524902,-0.01483483612537384,0.0
agm1000000103,0.1718611717224121,0.02309325337409973,0.0
agm1000005811,0.0017952919006347,0.005194403231143951,0.0
agm1000005305,0.0009169578552246,-0.02291429042816162,0.0
agm1000003318,0.4464764595031738,0.02756756916642189,0.0
agm1000012294,0.4777631759643554,0.019234508275985718,0.0
agm1000002597,0.2811989784240722,0.03718718886375427,0.0
agm1000006606,0.0841941833496093,0.021981969475746155,0.0
agm1000000627,0.0627121925354003,0.028605127707123756,0.0
agm1000009107,0.0039291381835937,0.054227739572525024,0.0
agm1000007431,0.0012736320495605,0.22140812873840332,0.303
agm1000007825,0.0322127342224121,0.040157973766326904,0.2839
agm1000004903,0.0010619163513183,0.49237048625946045,0.0
agm1000013006,0.0002908706665039,0.06825804710388184,0.0
agm1000009457,0.001896858215332,0.09639566391706467,2.8603
agm1000003115,0.0016169548034667,0.53019118309021,2.3976
agm1000006465,0.0001873970031738,1.3341279029846191,2.258
agm1000017891,2.998663902282715,1.0607320070266724,2.4584
agm1000012523,0.0943408012390136,0.002456206828355789,0.0
agm1000000307,0.0640897750854492,0.003251984715461731,0.1131
agm1000017495,0.9483528137207032,-0.01314634084701538,0.8942
agm1000001544,0.0304079055786132,0.028310686349868774,0.0
agm1000014672,0.0824289321899414,-0.02192661166191101,0.0318
agm1000002411,0.0278596878051757,-0.007129967212677002,0.0092
agm1000018805,0.0631585121154785,0.049169640988111496,0.0
agm1000000742,0.1800980567932129,0.048479028046131134,0.0
agm1000010870,0.0836925506591796,0.02246299386024475,0.0
agm1000007965,0.1003189086914062,0.03518647700548172,0.0
agm1000011914,0.0503211021423339,0.851880669593811,1.5904
agm1000005675,0.0230488777160644,0.08213560283184052,1.3423
agm1000003367,0.0043888092041015,0.002543225884437561,1.6288
agm1000009137,0.0340161323547363,0.01549375057220459,0.9361
agm1000003297,0.0314626693725585,0.10407035052776337,0.0
agm1000004303,0.0105948448181152,0.15340062975883484,0.5408000000000001
agm1000015961,0.01446533203125,0.002182312309741974,0.0
agm1000010957,0.0291180610656738,0.07839091122150421,0.0
agm1000006522,0.0374460220336914,-0.04623661935329437,0.0
agm1000000719,0.0997538566589355,0.04820294678211212,0.0
agm1000001701,0.0502123832702636,0.02070537582039833,0.0
agm1000018560,0.0953388214111328,0.008537981659173965,0.0
agm1000016693,0.0112948417663574,-0.030391208827495575,0.0
agm1000005815,0.0776586532592773,-0.0028497911989688873,0.0
agm1000004870,0.0223584175109863,0.022330190986394882,0.0
agm1000001629,0.0016732215881347,-0.012987732887268066,0.0
agm1000012695,0.0036535263061523,0.06621187925338745,0.0
agm1000002779,0.2843637466430664,0.012740477919578552,0.0
agm1000007096,0.0123124122619628,0.009361028671264648,0.0
agm1000015934,0.0115294456481933,0.059206269681453705,0.0
agm1000014200,0.0130729675292968,-0.039400845766067505,0.0
agm1000010112,0.3632164001464844,0.04601678252220154,0.0
agm1000002953,0.0686430931091308,0.02958470582962036,0.0368
agm1000004301,0.0161452293395996,0.08956308662891388,0.0
agm1000001270,0.3203878402709961,0.08691796660423279,0.0
agm1000018690,0.088144302368164,0.01718851923942566,0.0
agm1000010934,0.0324501991271972,0.18222518265247345,0.0
agm1000013665,0.0114398002624511,0.010475262999534607,0.0
agm1000001663,0.0048937797546386,0.02211381494998932,0.0
agm1000002606,4.57763671875e-05,0.09455356001853943,0.0
agm1000009897,0.0658063888549804,0.06328016519546509,0.0
agm1000002155,1.0736427307128906,0.04656955599784851,0.5331
agm1000000959,0.0170652866363525,0.006691053509712219,0.0
agm1000013978,0.0018923282623291,0.1684865653514862,0.7023
agm1000003320,0.0395185947418212,-0.007096536457538605,0.5835
agm1000004071,0.0695383548736572,0.007454916834831238,0.0189
agm1000003084,0.0715260505676269,0.015762895345687866,0.4764
agm1000013316,0.0059220790863037,0.0065441131591796875,0.2639
agm1000017076,0.0774776935577392,0.017719265073537827,0.0
agm1000000584,0.0168406963348388,0.007617086172103882,0.0
agm1000013258,0.0173513889312744,0.005024462938308716,0.0
agm1000008935,0.0064449310302734,-0.000785142183303833,0.0
agm1000007652,0.0220715999603271,0.009232666343450546,0.0
agm1000012978,0.0085506439208984,0.020300060510635376,0.0
agm1000003963,0.0140602588653564,0.05820135027170181,0.0
agm1000007931,0.0009069442749023,-0.011005356907844543,0.0
agm1000005285,0.1601979732513427,-0.0030539780855178833,0.0
agm1000000335,0.0334389209747314,0.038665227591991425,0.0
agm1000005072,0.017007827758789,0.037559546530246735,0.0
agm1000002683,0.0084414482116699,0.025259733200073242,0.0
agm1000015111,0.0001745223999023,0.010210379958152771,0.1561
agm1000000760,0.0685484409332275,-0.009409815073013306,0.0
agm1000019133,0.0286154747009277,0.02381189726293087,0.0
agm1000011119,0.0076487064361572,-0.00020148232579231262,0.0
agm1000017563,0.0033752918243408,0.024942338466644287,0.0
agm1000015899,0.0005443096160888,0.003364473581314087,0.0
agm1000018378,0.1119542121887207,-0.018081478774547577,0.0052
agm1000014383,0.0029404163360595,-0.04575006663799286,0.0
agm1000007250,0.2168622016906738,0.00949147343635559,0.0
agm1000008322,0.0008299350738525,-0.011509120464324951,0.0146
agm1000001837,0.0094437599182128,0.01616339385509491,0.3039
agm1000013098,0.2955429553985595,0.031506896018981934,0.386
agm1000019379,0.0173566341400146,-0.0004808157682418823,0.0
agm1000009883,1.739753007888794,0.10567444562911987,0.0
agm1000019752,0.0095305442810058,0.48785409331321716,0.1641
agm1000009664,0.0105712413787841,0.703912615776062,0.0
agm1000010713,0.0299024581909179,0.3914417326450348,0.0
agm1000012104,0.0424723625183105,0.411620557308197,1.2377
agm1000000871,0.0005826950073242,1.442233920097351,0.7831
agm1000014583,0.534888505935669,1.3548800945281982,0.0425
agm1000019811,0.0038459300994873,1.23683500289917,3.1988
agm1000018496,0.0479984283447265,1.6844778060913086,1.605
agm1000000111,0.0076632499694824,1.0386157035827637,2.0688
agm1000017047,0.0015437602996826,1.0794585943222046,1.6819000000000002
agm1000004171,0.0134909152984619,1.0834627151489258,2.6602
agm1000007752,7.987022399902344e-05,1.2195994853973389,2.444
agm1000010983,0.0204279422760009,0.15317080914974213,1.1935
agm1000004156,0.0609102249145507,0.27588820457458496,0.0421
agm1000003436,0.5420894622802734,0.7342127561569214,0.0
agm1000008330,0.0255696773529052,0.15280044078826904,0.0
agm1000015543,0.0020203590393066,0.09168417751789093,0.4805
agm1000018809,0.0062968730926513,0.18245387077331543,0.3565
agm1000011662,0.0002107620239257,0.1527196168899536,0.3215
agm1000018543,0.0026860237121582,0.01877252757549286,0.0098
agm1000019202,0.0214161872863769,0.011308915913105011,0.0
agm1000006997,0.07234787940979,-0.009708471596240997,0.0
agm1000009864,0.0038542747497558,0.015639185905456543,0.1071
agm1000015294,0.0681354999542236,0.015705347061157227,0.0
agm1000003345,0.0105957984924316,0.022759974002838135,0.0868
agm1000006446,0.0058221817016601,-0.016014963388442993,0.1339
agm1000000544,0.0297193527221679,0.008401483297348022,0.1927
agm1000016837,0.0010347366333007,0.027312815189361572,0.0
agm1000000298,0.0316913127899169,0.0634743869304657,0.0
agm1000017235,4.173417091369629,0.20763465762138367,0.7502000000000001
agm1000001172,0.0929501056671142,0.08178912103176117,0.1496
agm1000004144,3.8554649353027344,0.14856895804405212,0.5371
agm1000015383,0.0015461444854736,0.32254156470298767,0.7012
agm1000011739,0.0011746883392333,0.0617770180106163,0.0
agm1000011840,0.0307357311248779,0.04413323849439621,0.0
agm1000009490,0.0016226768493652,-0.0016653239727020264,0.0
agm1000004894,0.0571434497833251,0.07067542523145676,0.6861
agm1000008473,0.0042953491210937,0.10036863386631012,0.1787
agm1000016991,0.0334706306457519,0.603117823600769,1.0163
agm1000014002,0.0631659030914306,0.3583660125732422,0.0135
agm1000001354,0.0337176322937011,0.10103729367256165,0.1002
agm1000003718,6.1912522315979,2.011246681213379,1.2941
agm1000019531,0.0043938159942626,-0.007323861122131348,0.0
agm1000018282,0.0024361610412597,0.01431378722190857,0.1727
agm1000011113,0.0928430557250976,0.02220074087381363,0.0
agm1000018615,0.8990373611450195,0.030613496899604797,0.7647
agm1000002475,0.0522007942199707,0.045337069779634476,0.0
agm1000012724,0.0580625534057617,-0.01395338773727417,0.0
agm1000006380,0.3630971908569336,-0.011690013110637665,0.0
agm1000005371,0.0111095905303955,0.009745113551616669,0.1822
agm1000005236,0.127103567123413,0.020385392010211945,0.0
agm1000020035,0.2544560432434082,0.11557677388191223,0.3455
agm1000004983,0.0240631103515625,0.011809192597866058,0.0
agm1000009109,0.0495386123657226,0.027519524097442627,0.0
agm1000007737,0.0953800678253173,0.05535241961479187,0.0439
agm1000009536,0.00948166847229,0.02739599347114563,0.0
agm1000010080,0.0728147029876709,0.04611842334270477,0.0
agm1000015428,0.023818016052246,0.021107539534568787,0.0
agm1000010635,0.0078270435333251,0.015116013586521149,0.6102000000000001
agm1000006816,0.0150163173675537,0.004730001091957092,0.477
agm1000013926,0.0005524158477783,0.02423059195280075,0.0
agm1000000441,0.1179165840148925,0.00788983702659607,0.3396
agm1000006563,0.2259962558746338,0.013960853219032288,0.0
agm1000018907,0.0091499090194702,0.018381088972091675,0.0
agm1000002387,0.0292026996612548,0.021547600626945496,0.895
agm1000002465,0.634995698928833,0.08413714915513992,0.3671
agm1000009851,0.0077641010284423,0.04148826003074646,0.2741
agm1000017865,3.104231595993042,0.0591525137424469,0.0
agm1000016695,0.0861763954162597,-0.018152713775634766,0.0
agm1000016248,0.0082926750183105,0.02296815812587738,0.0
agm1000016171,0.0131342411041259,0.06807678937911987,0.139
agm1000011698,0.3687465190887451,0.11830015480518341,0.3392
agm1000012535,0.0001413822174072,0.04127649962902069,0.0
agm1000002075,0.013481855392456,0.024111881852149963,0.0
agm1000005449,0.0039515495300292,0.03361000865697861,0.2159
agm1000007278,0.6493175029754639,-0.018876761198043823,0.1061
agm1000018405,0.1726136207580566,0.10203934460878372,0.0696
agm1000000029,0.0083017349243164,0.034427255392074585,0.0
agm1000019625,0.0004630088806152,0.018359437584877014,0.4871
agm1000017394,0.007702350616455,0.03172009810805321,0.003
agm1000011938,0.0043725967407226,0.012753922492265701,0.0
agm1000016016,0.1065678596496582,0.035313546657562256,0.0
agm1000012628,0.040377140045166,0.07944835722446442,0.3549
agm1000007549,0.030851125717163,0.059447064995765686,0.3391
agm1000002440,0.1028859615325927,0.059017933905124664,0.0
agm1000013272,8.916854858398438e-05,0.16563326120376587,0.0
agm1000002496,0.54648756980896,0.0007420629262924194,0.0
agm1000013681,0.0305569171905517,-0.004531852900981903,0.0573
agm1000000119,0.3146936893463135,0.047903772443532944,0.7839
agm1000015443,0.5328083038330078,0.011976510286331177,0.0
agm1000000329,0.1860947608947754,0.04941345751285553,0.0
agm1000013158,4.993303298950195,2.974372625350952,3.382
agm1000001945,0.3711283206939697,2.1817386150360107,0.0
agm1000006901,7.402570247650147,2.4733595848083496,1.0894
agm1000001612,5.195646286010742,0.6630617380142212,0.8962
agm1000013317,4.487420082092285,1.7601318359375,1.4045
agm1000009740,4.527261734008789,0.7302806377410889,1.6486
agm1000004389,4.363516330718994,0.8279621601104736,0.9277
agm1000017851,0.1090278625488281,0.5787110328674316,0.0
agm1000013654,6.362017631530762,2.8054401874542236,3.9117
agm1000012005,6.379032135009766,4.635818958282471,3.844
agm1000015894,6.84470796585083,4.740121841430664,4.2468
agm1000002841,6.973743438720703,4.175156116485596,4.056
agm1000018309,8.096795082092285,4.278086185455322,4.1353
agm1000010374,9.492440223693848,4.866151809692383,4.1113
agm1000008912,9.55307960510254,4.935984134674072,4.1555
agm1000005087,9.451451301574709,5.330203533172607,3.6871
agm1000019179,5.451908588409424,3.582648277282715,3.7104
agm1000011300,5.178855895996094,3.4695146083831787,3.5029
agm1000010150,5.44636344909668,2.786318778991699,3.5448
agm1000004396,5.473435401916504,2.0038411617279053,3.6735
agm1000002652,0.3808255195617676,0.151726633310318,0.0
agm1000003490,0.0122430324554443,0.03136947751045227,0.0
agm1000001722,0.0167803764343261,0.10145561397075653,0.0
agm1000007296,0.0744068622589111,0.014775723218917847,0.2347
agm1000001558,0.9153456687927246,0.004177868366241455,0.1553
agm1000005944,0.0752389430999755,0.03447124361991882,0.0
agm1000017113,0.6948091983795166,0.28970396518707275,1.7757
agm1000000952,0.0931065082550048,0.05435475707054138,0.6617000000000001
agm1000003152,0.2918300628662109,0.15503104031085968,0.0718
agm1000002632,0.2696607112884521,0.030824527144432068,0.6075
agm1000003480,0.0912032127380371,0.09650382399559021,0.0
agm1000005659,0.1707627773284912,0.04973818361759186,0.0
agm1000002690,0.5022680759429932,-0.01628163456916809,0.0
agm1000006545,0.3074696063995361,0.2980077266693115,0.0478
agm1000013453,0.5610473155975342,0.007047444581985474,0.6438
agm1000009753,0.849055290222168,0.0062334537506103516,0.1204
agm1000007904,0.0001659393310546,0.037176698446273804,0.0
agm1000002697,0.0007877349853515,0.009686976671218872,0.0
agm1000000530,0.0830090045928955,0.13369856774806976,0.1573
agm1000017619,0.0038907527923583,0.2869853675365448,0.0
agm1000001244,0.0498790740966796,0.008006453514099121,0.0
agm1000006529,0.0168275833129882,0.12972339987754822,0.0
agm1000014022,0.2307121753692627,0.010529398918151855,0.0
agm1000002915,0.0271162986755371,0.029581159353256226,0.0
agm1000003142,0.0439925193786621,0.048819199204444885,0.0
agm1000019622,0.3307943344116211,0.021451115608215332,0.2241
agm1000001315,0.3606526851654053,0.003213435411453247,0.074
agm1000006517,0.0184700489044189,0.020346730947494507,0.0
agm1000003895,0.0251779556274414,0.007753491401672363,0.0
agm1000008558,1.39135479927063,0.07300010323524475,1.5665
agm1000001079,0.0167078971862792,0.04695984721183777,0.2374
agm1000007157,0.0180199146270751,0.02797648310661316,0.0
agm1000001271,0.0118956565856933,0.13527920842170715,0.0
agm1000012133,0.0013298988342285,0.016220122575759888,0.0
agm1000009479,0.0161128044128417,0.001911938190460205,0.0
agm1000002035,0.032665729522705,-0.02508068084716797,0.0
agm1000005019,0.0288324356079101,-0.006109967827796936,0.454
agm1000000254,0.0210542678833007,0.025179624557495117,0.0
agm1000019083,0.0143482685089111,0.3154129087924957,0.0
agm1000010945,1.8964154720306396,0.13652296364307404,1.3895
agm1000013029,0.0043978691101074,0.33496740460395813,0.0
agm1000009741,0.940720558166504,0.42793989181518555,2.514
agm1000012643,1.1342341899871826,0.13962991535663605,3.1322
agm1000018375,0.4420711994171142,0.5777269601821899,1.0419
agm1000008238,1.6963884830474854,0.5950273275375366,2.639
agm1000017142,1.7170441150665283,0.8113839626312256,2.2445
agm1000009270,2.6483042240142822,0.7381327152252197,2.3416
agm1000004540,0.1163587570190429,0.8147046566009521,0.2675
agm1000012858,0.3983731269836426,0.6630264520645142,0.0
agm1000019519,0.0280513763427734,0.7025452852249146,0.0
agm1000011111,1.0809762477874756,1.2542310953140259,1.243
agm1000009774,1.6769728660583496,0.9812283515930176,1.7131
agm1000015776,1.0030720233917236,0.6391497850418091,1.1162
agm1000008776,1.7397894859313965,0.4508512318134308,0.8038000000000001
agm1000009920,4.06917142868042,0.13574446737766266,2.1474
agm1000013478,0.6314091682434082,0.31399771571159363,0.3134
agm1000017293,0.0354349613189697,0.04776303470134735,0.8273
agm1000005044,1.190525770187378,0.051907978951931,0.0
agm1000009716,0.0235610008239746,0.4379507601261139,0.2117
agm1000009673,1.1809585094451904,0.8108686208724976,1.8597
agm1000015717,0.7358994483947754,1.2906062602996826,1.2968
agm1000001742,1.0277915000915527,0.6409209966659546,2.7304
agm1000005869,2.755603790283203,0.4819748103618622,3.1388
agm1000009123,1.6767160892486572,0.6399044990539551,1.7576
agm1000008972,0.1740169525146484,0.0990694910287857,0.2269
agm1000000422,0.534355640411377,0.15882161259651184,0.0
agm1000013832,0.0591516494750976,0.4235934913158417,0.0
agm1000011544,0.0449824333190918,-0.01984754204750061,0.0
agm1000009527,0.0123682022094726,-0.032501474022865295,0.0
agm1000012638,0.0020751953125,-0.016254514455795288,0.0
agm1000015911,0.0688962936401367,2.1763145923614502e-05,0.0
agm1000000336,0.0303425788879394,0.07454534620046616,0.2581
agm1000003983,0.1761767864227295,0.08940789103507996,0.0216
agm1000014403,0.8223848342895508,0.01580268144607544,0.0
agm1000009915,2.384185791015625e-07,0.27076417207717896,0.1212
agm1000000865,0.1169886589050293,-0.019856616854667664,0.1595
agm1000000678,0.0065202713012695,0.21730120480060577,0.0
agm1000016036,0.0274655818939209,0.03862124681472778,0.0
agm1000017082,0.0499162673950195,0.1069011464715004,0.0
agm1000012817,0.046666145324707,-0.02188733220100403,0.0
agm1000004241,0.1051497459411621,-0.06831248104572296,0.0
agm1000019549,0.0247769355773925,0.21554996073246002,0.0
agm1000012042,0.0091454982757568,0.29056721925735474,0.0
agm1000011212,0.0083148479461669,0.11854898929595947,0.0
agm1000009964,1.0754470825195312,0.6050944328308105,1.2145
agm1000013096,0.0065727233886718,0.06348930299282074,0.0
agm1000013676,0.0142545700073242,0.04421783983707428,0.0
agm1000016401,0.1068167686462402,-0.010853618383407593,0.0
agm1000005146,0.2634689807891845,0.005176424980163574,0.0
agm1000017950,0.1565241813659668,0.01402159035205841,0.1145
agm1000011547,0.0027964115142822,-0.005760401487350464,0.0
agm1000007625,0.0001494884490966,0.0008235275745391846,0.0017
agm1000015137,0.2188847064971923,-0.01680690050125122,1.1737
agm1000013083,0.4888718128204345,0.02486586570739746,0.0
agm1000002464,0.0077667236328125,0.021725773811340332,0.372
agm1000017132,0.0399434566497802,-0.015269041061401367,0.0
agm1000005513,0.0224180221557617,0.7091195583343506,0.6105
agm1000016857,0.0040783882141113,0.009539321064949036,0.0
agm1000004559,0.2167510986328125,0.014589846134185791,0.0
agm1000007205,0.0083842277526855,0.01220647245645523,0.0
agm1000013483,0.0176625251770019,-0.013804912567138672,0.0
agm1000019596,0.0038008689880371,0.018056422472000122,0.0
agm1000013546,0.0549421310424804,0.09923364222049713,0.0
agm1000004586,0.06498384475708,0.0007027313113212585,0.0
agm1000011104,0.0031414031982421,0.012521535158157349,0.0
agm1000003417,0.0641064643859863,-0.014906004071235657,0.0
agm1000002284,0.0031352043151855,-0.002393897622823715,0.0
agm1000017663,0.0222344398498535,0.09751647710800171,0.0
agm1000008896,0.0021357536315917,0.0032832324504852295,0.0
agm1000005145,0.00146484375,-0.013405516743659973,0.0
agm1000005080,0.0039386749267578,0.05583172291517258,0.0
agm1000011122,0.0363211631774902,0.00662752240896225,0.0
agm1000019978,0.0044755935668945,0.02584250643849373,0.0
agm1000015863,0.0127053260803222,0.04798004776239395,0.0
agm1000004008,0.0190711021423339,0.02536066621541977,0.0
agm1000014054,0.0226416587829589,0.052626583725214005,0.0
agm1000011150,0.0117464065551757,0.02543266862630844,0.3167
agm1000002837,0.0006766319274902,0.011114180088043213,0.0
agm1000010055,0.8782377243041992,0.19589193165302277,0.1858
agm1000012898,0.0061492919921875,0.029239356517791748,0.0
agm1000004879,0.2948646545410156,0.15692771971225739,0.4576
agm1000013285,0.1546688079833984,0.23730875551700592,0.9768
agm1000000116,0.0108985900878906,-0.0014018118381500244,0.0
agm1000015207,0.0643463134765625,0.14493456482887268,0.0
agm1000007402,0.0500574111938476,0.6858491897583008,3.1056
agm1000001054,0.1661295890808105,0.5833215713500977,3.6974
agm1000000459,5.0067901611328125e-05,1.3636130094528198,0.0001
agm1000000548,0.0820960998535156,2.9304637908935547,3.3794
agm1000014029,0.0008926391601562,1.062394618988037,1.9859
agm1000004784,0.1947903633117675,1.353550910949707,0.0
agm1000003506,0.0052423477172851,-0.03145146369934082,0.0
agm1000013168,0.2768316268920898,0.17238838970661163,0.019
agm1000019099,0.0019340515136718,-0.023004502058029175,0.0
agm1000019217,0.0058341026306152,-0.07202787697315216,0.7083
agm1000011765,0.1329817771911621,-0.08309516310691833,0.0
agm1000018655,0.0012545585632324,0.009426668286323547,0.0
agm1000007342,0.0314235687255859,0.014060765504837036,0.0
agm1000012616,0.0295124053955078,0.03807388246059418,0.0
agm1000001762,0.0185575485229492,0.0007069632411003113,0.0
agm1000005137,0.0066785812377929,0.023079387843608856,0.0
agm1000006358,0.2337379455566406,0.0004634261131286621,0.114
agm1000002780,0.0527625083923339,-0.004715368151664734,0.1039
agm1000018732,0.045013427734375,0.743705153465271,1.6884
agm1000013713,0.0121111869812011,0.720628023147583,1.4933
agm1000018536,0.0054841041564941,0.49469617009162903,1.2331
agm1000000390,0.0081987380981445,0.6406192779541016,1.7458
agm1000015805,0.0011239051818847,0.380236953496933,1.5369000000000002
agm1000003498,0.0802621841430664,0.10506414622068405,0.2067
agm1000002385,0.1112494468688964,0.5546799898147583,1.4254
agm1000002167,0.0595026016235351,0.5502907037734985,0.0767
agm1000009975,0.0150642395019531,0.9851936101913452,1.4362
agm1000008144,0.0176773071289062,0.2819376587867737,0.0
agm1000010867,0.5076460838317871,0.00862826406955719,0.1001
agm1000011852,0.0373382568359375,0.03204968571662903,0.0
agm1000003840,0.0571146011352539,0.010662943124771118,0.0
agm1000004634,0.2327218055725097,0.01352517306804657,0.0
agm1000014289,0.0932636260986328,0.07555171847343445,0.0
agm1000012641,0.0987458229064941,0.08166022598743439,0.0
agm1000002161,0.0002045631408691,0.01707807555794716,0.0
agm1000001347,0.000253677368164,0.017473727464675903,0.0
agm1000013905,0.0002779960632324,0.2125438153743744,0.0
agm1000014370,0.2125692367553711,0.021117061376571655,0.0
agm1000001273,0.0356521606445312,-0.0057754069566726685,0.1019
agm1000015913,0.3524365425109863,0.10355465114116669,0.0299
agm1000003422,0.0279664993286132,-0.013636186718940735,0.0811
agm1000007525,0.0050439834594726,-0.01598571240901947,0.0
agm1000009660,0.013948917388916,-0.005773000419139862,0.0
agm1000009682,0.0734190940856933,0.017217665910720825,0.0
agm1000003622,0.0088577270507812,-0.013097323477268219,0.0
agm1000000674,0.0547437667846679,0.018728669732809067,0.0
agm1000018641,0.0088586807250976,-0.012399949133396149,0.0
agm1000011199,0.0051236152648925,-0.008585505187511444,0.0
agm1000015876,0.2479925155639648,0.05590227246284485,0.0
agm1000011497,0.119356632232666,0.0920027419924736,0.4018
agm1000001269,0.0300650596618652,0.207294300198555,0.0043
agm1000006742,0.1000680923461914,0.007192939519882202,0.0
agm1000018254,0.0050787925720214,0.010191082954406738,0.1529
agm1000001329,0.1187548637390136,0.007072426378726959,0.0325
agm1000016632,0.0607037544250488,0.01290372759103775,0.0
agm1000015840,0.1202526092529296,-0.010480538010597229,0.0
agm1000000546,0.0059776306152343,0.006770804524421692,0.0
agm1000002682,0.0056924819946289,0.03288131207227707,0.0
agm1000005980,0.0268635749816894,0.017409048974514008,0.0045
agm1000002320,0.1527619361877441,0.027942843735218048,0.0
agm1000008447,0.0076117515563964,0.09294292330741882,0.0
agm1000000569,0.0543088912963867,0.037168949842453,0.0
agm1000009390,7.300089836120605,0.23655885457992554,2.3419
agm1000005119,7.120957374572754,1.3146494626998901,0.5591
agm1000013107,0.0421128273010253,1.7105398178100586,0.0
agm1000001575,2.839010715484619,-0.030038677155971527,1.6633
agm1000002748,2.978902816772461,0.16803355515003204,1.9286
agm1000010765,0.6378133296966553,0.5705807209014893,0.5711
agm1000002441,2.4365618228912354,0.8701270818710327,0.6628000000000001
agm1000005989,0.0118837356567382,0.2385351061820984,0.0
agm1000004001,2.6185567378997803,0.01692783832550049,1.2111
agm1000016066,2.0780704021453857,0.2896331250667572,1.0604
agm1000016705,2.0291588306427,0.02621474862098694,0.3352
agm1000007209,0.0452241897583007,0.04262299835681915,0.059
agm1000015335,2.078535795211792,0.10502547025680542,0.8406
agm1000003096,0.2114269733428955,0.004194244742393494,0.0
agm1000003106,0.3338937759399414,0.3099052608013153,0.5154
agm1000016851,0.0056252479553222,0.5653854608535767,0.002
agm1000018326,6.067389488220215,3.870634078979492,4.1308
agm1000010692,5.800586700439453,3.7914481163024902,3.3431
agm1000015703,6.765066146850586,3.521808624267578,4.6853
agm1000008467,4.178674221038818,1.8706140518188477,1.745
agm1000019080,11.35142421722412,4.63292121887207,4.0037
agm1000013824,13.186105728149414,4.826569557189941,5.6096
agm1000001867,7.36663818359375,3.7221755981445312,0.3766
agm1000002146,4.421351909637451,2.2442455291748047,2.7119
agm1000000846,2.162371873855591,1.5366430282592773,1.0526
agm1000008145,0.0989587306976318,0.07743826508522034,0.0
agm1000003156,3.577507734298706,0.7121851444244385,1.1192
agm1000017049,1.134408712387085,0.24256280064582825,1.2508
agm1000008792,5.281364440917969,1.928794264793396,2.5009
agm1000012677,4.297246932983398,1.517512321472168,1.9615
agm1000017788,1.540816068649292,0.7922086715698242,1.2224
agm1000011585,2.958315372467041,1.244615912437439,1.2072
agm1000011864,2.3473422527313232,0.9281654357910156,1.2672
agm1000016398,1.4923975467681885,0.3474738895893097,0.8762000000000001
agm1000011175,1.5069375038146973,0.14106175303459167,2.2542
agm1000001796,1.243462085723877,0.3853852450847626,0.5709000000000001
agm1000013598,2.461712121963501,0.747970700263977,1.334
agm1000006141,0.6241800785064697,0.9327640533447266,0.0
agm1000001702,0.482330322265625,0.03304734081029892,0.0
agm1000009720,0.0035567283630371,1.190298318862915,0.3602
agm1000000297,2.011873722076416,0.0945732593536377,1.6297
agm1000015365,3.70273494720459,0.1761189103126526,1.6829
agm1000001210,1.0894334316253662,0.2650442123413086,1.0292
agm1000005323,2.7403993606567383,2.2193117141723633,0.0
agm1000015720,16.898395538330078,4.700818061828613,5.647
agm1000014556,0.0018973350524902,1.640946626663208,0.0
agm1000005365,4.505643367767334,1.3566272258758545,2.0381
agm1000007046,2.6157586574554443,0.8533874750137329,1.6649
agm1000017186,4.487370491027832,1.6435906887054443,2.5344
agm1000005777,1.8951866626739504,1.6454856395721436,1.6471
agm1000002028,0.2522878646850586,1.1604350805282593,0.2755
agm1000008471,0.2942168712615967,0.4078095257282257,0.0
agm1000013758,1.4785032272338867,0.8802515268325806,0.0
agm1000009410,2.705045223236084,0.3855169713497162,1.1003
agm1000002232,0.9244790077209472,0.6362249851226807,0.0
agm1000001642,0.0187354087829589,0.2340572476387024,0.0
agm1000004206,0.4495382308959961,0.005052134394645691,0.0
agm1000000550,0.0021963119506835,2.54433012008667,0.7866000000000001
agm1000001587,0.013744831085205,0.05030415952205658,0.0
agm1000018324,2.983206272125244,0.02480436861515045,1.7054
agm1000004072,1.3047361373901367,0.22282347083091736,0.8941
agm1000010340,0.0336313247680664,0.5592055320739746,0.0
agm1000003139,4.595529079437256,1.1325690746307373,0.1776
agm1000001227,1.0066092014312744,-0.005507804453372955,0.4188
agm1000013940,1.880178451538086,0.4709289073944092,1.9002
agm1000007781,1.258985996246338,0.45005038380622864,0.6414000000000001
agm1000000892,0.6229305267333984,0.43616464734077454,0.4953
agm1000000677,2.883882761001587,1.0119961500167847,1.517
agm1000010746,2.4563283920288086,-0.010483279824256897,1.3497
agm1000003210,1.4320378303527832,-0.01947062462568283,0.8001
agm1000008661,2.715627670288086,0.007868558168411255,1.5765
agm1000007827,0.0098457336425781,0.1185242235660553,0.0
agm1000008101,1.0591347217559814,0.01356363296508789,1.112
agm1000004353,1.4232800006866455,0.017304033041000366,1.5759
agm1000003386,0.7366907596588135,0.23869740962982178,0.7029000000000001
agm1000007169,0.9164729118347168,0.00496123731136322,0.1895
agm1000010011,1.7036659717559814,-0.0159723162651062,0.5924
agm1000013264,1.4340169429779053,-0.002017393708229065,0.5049
agm1000016964,0.0006012916564941,0.018461041152477264,0.0
agm1000000464,0.0303468704223632,0.004430487751960754,0.0
agm1000000082,0.0272543430328369,2.2652461528778076,0.0
agm1000017709,1.8574168682098389,0.049003347754478455,1.063
agm1000009420,2.7304797172546387,0.029152696952223778,1.9365
agm1000010012,0.047375202178955,0.12116265296936035,0.0
agm1000006719,1.052663803100586,0.070669025182724,0.5988
agm1000003962,0.0020251274108886,0.4525901973247528,0.0
agm1000002143,0.0090928077697753,1.0466097593307495,0.3551
agm1000015118,1.407456398010254,0.040119022130966187,1.383
agm1000005408,0.5003492832183838,0.0874306708574295,0.0
agm1000010416,0.0072770118713378,0.051003143191337585,0.0
agm1000009678,6.4373016357421875e-06,0.15579485893249512,0.0
agm1000006568,0.0726222991943359,0.1843910813331604,0.0
agm1000003602,0.0093855857849121,0.46531692147254944,0.4293
agm1000003993,0.0127599239349365,0.5671511888504028,0.2949
agm1000001838,0.2299795150756836,0.05625683069229126,0.0
agm1000005914,0.0066914558410644,0.4509689211845398,0.0
agm1000010339,0.1584153175354004,0.4279128611087799,0.0
agm1000008324,0.0021798610687255,0.07932329177856445,0.0
agm1000019485,0.6561694145202637,0.05101354792714119,0.4305
agm1000015470,0.0810599327087402,0.034375399351119995,0.0
agm1000001089,1.4842820167541504,0.4983921945095062,0.7328
agm1000019267,0.0350146293640136,0.08473307639360428,0.0209
agm1000015089,0.7975878715515137,0.389694482088089,0.3816
agm1000015250,2.9282069206237793,0.02952028065919876,1.9319
agm1000000868,1.6919231414794922,0.28473740816116333,0.0831
agm1000019796,1.6642780303955078,0.6022775173187256,0.8419000000000001
agm1000019704,1.1110811233520508,0.08192948997020721,0.8328
agm1000014951,0.0404984951019287,-0.008730612695217133,0.0
agm1000010663,1.400491714477539,0.014541588723659515,1.0924
agm1000009931,0.8885540962219238,-0.016086913645267487,0.4215
agm1000015970,1.7662038803100586,-0.018115296959877014,0.9248
agm1000014055,1.725588321685791,0.051347553730010986,1.3188
agm1000009731,0.5449934005737305,0.042194247245788574,0.457
agm1000013963,1.1717796325683594,0.07918743789196014,0.5925
agm1000010696,0.0652856826782226,0.042577892541885376,0.0
agm1000017054,0.0085020065307617,0.41474300622940063,0.0004
agm1000011196,3.1949105262756348,1.0480096340179443,1.7557
agm1000010337,4.019153594970703,1.5247868299484253,2.9624
agm1000009260,3.95497465133667,1.825480580329895,2.5211
agm1000009700,4.394753456115723,2.3820719718933105,3.2704
agm1000019051,3.00210952758789,1.8954250812530518,2.4699
agm1000015832,3.2511541843414307,2.139415740966797,2.7532
agm1000018260,2.973386764526367,1.911095142364502,2.5673
agm1000018606,2.7685317993164062,1.6400189399719238,2.3655
agm1000000562,2.976602792739868,1.9277539253234863,2.8944
agm1000004790,2.903585433959961,1.9508949518203735,2.5747
agm1000012759,2.3992128372192383,1.639340877532959,2.2987
agm1000009628,3.113607883453369,2.1048989295959473,2.8347
agm1000004899,3.4161412715911865,2.1383743286132812,2.7674000000000003
agm1000000893,3.712651491165161,2.545593023300171,1.6525
agm1000010074,0.1079351902008056,2.5257411003112793,0.0
agm1000001057,0.0105395317077636,2.147873878479004,0.0
agm1000004682,6.658549785614014,3.0475432872772217,3.7326
agm1000003151,0.4391975402832031,1.8561822175979614,0.6116
agm1000017434,4.5839738845825195,1.6892790794372559,3.0789
agm1000015174,4.2137451171875,1.8279497623443604,2.7971
agm1000009826,4.45050048828125,1.8953404426574707,3.037
agm1000010607,3.706873416900635,1.9363083839416504,2.5193
agm1000009372,2.990196466445923,1.4884352684020996,1.8765
agm1000008992,3.827986717224121,1.5061941146850586,2.7809
agm1000010088,3.8782031536102295,1.61934494972229,2.2758
agm1000003010,3.01047945022583,1.4393765926361084,1.6665
agm1000000308,4.939511299133301,2.424786329269409,3.952
agm1000008004,4.471121311187744,2.6450939178466797,3.1566
agm1000009852,1.811981201171875e-05,3.0275774002075195,0.0
agm1000003237,4.00543212890625e-05,2.9415793418884277,0.8836
agm1000015499,7.972268104553223,3.4970924854278564,4.7291
agm1000013509,8.125838279724121,3.244739532470703,3.7533
agm1000009511,2.771738767623902,1.3879165649414062,2.5136000000000003
agm1000011442,2.2204976081848145,1.516904592514038,1.7325
agm1000015249,2.6939947605133057,1.2299922704696655,2.3599
agm1000011910,2.2651009559631348,1.2512391805648804,2.1471
agm1000006547,2.4196789264678955,1.154557466506958,2.2609
agm1000013001,1.905097723007202,1.3954131603240967,2.0343
agm1000000557,2.8157541751861572,1.2762348651885986,2.9142
agm1000007551,0.2110261917114257,1.3167853355407715,0.5595
agm1000005112,3.1226418018341064,1.5179386138916016,2.6733
agm1000004694,3.762047529220581,1.736633062362671,1.5710000000000002
agm1000014014,0.1218786239624023,1.321422815322876,0.0
agm1000005605,0.0243380069732666,0.7666898965835571,0.0
agm1000017986,2.073972463607788,1.0202394723892212,1.7342
agm1000014004,1.8739593029022217,1.1759318113327026,2.0367
agm1000007487,3.7200732231140137,0.033695876598358154,1.707
agm1000003471,0.062906265258789,0.11447136104106903,0.0
agm1000019751,2.1975808143615723,0.037540435791015625,0.6507000000000001
agm1000010751,2.06105375289917,0.5079042315483093,0.6684
agm1000011581,1.847403049468994,0.34044644236564636,0.4967
agm1000016778,3.1589653491973877,0.5852876901626587,1.699
agm1000018163,2.4392805099487305,1.3064688444137573,0.7216
agm1000017695,1.8170418739318848,0.5774389505386353,1.1326
agm1000010866,0.0019617080688476,0.7799681425094604,0.0
agm1000018185,2.6619162559509277,1.0206571817398071,2.2683
agm1000011848,0.0005631446838378,0.5479695796966553,0.1008
agm1000010641,3.5379557609558105,0.889914870262146,1.7771
agm1000004596,0.0922703742980957,0.6441247463226318,0.0
agm1000016070,0.0507583618164062,1.6394273042678833,0.0
agm1000016836,0.0942234992980957,1.0097260475158691,0.0
agm1000007150,1.63934326171875,0.5173035860061646,0.0
agm1000005326,2.8188695907592773,0.2507787346839905,0.0
agm1000014304,1.7986605167388916,0.32433226704597473,0.9498
agm1000012465,0.7987565994262695,0.483524888753891,0.0
agm1000017205,0.8057289123535156,0.21256068348884583,0.7195
agm1000016381,0.533489465713501,0.328041672706604,0.5162
agm1000006631,0.1892488002777099,0.1498892903327942,0.0
agm1000004331,1.500056505203247,0.1914692223072052,0.7304
agm1000015429,0.0017905235290527,0.0028578191995620728,0.0
agm1000010263,2.8884925842285156,0.40590977668762207,0.5107
agm1000004248,0.8115003108978271,0.24497368931770325,0.0
agm1000014256,2.8739914894104004,0.8870975971221924,1.5286
agm1000017561,0.0354785919189453,0.4554513394832611,0.0
agm1000013042,2.559095621109009,0.989021897315979,2.3867000000000003
agm1000009132,1.9073486328125e-06,0.512797474861145,0.0
agm1000006491,2.114899158477783,0.674175500869751,1.1735
agm1000015504,0.0169315338134765,0.8494786024093628,0.0
agm1000003182,0.0242617130279541,0.7548625469207764,0.0
agm1000008855,1.71661376953125e-05,0.0641988217830658,0.0
agm1000003777,0.0790066719055175,0.8578053712844849,0.4454
agm1000002014,0.1814680099487304,0.14106087386608124,0.0
agm1000011728,0.0044350624084472,0.34465011954307556,0.0
agm1000005505,3.0807645320892334,0.04467342793941498,1.7423000000000002
agm1000013679,0.0892620086669921,0.23378226161003113,0.0
agm1000008460,0.0411543846130371,0.0031748712062835693,0.0
agm1000004858,3.0807223320007324,0.4668453633785248,1.5856
agm1000008398,0.0184998512268066,0.007236212491989136,0.0
agm1000002804,0.5326962471008301,0.3048640191555023,0.536
agm1000004679,0.5898909568786621,0.12611892819404602,0.0
agm1000016447,0.0983328819274902,0.448994904756546,0.0
agm1000014727,2.242979049682617,0.2048988938331604,1.007
agm1000009280,2.047887802124023,0.261393666267395,1.0603
agm1000015354,0.0013291835784912,0.046471476554870605,0.0
agm1000003524,0.0221729278564453,-0.0005698055028915405,0.0
agm1000005202,0.3689794540405273,-0.005191914737224579,0.0
agm1000010456,0.0007715225219726,0.0057981908321380615,0.0
agm1000001202,0.000464916229248,-0.0051778629422187805,0.0349
agm1000012702,4.76837158203125e-07,0.453922837972641,0.0
agm1000016997,6.604431629180908,1.1910006999969482,0.7924
agm1000002134,6.510140419006348,1.1057286262512207,0.6301
agm1000006625,4.704578399658203,2.469111680984497,1.5194
agm1000000469,5.085495471954346,2.4014177322387695,1.1568
agm1000017125,4.682394027709961,2.317770004272461,1.7024
agm1000002347,4.674272537231445,1.7330853939056396,0.8083
agm1000009584,4.191708564758301,0.23072966933250427,1.868
agm1000000121,3.960328102111816,0.5212453603744507,0.9031
agm1000018359,2.793034791946411,0.7196801900863647,0.1244
agm1000007493,0.0500805377960205,0.8929022550582886,0.1471
agm1000010917,3.523803472518921,0.025630652904510498,0.1104
agm1000003640,3.9553399085998535,0.6695165634155273,0.3259
agm1000015041,3.4097018241882324,0.18263599276542664,0.1775
agm1000001391,2.8995349407196045,0.4584708511829376,0.3873
agm1000000195,0.0185577869415283,0.1996941864490509,0.2268
agm1000018288,7.121472358703613,2.794327735900879,4.2324
agm1000017591,7.545304775238037,4.512767791748047,4.8278
agm1000019616,6.604434490203857,4.375517845153809,4.4737
agm1000010287,6.750843048095703,4.541987895965576,4.5592
agm1000016117,6.758618354797363,4.7325944900512695,4.4849
agm1000016902,6.972339153289795,4.650901794433594,3.9487
agm1000013276,7.823866844177246,4.607714653015137,4.5632
agm1000002429,6.7709832191467285,4.718545913696289,4.042
agm1000004680,6.676874160766602,4.505800247192383,3.0908
agm1000016280,4.5602569580078125,5.289618492126465,3.2929
agm1000017496,5.239648818969727,5.094096660614014,4.7075
agm1000015698,8.86172866821289,4.886514186859131,4.5039
agm1000001523,10.058526039123535,4.767777442932129,4.6215
agm1000014214,10.682699203491213,5.220220565795898,4.4606
agm1000013871,10.680902481079102,4.806855201721191,4.4273
agm1000007108,10.258750915527344,4.832805633544922,4.4208
agm1000001087,9.332179069519045,5.510019302368164,3.2489
agm1000016560,5.235601425170898,3.600736618041992,2.9739
agm1000017970,6.101112365722656,3.6175312995910645,3.8683
agm1000018027,5.216777801513672,3.369565486907959,3.39
agm1000015870,5.2916035652160645,3.5696349143981934,3.8306
agm1000017298,4.800839900970459,3.287041187286377,2.8791
agm1000009930,5.985456466674805,2.728309154510498,3.8922
agm1000006692,5.698197841644287,3.163712978363037,3.7386
agm1000008987,5.470963954925537,2.952291488647461,2.3068
agm1000006018,5.143014907836914,0.8287811279296875,2.5056000000000003
agm1000005963,0.12178635597229,0.46413564682006836,0.6906
agm1000008816,3.746011018753052,1.4110361337661743,2.8123
agm1000006071,2.533358335494995,0.028511136770248413,1.7275
agm1000000788,1.969911813735962,-0.0011750757694244385,1.0985
agm1000000290,1.523498296737671,-0.007068857550621033,0.869
agm1000018481,0.6902265548706055,0.020599961280822754,0.3883
agm1000010155,0.0232400894165039,0.024593636393547058,0.0
agm1000001609,1.1632909774780271,0.07335692644119263,0.4163
agm1000010948,2.145054340362549,0.04915809631347656,1.4011
agm1000013739,0.3299956321716308,0.1324043571949005,0.0
agm1000009707,2.006282091140747,0.023766398429870605,0.6213000000000001
agm1000003940,0.2284364700317382,0.060545675456523895,0.0
agm1000004288,5.1037397384643555,3.230531692504883,4.1374
agm1000009289,5.71214485168457,3.4668068885803223,4.1370000000000005
agm1000019690,8.169671058654785,5.047052383422852,5.9516
agm1000007845,7.892218589782715,3.326381206512451,5.0122
agm1000013184,3.522850513458252,0.43489208817481995,2.5911
agm1000007660,3.9480252265930176,1.9697978496551514,2.8115
agm1000001942,3.759906530380249,0.3373362720012665,2.7774
agm1000017136,3.2966251373291016,0.7385371923446655,1.3269
agm1000015974,3.503822088241577,0.040367454290390015,0.6346
agm1000007626,3.8213226795196538,0.6471809148788452,0.8449000000000001
agm1000010984,0.0058827400207519,0.3247244358062744,0.0
agm1000003604,0.2819170951843261,0.018511757254600525,0.0
agm1000000018,0.4048070907592773,0.17204797267913818,0.953
agm1000019110,0.234926700592041,0.042432039976119995,0.0
agm1000008316,2.0922155380249023,0.03420887887477875,0.8424
agm1000014597,1.9240984916687012,0.0038026273250579834,1.383
agm1000015847,1.8152668476104736,0.02741752564907074,0.7914
agm1000010261,2.774874210357666,0.16910526156425476,1.3623
agm1000010707,2.425083637237549,0.007639870047569275,1.1064
agm1000002552,2.4082279205322266,0.026295483112335205,1.2213
agm1000004165,2.26162052154541,0.13536183536052704,0.5023
agm1000004338,2.0765810012817383,0.649705171585083,0.3183
agm1000009612,6.958316802978516,2.6579504013061523,2.3231
agm1000010274,5.447192668914795,1.4979629516601562,1.308
agm1000006114,7.11591911315918,2.816472053527832,1.5206
agm1000016901,5.049674034118652,2.4230763912200928,2.999
agm1000008927,3.8162519931793217,2.2475030422210693,2.1485
agm1000019232,4.112313270568848,2.5175724029541016,2.5204
agm1000003535,3.826718330383301,2.2131059169769287,2.0372
agm1000000591,4.695487022399902,2.090416193008423,1.7625000000000002
agm1000012402,4.033698558807373,2.214334487915039,2.9942
agm1000013597,3.5192654132843018,2.020014524459839,2.4601
agm1000007925,0.8556675910949707,0.7380530834197998,0.8973000000000001
agm1000019736,2.224152088165283,0.35071244835853577,1.5702
agm1000017291,0.9715354442596436,0.37089431285858154,0.2256
agm1000004965,4.040925025939941,0.6638047695159912,0.9575
agm1000017261,3.74066710472107,0.5364514589309692,0.005
agm1000003124,5.184939861297607,1.4481912851333618,0.6777000000000001
agm1000011094,3.8695924282073975,0.9175729751586914,1.1429
agm1000009568,3.2371418476104736,0.917656660079956,1.0123
agm1000019525,6.390679359436035,4.13197660446167,3.7067
agm1000011604,5.238676071166992,4.180358409881592,4.3618
agm1000013645,6.817503452301025,3.9279520511627197,5.2865
agm1000017622,7.437339305877685,4.773027420043945,5.8404
agm1000019081,6.981510162353516,5.145834922790527,5.7476
agm1000013748,7.293015480041504,4.94769287109375,6.0041
agm1000015481,7.183499336242676,4.922741413116455,4.855
agm1000017344,6.912699222564697,5.183172225952148,5.6425
agm1000005868,7.461531639099121,4.819417476654053,5.7681
agm1000000197,7.650245189666748,4.763376235961914,5.734
agm1000013463,7.58096981048584,5.020330429077148,5.8408
agm1000006898,7.32778787612915,4.80410099029541,5.5602
agm1000004617,6.298835277557373,4.666635036468506,3.3381
agm1000017783,10.58061981201172,6.787678241729736,6.7827
agm1000018927,10.057777404785156,6.422760963439941,6.3524
agm1000011331,10.16078758239746,6.29802131652832,6.4472000000000005
agm1000014899,9.807767868041992,6.291701316833496,4.6617
agm1000016345,9.912436485290527,7.082541465759277,6.2135
agm1000013356,10.42498016357422,6.585336208343506,6.5419
agm1000010370,10.257343292236328,6.286609649658203,6.1745
agm1000006008,9.05552864074707,6.225347995758057,3.8464
agm1000018748,6.068859100341797,4.042646884918213,4.6675
agm1000000142,5.492724895477295,3.606339454650879,4.6368
agm1000016598,4.463360786437988,3.730165719985962,3.5932
agm1000018464,5.250160217285156,3.613513946533203,4.5287
agm1000012801,6.019872665405273,3.3899970054626465,4.9941
agm1000003546,5.85676383972168,2.609182834625244,4.6734
agm1000014217,5.844745635986328,2.9462718963623047,4.6958
agm1000004813,4.7810211181640625,3.2620859146118164,3.0573
agm1000001990,0.5289692878723145,0.7435933351516724,0.1051
agm1000018294,3.8322396278381343,1.8866968154907227,0.7242000000000001
agm1000019676,0.0337152481079101,0.1560959368944168,0.0
agm1000013417,0.1409828662872314,0.320267915725708,0.0
agm1000013533,3.3073036670684814,1.332536220550537,1.5285000000000002
agm1000004299,2.4509592056274414,1.1992555856704712,0.5521
agm1000013142,6.228219032287598,3.2665939331054688,4.5181
agm1000003658,9.436391830444336,4.728515625,5.6519
agm1000004128,7.591835975646973,4.099939823150635,5.385
agm1000001715,7.983409404754639,4.356598854064941,3.5045
agm1000000979,12.518707275390623,5.626227378845215,6.8397
agm1000010728,10.429336547851562,5.959235668182373,6.0979
agm1000009855,8.076687812805176,3.0785083770751953,4.6148
agm1000008103,5.516534805297852,2.766911029815674,3.6521
agm1000004189,6.5520219802856445,2.8038125038146973,3.6885
agm1000017462,7.16334867477417,3.2005839347839355,3.1971
agm1000016706,6.628560543060303,2.9150590896606445,2.298
agm1000018365,6.15328311920166,2.17722225189209,2.3973
agm1000013842,7.347282409667969,1.9313058853149414,3.1776
agm1000012671,7.897666931152344,2.2202916145324707,3.2634
agm1000018193,8.293686866760254,2.470870018005371,3.1818
agm1000009299,8.292661666870117,2.629915237426758,3.1814
agm1000003501,4.180303573608398,2.0503015518188477,2.1079
agm1000019522,5.331337928771973,2.230069160461426,3.2196
agm1000018575,6.167474746704102,2.5916972160339355,3.2827
agm1000014831,5.238089561462402,2.5655088424682617,1.8264
agm1000015898,5.372997283935547,2.7289040088653564,2.9284
agm1000010059,5.941661834716797,2.5914793014526367,3.4373
agm1000007475,5.982873439788818,2.753816604614258,2.9542
agm1000000551,5.810161113739014,2.5566606521606445,2.8487
agm1000016543,1.1795895099639893,0.2151971161365509,0.7769
agm1000008649,0.3172695636749267,1.6614179611206055,0.7353000000000001
agm1000009421,4.149168014526367,2.061039686203003,2.6729000000000003
agm1000014417,4.772281169891357,2.2087154388427734,3.0624
agm1000016716,3.335548639297486,1.6877142190933228,1.5201
agm1000010454,3.4518980979919434,1.761202335357666,1.2594
agm1000011270,3.797928810119629,2.203354835510254,2.0909
agm1000000173,2.639581203460694,1.3523763418197632,1.2716
agm1000004342,0.3718276023864746,1.8617112636566162,0.0
agm1000014229,0.0224595069885253,0.12087604403495789,0.0
agm1000020028,4.365732192993164,1.5014384984970093,2.3852
agm1000014909,4.308245658874512,1.8087764978408813,2.7949
agm1000014747,4.377804279327393,1.5486640930175781,1.6575000000000002
agm1000015955,4.146252632141113,1.548717737197876,2.5129
agm1000016492,1.779059886932373,1.2109249830245972,0.6984
agm1000001034,4.537312030792236,1.387887716293335,2.4428
agm1000007944,0.0578827857971191,0.9324140548706055,0.0
agm1000017338,3.804311752319336,1.832047462463379,1.6201
agm1000002963,0.4735171794891357,0.9681897163391113,0.0
agm1000006839,0.0125083923339843,0.02532075345516205,0.0
agm1000000863,0.0237617492675781,-0.007121354341506958,0.0
agm1000006740,0.0526008605957031,-0.003399670124053955,0.0
agm1000018933,0.0005474090576171,0.005433425307273865,0.0108
agm1000001555,0.0359430313110351,-0.0015754103660583496,0.1167
agm1000019611,0.0008997917175292,0.015422604978084564,0.0
agm1000003370,0.0464515686035156,-0.018771521747112274,0.0
agm1000008149,0.0115351676940917,0.06343836337327957,0.0
agm1000005308,0.0634632110595703,0.001890387386083603,0.2138
agm1000009719,0.005190372467041,0.001859426498413086,0.0
agm1000007141,0.0028104782104492,0.003236442804336548,0.0
agm1000002724,0.0983600616455078,0.007062077522277832,0.0
agm1000013266,0.0056009292602539,0.01273404061794281,0.1373
agm1000000702,0.0143327713012695,0.015896126627922058,0.0227
agm1000004922,0.0003681182861328,0.06669364869594574,0.6941
agm1000006190,0.0047707557678222,-0.00563424825668335,0.0
agm1000004974,0.0653562545776367,-0.01598168909549713,0.0
agm1000003324,0.0029706954956054,0.07258105278015137,0.0
agm1000003857,0.0119576454162597,0.00807897374033928,0.2855
agm1000001447,0.0055241584777832,-0.0031864382326602936,0.3272
agm1000011179,0.0037856101989746,0.021434754133224487,0.0
agm1000009451,0.0043902397155761,0.006974011659622192,0.2313
agm1000014439,0.0799164772033691,0.002896413207054138,0.0
agm1000015777,0.0008268356323242,0.01451149582862854,0.1192
agm1000005687,0.0477533340454101,0.011142358183860779,0.1331
agm1000000531,0.0671334266662597,0.0034280717372894287,0.0043
agm1000002722,0.0122556686401367,0.010946288704872131,0.0
agm1000000402,0.0210981369018554,0.0809931829571724,0.0
agm1000000605,0.0409998893737793,0.01172727346420288,0.0
agm1000001140,0.0341415405273437,0.6436614990234375,0.0
agm1000006251,0.0103535652160644,1.0474262237548828,1.1547
agm1000004503,0.0273795127868652,0.6985746622085571,0.4627
agm1000016838,0.0196280479431152,0.7807153463363647,0.8468
agm1000017676,6.437301635742188e-05,0.22640055418014526,0.501
agm1000004109,0.123572826385498,1.2302923202514648,0.0615
agm1000000944,0.0124983787536621,0.18230894207954407,3.7516
agm1000005121,0.0256776809692382,0.0622067004442215,3.2156
agm1000006322,0.0109124183654785,0.9653894901275635,1.5001
agm1000019917,0.007204532623291,1.2548997402191162,1.9525
agm1000017557,0.0297656059265136,0.3471168279647827,0.0
agm1000007117,0.0016455650329589,0.7072993516921997,0.9896
agm1000000791,0.0573897361755371,0.20070433616638184,1.2139
agm1000002436,0.0102238655090332,0.05266191065311432,0.0
agm1000015601,0.0289087295532226,0.11986854672431946,0.0
agm1000003116,0.002230167388916,0.2639469504356384,0.8882
agm1000011120,0.361548900604248,0.7527530193328857,0.3858
agm1000014361,0.0106368064880371,-0.01743195950984955,0.0
agm1000013177,0.0083131790161132,0.04320216178894043,0.0
agm1000001927,0.021590232849121,0.005081333220005035,0.0
agm1000001763,0.0168299674987792,0.0046027712523937225,0.3741
agm1000013104,0.0613026618957519,0.018443644046783447,0.0
agm1000001614,0.1394762992858886,0.03477306663990021,0.2945
agm1000014718,0.0009322166442871,0.03595361113548279,0.0181
agm1000018419,0.0046653747558593,0.10915040969848633,0.7338
agm1000005775,0.0229239463806152,0.08735570311546326,1.4924
agm1000016883,0.0276527404785156,0.11346391588449478,0.7126
agm1000009867,0.0300345420837402,0.027166500687599182,1.6616
agm1000014159,4.3392181396484375e-05,0.027960985898971558,1.6996
agm1000007235,0.0011696815490722,0.15522167086601257,0.0
agm1000004481,8.630752563476562e-05,0.1279354691505432,0.0
agm1000013165,0.0328040122985839,0.4070739150047302,0.1722
agm1000003310,0.1025471687316894,0.12425711750984192,0.3794
agm1000001456,0.0015687942504882,0.08444687724113464,0.1003
agm1000016790,0.0745396614074707,0.00403248518705368,0.0778
agm1000011676,0.0290069580078125,-0.0006580576300621033,0.0
agm1000004392,0.0838613510131836,-0.0035359933972358704,0.0
agm1000007081,0.0166077613830566,-0.005449220538139343,0.0
agm1000001572,0.0305585861206054,-0.009855411946773529,0.0
agm1000005176,0.1911110877990722,0.004270866513252258,0.0
agm1000017302,0.1530232429504394,0.02941809594631195,0.0
agm1000000416,0.1748132705688476,0.0388919860124588,0.0
agm1000019312,0.0089130401611328,0.03227031230926514,0.0
agm1000018201,0.0010833740234375,0.058226585388183594,0.0
agm1000009411,0.014531135559082,0.016299143433570862,0.0
agm1000016188,0.0008087158203125,0.3013414144515991,0.0
agm1000013876,0.0693974494934082,0.011266440153121948,0.7888000000000001
agm1000008136,0.0176148414611816,0.0075353458523750305,0.0
agm1000015824,0.0029740333557128,0.028013020753860474,0.0
agm1000000295,0.0625777244567871,-0.000440746545791626,0.0
agm1000007928,0.0480918884277343,0.016287118196487427,0.0
agm1000010722,0.0396480560302734,0.007544301450252533,0.4453
agm1000009001,0.0459074974060058,-0.004595667123794556,0.0958
agm1000012234,0.0193243026733398,0.02079807221889496,0.0
agm1000016338,0.0155982971191406,0.1482844352722168,0.0
agm1000014459,0.0364341735839843,0.06738314777612686,0.0
agm1000002081,0.0043902397155761,0.012876421213150024,0.0624
agm1000006633,0.0093955993652343,0.024457067251205444,0.3236
agm1000013416,0.0487222671508789,0.06354384124279022,0.7071000000000001
agm1000002643,0.1588106155395507,0.03695427253842354,0.0
agm1000013143,0.0081615447998046,0.01531219482421875,0.0
agm1000005867,0.0044412612915039,0.102933868765831,0.1403
agm1000018072,0.0004281997680664,0.007822677493095398,0.0
agm1000012034,0.0487442016601562,-0.03685939311981201,0.0
agm1000016971,0.0380430221557617,-0.004301540553569794,0.0
agm1000016081,0.007786750793457,-0.01936076581478119,0.1569
agm1000013662,0.0164985656738281,-0.009816497564315796,0.0
agm1000015530,0.0025153160095214,0.01671382039785385,0.196
agm1000009708,0.0131025314331054,-0.014245681464672089,0.6044
agm1000005972,0.0673499107360839,0.028068959712982178,0.0
agm1000009212,0.0141201019287109,0.005522042512893677,0.0
agm1000008589,0.0852603912353515,0.03150632977485657,0.0
agm1000003890,0.0039324760437011,0.04713679477572441,0.0
agm1000018762,0.0808510780334472,0.05138234794139862,0.0326
agm1000001096,0.235692024230957,0.017919816076755524,0.4179
agm1000018828,0.0193037986755371,0.026335343718528748,0.0
agm1000019586,0.1618566513061523,0.047133736312389374,0.2753
agm1000010977,0.0355143547058105,0.08192218840122223,0.0
agm1000001964,0.4248175621032715,0.2059422731399536,0.0
agm1000011491,0.0460720062255859,0.15569809079170227,0.2814
agm1000016587,0.0017781257629394,0.21166828274726868,0.0238
agm1000018917,0.0004646778106689,1.8964877128601074,3.3874
agm1000011484,0.1324439048767089,1.9389950037002563,1.7232
agm1000014587,0.0020303726196289,0.2326209545135498,0.0
agm1000011143,0.0269536972045898,0.2132256031036377,0.0
agm1000017332,2.083146572113037,0.3629972040653229,1.2379
agm1000003290,0.0068092346191406,0.04450424015522003,0.2427
agm1000010998,1.134134292602539,0.35268473625183105,0.0134
agm1000012220,0.0089302062988281,0.2085631787776947,0.5442
agm1000013983,0.0956044197082519,0.8062952756881714,0.244
agm1000005851,0.224435806274414,0.41692957282066345,0.7338
agm1000001380,5.253147602081299,2.697115421295166,3.309
agm1000002174,0.1152434349060058,0.21098822355270386,0.2377
agm1000003219,0.0437407493591308,0.10834373533725739,0.4049
agm1000010098,0.0118999481201171,0.03907604515552521,0.0
agm1000005079,0.8764986991882324,0.03605248034000397,0.4392
agm1000018367,0.0526103973388671,0.1319820135831833,0.0032
agm1000008155,0.014045238494873,0.005346223711967468,0.0
agm1000015403,1.643388748168945,0.2378753423690796,0.663
agm1000006721,1.0142254829406738,0.20470459759235382,1.4437
agm1000005376,0.0238246917724609,0.3372083008289337,0.0
agm1000019986,0.0014033317565917,0.25368207693099976,0.0
agm1000005886,0.0068645477294921,0.2555173635482788,0.2624
agm1000006785,0.6975083351135254,0.06781131774187088,0.3318
agm1000004593,1.201418399810791,0.05143027752637863,0.5691
agm1000000790,1.3943824768066406,0.1648131012916565,0.0177
agm1000012521,6.758297920227051,1.587440013885498,1.1339
agm1000000385,6.549356460571289,2.083078622817993,0.753
agm1000005909,6.78037166595459,1.9648820161819458,0.6354000000000001
agm1000019188,4.677981853485107,2.144381523132324,1.8688
agm1000003948,4.883951187133789,1.8325779438018799,0.9054
agm1000005686,5.154767990112305,2.491185426712036,1.0365
agm1000009877,4.599812984466553,1.8457748889923096,2.156
agm1000001008,4.245054244995117,1.4139397144317627,0.978
agm1000017270,3.926285982131958,1.981021761894226,1.9514
agm1000006242,3.834147691726685,1.1801944971084595,2.0041
agm1000006941,4.248836994171143,0.8519370555877686,1.6401
agm1000003424,4.161988735198975,1.5476369857788086,1.3188
agm1000015201,3.192862033843994,0.3214602768421173,0.2998
agm1000009005,2.159843921661377,0.23061569035053253,0.3839
agm1000019483,2.892860412597656,-0.01657143235206604,0.0
agm1000007710,3.2057197093963623,0.09739767014980316,0.0
agm1000003332,1.815824508666992,0.6829160451889038,0.0
agm1000015356,3.2713632583618164,0.25879308581352234,0.3097
agm1000004105,2.1527929306030273,1.0179355144500732,0.0
agm1000012667,6.164363861083984,3.6275973320007324,4.4123
agm1000011621,6.224585056304932,3.2336888313293457,4.213
agm1000011879,7.546353340148926,4.759733200073242,5.2136
agm1000018537,7.219132900238037,4.531874656677246,4.8913
agm1000009261,7.124932765960693,4.668323516845703,4.9907
agm1000005629,7.588918685913086,4.487170219421387,5.099
agm1000014219,7.613972663879395,4.341398239135742,4.8289
agm1000013989,7.61281156539917,4.691275119781494,4.9335
agm1000015886,7.75107479095459,4.248653888702393,4.9019
agm1000007270,6.702554225921631,4.327070713043213,4.2906
agm1000019987,9.553549766540527,4.507007122039795,5.5504
agm1000018601,9.424495697021484,4.728560447692871,5.0703
agm1000016351,8.50654125213623,4.852252006530762,3.2338
agm1000010924,10.209673881530762,4.82570743560791,5.3009
agm1000017167,8.065110206604004,3.691772699356079,4.0285
agm1000002770,10.714189529418944,5.39412784576416,5.2645
agm1000003440,9.307709693908691,5.526324272155762,4.835
agm1000019429,5.47091007232666,3.3012924194335938,4.0283
agm1000016845,5.462893009185791,3.1931474208831787,3.9066
agm1000014944,5.807870864868164,3.1216349601745605,2.9304
agm1000015066,5.033034801483154,3.20800518989563,3.1563
agm1000002340,5.613231658935547,2.955169200897217,4.1891
agm1000017617,4.5474395751953125,3.153810977935791,3.3234
agm1000013669,5.500068664550781,3.0236563682556152,3.9543
agm1000003698,5.195858001708984,2.929643392562866,2.5565
agm1000000675,0.0050578117370605,0.011176392436027527,0.0
agm1000005021,0.0040044784545898,0.2268008291721344,0.6739
agm1000008504,0.042001724243164,-0.01639696955680847,0.0
agm1000004246,0.0273809432983398,0.028798341751098633,0.4233
agm1000003272,0.1797962188720703,0.008762776851654053,0.0
agm1000010521,0.0052356719970703,0.01686444878578186,0.0
agm1000004661,0.3419899940490722,0.013769581913948059,0.2148
agm1000019715,0.0003414154052734,0.0313517302274704,0.0
agm1000003020,0.0928053855895996,0.04157459735870361,0.0
agm1000001300,0.6239128112792969,0.3197816014289856,0.0
agm1000019511,0.0056614875793457,0.012081637978553772,0.0
agm1000004952,0.0022311210632324,0.020952463150024414,0.0
agm1000000101,0.0124034881591796,0.008189037442207336,0.0
agm1000002670,0.0140190124511718,0.03738296031951904,0.0
agm1000014555,0.0589709281921386,0.0036918967962265015,0.0
agm1000018975,0.001631736755371,0.019411999732255936,0.0016
agm1000013204,0.030409812927246,0.010974496603012085,0.0557
agm1000005483,0.7409944534301758,0.06021013855934143,0.5096
agm1000010678,0.0140018463134765,0.19152231514453888,0.0
agm1000020053,0.2859916687011719,0.3592233955860138,0.2644
agm1000009119,0.0168862342834472,0.47730156779289246,0.0
agm1000003448,0.0441508293151855,0.2342286854982376,0.3646
agm1000017990,1.1459150314331057,1.475186824798584,0.9279
agm1000011248,0.4121179580688476,0.0957905724644661,0.0
agm1000019229,0.0485978126525878,0.12459278106689453,0.0
agm1000010230,0.0445876121520996,0.1871824860572815,0.354
agm1000000624,0.321692943572998,0.23230089247226715,0.6928000000000001
agm1000000253,1.1317729949951172,0.5260486006736755,0.0
agm1000007265,0.5851161479949951,0.27382785081863403,0.0951
agm1000000047,0.6898212432861328,0.29589706659317017,0.445
agm1000013332,0.0227231979370117,1.0303947925567627,0.1328
agm1000019012,0.9100313186645508,0.2309463918209076,0.778
agm1000011210,2.4475018978118896,0.29842084646224976,1.0239
agm1000009806,0.0010108947753906,0.07708104699850082,0.233
agm1000004306,0.0965428352355957,0.07992453873157501,0.0
agm1000004740,0.2225203514099121,0.037851542234420776,0.0304
agm1000018759,0.0042757987976074,0.044274330139160156,0.0
agm1000012256,0.2667551040649414,0.1776014119386673,0.5331
agm1000013875,0.0055518150329589,0.05651645362377167,0.0
agm1000003042,3.7670135498046875e-05,0.15415844321250916,0.0
agm1000001652,0.004091739654541,0.24348115921020508,0.0
agm1000002195,0.0692434310913086,0.092330202460289,0.0
agm1000017392,0.0017118453979492,0.9610408544540405,0.2369
agm1000002894,0.1665482521057129,0.0004004836082458496,0.0
agm1000019666,1.9073486328125e-06,1.5186847448349,0.3009
agm1000003379,0.0356044769287109,2.2390122413635254,1.0718
agm1000018974,0.0012474060058593,0.008778810501098633,0.0401
agm1000003303,0.0371308326721191,-0.012819521129131317,0.0068
agm1000000802,0.0057864189147949,0.006364583969116211,0.2353
agm1000016365,0.0590982437133789,-0.003523603081703186,0.0
agm1000012221,0.048781394958496,0.058137476444244385,0.1588
agm1000018381,0.0027785301208496,0.006837069988250732,0.0
agm1000015839,0.048891544342041,0.006434038281440735,0.0
agm1000000226,0.0139245986938476,-0.0031729787588119507,0.0
agm1000013489,0.22542405128479,0.003670305013656616,0.0
agm1000000909,0.0087847709655761,0.003356475383043289,0.5054000000000001
agm1000003542,0.2627053260803222,0.035747066140174866,0.0
agm1000006105,0.049509048461914,0.02327863499522209,0.0
agm1000012688,0.3219637870788574,-0.007309064269065857,0.0
agm1000002689,0.6608786582946777,0.08952248096466064,0.5125000000000001
agm1000008595,0.0349845886230468,0.14031875133514404,0.0096
agm1000019791,0.0007338523864746,0.014710679650306702,0.0
agm1000009406,0.0007438659667968,0.05557837337255478,0.3019
agm1000018176,0.0029911994934082,-0.002601590007543564,0.1391
agm1000002331,0.1129498481750488,0.006208270788192749,0.0978
agm1000001098,0.0129890441894531,0.03783056139945984,0.5135000000000001
agm1000010653,0.0088419914245605,0.10159199684858322,0.0001
agm1000003434,0.0318350791931152,0.2260093092918396,0.2608
agm1000009481,0.0002374649047851,0.05349692702293396,0.0071
agm1000004332,0.0082106590270996,0.09145131707191467,0.3363
agm1000003842,0.0034046173095703,0.7180156707763672,0.8809
agm1000017824,0.0403418540954589,0.02622639387845993,0.0
agm1000018553,0.0323348045349121,0.024086669087409973,0.0
agm1000016290,0.1765322685241699,0.01809564232826233,0.1256
agm1000005363,0.1776633262634277,0.05792593955993652,0.0
agm1000008714,0.0430760383605957,0.02938017249107361,0.0
agm1000012811,0.0192983150482177,0.044191934168338776,0.0
agm1000000525,0.0170302391052246,0.0452379435300827,0.0828
agm1000003562,0.0455074310302734,0.0012554004788398743,0.0
agm1000003202,0.0178408622741699,0.0043861716985702515,0.0
agm1000010834,0.0623955726623535,0.03493829071521759,0.0
agm1000018354,0.0197353363037109,0.012637749314308167,0.0835
agm1000005545,0.0947365760803222,0.026822976768016815,0.0
agm1000003529,0.1502389907836914,0.18067407608032227,0.7709
agm1000010247,0.047217845916748,-0.0027119815349578857,0.0
agm1000007650,0.0050554275512695,0.07095170021057129,0.0
agm1000010927,0.0027480125427246,-0.006964817643165588,0.0
agm1000001049,0.2158894538879394,0.138901025056839,0.3315
agm1000006917,0.1175417900085449,0.02035468816757202,0.0
agm1000003567,0.7310142517089844,0.028360098600387573,0.0
agm1000001066,0.0449719429016113,-0.003171376883983612,0.1196
agm1000006998,0.0595765113830566,0.024769127368927002,0.1829
agm1000013071,0.1716303825378418,0.009663313627243042,0.0
agm1000000620,0.1135063171386718,0.012874722480773926,0.0334
agm1000000414,0.0219669342041015,0.022085189819335938,0.0
agm1000004955,0.0303153991699218,0.035448819398880005,0.0
agm1000011507,0.1028251647949218,0.004972666501998901,0.0
agm1000017224,0.0415024757385253,0.07815232872962952,0.0
agm1000003597,0.2484679222106933,0.03280201554298401,0.0
agm1000004461,0.3606929779052734,-0.0008897185325622559,0.0
agm1000001801,0.1488449573516845,0.1667250096797943,0.0
agm1000010703,0.0081400871276855,0.05447942018508911,0.0
agm1000000922,0.0024547576904296,0.34229525923728943,0.4452
agm1000009354,1.6803278923034668,1.59305739402771,0.2672
agm1000008053,0.0063481330871582,0.27832937240600586,0.0
agm1000018444,0.0037517547607421,0.8906553983688354,0.044
agm1000015624,0.0032014846801757,0.6392719745635986,0.0
agm1000005990,0.1203398704528808,0.8052113056182861,0.0365
agm1000008331,2.61986780166626,0.2688242197036743,2.9346
agm1000013699,0.2263917922973632,0.32368960976600647,3.3614
agm1000017828,0.0681567192077636,1.2093467712402344,1.6367
agm1000007580,2.4318695068359375e-05,0.6005738973617554,1.0029
agm1000019061,0.012178897857666,0.09682020545005798,0.0
agm1000008498,0.1575760841369629,0.019846729934215546,0.0
agm1000012149,0.0084052085876464,0.07908336818218231,0.0
agm1000005059,0.02435302734375,-0.010853230953216553,0.0678
agm1000011443,0.1206789016723632,-0.012505516409873962,0.0
agm1000006479,0.0393033027648925,0.014215998351573944,0.0
agm1000016110,0.1199502944946289,0.03114326298236847,0.0
agm1000012704,0.0053038597106933,0.0515083409845829,0.0
agm1000010125,0.189307689666748,0.02911458909511566,0.0
agm1000017817,0.0291342735290527,0.030110053718090057,1.3272
agm1000013465,0.1836237907409668,0.23878632485866547,1.8957
agm1000002121,0.00299072265625,0.2325201779603958,0.0611
agm1000013685,0.0042591094970703,0.07441607117652893,2.0481
agm1000000350,0.2392773628234863,0.055583566427230835,0.0
agm1000016824,0.0112829208374023,0.017328426241874695,0.0004
agm1000016947,0.008498191833496,0.017691969871520996,0.0
agm1000016069,0.0252108573913574,0.038560181856155396,0.0
agm1000001136,0.1425628662109375,0.04959239065647125,0.0
agm1000008636,0.098515510559082,0.019633814692497253,0.0986
agm1000003691,0.0019307136535644,0.03165537118911743,0.1614
agm1000007695,0.4820139408111572,0.008139640092849731,0.0
agm1000013494,0.0226631164550781,0.25876545906066895,0.0
agm1000008304,0.2340273857116699,0.02673257142305374,0.0835
agm1000003544,0.1185979843139648,0.04717645049095154,0.0
agm1000015303,0.4006795883178711,0.04784107953310013,0.2577
agm1000015893,0.426518440246582,0.06639232486486435,0.5719000000000001
agm1000006899,0.0415821075439453,0.13092617690563202,0.0
agm1000003720,0.4085469245910644,0.036976344883441925,0.1358
agm1000019199,0.1338348388671875,0.05042150616645813,0.0892
agm1000010272,0.0747523307800293,0.017512328922748566,0.0
agm1000011016,0.0143365859985351,0.026787519454956055,0.0
agm1000013635,0.0116581916809082,0.05190952122211456,0.0
agm1000013173,0.0248775482177734,0.007954180240631104,0.0
agm1000002990,0.0506367683410644,0.09431572258472443,0.156
agm1000017189,0.0533194541931152,0.027882635593414307,0.0
agm1000011873,0.0037565231323242,0.04181303828954697,0.0
agm1000015149,0.1550235748291015,0.006625115871429443,0.0
agm1000015931,0.1384906768798828,0.05040210857987404,0.079
agm1000014301,0.098696231842041,-0.028333619236946106,0.0
agm1000018750,0.2976479530334472,-0.011113196611404419,0.2861
agm1000009597,4.291534423828125e-06,-0.035678863525390625,0.247
agm1000019609,0.0175352096557617,0.5846706628799438,0.1665
agm1000018768,0.0047633647918701,0.07847224175930023,0.0
agm1000005975,0.269155740737915,0.014583095908164978,0.0
agm1000005565,0.5092103481292725,0.5206667184829712,0.0
agm1000017092,0.1586928367614746,0.7532366514205933,0.3732
agm1000001122,0.1166722774505615,0.14085176587104797,0.0113
agm1000019516,0.00411057472229,-0.005900159478187561,0.0
agm1000002105,0.0383527278900146,-0.0034117698669433594,0.0
agm1000015329,0.0391981601715087,0.004374802112579346,0.0
agm1000005060,0.053166389465332,0.33323755860328674,0.464
agm1000020010,0.0843853950500488,0.42860913276672363,0.3178
agm1000019492,0.0816714763641357,0.7297103404998779,0.4106
agm1000019349,0.0943741798400878,0.3957889676094055,0.2869
agm1000018968,2.182188034057617,0.750930666923523,1.0447
agm1000011045,0.0013043880462646,0.56272292137146,0.0
agm1000000354,0.8472833633422852,0.8239163160324097,0.0
agm1000017073,0.0006909370422363,0.8774281740188599,0.244
agm1000014028,0.0023016929626464,1.1182451248168945,0.0
agm1000001736,0.0201256275177001,0.9434236288070679,0.0
agm1000003236,1.1226646900177002,1.0186651945114136,0.2973
agm1000013365,1.736039638519287,0.09294360876083374,1.0631
agm1000000921,0.2089185714721679,1.6354398727416992,0.3863
agm1000000955,0.4892842769622803,1.0912601947784424,0.4978
agm1000010149,0.001758337020874,0.5653679370880127,0.0099
agm1000002091,0.0011518001556396,0.7220374345779419,0.5531
agm1000014680,0.0009799003601074,0.405569463968277,0.0
agm1000008122,3.0348358154296875,0.3840782046318054,0.8527
agm1000001915,0.0899076461791992,0.4942035973072052,0.0
agm1000004002,0.7963767051696777,0.14290402829647064,0.0
agm1000017646,0.0031731128692626,0.3773496448993683,0.0
agm1000015255,0.0166270732879638,0.06445121020078659,0.0
agm1000003861,0.1071028709411621,0.35530805587768555,0.0
agm1000015419,0.4607343673706054,0.17789986729621887,0.0
agm1000018257,0.0010795593261718,0.019401874393224716,0.0
agm1000007124,0.0072457790374755,-0.005732715129852295,0.8802000000000001
agm1000016584,0.0023820400238037,-0.032161012291908264,0.0
agm1000004853,0.0020873546600341,-0.004977062344551086,0.1028
agm1000011569,0.0027637481689453,0.019152700901031494,0.0535
agm1000015271,0.0149257183074951,0.009157076478004456,0.0
agm1000014427,0.0290248394012451,0.04254186153411865,0.0
agm1000013577,0.0147767066955566,0.030768215656280518,0.0
agm1000016267,0.0068805217742919,0.026702143251895905,0.0
agm1000014541,0.0001177787780761,0.24033482372760773,0.0
agm1000019159,0.0008618831634521,-0.008451566100120544,0.0019
agm1000015043,0.114635944366455,0.012206494808197021,0.014
agm1000011920,0.0760657787322998,0.0917591080069542,0.0
agm1000006533,0.0017101764678955,0.024703040719032288,0.0
agm1000009250,6.4373016357421875e-06,0.10336634516716003,0.0
agm1000000325,0.0617196559906005,0.262401819229126,0.211
agm1000011809,0.0298953056335449,0.10969232767820358,0.0601
agm1000004121,0.3221051692962646,0.03334617614746094,0.3689
agm1000003389,0.0125355720520019,-0.0016104280948638916,0.0
agm1000001001,0.0194735527038574,0.023366779088974,0.0
agm1000012891,0.0319476127624511,0.39884015917778015,0.0
agm1000003458,0.0996887683868408,0.0016289502382278442,0.248
agm1000018590,0.5507316589355469,0.03811035305261612,0.4853
agm1000019819,0.0872097015380859,0.2134486436843872,0.1791
agm1000007912,0.0497114658355712,0.10215786844491959,0.1523
agm1000014525,0.6144907474517822,0.4540916383266449,0.0258
agm1000004830,0.3071682453155517,0.4245060086250305,0.0
agm1000000535,0.0912923812866211,-0.012255534529685974,0.0
agm1000007986,0.0825695991516113,0.01464611291885376,0.0
agm1000012805,0.1539254188537597,0.04626590013504028,0.0
agm1000013696,0.139941930770874,0.18340560793876648,0.0
agm1000003173,0.3296341896057129,1.21022367477417,0.0
agm1000017296,0.5738091468811035,0.7396727800369263,0.4413
agm1000008274,1.4712035655975342,1.1216031312942505,1.0525
agm1000004082,0.0061464309692382,0.8793493509292603,0.0
agm1000010943,0.0469207763671875,0.2633187174797058,0.0
agm1000011921,0.2957394123077392,0.02473670244216919,0.5307000000000001
agm1000011205,0.080335259437561,0.0279005765914917,0.0
agm1000018831,0.0255379676818847,0.3019735813140869,0.2865
agm1000017352,0.4911472797393799,0.14213064312934875,0.5614
agm1000000258,0.0885267257690429,0.031189464032649994,0.0
agm1000016182,0.7326004505157471,0.9526467323303223,0.6336
agm1000011006,0.0019905567169189,0.20940284430980682,0.0
agm1000003449,0.0144593715667724,0.030008308589458466,0.0
agm1000018084,0.0692660808563232,0.11369724571704865,0.0
agm1000010547,0.1312873363494873,0.04594504088163376,0.0
agm1000004422,0.7240417003631592,0.46134164929389954,0.8638
agm1000013282,4.854137420654297,1.260091781616211,0.5958
agm1000008031,6.622702598571777,1.218242883682251,0.4125
agm1000002275,0.053797960281372,1.1692827939987183,0.1561
agm1000013155,4.865899085998535,2.0830001831054688,1.39
agm1000006790,5.2006144523620605,2.253556728363037,1.0546
agm1000010574,0.0134773254394531,1.6415671110153198,1.0108
agm1000012909,4.633139133453369,2.2683401107788086,1.4093
agm1000010831,4.400918960571289,1.8627469539642334,1.6224
agm1000013296,4.051018238067627,0.3443109393119812,1.4977
agm1000002611,4.224812030792236,0.5651386976242065,0.8649
agm1000015606,3.152944564819336,1.6064567565917969,0.1415
agm1000000201,3.001081943511963,0.2263641655445099,0.3954
agm1000017311,4.167087078094482,-0.09565281867980957,0.0
agm1000001389,4.3148393630981445,0.630569577217102,0.3961
agm1000019472,0.0757055282592773,0.2655102610588074,0.0
agm1000012915,3.9695329666137695,0.04335367679595947,0.1298
agm1000001995,6.081876277923584,3.9143178462982178,4.2248
agm1000004759,5.947329998016357,3.4026949405670166,2.823
agm1000012477,7.264667510986328,4.055527210235596,4.6687
agm1000018338,7.110518455505371,4.235540866851807,4.2939
agm1000011613,6.737760543823242,4.025435924530029,4.0145
agm1000012706,7.1789231300354,4.124910831451416,4.2611
agm1000000020,7.163671493530273,4.220633029937744,4.3153
agm1000016320,4.261631488800049,4.533478736877441,3.2238
agm1000019769,9.09962272644043,3.8852410316467285,4.3256
agm1000010275,9.10726833343506,5.1898512840271,4.2482
agm1000015248,3.9007835388183594,4.597553253173828,4.1602
agm1000010786,9.17756462097168,5.586999893188477,3.9706
agm1000005940,9.202027320861816,4.893492698669434,3.8207
agm1000017877,5.744467735290527,2.744450569152832,3.9399
agm1000018609,5.5896406173706055,2.983069896697998,3.7118
agm1000011973,5.698566436767578,3.195937156677246,3.612
agm1000010367,5.726275444030762,3.099062919616699,3.91
agm1000014157,5.583287715911865,2.9795961380004883,3.7198
agm1000002415,5.583484649658203,2.0431549549102783,3.7365
agm1000006612,5.55120849609375,2.443882465362549,3.6518
agm1000007908,0.1679177284240722,-0.006768956780433655,0.2351
agm1000001253,0.0456423759460449,0.10647499561309814,0.0
agm1000019503,0.1685266494750976,-0.04737469553947449,0.0
agm1000009131,0.3132169246673584,0.10832877457141876,0.122
agm1000001016,0.8180408477783203,0.058912668377161026,0.6995
agm1000002790,0.2793474197387695,0.2380303293466568,0.0
agm1000008702,0.0106368064880371,0.024159125983715057,0.0
agm1000019491,0.1859815120697021,0.15360841155052185,0.204
agm1000018051,1.6745703220367432,0.3173563480377197,0.2583
agm1000020017,0.0663375854492187,0.7970113754272461,0.2894
agm1000000263,0.1551618576049804,0.7518305778503418,0.1272
agm1000011307,0.0008172988891601,0.972564697265625,0.0
agm1000012599,0.0397524833679199,0.20297421514987946,0.0
agm1000015276,0.0173745155334472,0.8878604173660278,0.0
agm1000007444,0.1208951473236084,0.15510910749435425,0.0414
agm1000001051,0.004749059677124,0.4157361686229706,0.0
agm1000004594,1.5090150833129885,0.126352459192276,0.0
agm1000007582,0.6079559326171875,0.07249805331230164,0.4142
agm1000006952,0.1306929588317871,0.2302720546722412,0.0
agm1000014757,0.010535717010498,0.12772899866104126,0.0
agm1000007329,0.0542035102844238,0.21629510819911957,0.2018
agm1000017284,0.0026450157165527,-0.011759288609027863,0.0
agm1000010394,0.3017158508300781,-0.008645452558994293,0.1398
agm1000019113,0.0002698898315429,0.0030218660831451416,0.0
agm1000016777,0.0133600234985351,-0.008286803960800171,0.0
agm1000004981,0.0132107734680175,-0.007709607481956482,0.0924
agm1000001626,0.055732250213623,0.00869905948638916,0.0
agm1000015390,0.1212217807769775,-0.0017397552728652954,0.0
agm1000009155,0.0318727493286132,0.014659762382507324,0.0
agm1000002657,0.2034018039703369,-0.0029323548078536987,0.6668000000000001
agm1000018524,0.0097293853759765,0.0242110937833786,0.2435
agm1000010974,0.0004830360412597,0.13118311762809753,0.0
agm1000001393,0.0239853858947753,0.020773213356733322,0.0
agm1000017337,0.1145448684692382,0.22202879190444946,0.0264
agm1000001802,0.0237090587615966,0.05699032545089722,0.0
agm1000017087,0.0028917789459228,0.2583051919937134,0.0
agm1000005206,0.0050415992736816,0.07590655982494354,0.124
agm1000000148,0.0031409263610839,0.0139542818069458,0.0
agm1000007865,0.0018115043640136,0.06205056607723236,0.0
agm1000008627,0.0261228084564209,0.12737733125686646,0.0
agm1000004524,0.1230370998382568,0.014225952327251434,0.1413
agm1000010123,0.0065629482269287,0.16356083750724792,0.0
agm1000005699,0.4641146659851074,0.01868113875389099,0.1977
agm1000019855,0.0867073535919189,0.19959211349487305,0.2131
agm1000019569,0.001605749130249,-0.007072478532791138,0.0
agm1000013376,5.7697296142578125e-05,0.11919823288917542,0.5444
agm1000019578,2.0690603256225586,0.09527423977851868,0.9067
agm1000003938,0.1923813819885254,-0.017824798822402954,0.0
agm1000012163,0.0769777297973632,0.43807247281074524,0.1837
agm1000008940,0.0005497932434082,0.4184280037879944,0.2294
agm1000002566,0.0009329319000244,0.3127630650997162,0.5277000000000001
agm1000014799,0.0697691440582275,0.6101539134979248,0.5389
agm1000014613,0.1817178726196289,0.2299952656030655,0.3765
agm1000003996,0.0047473907470703,-0.009299874305725098,0.0
agm1000009573,0.1228566169738769,-0.048620522022247314,0.0068
agm1000007563,0.4848318099975586,0.05829274654388428,0.0584
agm1000015735,0.1551284790039062,-0.04575270414352417,0.0
agm1000018940,1.2577190399169922,0.00578799843788147,0.384
agm1000019375,0.0019571781158447,-0.010045051574707031,0.0
agm1000010944,0.0100636482238769,0.0007370561361312866,0.0
agm1000014471,0.00105881690979,-0.05027902126312256,0.0
agm1000005445,0.0177335739135742,-0.002459198236465454,0.0
agm1000011877,0.0473899841308593,-0.019441619515419006,0.0
agm1000015797,0.0034890174865722,-0.00983324646949768,0.0
agm1000000237,0.0121707916259765,0.0025594979524612427,0.0
agm1000006880,0.0568122863769531,0.029154449701309204,0.0
agm1000019962,0.0004346370697021,0.015485256910324097,0.0202
agm1000001203,0.001443862915039,0.04695814847946167,0.0
agm1000001946,0.1117701530456543,0.06145792454481125,0.0
agm1000018944,0.2495207786560058,0.3755941092967987,0.0
agm1000012956,0.2583680152893066,0.11439275741577148,0.0
agm1000012148,0.0330612659454345,-0.015256814658641815,0.3566
agm1000017461,1.2906062602996826,0.13461777567863464,1.0971
agm1000015750,1.5050365924835205,0.9275877475738525,0.4993
agm1000003673,0.281684398651123,0.62424635887146,0.0
agm1000009352,0.3459374904632568,0.10382229089736938,0.0
agm1000007861,0.1744551658630371,0.06907788664102554,0.0258
agm1000012929,0.2921061515808105,0.10803617537021637,0.0
agm1000017944,0.1171071529388427,0.34496113657951355,0.1968
agm1000000435,0.3632991313934326,0.058708399534225464,0.5750000000000001
agm1000008357,0.0503368377685546,0.1149606704711914,0.0
agm1000018145,0.134798526763916,0.13367436826229095,0.0708
agm1000013966,0.2532045841217041,0.18678197264671326,0.0
agm1000007287,0.0448756217956543,0.07580877840518951,0.3701
agm1000006035,0.0020670890808105,0.2666725516319275,0.0048
agm1000005173,0.0905957221984863,0.23415768146514893,0.0
agm1000008544,5.585712432861328,1.680133581161499,2.6742
agm1000004213,2.2084946632385254,0.4607851207256317,0.3821
agm1000001717,1.1983108520507812,1.089862585067749,1.4278
agm1000006503,0.094090461730957,0.21457456052303314,0.0
agm1000010752,0.0017545223236083,-0.002748459577560425,0.0
agm1000013784,0.540785551071167,0.10535834729671478,0.5859
agm1000015927,2.7670230865478516,0.0202285498380661,2.0291
agm1000008951,0.708831787109375,0.057525262236595154,0.878
agm1000003881,1.157707691192627,0.027437150478363037,1.5542
agm1000018799,0.4972696304321289,0.05187024176120758,0.224
agm1000004750,2.1691341400146484,0.21655534207820892,1.9589
agm1000017746,5.52317476272583,2.9101028442382812,3.9568
agm1000012849,5.28780460357666,1.8597784042358398,3.7601
agm1000009674,8.2141695022583,3.379359245300293,4.5097000000000005
agm1000003815,10.327244758605955,3.264841079711914,5.623
agm1000013044,4.37737512588501,1.7524592876434326,2.6906
agm1000004678,0.0664782524108886,0.24285662174224854,0.2864
agm1000002444,0.0028345584869384,0.2223988175392151,0.0
agm1000012760,2.826943874359131,0.28729647397994995,2.181
agm1000002969,0.8014538288116455,0.024934574961662292,0.5267000000000001
agm1000003966,2.6180577278137207,0.9465731382369995,1.1998
agm1000011775,0.0160689353942871,0.07390525192022324,0.0
agm1000003734,3.397366523742676,0.12445142865180969,2.5238
agm1000011193,1.516486883163452,0.577725887298584,1.889
agm1000014231,2.7555418014526367,0.10215786099433899,1.2004
agm1000017572,1.823030948638916,0.31573036313056946,1.0345
agm1000016040,0.0262284278869628,0.17284159362316132,0.0
agm1000008222,0.071847915649414,0.07013343274593353,0.6787000000000001
agm1000004076,0.009139060974121,0.6181340217590332,0.3647
agm1000013642,0.172637939453125,0.9328498840332031,0.0
agm1000010210,4.886760234832764,2.643672227859497,2.645
agm1000008085,5.801721572875977,2.5179646015167236,3.1628
agm1000000372,3.4471218585968018,2.2040953636169434,2.4254
agm1000018431,2.1356515884399414,0.35539710521698,0.8849
agm1000013673,2.485508918762207,0.3948315978050232,1.3134
agm1000004620,3.175389528274536,1.5293687582015991,1.4136
agm1000017408,1.3220717906951904,0.10508313775062561,0.8965000000000001
agm1000005403,2.605656385421753,0.7473399639129639,1.6119
agm1000016409,0.6553199291229248,0.06553889811038971,0.4557
agm1000018384,2.0581986904144287,0.13041730225086212,0.7976000000000001
agm1000015976,1.496901512145996,0.2166489213705063,0.8696
agm1000004637,1.2599351406097412,0.21054883301258087,0.3588
agm1000001603,0.0448741912841796,0.04113443195819855,0.193
agm1000005729,0.0109870433807373,0.10940521955490112,0.0
agm1000004029,2.163940668106079,0.41614437103271484,0.4676
agm1000013052,1.9249258041381836,0.11570892482995987,0.9493
agm1000002991,2.025151014328003,0.282722532749176,0.8646
agm1000015230,4.763640403747559,3.513902187347412,3.0458
agm1000006125,4.680742263793945,3.8377888202667236,2.475
agm1000007587,7.919529914855957,5.204653739929199,6.4451
agm1000010556,8.19273567199707,5.351650238037109,6.0992
agm1000003787,6.481019973754883,4.3494553565979,2.7188
agm1000005501,2.9558420181274414,0.10499538481235504,1.7212
agm1000013280,3.588332414627075,1.8575537204742432,2.3457
agm1000019415,2.455801486968994,0.8469119071960449,0.9873
agm1000016485,2.334343910217285,0.8278462886810303,0.1978
agm1000018269,0.3306045532226562,0.8051947355270386,0.8656
agm1000011694,2.1717467308044434,0.8487600088119507,0.0
agm1000015861,3.387587785720825,1.8486568927764893,0.8366
agm1000010968,3.2954719066619873,0.8851470947265625,0.5246000000000001
agm1000004403,0.0136609077453613,0.7438334226608276,0.0
agm1000013444,3.8202836513519287,0.4272667467594147,1.3772
agm1000001844,0.3364541530609131,0.1850043386220932,0.0
agm1000010732,2.021019458770752,0.04834382236003876,0.6016
agm1000012516,1.8419106006622312,0.16283318400382996,0.6105
agm1000017169,0.0027837753295898,0.029383599758148193,0.0
agm1000018753,2.0531160831451416,0.11226850748062134,1.0741
agm1000015526,0.8858790397644043,0.027308672666549683,0.2003
agm1000001480,0.0158221721649169,0.005421333014965057,0.0
agm1000007017,0.2159552574157714,0.05707038193941116,0.3418
agm1000002103,2.094780921936035,1.025023341178894,0.6922
agm1000013600,2.1476633548736572,0.5809403657913208,0.9122
agm1000006614,0.9026072025299072,0.43263664841651917,1.1086
agm1000015688,0.9132082462310792,0.2441045343875885,0.4857
agm1000015476,0.011235237121582,0.11739557981491089,0.0
agm1000011748,14.540940284729004,4.471339225769043,5.9684
agm1000017871,19.368377685546875,6.476281642913818,8.3954
agm1000018797,19.26923179626465,6.85159969329834,8.6358
agm1000002480,2.576033592224121,1.1647601127624512,1.1653
agm1000007829,6.301740646362305,0.2292899191379547,3.2004
agm1000000057,7.1027092933654785,1.901515245437622,3.6495
agm1000017010,6.774839878082275,2.445416212081909,3.1327
agm1000005715,4.88877010345459,2.5868449211120605,3.3879
agm1000004793,0.1602773666381836,0.22583818435668945,0.0
agm1000009533,4.647505760192871,1.870613694190979,2.4946
agm1000002783,2.5133590698242188,1.8046358823776245,0.4486
agm1000006640,1.3917515277862549,0.7015900611877441,0.0
agm1000018219,1.6098332405090332,0.36054837703704834,1.2335
agm1000000450,1.8791999816894531,0.8503574132919312,0.0612
agm1000013825,0.0610327720642089,0.91242516040802,0.0
agm1000010999,0.0090024471282958,0.05963011085987091,0.0
agm1000012973,4.76837158203125e-07,0.15779393911361694,0.0
agm1000013861,1.2341899871826172,0.05185464024543762,0.7989
agm1000008344,2.885775566101074,0.052513062953948975,1.2563
agm1000009927,0.0187575817108154,0.05598685145378113,0.1572
agm1000013418,0.0124323368072509,0.02290359139442444,0.0
agm1000010153,4.2836713790893555,1.1392781734466553,2.1382
agm1000018360,3.441835880279541,2.4952306747436523,2.7228
agm1000001870,3.5538220405578613,1.866295576095581,1.8423
agm1000008763,2.6632537841796875,2.2554469108581543,3.0589
agm1000006262,7.2465009689331055,1.8079036474227905,4.2115
agm1000001585,5.435396194458008,0.19571469724178314,3.5691
agm1000008753,0.9890537261962892,1.0041494369506836,0.9351
agm1000007181,2.4691858291625977,1.374894142150879,2.2432
agm1000000380,2.041412591934204,1.4299110174179077,2.0642
agm1000018430,4.021877288818359,1.505928635597229,2.1528
agm1000017272,4.626989841461182,1.2038419246673584,2.2393
agm1000007419,3.790472507476806,0.46123746037483215,2.1474
agm1000016872,3.9426732063293457,1.2643625736236572,2.3232
agm1000011774,3.119251251220703,0.8590747117996216,1.2328
agm1000012400,3.106318473815918,0.5390956401824951,1.6014
agm1000010996,3.5130600929260254,0.5270049571990967,2.0091
agm1000009379,1.7638347148895264,0.7426043748855591,0.0
agm1000009049,0.5909819602966309,0.4018996059894562,0.9438
agm1000003977,2.6758737564086914,0.8162966966629028,2.0516
agm1000016231,1.8155179023742676,0.732485294342041,1.2879
agm1000002177,3.4951157569885254,0.44996827840805054,1.9744
agm1000009766,2.2022738456726074,0.5327680110931396,1.5654
agm1000013687,1.7271785736083984,0.5981725454330444,1.691
agm1000002587,1.696742057800293,1.016453742980957,2.3233
agm1000014942,1.6195194721221924,0.42472967505455017,0.7661
agm1000002382,2.3496549129486084,0.30501773953437805,0.7701
agm1000014767,2.152658224105835,1.1333372592926025,2.3127
agm1000012360,3.0124471187591553,0.6270925998687744,1.4977
agm1000015302,2.6289985179901123,0.38365423679351807,1.3033
agm1000011375,2.1460533142089844,0.20969578623771667,0.8405
agm1000007745,1.6933014392852783,0.494648277759552,0.8699
agm1000010033,2.7038586139678955,0.4428766965866089,1.7383000000000002
agm1000013311,0.1341390609741211,0.33299025893211365,0.0
agm1000012665,0.013092041015625,0.22571603953838348,0.0
agm1000015063,3.274981737136841,0.9111989736557007,2.1289
agm1000017516,2.424739122390747,0.6088154315948486,1.6612
agm1000018605,1.7921693325042725,0.3840995132923126,1.0799
agm1000015020,2.6140999794006348,0.3703567087650299,0.4446
agm1000016802,1.873748779296875,0.22574466466903687,0.906
agm1000019132,0.3948843479156494,0.3372832238674164,0.3975
agm1000003104,1.1410491466522217,0.2748514711856842,1.6406
agm1000010357,0.0323357582092285,0.06604349613189697,0.0
agm1000005460,2.0711076259613037,0.2574783265590668,1.7015
agm1000019482,0.0218532085418701,0.5075841546058655,0.0
agm1000002601,2.522503614425659,0.5204154253005981,0.87
agm1000002767,0.4645693302154541,0.1289929449558258,0.0577
agm1000003375,0.0046555995941162,0.23380614817142487,0.0
agm1000013119,2.5980756282806396,0.36278581619262695,0.4692
agm1000002184,0.2714123725891113,0.7109344005584717,0.4097
agm1000005904,5.1658220291137695,3.538501501083374,3.3991
agm1000020032,6.477097988128662,5.180172920227051,3.9447
agm1000006206,6.601432800292969,4.762503623962402,3.9366
agm1000008994,8.639058113098145,5.702910900115967,5.7823
agm1000010048,7.782993316650391,5.717716217041016,4.9396
agm1000003666,8.342131614685059,5.564441680908203,4.2299
agm1000009116,5.321917533874512,3.08156418800354,4.2486
agm1000010013,4.963960647583008,2.9467270374298096,3.8073
agm1000006641,5.123351097106934,2.7963480949401855,3.1057
agm1000014484,5.414022445678711,2.118293523788452,1.3978000000000002
agm1000018412,5.588895797729492,2.1521682739257812,1.7165
agm1000012055,5.458701133728027,2.2663302421569824,1.6845
agm1000014044,5.8699164390563965,2.041533946990967,1.7827000000000002
agm1000003269,5.8205132484436035,2.5546927452087402,1.0057
agm1000013592,5.9850664138793945,2.530095100402832,1.7775
agm1000006103,5.466012954711914,2.7028608322143555,0.7713
agm1000017960,4.562066555023193,1.996694564819336,2.6828000000000003
agm1000016599,3.90265679359436,2.1851112842559814,0.9399
agm1000017466,4.269604682922363,2.147376537322998,2.166
agm1000020002,4.377610206604004,1.9608216285705566,1.5597
agm1000015327,5.172628402709961,2.048917770385742,2.5394
agm1000009960,4.790116786956787,1.946974277496338,2.6115
agm1000005804,4.680397033691406,2.0236918926239014,2.1543
agm1000003575,3.091652154922486,2.217005729675293,0.0
agm1000016562,3.140923261642456,1.7620420455932617,0.8947
agm1000016808,3.576707363128662,1.7533886432647705,2.0
agm1000007375,3.937187910079956,1.5451127290725708,2.026
agm1000001871,2.0253021717071533,1.4568064212799072,0.0
agm1000004150,3.824475049972534,1.9904060363769531,2.0084
agm1000017468,3.869593620300293,1.3333159685134888,2.3161
agm1000017549,3.3130228519439697,1.1055941581726074,1.0742
agm1000014745,3.6645994186401367,1.07108736038208,2.1414
agm1000011535,3.5684988498687744,1.2200963497161865,1.9071
agm1000015933,3.8543193340301514,1.5072392225265503,2.1205
agm1000005496,3.6188018321990967,0.6020729541778564,1.6374
agm1000005596,3.6588385105133057,0.5329368710517883,1.8624
agm1000012949,3.680967092514038,0.11895161867141724,1.9846
agm1000005954,0.365915298461914,0.42750874161720276,0.4638
agm1000019608,0.5130085945129395,0.03845231980085373,0.4719
agm1000000830,0.7408266067504883,0.1220521330833435,0.5393
agm1000011005,0.4096736907958984,0.6838463544845581,0.3091
agm1000005095,0.02842378616333,-0.030315376818180084,0.3932
agm1000012963,0.6055459976196289,0.08152824640274048,0.3662
agm1000004865,0.1450738906860351,0.11410687863826752,0.0
agm1000008630,0.0366230010986328,0.0142287015914917,0.0
agm1000000074,0.1486411094665527,0.011320486664772034,0.0
agm1000013502,0.0120606422424316,-0.015597939491271973,0.0
agm1000015580,2.1799468994140625,0.24288758635520935,1.2688
agm1000018997,0.0504307746887207,0.001826271414756775,0.0
agm1000019765,0.0026087760925292,0.04972062259912491,0.0819
agm1000002328,0.2320156097412109,0.013101696968078613,0.0
agm1000011886,0.002814769744873,0.019267231225967407,0.0
agm1000013856,0.1137671470642089,0.03649917244911194,0.0
agm1000008049,0.0267834663391113,-0.0024873018264770508,0.0
agm1000007537,0.0790853500366211,0.00835806131362915,0.0
agm1000010740,0.0007500648498535,-0.009947061538696289,0.0
agm1000012984,0.0003323554992675,0.009788304567337036,0.0
agm1000011824,3.121366500854492,1.1684397459030151,0.6354000000000001
agm1000015155,0.477712869644165,0.04830062389373779,0.0
agm1000010162,0.0866904258728027,0.004601329565048218,0.0
agm1000004190,5.317696571350098,1.6091439723968506,3.4927
agm1000011566,3.281005382537842,0.030088871717453003,0.842
agm1000003491,0.1807560920715332,0.35406729578971863,0.0
agm1000004672,0.0002565383911132,3.807469606399536,1.3049
agm1000002120,7.829361915588379,4.086777687072754,5.8347
agm1000019719,0.3974425792694092,0.08296236395835876,0.2255
agm1000017285,3.2901763916015625e-05,0.4351561367511749,0.9462
agm1000019539,3.360287666320801,0.17427168786525726,2.1388
agm1000005557,1.6299543380737305,0.11731705069541931,0.0
agm1000016453,0.0258359909057617,0.0504097118973732,0.0
agm1000011671,0.2134070396423339,0.015223398804664612,0.0
agm1000018151,0.0078520774841308,0.07480168342590332,0.1942
agm1000015689,0.0002069473266601,0.07228530943393707,0.0
agm1000013340,0.3102264404296875,0.011391840875148773,0.0
agm1000000011,1.239776611328125e-05,0.9645450115203857,0.0383
agm1000001040,0.0318083763122558,0.06152889132499695,0.1008
agm1000013785,0.0334763526916503,0.010114938020706177,0.0
agm1000002055,0.6319184303283691,0.07724195718765259,0.0
agm1000017366,4.60659122467041,2.19702410697937,2.7554
agm1000012861,4.367344856262207,2.2648117542266846,1.6849
agm1000005582,0.0107121467590332,0.03958100080490112,0.0
agm1000019579,0.0028538703918457,0.008453726768493652,0.0
agm1000009998,0.0490293502807617,0.03470893204212189,0.0
agm1000015257,0.1039843559265136,0.007553599774837494,0.0
agm1000015480,0.0005950927734375,0.014148101210594177,0.0
agm1000012353,0.1258597373962402,0.021035343408584595,0.0
agm1000014179,9.5367431640625e-07,0.03254270553588867,0.0
agm1000012700,0.0006003379821777,-0.016083598136901855,0.0
agm1000006199,0.0379910469055175,-0.016243144869804382,0.1523
agm1000004477,0.0250773429870605,0.08618906140327454,0.0
agm1000018097,0.0026149749755859,0.0014792978763580322,0.0
agm1000009676,2.6238455772399902,0.9631785154342651,1.4024
agm1000001696,0.3430385589599609,0.8809149265289307,0.5105000000000001
agm1000003723,0.179481029510498,0.09087289869785309,0.0
agm1000006845,0.1186580657958984,0.32660984992980957,0.0
agm1000000501,2.228565216064453,1.084402084350586,0.8514
agm1000017253,1.0162200927734375,-0.014462709426879883,0.0294
agm1000005471,0.6264286041259766,0.05701979994773865,0.4032
agm1000008084,0.0410256385803222,-0.02880816161632538,0.0
agm1000019694,0.2791504859924316,0.02206219732761383,0.3166
agm1000019278,0.0002088546752929,0.15126067399978638,0.7025
agm1000010228,0.0063667297363281,0.0006729364395141602,0.2245
agm1000013628,0.2185869216918945,0.11502029001712799,0.0
agm1000005714,0.9040780067443848,0.4252009987831116,0.4277
agm1000000019,0.091041088104248,0.037185512483119965,0.2364
agm1000007597,0.0004916191101074,-0.026212096214294434,0.0
agm1000013297,0.0107746124267578,-0.0032040178775787354,0.0
agm1000019042,0.0008120536804199,-0.009418919682502747,0.0
agm1000000438,0.0557470321655273,0.013260714709758759,0.0203
agm1000008296,0.0080142021179199,0.002121374011039734,0.0
agm1000010969,0.0036163330078125,0.008515730500221252,0.0
agm1000003488,0.0224814414978027,0.005664549767971039,0.0
agm1000005291,0.2781505584716797,0.009786993265151978,0.1693
agm1000019731,0.0058250427246093,-0.008074216544628143,0.0
agm1000001105,0.047924518585205,0.0032608211040496826,0.0
agm1000015234,0.1273274421691894,0.0004247725009918213,0.0
agm1000004984,0.0382800102233886,-0.010919846594333649,0.0
agm1000017801,0.0010714530944824,-0.007969200611114502,0.2056
agm1000019311,7.152557373046875e-06,0.04774805158376694,0.2137
agm1000008873,0.0026640892028808,-0.0010043345391750336,0.0
agm1000005491,0.0290989875793457,-0.017626553773880005,0.0
agm1000014627,0.0060639381408691,0.015145525336265564,0.0
agm1000017929,0.0177617073059082,-0.008534491062164307,0.0
agm1000008906,0.0518598556518554,-0.016994670033454895,0.2443
agm1000013853,0.162968635559082,-0.007083982229232788,0.0
agm1000002580,0.065866470336914,0.0049724280834198,0.0
agm1000008239,0.0424013137817382,-0.010193772614002228,0.1573
agm1000014764,0.2394633293151855,-0.02130071073770523,0.1767
agm1000009050,0.0383257865905761,0.003613211214542389,0.0
agm1000000896,0.2392525672912597,0.04401472210884094,0.0
agm1000009648,0.020639419555664,0.24671217799186707,0.2145
agm1000007051,0.2347559928894043,0.2805234491825104,0.6554
agm1000014705,1.430511474609375e-06,0.0782126784324646,0.0001
agm1000007289,0.0107731819152832,-0.0474240779876709,0.0032
agm1000012065,0.0665059089660644,-0.0022306889295578003,0.1504
agm1000007473,0.0037012100219726,0.09755875915288925,0.0814
agm1000006833,0.0100517272949218,0.07828730344772339,0.0258
agm1000012247,0.6954350471496582,0.05473311245441437,0.157
agm1000014969,0.0006029605865478,0.34271663427352905,0.0
agm1000005780,0.0239558219909667,1.0354458093643188,2.3293
agm1000017164,0.0038614273071289,0.3447503447532654,2.0817
agm1000012357,0.4359779357910156,0.7938880920410156,0.6223000000000001
agm1000017539,4.1961669921875e-05,1.6311510801315308,1.3461
agm1000002494,0.1996889114379882,2.2136590480804443,2.1992
agm1000004665,0.0099449157714843,2.580200672149658,2.8001
agm1000019426,0.0745725631713867,0.07260394096374512,0.0266
agm1000004247,1.2471685409545898,0.1556394398212433,0.9021
agm1000004642,0.0597391128540039,0.10361874103546143,0.0
agm1000000686,0.0266165733337402,0.03995011746883392,0.0
agm1000001327,0.5637054443359375,0.06070343032479286,0.0056
agm1000003245,0.0168209075927734,-0.00894734263420105,0.0
agm1000016591,0.0158858299255371,0.03251241520047188,0.0
agm1000016756,0.0490145683288574,0.030730415135622025,0.0
agm1000015313,0.0053367614746093,0.12565790116786957,0.0
agm1000002791,0.0962271690368652,0.03325960040092468,0.0
agm1000007237,0.019841194152832,0.005256488919258118,0.0
agm1000000272,0.0040459632873535,0.3221883475780487,0.0
agm1000016871,0.0007987022399902,0.009635195136070251,0.0
agm1000001749,0.0455822944641113,0.030027978122234344,0.0
agm1000016366,0.0027432441711425,0.11350388824939728,0.0
agm1000011647,0.0107417106628417,0.06430235505104065,0.6737000000000001
agm1000012560,0.0011754035949707,0.06534001231193542,0.0
agm1000012675,0.0147013664245605,0.1851060688495636,0.7348
agm1000013113,0.1156878471374511,-0.04392820596694946,0.7223
agm1000005664,0.0063982009887695,0.11919791996479034,1.3535
agm1000001705,0.0124120712280273,0.08994181454181671,0.8104
agm1000006319,0.007415771484375,0.11002960801124573,0.0
agm1000016967,0.0050806999206542,0.5572748184204102,1.3547
agm1000013709,0.1821227073669433,0.867469310760498,1.4305
agm1000002042,0.0040464401245117,0.17301376163959503,0.0
agm1000019824,0.076791763305664,-0.0017048120498657227,0.0
agm1000014492,0.0194730758666992,0.0021570175886154175,0.021
agm1000017691,0.0198054313659667,0.008113279938697815,0.0
agm1000015488,0.0037307739257812,-0.005458556115627289,0.0
agm1000015882,0.0064530372619628,-0.01956261694431305,0.0
agm1000014155,0.0081095695495605,0.005379721522331238,0.0
agm1000001093,0.0968117713928222,-0.0013301223516464233,0.0
agm1000006266,0.0191688537597656,0.022344671189785004,0.0961
agm1000005956,0.0010666847229003,-0.015173181891441345,0.0
agm1000009130,0.0001153945922851,0.033734217286109924,0.0
agm1000016452,0.0499353408813476,0.003588631749153137,0.0
agm1000011987,0.0455822944641113,0.004098281264305115,0.0
agm1000018137,0.0009498596191406,0.011746779084205627,0.0
agm1000011494,0.0487570762634277,0.0053029656410217285,0.0
agm1000010770,0.0216455459594726,-0.0018578916788101196,0.0
agm1000000264,0.0218639373779296,0.016910433769226074,0.0785
agm1000005961,0.0274467468261718,-0.003735467791557312,0.0332
agm1000014080,0.0574550628662109,-0.035755932331085205,0.1499
agm1000000100,0.0481395721435546,0.03584863245487213,0.0028
agm1000002448,0.0158696174621582,0.0015519969165325165,0.2619
agm1000010414,0.0473842620849609,0.005614712834358215,0.383
agm1000007393,0.0147376060485839,0.4584522545337677,0.3829
agm1000017163,0.0089707374572753,-0.007012881338596344,0.0
agm1000009800,0.00046968460083,3.7882477045059204e-05,0.3184
agm1000018790,0.03312349319458,0.029481858015060425,0.0006
agm1000015969,0.0067148208618164,0.023639515042304993,0.0
agm1000012777,0.0055561065673828,-0.04411248117685318,0.2852
agm1000000843,0.0484147071838378,0.00882500410079956,0.1166
agm1000007283,0.3349690437316894,-0.019042514264583588,0.0
agm1000009887,0.0002708435058593,0.036553092300891876,0.0042
agm1000017133,0.0020108222961425,0.023681074380874634,0.257
agm1000002011,0.0298900604248046,0.02856871299445629,0.0
agm1000007793,0.0241303443908691,0.01813509687781334,0.0
agm1000016731,0.0002675056457519,-0.015901990234851837,0.0
agm1000014288,0.0208983421325683,-0.007002770900726318,0.0
agm1000007719,0.1363067626953125,-0.0223890021443367,0.242
agm1000015858,0.0023684501647949,-0.0339885950088501,0.0
agm1000014766,0.0780701637268066,-0.061822302639484406,0.1674
agm1000008822,0.1759214401245117,-0.028015777468681335,0.0
agm1000000001,0.11076021194458,0.0003855898976325989,0.0179
agm1000005585,0.0144839286804199,0.014244958758354187,0.067
agm1000010749,0.002105712890625,0.10965269804000854,0.0
agm1000009618,0.002295970916748,0.025041278451681137,0.0
agm1000019389,0.072214126586914,0.0030796676874160767,0.1219
agm1000013322,0.0467829704284668,-0.014294497668743134,0.0
agm1000004333,0.0017242431640625,0.41851097345352173,0.4232
agm1000005595,5.8039398193359375,3.3608293533325195,2.8523
agm1000004292,5.66086483001709,1.935836672782898,1.6157
agm1000010256,3.580734968185425,1.9007107019424438,2.1451
agm1000012820,3.7155628204345703,1.6953668594360352,1.8599
agm1000001637,0.1397678852081298,0.008175939321517944,0.3116
agm1000013606,3.0829050540924072,1.0213360786437988,1.256
agm1000017173,2.540283441543579,0.4082208573818207,1.1987
agm1000013331,2.5837442874908447,0.13569726049900055,1.1482
agm1000014723,1.7507712841033936,0.07621704787015915,0.4847
agm1000016661,1.1936266422271729,0.05122770369052887,0.1915
agm1000001217,1.9117944240570068,0.027845799922943115,0.7206
agm1000007054,2.570650815963745,0.09598119556903839,1.4521
agm1000013633,0.0104444026947021,0.025770284235477448,0.0
agm1000002892,1.814289093017578,0.03904448449611664,0.1679
agm1000018301,1.9170780181884768,0.135032519698143,0.4128
agm1000010699,5.292509078979492,3.695708990097046,3.877
agm1000001286,5.293230056762695,3.532815933227539,3.914
agm1000012332,5.51077127456665,3.729973316192627,3.5358
agm1000010912,8.39106273651123,6.270265102386475,6.7866
agm1000018169,9.141886711120604,5.636078357696533,6.0101
agm1000001155,6.558779716491699,4.198809623718262,2.5562
agm1000000357,3.997987508773804,1.9104669094085693,2.0292
agm1000003926,4.193301200866699,1.6728403568267822,2.8246
agm1000011080,3.182060718536377,1.1925153732299805,0.5639000000000001
agm1000014440,3.3049192428588867,1.2379941940307617,0.9379
agm1000012837,3.3544111251831055,0.9893146753311157,0.502
agm1000000230,3.7193870544433594,1.2064640522003174,0.9102
agm1000004329,0.0404422283172607,0.7327136993408203,0.0
agm1000000282,0.2330291271209716,0.2680259048938751,0.6194000000000001
agm1000010251,1.9737706184387207,0.015534177422523499,0.0
agm1000006361,0.1613993644714355,0.5828155279159546,0.258
agm1000016480,1.2158989906311035,0.46879634261131287,0.0
agm1000016712,1.6433000564575195,0.1379929482936859,0.0744
agm1000011492,2.675215005874634,0.2686156630516052,1.3176
agm1000012487,0.426645278930664,0.22805145382881165,0.441
agm1000005782,2.7180676460266113,0.7454730272293091,1.5266000000000002
agm1000003518,0.0070033073425292,0.06766757369041443,0.0
agm1000001502,0.4584705829620361,0.27233636379241943,0.4599
agm1000008362,0.0883131027221679,0.26880237460136414,0.0
agm1000004546,0.3136992454528808,0.13334350287914276,0.0067
agm1000004432,0.4832749366760254,0.16069543361663818,0.872
agm1000013789,3.3992655277252197,0.03590500354766846,1.0625
agm1000016934,2.8065121173858643,0.48133906722068787,1.9226
agm1000001708,0.7396211624145508,0.39056631922721863,0.513
agm1000003155,7.106907844543457,2.7856078147888184,4.1115
agm1000019216,6.107210159301758,3.7974472045898438,3.7217
agm1000008580,6.199953556060791,3.7560062408447266,3.8541
agm1000006329,7.290035247802734,3.3274667263031006,4.6759
agm1000017341,8.925418853759766,3.776284694671631,4.8804
agm1000010128,6.548034191131592,2.8269801139831543,4.1827
agm1000005351,4.286559581756592,2.789228916168213,2.9358
agm1000001218,5.639525413513184,2.1511197090148926,3.4494
agm1000017420,4.8465166091918945,0.11625397205352783,1.7336
agm1000018234,5.336507797241211,0.7446353435516357,1.505
agm1000009761,5.724359035491943,0.8080357313156128,2.1432
agm1000011756,5.054688930511475,0.339423805475235,0.3237
agm1000014115,7.121906757354736,2.242794990539551,3.0194
agm1000013121,6.967004299163818,1.5151383876800537,2.5976
agm1000013438,6.0013532638549805,1.0048725605010986,2.1593
agm1000001788,0.0175971984863281,0.10589279234409332,0.0
agm1000002994,0.1999921798706054,0.046421341598033905,0.0
agm1000018984,4.2454681396484375,1.4290766716003418,2.7946
agm1000015587,3.532351016998291,1.8714920282363892,2.6035
agm1000017265,3.2906551361083984,0.9073688983917236,2.2437
agm1000000141,3.605135917663574,-0.006872594356536865,3.0146
agm1000001740,2.9704909324645996,-0.025948479771614075,1.9652
agm1000018452,2.5451090335845947,0.29148513078689575,1.7055
agm1000015375,0.1849212646484375,0.10168624669313431,0.0
agm1000009649,3.7916100025177,1.677657961845398,1.6466
agm1000003381,0.0298919677734375,0.08427363634109497,0.0
agm1000003851,0.0127673149108886,0.09971105307340622,0.0
agm1000007062,1.7664456367492676,0.03327643871307373,0.2277
agm1000011329,3.328310251235962,1.5324106216430664,2.2017
agm1000001748,3.660624504089355,1.6115199327468872,2.302
agm1000016956,2.581408977508545,1.282768964767456,2.0857
agm1000011931,0.0175662040710449,0.7493444681167603,0.0
agm1000013612,2.427776336669922,1.4555742740631104,1.2518
agm1000001476,0.6328492164611816,0.07600994408130646,0.0
agm1000013873,3.7189383506774902,1.1954482793807983,0.8154
agm1000003419,0.810941219329834,0.1731421947479248,0.0
agm1000018607,3.3309311866760254,1.2438044548034668,2.0315
agm1000016972,3.183995246887207,1.2064259052276611,1.6136
agm1000018821,2.4279699325561523,0.9336578845977783,0.481
agm1000017792,1.7219696044921875,0.9397891759872437,1.024
agm1000011242,3.712282180786133,0.7510815858840942,1.9595
agm1000015097,3.0997567176818848,0.9806985855102539,1.2967
agm1000000388,0.2980103492736816,0.09255985915660858,0.0
agm1000013547,1.7333824634552002,0.30724552273750305,0.122
agm1000017509,0.0253424644470214,0.3274722397327423,0.0
agm1000007304,0.0007548332214355,0.19951710104942322,0.0
agm1000000982,0.0116686820983886,0.025037966668605804,0.0
agm1000017613,5.1220879554748535,2.799454689025879,3.5993
agm1000002041,3.8103957176208496,1.9709124565124512,1.5206
agm1000014467,6.303058624267578,4.4541754722595215,2.8949
agm1000015603,3.91129732131958,2.271224021911621,2.951
agm1000018998,5.137912273406982,3.3645405769348145,3.3375
agm1000009651,5.189615249633789,2.9113144874572754,2.5116
agm1000000255,4.824496746063232,3.1093909740448,1.9216
agm1000002253,0.2417647838592529,0.17952686548233032,0.3267
agm1000018971,0.0887393951416015,0.12778562307357788,0.0
agm1000003241,0.3773283958435058,0.08681908249855042,0.4968
agm1000010397,0.7026939392089844,0.19991181790828705,0.0
agm1000000545,2.9932339191436768,1.1575603485107422,0.9976
agm1000004005,1.6739583015441897,0.06760038435459137,0.9754
agm1000012977,0.0694112777709961,0.036221474409103394,0.0642
agm1000003552,0.1102175712585449,0.183725506067276,0.0
