mat_id,formula,dft_gap,sk_gap,alignn_gap,e_form
agm003226820,VS4,0.9530000000000001,0.0030426979064941406,0.9723705053329468,-1.0831461
agm005239435,Bi2O3,2.1742,4.706657886505127,2.141714572906494,-1.6464821
agm001944229,RbCuCl2,2.9673,0.2817329168319702,0.7656985521316528,-1.5036699
agm003639496,MgSc5Ru4,0.0,0.002017378807067871,0.0097886659204959,-0.50682616
agm005270692,CdP14Pb,1.4679,0.0020221471786499023,1.4349305629730225,-0.048514854
agm005545977,SrS5,1.024,3.9620678424835205,1.4176417589187622,-1.1123807000000001
agm003662131,La(Ga2Pd3)2,0.0,0.001850128173828125,-0.0029298216104507,-0.7714926
agm003222909,Rb2Ag2GeS4,1.9391,0.0009279251098632812,1.8016237020492551,-0.9609738999999999
agm005250616,P3NCl12,1.8654000000000002,9.316871643066406,1.8730111122131348,-1.0594858
agm002143619,RbAuCl4,1.8555000000000001,0.00146484375,1.9139615297317505,-1.3221413
agm005157497,Ba2AlBiSe5,1.6724999999999999,2.286452531814575,1.413988471031189,-1.3080926
agm005730952,TlWBr6,0.0,0.0038993358612060547,1.0072251558303833,-0.5645312
agm004683311,Na3Tl3RhO8,0.0,0.0025670528411865234,0.0884188860654831,-1.3875386
agm005228543,Ta2MnO6,3.0883,0.0010075569152832031,3.133981227874756,-3.1036444
agm002283726,CsLiMgSe2,2.6541,4.365835666656494,2.615873336791992,-1.3144442
agm005797618,PbSeO3,3.1031,3.9500303268432617,3.275117874145508,-1.4695269
agm005582517,Nb(TlBr3)2,0.0,0.002142190933227539,1.143662929534912,-0.87634724
agm003608556,NiBiTe,0.0,1.4781951904296875e-05,0.0036301240324974,-0.16347998
agm006065631,Zr4ScSe8,0.0,0.008748531341552734,0.2218891084194183,-1.4301168
agm002437170,Sc3GaC,0.0,1.590147852897644,-0.0039274021983146,-0.6712638
agm005789957,MnNiCl6,0.715,9.822845458984375e-05,0.1225700378417968,-1.181555
agm003244152,Ba3GeO5,2.928,2.7976479530334473,2.815422534942627,-2.85522
agm001291807,LiTiSnIr,0.9541000000000001,0.007260322570800781,0.0114256292581558,-0.6781134600000001
agm002369966,ZrGaCoRu,0.0,0.003876209259033203,0.0256251841783523,-0.49779636
agm002323490,Y3Tl3Rh2,0.0,0.005221843719482422,0.0051527135074138,-0.5655975999999999
agm003283815,Mg3B7BrO13,5.9568,7.6058349609375,5.466732025146484,-2.8675232
agm005989212,ZrSc3Co8,0.0,0.01566028594970703,0.0095160752534866,-0.34335289999999996
agm005059988,LiGaPtO4,1.9368,0.009226322174072266,1.198960781097412,-1.8033164
agm005087988,NaInPbF6,4.4711,5.285645961761475,4.46612548828125,-2.8568974
agm005274791,Al53Fe17Si12,0.0,0.0012392997741699219,0.0040503144264221,-0.31426656000000003
agm003217145,LiBPt3,0.0,0.00077056884765625,-0.0070935487747192,-0.53301597
agm002172769,YRhO3,0.7898000000000001,0.004978656768798828,0.8837379217147827,-2.5581052
agm005963564,Rb3SbCl6,3.5296000000000003,3.0624003410339355,3.319370746612549,-1.9180465
agm005023051,LaCoP2Os,0.0,0.0320429801940918,0.009017176926136,-0.9023341500000001
agm003039623,SnBRh3,0.0,0.003337860107421875,0.0024708583950996,-0.44131148000000003
agm003243252,Sr11Al4In3,0.0,0.001018524169921875,0.0125374421477317,-0.26819733
agm004523795,Ba2CdSn3Au4,0.0,0.0007243156433105469,-0.0001167505979537,-0.5800227
agm005230238,Ba4LiW2N7,1.9855,1.4495363235473633,1.9915839433670044,-1.0651885
agm005232701,MnSiIr,0.0,0.004334449768066406,0.0129358768463134,-0.5334588
agm003236430,K3In(IO3)6,3.1679,4.002342700958252,3.2092766761779785,-1.2415669
agm004605484,La6AsP2Se3,0.0,0.0003744363784790039,-0.0160754472017288,-1.8556743
agm002286027,Rb2MgS2,2.596,3.525623321533203,2.6423592567443848,-1.5424799
agm003201903,CsAlGe,0.0,0.0011372566223144531,0.0899469256401062,-0.17615996
agm006114618,CaIn5Rh6,0.0,0.0027489662170410156,0.0064126104116439,-0.46359897
agm003238557,Zr6Al16Pd7,0.0,0.0036668777465820312,-0.0006538331508636,-0.7536837
agm002270931,RbIrF6,0.0,0.004797935485839844,0.1916168332099914,-2.2805786
agm005713193,K(VCl3)2,0.0,0.007059335708618164,0.3654650151729584,-1.8095822
agm005682164,Sc2Tc3B4,0.0,0.004582524299621582,-0.001758374273777,-0.63962984
agm003390797,Y2GaCo2,0.0,0.0010461807250976562,0.000316634774208,-0.40614927
agm002666117,Mn2CrCo,0.0,0.019901275634765625,0.0022145360708236,-0.042736303
agm004538184,Ba2NaBi3Pd4,0.0,0.0010738372802734375,0.014848455786705,-0.594669
agm003160509,SrF2,6.7915,8.792044639587402,6.7524495124816895,-4.2524476
agm003711944,GeIF3,2.9815,8.421494483947754,2.2621312141418457,-2.1181738
agm003269445,LiYAu2,0.0,0.0011076927185058594,0.0012401938438415,-0.7189884999999999
agm003226690,Mg2BeB2Ir5,0.0,0.0031685829162597656,-0.001785360276699,-0.5037247
agm005544074,V4W,0.0,0.002470254898071289,-0.0094154477119445,-0.038454346
agm005283774,Ba17Y16Zn8Pt4O57,2.1811,0.0019593238830566406,2.336604595184326,-2.9734962
agm002209105,Zr6CuTe2,0.0,0.009153366088867188,0.0046513453125953,-0.5068552
agm003264179,TaNbAl6,0.0,0.011899664998054504,-0.0001417696475982,-0.38222619999999996
agm004720511,La8Te4As3Se,0.0,0.0013588666915893555,0.1249388605356216,-1.689858
agm002231126,NbBr2O,0.8432000000000001,0.011493682861328125,1.0201817750930786,-1.7004690999999998
agm003226369,SeF4,4.0393,8.740205764770508,4.282896041870117,-2.095099
agm002157748,Rb2LiInF6,5.2703,8.458377838134766,5.000982284545898,-3.0358737
agm003142398,ScTlSe2,0.7645000000000001,1.7021725177764893,0.6204965114593506,-1.2576332
agm005034174,CsScFeSe3,0.0,0.001099705696105957,0.0348224341869354,-1.1535127
agm005874986,Rb5Bi2Au,0.1749,0.00017333030700683594,0.0904660820960998,-0.38546506
agm002177960,Sc(FeP)2,0.0,0.038152217864990234,-0.0053212344646453,-0.9685752
agm006131686,Ti6Tc5Au,0.0,0.010024309158325195,-0.0032627582550048,-0.5272389
agm004852949,CaZn2MoN4,2.0548,0.0006623268127441406,2.0905656814575195,-0.65641063
agm003278284,Sb8(PbS5)3,1.6517,2.3099710941314697,1.279700756072998,-0.7085475999999999
agm003272658,Ba3Al2F12,6.7061,12.177867889404297,6.903375625610352,-4.093586
agm003201835,BiOF,2.6593,4.179060459136963,2.6431996822357178,-2.2288585
agm004750847,Rb2AlTlSb2,0.2225,0.9819090366363525,0.6335759162902832,-0.32412399999999997
agm003247917,RbY2Cl7,4.4056,7.855945110321045,4.3943867683410645,-2.6685195
agm005672942,Pb(S3F)2,1.6998000000000002,2.450437307357788,2.018160343170166,-1.1687982
agm003219352,NaInSn2,0.5427000000000001,1.2318227291107178,0.2037981748580932,-0.14198008
agm003223871,Na2W4O13,1.7549000000000001,7.391622543334961,1.9445027112960815,-2.2034574
agm005529982,Rb2Cd3,0.0,2.288818359375e-05,0.0131402909755706,-0.062249187000000004
agm003249985,Na2Nb3O6,0.0,0.0026115775108337402,-0.0044611990451812,-2.665986
agm003277288,Zn2TeCl2O3,3.6235,0.11131477355957031,3.665895462036133,-1.6147287000000001
agm006094010,Ti(BeAu)6,0.0,0.005407810211181641,0.0434513166546821,-0.20930521
agm001228451,Ti2ReTc,0.0,0.007534980773925781,-0.0030139684677124,-0.44352683
agm002169978,KNa2AgO2,1.6016,0.005159258842468262,1.847287654876709,-1.2490172
agm002187648,KSiTe3,1.3557000000000001,2.5207297801971436,1.0867581367492676,-0.43228093
agm003215879,Tl2Sn2S3,0.7488,1.7368626594543457,1.027014970779419,-0.6930829
agm005137764,Mg2NiB2Ir5,0.0,0.00110626220703125,-0.0057335048913955,-0.37648904
agm003245079,RbLi7(SiO4)2,4.7476,0.0007867813110351562,4.751161575317383,-2.634729
agm003247802,RbV3Cd4O12,2.3707000000000003,3.1438779830932617,2.4484944343566895,-2.0378492
agm003265640,Na3Ga3(TeO6)2,1.8555000000000001,4.381195545196533,2.1677823066711426,-1.9906438999999998
agm005630248,Hf2(Al3Rh)3,0.0,0.0019927024841308594,0.0116832703351974,-0.7436765
agm001153696,Hf2CoRe,0.0,0.004288196563720703,-0.0047929361462593,-0.4139909
agm003469360,Rb2AsF5,4.9038,3.1184935569763184,4.4986138343811035,-2.7882001
agm005248132,ScMn2SbO6,1.5808,0.002059459686279297,1.44113028049469,-2.5209432
agm002139206,Cs2IrBr6,0.0,0.009410381317138672,0.9430093765258788,-0.9749289999999999
agm005730441,La2B10Ir,0.0,0.0008727908134460449,0.0154172703623771,-0.60975343
agm005967209,Ti2AsRh5,0.0,0.0025186538696289062,-0.0009174644947052,-0.7572816
agm002196627,Y3Al7Ag2,0.0,0.007415056228637695,0.011863999068737,-0.45948052
agm005620061,K2Mn3Cl8,1.966,0.0011882781982421875,1.9986581802368164,-1.734953
agm003220072,YCu6ClO8,0.0,0.0059146881103515625,0.013785183429718,-1.4657398
agm002218970,LiMgInNi,0.0,0.0052155256271362305,-0.0184052512049675,-0.2576487
agm002214533,SrGe3Pd,0.0,0.002388477325439453,0.0259929895401,-0.5550735
agm002950410,Y(TaOs)2,0.0,0.006570577621459961,-0.0017895996570587,-0.31539255
agm005248174,Mg29Ir4,0.0,0.0012792348861694336,0.0065233260393142,-0.19201861
agm005780201,Na2PPd6,0.0,0.004504203796386719,0.0112187787890434,-0.36980093
agm005160896,Rb2CaAgI5,2.8199,0.0005805492401123047,2.6307568550109863,-1.2691368
agm005652887,Hf2ZrPb,0.0,0.003710925579071045,-0.0054454877972602,-0.13367154
agm002221977,Mn3Ge,0.0,0.009982109069824219,0.0092809945344924,-0.10297902
agm002187731,TaMnSi,0.0,0.007152557373046875,-0.007010169327259,-0.5788017999999999
agm005018431,YBeSi2Ni,0.0,0.003420114517211914,0.0037132054567337,-0.7000723
agm003238457,Sc5Tc24,0.0,0.007925033569335938,0.0074636340141296,-0.18378183
agm003263690,Ti3Au,0.0,0.003016233444213867,0.0100848376750946,-0.35153854
agm001116631,Ti2MnRh,0.0,0.00835561752319336,-0.005284696817398,-0.6161051
agm003223302,Rb2Li2GeO4,3.388,1.7894954681396484,3.3778905868530273,-2.1267564
agm002248801,Sc3Al3Ge2Ru,0.0,0.009774744510650635,0.0091663002967834,-0.78343564
agm006110911,TaNb5Tc6,0.0,0.006916999816894531,0.0044633448123931,-0.37273654
agm005662356,Ba2In3Bi4,0.0,0.0011506080627441406,-0.0028699710965156,-0.4310831
agm003242613,Ti3P6WO24,2.5776,14.877691268920898,2.543153762817383,-2.879844
agm005884209,Mn2NiSe4,0.0,0.005930900573730469,0.0029687583446502,-0.43685585
agm004512232,La2Ge4Ir3Rh,0.0,0.003010272979736328,0.0054114758968353,-0.83802164
agm003160820,Ti2Re,0.0,0.003052830696105957,0.0064406692981719,-0.31406322000000003
agm003284753,AsIF12,0.6229,9.890423774719238,0.5782533884048462,-2.0407636
agm003450126,V4Ge2N,0.0,0.023891925811767578,-0.0027080625295639,-0.6586282
agm004770414,Cs2ZrMnTe4,0.7187,0.0007863342761993408,0.9965200424194336,-0.84596986
agm005062642,LiYHfS4,1.3389,6.538801670074463,1.3588606119155884,-2.118978
agm003206332,La(GaPd)2,0.0,0.0011053085327148438,-0.002723328769207,-0.83083564
agm004687428,Na3VSn3S8,0.0,0.004327297210693359,0.1022146046161651,-1.1217116
agm002690205,LaTlAu2,0.0,9.5367431640625e-07,-0.0060884580016136,-0.6091458
agm003229303,K2Zn(SiO3)2,3.9145000000000003,0.0002753734588623047,3.9842495918273926,-2.7410548
agm002211842,Hf6FeAs2,0.0,0.003287076950073242,0.0117213428020477,-0.6330876999999999
agm001619896,Li2TlIrN,0.0,0.0033599138259887695,-0.0414920151233673,-0.34335086
agm004506273,Ca2Ge4RuPt3,0.0,0.0029006004333496094,0.004372514784336,-0.75295955
agm003492404,Ti6In2O,0.0,0.001577615737915039,0.0117951929569244,-0.80948436
agm005020851,SrLiZnSn2,0.0,0.010750651359558105,0.0236674062907695,-0.45001945
agm003237675,Y2(Al3Ir)3,0.0,0.004273891448974609,-0.0026242211461067,-0.8684008
agm004544501,Rb2In2As2O,0.7361000000000001,1.5617809295654297,0.6692099571228027,-0.84117603
agm004756081,Na2LiInP2,1.0271,2.5230331420898438,1.0617114305496216,-0.44451818
agm005709814,Tl(AsO3)2,0.0,0.003226757049560547,1.6542937755584717,-1.5399334
agm005709991,CuSeN2,0.0,0.06205153465270996,0.0486217439174652,-0.11400236
agm005669011,Zr10(SnSb)3,0.0,0.004646897315979004,0.0034063905477523,-0.62511605
agm003439340,MgAl2Rh3,0.0,0.0011019706726074219,0.007381372153759,-0.9556334
agm002230307,Ba2ScRhO6,0.0,0.009400725364685059,0.0378336906433105,-2.7137256
agm005938942,Sc4Cu3Pd,0.0,0.003516674041748047,-0.0017164573073387,-0.44134409999999996
agm005265920,Ba4LiMo2N7,1.7778,2.6244587898254395,1.773979425430298,-0.9968131
agm002252651,Cs3AlSb2,0.49450000000000005,0.0006184577941894531,0.6973400115966797,-0.42893055
agm006115203,V6CrRe5,0.0,0.0025582313537597656,-0.0023893266916275,-0.32146376
agm004922553,Sr2CrRuO6,0.4222,0.005448102951049805,0.0213006883859634,-2.469471
agm002256055,In2BPt6,0.0,0.0109710693359375,0.0002918541431427,-0.42105597
agm005958669,Pb(ClF)2,2.7376,4.897208213806152,1.795959711074829,-1.7911038
agm005257163,RhSe2Cl7,1.9274,0.005330264568328857,1.4422228336334229,-0.8481778
agm003276864,Ba11In6O3,0.0,0.002289295196533203,0.0252711214125156,-1.1220957
agm002063744,LaSF,1.48,8.47044563293457,1.512046456336975,-3.4892552
agm005631132,La2Ge3Pt,0.0,0.000514984130859375,-0.0067721791565418,-0.958596
agm003645100,Sc5ZnCo4,0.0,0.0004334449768066406,0.004023902118206,-0.368955
agm005047359,CdTcClO4,2.467,0.006283760070800781,2.5585339069366455,-1.7699837999999999
agm005866254,Y4AlIr,0.0,0.0015259981155395508,-0.0010074228048324,-0.5385738999999999
agm003613632,La2PtI,0.0,0.0010246038436889648,0.0587789863348007,-1.222759
agm005600657,Ca3(BeSi2)2,0.0,0.0019426345825195312,0.0182782858610153,-0.42127139999999996
agm006104325,La4Pd3Ru,0.0,0.0013003349304199219,0.0036947280168533,-0.6779191999999999
agm003061809,CuSbSe2,0.6258,0.005620002746582031,0.6596424579620361,-0.21045683
agm005091997,CaInBiCl6,3.2408,4.135037899017334,3.4975287914276123,-1.8384133999999999
agm005845981,Rb2IF7,4.0116,6.625870227813721,3.357164144515991,-2.4609306
agm002389386,CuReF6,0.0,0.012035369873046875,0.0728972256183624,-2.2101395
agm003226051,Sr2ScNbO6,2.947,0.0005540847778320312,3.1242775917053223,-3.50877
agm003234130,Ba2Zr6BCl17,1.1452,0.0012738704681396484,1.052099108695984,-2.3127034
agm003201184,SrZnSi,0.0,0.009293079376220703,0.0101163387298583,-0.43525559999999996
agm005545240,CaO4,0.0092,0.0005235671997070312,1.2492074966430664,-1.6612544
agm005008569,YGaCo2C,0.0,0.005714893341064453,0.0209379941225051,-0.3846385
agm002184743,RbScTe2,0.8578,3.7699849605560303,0.7961676120758057,-1.2371057
agm003143898,RbTlSe2,0.7985,3.6989097595214844,1.193571925163269,-0.6675329
agm006116419,Al6FeCo5,0.0,0.011199951171875,0.0137613266706466,-0.5757333
agm001218160,NbNiRu2,0.0,0.2749443054199219,0.0167047679424285,-0.20229024
agm005067201,LiAgRhF5,1.0305,0.47133922576904297,0.9365549087524414,-2.0608513
agm002247350,ZrSnRu2,0.0,0.013039112091064453,0.0083542913198471,-0.5826719
agm003435951,Ti3Mn2Rh,0.0,0.003123044967651367,-0.0040816515684127,-0.49834249999999997
agm003543082,Cs3InTe3,1.7367,3.671679735183716,1.656846523284912,-0.92847383
agm001614642,LiSc2InO,0.0,0.4549609422683716,0.0213395506143569,-1.5783228
agm003250699,Zn3Te2P2(PbO7)2,2.984,0.0008382797241210938,3.364659547805786,-2.0481973
agm005137866,Nb2GaFe5B2,0.0,0.006587028503417969,-0.0021273829042911,-0.38880539999999997
agm004492807,Cs2Ta(TeO4)3,0.0,0.04494810104370117,0.738004207611084,-2.0323403
agm005855043,B2PbF8,5.8999,6.9287590980529785,6.029261112213135,-3.0812128
agm003207069,NaTl2InF6,4.4592,5.8839826583862305,3.902259826660156,-2.604556
agm004739875,Cs2KInAs2,0.5967,0.0007853507995605469,0.8439340591430664,-0.47468662
agm005532217,Y2Fe7,0.0,0.005583286285400391,0.0017544031143188,-0.05746353
agm005892612,Y5Bi2Ir,0.0,0.0016940832138061523,0.020952321588993,-0.7851414999999999
agm002285266,La(MgP)2,0.0,0.005218729376792908,0.7175973653793335,-0.9918849999999999
agm001083967,Sc4Ge2C,0.0,2.2854292392730713,0.0586231984198093,-0.77236384
agm003233021,YRh3,0.0,4.76837158203125e-06,0.005448043346405,-0.57225245
agm003618898,TiTe2Pd,0.0,0.004773139953613281,0.0147993564605712,-0.6229309
agm005744984,Y2MnGa6,0.0,0.0027446746826171875,0.0123833566904068,-0.5221615
agm006024185,RbCu3F9,0.0,0.010171890258789062,-0.0115024447441101,-2.0082216
agm003227404,Sc2Ni12P7,0.0,0.01575946807861328,0.0079424642026424,-0.75328976
agm004792853,LiY4MgAl2,0.0,0.0016202926635742188,-0.0054878592491149,-0.27848077
agm003424032,Cs3AgO2,1.4232,0.00880730152130127,1.7742661237716677,-1.1279638
agm005954804,Ba2CaSb2,1.3643,2.435605525970459,0.4446806013584137,-1.0411398
agm003238411,Zr6Al16Ni7,0.0,0.0020265579223632812,0.0001955926418304,-0.64184344
agm004744325,BaCa(CuSb)2,0.0,0.00795125961303711,0.0184136554598808,-0.69083947
agm001628748,ScNiBRh2,0.0,0.0007905960083007812,-0.0037788413465023,-0.7191736
agm003681723,NaLa5Se8,1.6613,4.957444190979004,0.0492627322673797,-1.9728603
agm004491269,K5Rb2Au3O2,0.6382,0.00015813112258911133,0.5970861911773682,-0.7974380999999999
agm005055249,CsKZnCl4,4.5276,0.023522138595581055,4.406483173370361,-2.0217447
agm003186691,Zr2ReRh,0.0,0.006304740905761719,0.0046035312116146,-0.58802575
agm005583240,Cu3(RuO3)4,0.0,0.07187747955322266,0.0063157975673675,-1.260753
agm003251869,Ba4Y3F17,6.6985,9.429128646850586,6.731834411621094,-4.3444624
agm003242060,K2Li14Zr3O14,4.3427,5.61430025100708,4.491976737976074,-2.571227
agm003264374,Al2CuIr,0.0,0.008414745330810547,0.0102421268820762,-0.66787326
agm002342859,LiSiPd2,0.0,0.0008206367492675781,-0.0053294599056243,-0.68656677
agm003187036,Sc2NiOs,0.0,0.005608081817626953,-0.0028294995427131,-0.5021168
agm003242787,MnFe2Sb2(PO4)6,2.7314,0.003535032272338867,2.477693557739258,-2.4127476
agm003272413,ScCo2,0.0,0.001598358154296875,0.0070164129137992,-0.35023803000000003
agm005615593,Sr3Cd2Rh7,0.0,0.006732940673828125,-0.0041067600250244,-0.25130433
agm003211390,KFe2S3,0.0,0.000823974609375,-0.0037557035684585,-1.0150138
agm003570924,Ba3WO6,3.1779,3.510094165802002,3.1133406162261963,-2.8788328
agm005087330,NaGaPbF6,4.832,6.948009014129639,4.843839168548584,-2.9265878
agm005661332,Cs3CuO2,0.9298000000000001,0.003785848617553711,1.3375054597854614,-1.222124
agm002165536,Na3(SiPt)4,0.0,0.0003838539123535156,0.0145337283611297,-0.6315651999999999
agm006105264,Sr4CuPd3,0.0,0.003996372222900391,0.0436900854110717,-0.49816146
agm005933079,Y2CdCo2,0.0,0.0049495697021484375,0.0029312297701835,-0.26554978
agm003237491,V4P3,0.0,0.004202842712402344,-0.0015004873275756,-0.8474174999999999
agm005277373,Y(AlFe)6,0.0,0.0013535022735595703,0.0169686749577522,-0.38393515
agm001830158,BaPb3,0.0,0.0010724067687988281,0.005986288189888,-0.37407815
agm003244994,K2TeClF5,4.423,7.62071418762207,4.5534868240356445,-2.6474514
agm004764800,KNa2AsO4,3.4112999999999998,6.942647933959961,3.31536865234375,-2.0639532
agm003207098,Cs2NaYF6,6.8653,0.0006074905395507812,6.89636754989624,-3.6082428
agm006047773,Zr4TlSe8,0.0,0.0008480548858642578,0.2992221117019653,-1.2740034
agm002214374,Y(Re2Ge)2,0.0,0.0010547637939453125,0.0154194831848144,-0.2826712
agm006121023,Y6AsSe5,0.0,0.0009088516235351562,-0.0253818929195404,-1.7615374
agm001115449,Ti2CuRe,0.0,0.01403188705444336,-0.0133039951324462,-0.2923987
agm005168894,CsKAg2Br5,0.0,0.023772239685058594,0.1152438670396804,-0.9722251
agm005689051,Mn(GeI3)2,1.8851,0.0023872852325439453,1.4051252603530884,-0.36275098
agm003276973,Y(IO3)3,3.5314,7.387611389160156,3.453918933868408,-1.4749771
agm005813887,Hf(MgSc)2,0.0,0.00021183490753173828,-0.0045186057686805,-0.04762838
agm002218475,Li2SiPd,0.0,0.002717137336730957,0.0021389424800872,-0.5390171
agm005858955,Cs2TcO4,0.0,1.1086463928222656e-05,2.468855381011963,-2.0667014
agm003247901,TlRe3(S2Cl)2,1.8963,0.008877754211425781,1.605238914489746,-1.0943542
agm003232707,YB4Mo,0.3165,0.0010663270950317383,0.3254223167896271,-0.62157387
agm004755858,Rb2TlInBi2,0.0,0.004846811294555664,0.0104238167405128,-0.28635109999999997
agm005845583,Ag(RuO4)3,0.0105,0.0018720626831054688,0.3035898506641388,-1.1222826
agm003202672,Ba2PdO3,0.0,0.008495688438415527,0.035776313394308,-2.2769907
agm003263709,CaSnF6,5.392,10.079323768615723,5.375121116638184,-3.4235668
agm003194249,La2SeO2,2.4092000000000002,6.204751491546631,2.4440674781799316,-3.404287
agm003219612,Ga3Co,0.0,0.0015912055969238281,0.0056609809398651,-0.26680735
agm002283492,LiAlPt2,0.0,0.009389877319335938,-0.0242331996560096,-0.9673221
agm003274736,TlCr3O8,1.8326,0.0016057491302490234,1.741335153579712,-1.7824235
agm002152249,BaGe3Pd,0.0,0.005929470062255859,0.0061143636703491,-0.5664367
agm003211672,KBa2Bi2O7,0.0,0.004900455474853516,0.0031806230545043,-2.1225598
agm003223274,Na(ScI3)2,0.3008,0.0024999193847179413,-0.0221210718154907,-1.2289401
agm005135863,Cd2SnB2Rh5,0.0,0.025543212890625,0.006295308470726,-0.362159
agm003124832,NaCrO2,2.8495,0.0036280155181884766,2.9352669715881348,-2.248813
agm005964395,Sn(NF)2,2.8228,4.15012264251709,2.472611904144287,-1.6138693
agm005728272,Mn3Te2O,0.6621,0.0009021759033203125,0.1453396677970886,-0.8243478
agm003275993,NaCa2Nb8(BiO4)9,2.6917,4.679150581359863,2.3944568634033203,-2.5679588
agm005845562,Hf2Mn3Be,0.0,0.004930019378662109,-0.0046354196965694,-0.24489917
agm003275964,CaNb2(P2O7)3,2.379,11.959083557128906,2.7298126220703125,-2.8671303
agm002990194,Li(BeAu)2,0.0,0.0033712387084960938,0.001205176115036,-0.3100521
agm002245043,TiSe5,0.3277,0.010390281677246094,0.1513052880764007,-0.5837277
agm003438505,Hf3Tc2Au,0.0,0.005185604095458984,-0.0036259591579437,-0.55927575
agm004525854,Sr2AgSn4Au3,0.0,0.0007510185241699219,0.0217411220073699,-0.5142685
agm004550429,NaLi2(CuAs)2,0.0,0.0009438991546630859,0.0784710571169853,-0.41948766
agm003241400,LiSiB6,1.8099,2.2365946769714355,1.6588701009750366,-0.20280096
agm003236592,Sr3Sn3Au8,0.0,0.0009794235229492188,-0.0132412537932395,-0.5646931
agm002302706,AlAsO3,4.0657,7.229226112365723,3.5907516479492188,-2.534981
agm003224790,CaMoO3,1.208,0.0012509822845458984,1.3391343355178833,-2.6906027999999997
agm005255322,SiPb4(BrO)4,3.111,3.7665843963623047,2.982905387878418,-1.6770583000000001
agm002155426,K2ZnGe,0.39580000000000004,0.0011022090911865234,0.3853428065776825,-0.14650983
agm003202818,ZrVMo,0.0,0.0044956207275390625,0.0039593055844306,-0.12047238
agm006019702,Mn8ReW3,0.0,0.00140380859375,0.0124962925910949,-0.09931993
agm005965906,Ti2GeRh5,0.0,0.0019369125366210938,0.0001309216022491,-0.79970247
agm003273764,Ba7Sr5(MoN4)4,2.0562,2.946822166442871,1.7652859687805176,-1.0894663
agm002964823,Ca2PbAu2,0.0,0.0028061866760253906,0.0045800171792507,-0.70566845
agm002381670,YSeI,2.2853,8.659421920776367,2.19543981552124,-1.7028984
agm004745391,LiMg(AlAu)2,0.0,0.0032410621643066406,-0.008151352405548,-0.5190332
agm005272740,BaLa2(SiS4)2,2.7198,5.960465431213379,2.5129635334014893,-1.9751623999999999
agm003231720,TiAs2,0.0,0.0015360116958618164,0.0071393102407455,-0.64154446
agm005246793,Co(AsO2)2,1.4061,0.0014109611511230469,2.1878604888916016,-1.5515178
agm003063584,CsSrF3,6.306,7.557341575622559,5.92930269241333,-3.7035340999999997
agm005135939,Cd2GaB2Rh5,0.0,0.018822669982910156,0.0060146898031234,-0.41597009999999995
agm003353937,K2Ca3Br8,4.5368,7.711102485656738,4.38151741027832,-1.9653013
agm003224307,Ba4La2SbRuO12,0.7371000000000001,0.0021462440490722656,0.6832197904586792,-2.9079435
agm005600502,Sc6C3Se2,0.0,0.19780820608139038,0.1159290373325347,-0.9974755
agm005026024,CsZrNiS3,0.0,0.06299686431884766,0.0349058806896209,-1.5736629
agm005599849,NaCuSi,0.0,0.00025200843811035156,0.0629798769950866,-0.05518871
agm002061874,PbClF,3.4622,5.665226936340332,3.4519951343536377,-2.1489322
agm003277229,Ba2Zn2TeP2O11,4.0766,0.0003085136413574219,3.670499324798584,-2.6398244
agm005720100,CaGeN2,2.7275,4.714200973510742,2.3344855308532715,-0.8236247999999999
agm003211396,FeAsS,0.7187,0.006579399108886719,0.154537096619606,-0.67269754
agm003215726,Ba3(GeN)2,0.0,0.0038099288940429688,0.0044435709714889,-0.6916275
agm003219333,LiLaGe2,0.0,0.1318349838256836,0.0041258782148361,-0.70603853
agm005842645,Li2TePd5,0.0,0.006421089172363281,-0.0074846372008323,-0.44103053000000003
agm002234167,La(SnPd)2,0.0,0.004946231842041016,0.0090802013874053,-0.8235836
agm005101266,KAgSeF6,3.6176,0.9609236717224121,2.5387439727783203,-2.1452103
agm003241703,Ba3In(BO3)3,3.4768,4.9645676612854,3.44606876373291,-2.9747717
agm003211798,Si3MoPt2,0.0,0.008356094360351562,0.0085768066346645,-0.63746965
agm002181987,RuS2,0.6554,0.0058422088623046875,0.7085847854614258,-0.99214387
agm003207050,PdF4,0.6622,0.5373067855834961,0.829360842704773,-1.5091267
agm005645496,Rb2Pd3O4,0.7772,0.0020694732666015625,0.7648000717163086,-1.0716889
agm002140920,Ca2TlPt2,0.0,0.004485130310058594,-0.003780111670494,-0.7825529999999999
agm003247678,KBi(PSe3)2,1.6634,2.8497323989868164,1.6993074417114258,-0.4063193
agm005885448,Rb3TcO3,0.9309000000000001,0.003122091293334961,1.132103681564331,-1.6167413
agm003219554,Na3PS4,2.2708,4.69870138168335,2.2751619815826416,-1.2119862
agm005056192,LiBeAsO4,4.1935,9.686914443969727,3.884444236755371,-2.341811
agm006048735,K(IrS2)4,0.0,0.000469207763671875,0.4947168529033661,-0.9313543400000001
agm005142933,HfZr2Be2Ir5,0.0,0.01024770736694336,-0.0007530897855758,-0.91360116
agm005824679,Ta(NbSi3)2,0.0,0.007270914502441883,-0.0035033077001571,-0.5332123
agm003201954,AlSi3W2,0.0,0.0014429092407226562,0.0089727789163589,-0.30421436
agm005828580,KS6Br,2.2164,5.1034393310546875,2.383929491043091,-0.8782019600000001
agm001263772,LaGaSn,0.0,0.07360124588012695,0.0366614609956741,-0.711193
agm006037824,Rb4SnSe4,1.7214,3.2345786094665527,1.7653112411499023,-1.0210365
agm003129350,BaTiO3,2.5289,0.00031185150146484375,2.4924395084381104,-3.4936259
agm002691975,LiAl2Ir,0.0,0.006937384605407715,0.0147104822099208,-0.72860664
agm002229211,MnO4,0.0,0.01723623275756836,0.0842157304286956,-1.0877068
agm005170181,CsKAg2F5,0.0,0.23282814025878906,0.0480539947748184,-2.1335243999999998
agm001239261,BiPbAu,0.0,6.67572021484375e-06,-0.0041586458683013,-0.07773819600000001
agm003263177,CrAuO2,1.0904,0.0028429031372070312,1.161882758140564,-1.6086396
agm004968550,Ca2ScTcO6,0.0,0.004767417907714844,0.3403500020503998,-3.0473278
agm004498256,Cs2CrCo3F12,0.0782,0.0015802383422851562,2.5563111305236816,-2.7199168
agm005078411,AlInTeO6,1.7328000000000001,3.406200885772705,1.9220902919769287,-2.2096257
agm005614943,Ca3(P2Pd)2,0.0,0.002439737319946289,0.0385348424315452,-0.96714926
agm003222900,Zr5Sn3N,0.0,0.0025436878204345703,0.0274992287158966,-0.8914318999999999
agm002285094,BaMg2Au,0.0,0.015028119087219238,0.0002036243677139,-0.45975414000000003
agm003115798,NaTlSe2,0.4053,1.457352876663208,0.7611664533615112,-0.5677441999999999
agm003597586,KTlTe,1.0163,1.79915452003479,1.3714594841003418,-0.67154443
agm005054223,BaTlPS4,2.2848,4.254179000854492,2.014242887496948,-1.3367461
agm003250752,Li4Al3Ge3BrO12,3.6591,7.81948184967041,3.808823585510254,-2.6220106999999997
agm002208884,SrYCuSe3,1.0721,0.004418849945068359,1.236711025238037,-1.5603449999999999
agm005093464,RbTeRhO6,0.2021,0.2466036081314087,0.1477276086807251,-1.4726223
agm002220902,Sr2MgP2,1.3008,4.3407487869262695,0.8551026582717896,-1.0404714
agm005143527,Ca2Be2InPd5,0.0,0.019507884979248047,-0.0021124333143234,-0.68097895
agm005075561,MgTePtO6,1.8498,0.0032494068145751953,1.2089974880218506,-1.7048008000000001
agm003190225,BaIr,0.0,0.01395726203918457,0.0131027773022651,-0.2148708
agm002260602,Ca2TlCd,0.0,0.00725710391998291,-0.0066647231578826,-0.41344854000000003
agm004768767,Cs2ZnSiSe4,2.4674,0.0005489587783813477,2.218848705291748,-0.94509107
agm002237462,K2Co3S4,0.7866000000000001,0.0037178993225097656,0.0611870884895324,-0.974332
agm005860487,Sr2OsN4,1.7353,4.314371585845947,1.7921695709228516,-0.6739172999999999
agm003239395,Ba3MgSb2O9,2.6575,4.617346286773682,2.675208568572998,-2.7018604
agm002849899,LiTlO2,0.6305000000000001,3.994790554046631,0.9780333042144777,-1.5015701
agm005777043,HfBe5Ir,0.0,0.02372121810913086,-0.0085962265729904,-0.5057714600000001
agm003227068,Tl2Pt3,0.0,0.0005359649658203125,0.0218619257211685,-0.11975658
agm003763388,TlPtF6,0.0,0.0005363225936889648,1.8972551822662351,-1.8389006
agm003229610,Zn4P6SN12,4.0937,0.0013623237609863281,4.1157379150390625,-0.7512662999999999
agm005969998,Mg2SiPd5,0.0,0.0009174346923828125,-0.0071208253502845,-0.7211316999999999
agm002180978,La3In3Ru2,0.0,0.0012832581996917725,0.0233536511659622,-0.44909254
agm002353743,BaZrNiS3,0.006,0.00020647048950195312,0.169862687587738,-1.8479571
agm003222999,BaLa2PtO5,2.3514,0.011909723281860352,2.453010082244873,-3.0356405
agm005817981,K2CdSn3,0.0,0.0010710060596466064,0.5065897703170776,-0.23448998000000001
agm004744127,NaLa(MgSn)2,0.0,0.907522439956665,0.0321971401572227,-0.4533104
agm005000945,KSnBr2F,2.9355,4.392518043518066,2.403110980987549,-1.7332413999999998
agm003263149,Ti2NbAl,0.0,0.0014346539974212646,-0.0018177330493927,-0.2829892
agm004754790,Mg2FeCoGe2,0.0,0.0004944801330566406,-0.0033955723047256,-0.2471012
agm003314170,Rb2Ag2Cl5,0.0,0.0007028579711914062,0.0311154574155807,-1.4556513
agm006097621,Sc5P4S,0.0,0.009560704231262207,0.0037709921598434,-1.6843333999999999
agm003229148,Sr3LiNbO6,3.2551,4.319438934326172,3.2694308757781982,-3.1084497
agm004624475,Sc6CN3O2,0.0,0.0034942626953125,0.0304074063897132,-2.360792
agm004532060,La2InNi4Sb3,0.0,0.0005764961242675781,0.0059036612510681,-0.6619484
agm002198366,Rb3InAs2,0.2664,0.0021457672119140625,0.7054921388626099,-0.42479056
agm004739530,Cs2RbGaBi2,0.0105,0.47582387924194336,0.3560554683208465,-0.34424195
agm003234113,As2Pb3O8,3.3229,5.2671332359313965,3.3402955532073975,-1.7381307
agm004574324,Ba2Ca(ReN3)2,1.5866,0.0016487836837768555,1.7037789821624756,-0.8714645999999999
agm006127650,KTl5Cl6,2.8984,4.491609573364258,2.6699867248535156,-1.4706441
agm004770413,Cs2HfMnTe4,0.7977000000000001,0.00023552775382995605,1.126337647438049,-0.8327457300000001
agm006115249,Hf5Tc4Sn,0.0,0.00812530517578125,-0.0018331706523895,-0.4659115
agm002355073,YSeBr,2.3637,7.009470462799072,2.095329761505127,-1.9028751
agm003244739,Ba2GaBiSe5,1.8121,2.9048357009887695,1.2097158432006836,-1.2377266
agm004519435,Sr2Sb4PdPt3,0.0,0.0043354034423828125,-0.0020075440406799,-0.7956454
agm002178892,KPAuS3,1.7018,0.006356954574584961,1.8477365970611572,-0.9165842
agm002136945,TaCoB2,0.0,0.0023512840270996094,-0.0069512948393821,-0.63555425
agm002148092,NaAuF4,1.8956,0.003806591033935547,2.128971576690674,-2.0199537
agm005883923,Y2Br3O,1.0854,0.0003952980041503906,2.962472915649414,-2.4089017
agm003215691,Cs2SiSe4,1.9511,3.4190664291381836,2.0085339546203613,-0.89527345
agm002185662,La2SeI2,0.0,0.004302024841308594,0.0527294278144836,-1.7047240000000001
agm003232683,BaLiBO3,4.3888,6.865546226501465,4.535069942474365,-2.9589043
agm004472710,Cs2TlRhCl6,1.3900000000000001,0.0029452741146087646,0.9750667810440063,-1.6404296
agm002269648,Tl3CrF6,3.4379,0.00012874603271484375,2.571190357208252,-2.4596446
agm005249995,YPO6,1.9597,0.00014495849609375,0.4306014478206634,-2.6436896
agm005268222,RbLiB4O7,4.8752,7.172857284545898,5.086759090423584,-2.7957973
agm003228998,VPCl9,0.0236,0.00026607513427734375,0.2147408723831176,-1.3387413
agm003329447,Ir3Ru3W2,0.0,0.07760429382324219,-0.0049178600311279,-0.22763605
agm002139744,Sc3MnC4,0.0,0.017064809799194336,0.0099727287888526,-0.43680143
agm002958973,Nb2TcB2,0.0,0.005313396453857422,-0.0113336741924285,-0.6689828999999999
agm002196880,AlCu2Se3,0.0,0.0021996498107910156,0.1634074300527572,-0.47601557
agm005577640,Ti3Tc3Mo2,0.0,0.010323286056518555,0.0046210289001464,-0.42585449999999997
agm004931637,Ba2GaPPd6,0.0,0.032555580139160156,-0.0046165585517883,-0.6946804999999999
agm003223207,La3SiPd5,0.0,0.0015769004821777344,-0.0021726302802562,-0.89887357
agm006000896,Pt(ClF4)2,0.0,10.27779483795166,0.4345106780529022,-1.3169292
agm003275260,CaLaTaFeO6,2.7217000000000002,0.0059413909912109375,2.637540817260742,-3.267316
agm003343271,Sr2Sn5Pd3,0.0,0.004048347473144531,0.0150836110115051,-0.6592091999999999
agm004559804,K2Sc(CuTe2)2,0.0,0.0015723705291748047,0.5688698291778564,-0.7913908
agm002302512,BaCdSO,1.8606,0.004277467727661133,1.6134631633758545,-1.9927248
agm003161047,Rb2Se,1.8255,0.0031347274780273438,1.8966760635375977,-1.0601463
agm005247089,Rb(Nb3Se4)2,0.0,0.0015773773193359375,0.0384428426623344,-0.91177666
agm001307759,VFeSiTc,0.0,0.008250713348388672,-0.0094357095658779,-0.5014819500000001
agm003749517,ScSbO4,2.0311,4.355472564697266,1.9596059322357176,-2.7944665
agm002188387,TiSiAs,0.0,0.0025632381439208984,0.0080558061599731,-0.6334556
agm005731292,MnSiF6,5.1064,0.00290679931640625,4.671843528747559,-3.3308136
agm003234285,Ca5(GaSb3)2,0.0,0.34719085693359375,0.022660844027996,-0.7597315
agm002534369,Sr3SbN,0.25720000000000004,1.7670292854309082,0.2617026269435882,-1.0026817
agm005922954,Os2OF8,0.6081,3.1794490814208984,0.4118196666240692,-2.0017276
agm003250071,RbLa2C6N6ClO6,4.1698,5.606593608856201,3.482985019683838,-1.6031719999999998
agm001336098,HfTcSnIr,0.0538,0.016692161560058594,0.0008376687765121,-0.54027647
agm002189589,Sr(BiRh)2,0.0,0.0010852813720703125,0.0218710601329803,-0.42794475
agm003229668,FeMo6Rh3N2,0.0,0.001983165740966797,-0.0073632821440696,-0.30916889999999997
agm005737586,TlOs2F11,1.045,15.033012390136719,0.3203648030757904,-2.1619444
agm005867715,Al3V12Co,0.0,0.0004601478576660156,-0.0005345158278942,-0.16131634
agm005086448,CsLiSnF6,5.3192,9.771495819091797,4.793354034423828,-3.0623105
agm006078687,MgTa3Os4,0.0,0.0045146942138671875,-0.0088197775185108,-0.3335778
agm002245812,YSnPd2,0.0,0.0065746307373046875,0.0036584287881851,-0.8829119
agm003267603,Na4IrO4,0.45220000000000005,0.013911962509155273,0.0261632688343524,-1.5745509
agm004715496,La8IrRh3Br4,0.0234,0.0015738606452941895,0.030563399195671,-1.2034461
agm002958908,Ta2B2Mo,0.0,0.0038993358612060547,0.0105351135134696,-0.7080896999999999
agm003562795,Zr4CN3,0.0,0.003954648971557617,0.0458602458238601,-1.6488358
agm005628929,Sr2(Al3Ir)3,0.0,0.0002530813217163086,0.0016895309090614,-0.6701872
agm003244933,KGa(PO3)4,4.5526,8.692827224731445,4.613110065460205,-2.6196346
agm004884753,TlS2IO8,2.5576,4.154143333435059,2.5509772300720215,-1.6098005
agm004550430,Li2Ca(CuAs)2,0.0,0.0044116973876953125,0.0818275138735771,-0.65865237
agm002359330,YI2,0.0,0.013800621032714844,1.42750883102417,-1.2627958
agm002187187,Tl2CdSiTe4,0.8069000000000001,0.004427403211593628,0.759431004524231,-0.27984929999999997
agm001379723,LiHfInPd,0.5425,0.0011928081512451172,-0.013427510857582,-0.5163499
agm003216084,K3Na(SO4)2,5.2809,0.00028896331787109375,5.183072090148926,-2.3605921
agm002164751,KNO2,2.4638,2.234616994857788,2.6074626445770264,-1.389078
agm003187121,TcIr2W,0.0,0.0054187774658203125,-0.0102185308933258,-0.32958913
agm006019726,Mn8TcW3,0.0,0.002689361572265625,0.0061818659305572,-0.09042338
agm002353950,KCuS,1.8693,0.0026488304138183594,1.8190691471099856,-0.9910447
agm002739306,MnSiRu2,0.0,0.006707191467285156,-0.0092391371726989,-0.46063277
agm002935602,Na(SiRh)2,0.0,0.018700122833251953,-0.0256284177303314,-0.6625648
agm005221735,CaMnGeO4,1.8427,0.0007700920104980469,2.238710403442383,-2.573149
agm005850173,Li2Al2Cu,0.0,0.0037587881088256836,0.0241188779473304,-0.24456015
agm002191943,CsVBr3,0.6858000000000001,0.0021038055419921875,0.6581695079803467,-1.2391771999999999
agm003263238,BaHfN2,1.2645,0.1624755859375,1.2865893840789795,-1.5331103
agm003229571,Al6Cd4SO12,2.7256,0.002983570098876953,2.719388484954834,-2.7294972
agm003228901,Sr3CdPtO6,1.9976,0.0008521080017089844,2.0479226112365723,-2.3471766
agm003242615,Ta2Tl4Se11,1.1228,2.5760717391967773,1.1637059450149536,-0.49808243
agm005905817,Mg3Rh3Pb,0.0,0.006269931793212891,0.0011476092040538,-0.41605076
agm005975129,Cs2ZrAs2,0.6127,0.0013689994812011719,1.0109766721725464,-0.7000744
agm005082208,SrRhIO6,1.2546,0.0034313201904296875,1.5009031295776367,-1.6313312999999998
agm003161130,YB2,0.0,9.5367431640625e-06,-0.0024766325950622,-0.5675061
agm003211992,CsLaZnTe3,1.5893000000000002,0.0026627779006958008,1.5736548900604248,-1.1654688
agm004562825,K2BaCd2O4,1.381,0.0006196498870849609,1.6675490140914917,-1.7509599
agm003268148,Sn(PS3)2,1.2691,5.128020286560059,1.1717772483825684,-0.71406275
agm006072972,Y6RuRh5,0.0,0.003077268600463867,-0.0033700168132781,-0.76489943
agm005172704,LaMgP2Pd5,0.0,0.011943817138671875,0.004386767745018,-0.8655461999999999
agm005917992,Al4Ru3Pt,0.0,0.004546165466308594,0.0052284896373748,-0.823812
agm006047194,Pb(AuO2)3,0.0,0.012686729431152344,0.7757776975631714,-0.73328274
agm003210853,As2Pd,0.0,0.005065441131591797,0.0108778029680252,-0.32628086
agm002247330,ZrInRh2,0.0,0.007802486419677734,0.0003913417458534,-0.7487559300000001
agm003186234,ZrAlZn2,0.0,0.0019435882568359375,0.0134839154779911,-0.3921205
agm003263590,Nb3Ir,0.0,0.004386186599731445,0.0087235271930694,-0.41738048
agm003275319,Cs2PbO2,1.9101,0.0020389556884765625,1.8302834033966064,-1.505246
agm003215996,CsNa2BO3,3.2594,0.00031185150146484375,3.269423007965088,-2.2395155
agm001304854,BeSiRuRh,0.0,0.03041839599609375,-0.0067848265171051,-0.7325847999999999
agm003271026,MgSbRu,0.0,0.0031163692474365234,0.0155362486839294,-0.32784969999999997
agm005769566,SrPbF4,4.816,6.193495273590088,4.91576623916626,-3.4798641
agm002164564,Ba2GaSnN,0.0,0.9039463996887207,0.0294482707977294,-0.6756436
agm002253337,Sr(SnAs)2,0.15610000000000002,1.0408191680908203,0.0297138672322034,-0.5570842
agm003436720,CdGa2Rh3,0.0,0.009979248046875,0.0088966339826583,-0.55650723
agm005047095,TcNiO4F,2.4837,0.02201557159423828,2.7046141624450684,-1.7923247
agm005726441,Te(S3I)2,0.37170000000000003,1.2257592678070068,1.57097065448761,-0.38917994
agm005533166,V13Ga3,0.0,0.009094476699829102,0.0161148011684417,-0.13133399
agm005840369,Ca2Ni3Pt,0.0,0.003833770751953125,-0.0144600868225097,-0.44089937
agm003222764,MgTa2O6,2.8388,9.528196334838867,3.1677069664001465,-3.3357390000000002
agm003250104,Rb2(ReS2)3,1.445,0.002203702926635742,1.3829643726348877,-1.1465116
agm002241625,BaCu2Si,0.0,0.022167205810546875,-0.0044173598289489,-0.25384858
agm001313992,ZrInRuRh,0.0,0.008811473846435547,-0.0066465884447097,-0.6038028999999999
agm003248798,Li2CrO4,2.9746,10.76785945892334,2.834383964538574,-2.0941167
agm003229651,Ba3NbGa3(SiO7)2,3.3153,8.455568313598633,3.327822208404541,-3.0285206
agm003342486,Tl2Pd3S4,0.587,0.0005335807800292969,0.6015301942825317,-0.65870297
agm002202008,ScCrC2,0.0,0.002076864242553711,0.025152713060379,-0.34525228
agm004927881,Tl2ZnFeF6,2.9748,0.03751015663146973,0.0268169045448303,-2.419284
agm004518785,Ba2LiSb3Pt4,0.0,0.006851673126220703,-0.0011891424655914,-0.8224575
agm005054318,CsBaNbS4,2.3066,5.087467193603516,2.3598334789276123,-1.8397012
agm005286953,LaSi,0.0,0.0013189315795898438,0.0026034265756607,-0.7558649
agm005250910,CsZr6CCl15,1.1697,0.7578599452972412,1.117403507232666,-2.1989511999999998
agm003241033,Rb3NbS4,2.4426,5.036660671234131,2.4730634689331055,-1.5782107
agm002180703,Hf6Bi2Rh,0.0,0.005782485008239746,-0.0013455301523208,-0.32827629999999997
agm005824006,Zr2ZnIn3,0.0,0.0041692256927490234,-0.0018238648772239,-0.29434443
agm003277787,K2PSe3,1.921,4.592840194702148,1.9167358875274656,-0.8294102999999999
agm003275858,CsLa(SO4)2,4.4092,8.511382102966309,4.297292709350586,-2.699319
agm003211891,Rb2TlAu3,0.13620000000000002,0.003845691680908203,0.0179055929183959,-0.27845529999999996
agm002353177,La(SBr)2,1.7335,1.1849560737609863,2.5707314014434814,-1.6791078
agm004836722,Sc2TaNbC4,0.0,0.10159778594970703,-0.0083788260817527,-0.62835366
agm003052500,Ti3PtC,0.0,0.0030755996704101562,-0.0059144496917724,-0.82475984
agm005770188,Y3ZnN,0.0,0.0016608238220214844,0.0113126039505004,-0.92547554
agm006021009,Hf3InCo8,0.0,0.004199028015136719,-0.0015567243099212,-0.29712898
agm003194480,Bi2Te2S,0.5779000000000001,2.3374509811401367,0.4048675298690796,-0.42278289999999996
agm005728356,Ca2LaRu,0.0,0.0036845803260803223,0.0021005421876907,-0.15249328
agm003334079,Y2Ga3Pt4,0.0,0.0003380775451660156,-0.0041628219187259,-1.0316929
agm003215743,Y(CuS)3,1.2772999999999999,0.006272315979003906,0.0053264200687408,-1.1405083
agm005629748,Sr2Ir3O8,0.0,0.0018334388732910156,0.0167062878608703,-1.8711464
agm005082324,BaAlIO6,2.5735,5.081230163574219,2.5976860523223877,-2.2412343
agm005585604,Na2PtBr6,1.5516,3.993511199951172e-06,1.4894601106643677,-0.84848154
agm005970366,Nb2VRu5,0.0,0.007984161376953125,0.0024949312210083,-0.25422508
agm002166734,Nb3Te2,0.0,0.002637624740600586,-0.0010443031787872,-0.36068687
agm002365972,Sr2ScOsO6,0.0,1.7881393432617188e-06,0.1487380564212799,-2.8999680999999997
agm003283311,TiGaTc,0.21660000000000001,0.01609170436859131,-0.0059041678905487,-0.52076864
agm005666222,Zr3Al2O,0.0,0.007926225662231445,0.0110679268836975,-1.3169423
agm003485238,Cs2TcBr6,1.211,0.028932392597198486,0.9590287208557128,-1.1056677
agm002342336,LiGaRh2,0.0,0.012768745422363281,0.0012272968888282,-0.53650635
agm002177500,KAu(SeO4)2,1.42,0.0026590824127197266,1.4690265655517578,-1.1569161000000001
agm003211630,K3AuSe2,2.0675,0.012277722358703613,2.0768675804138184,-0.9897528999999999
agm003217268,Ba3CaNb2O9,2.69,3.7333998680114746,2.819121837615967,-3.3095822
agm005071281,TlAgRhF6,0.0,0.008005142211914062,0.1009257286787033,-1.8457927
agm005633813,La2BeSi3,0.0,0.002723097801208496,0.0106176882982254,-0.6991212
agm005773595,TiVW4,0.0,0.00023055076599121094,-0.0030700415372848,-0.08675058000000001
agm003144752,ZrTlSe2,0.0,0.003033876419067383,0.1045452058315277,-1.0425487
agm004668719,K3Na(TcO4)2,0.0,0.005033433437347412,2.315246820449829,-2.0609107
agm004673951,Ba3MnMo2O9,0.6897,0.0068242549896240234,0.1089832484722137,-2.6417606
agm003263151,Li2ZnSi,0.0,0.0032706260681152344,0.0045837610960006,-0.2801674
agm005551514,K2Mg2Se3,2.2337,4.675526142120361,2.104353189468384,-1.2639673
agm005728993,RbVF5,2.0013,0.0023620128631591797,2.1266815662384033,-3.1462984
agm003194219,Sc2CCl2,0.9118,7.410207271575928,0.8938930034637451,-1.7838319999999999
agm003278376,SbPt,0.0,0.01604938507080078,0.0035058856010437,-0.42801368
agm004931944,Rb2TlBiCl6,2.9049,4.556607246398926,3.0380964279174805,-1.793802
agm003187226,ReIr2W,0.0,0.009769439697265625,-0.0072375982999801,-0.32151842
agm004581126,Li2Ni2TeO6,2.2984,0.0006041526794433594,1.5732924938201904,-1.5993339
agm005675984,Y2Ti3Ge4,0.0,0.0006021261215209961,0.005035325884819,-0.8078261999999999
agm003213537,Y(MnGe)6,0.0,0.0004220008850097656,0.0066953971982002,-0.31320423000000003
agm003208584,Te8Rh3,0.0,0.005610466003417969,-0.0078618824481964,-0.35832542
agm005765703,RbSnS2,1.9808,3.851321220397949,1.636645793914795,-1.1471825
agm005547415,KS6,0.8137000000000001,4.22342586517334,1.9852818250656128,-0.8047105
agm003220087,CsWCl6,0.0,0.0017433017492294312,0.0201887711882591,-1.6293992
agm005966256,Ti5GaSb3,0.0,0.001861572265625,-0.0066733062267303,-0.56076455
agm003234244,Sr4Cu2O7,0.7944,0.0007650852203369141,0.864469051361084,-2.3423853
agm005715106,Re6Pb4O19,0.0,0.0007277727127075195,0.0408216118812561,-1.9185936
agm004747984,LaAl2PdPt2,0.0,0.011935234069824219,0.0101949200034141,-1.0941411
agm001291087,LiTiCoSi,1.2774,0.009961605072021484,0.0096627287566661,-0.61792123
agm003206361,LiSbO3,2.6513,4.3572797775268555,2.6813693046569824,-2.1202393
agm003234289,Na2Ca(SO4)2,5.5038,6.997087478637695,5.480504989624023,-2.5276875
agm003263171,ScTlS2,0.9373,2.682039499282837,0.9556477069854736,-1.7023134999999998
agm002179758,LaBiPd,0.2757,0.0015442371368408203,0.0060825943946838,-0.9933491
agm005097096,KNiMoF6,3.8879,0.0024843215942382812,3.780555009841919,-2.6962357
agm003247782,La3Sb5O12,3.2131,6.0352044105529785,1.7253094911575315,-2.6440377
agm004581073,K2Tl2SnO6,1.1496,4.179996490478516,0.6852161884307861,-1.6149952
agm003267969,Cs2SnBr6,1.4539,3.0052237510681152,1.4746829271316528,-1.2409188
agm005102067,TaNbFeO6,1.8872,0.0006928443908691406,1.6493850946426392,-2.8961062
agm002209961,CoGeF6,3.3098,0.013220787048339844,2.9347825050354004,-2.6468265
agm005642417,Ca3(GaP2)2,0.6783,1.9171242713928223,0.8849493265151978,-0.8842729300000001
agm005853537,Ga2SnCl8,3.8275,4.042975425720215,3.4198575019836426,-1.5394447
agm003274563,NaFe(SeO4)2,1.9441000000000002,0.0062808990478515625,1.9527212381362915,-1.4644829
agm004514569,Ca2ZnSi4Pt3,0.0,0.002731800079345703,-0.0054933801293373,-0.8187867999999999
agm005684882,Ca2Pd3Au,0.0,0.009511947631835938,0.0031079724431037,-0.71477884
agm005134038,GaB2Mo2Ru5,0.0,0.011376380920410156,0.0089315325021743,-0.30857888
agm003353916,Rb2Ca3Br8,4.4707,6.737647533416748,4.275203704833984,-1.9708193999999999
agm003247533,TiAs2O7,2.7559,11.780542373657227,2.7437615394592285,-2.192929
agm003237477,Rb3MnO3,1.5088,0.016573429107666016,1.5574002265930176,-1.6548793
agm003588088,Mn8MoOs3,0.0,0.0006656646728515625,0.0132984220981597,-0.045399256000000006
agm005160975,Cs2SrAgI5,2.7721999999999998,0.005337238311767578,2.677948474884033,-1.3317589
agm005618541,Ca2Pd3O8,0.9859,0.0024871826171875,0.0825273096561431,-1.6807591
agm003039123,CsBO2,3.8412,3.0038700103759766,3.851074457168579,-2.6170013
agm005973715,Sr3LaAs3,1.1293,3.56907057762146,0.5713427066802979,-1.2633603
agm002299009,K2HfTeO6,2.2444,0.00013446807861328125,1.8971879482269287,-2.492023
agm003445884,Ba2GeS4,2.3992,4.370811462402344,2.5657074451446533,-1.8376033999999999
agm002225070,Rb2NaGaSb2,0.7321000000000001,0.7048087120056152,0.8375144004821777,-0.43585086
agm004761207,KRb2ReO4,1.8083,0.0015871524810791016,2.3836402893066406,-1.9886099
agm002230630,K2BaNb2O7,1.5462,3.3874311447143555,2.0965018272399902,-2.9570727
agm002354780,Sc3Ga3Ge2Ir,0.0,1.3709068298339844e-06,-0.002101644873619,-0.77199876
agm005708243,Sc3Ir2Ru,0.0,0.0009286403656005859,0.0049827918410301,-0.9101408999999999
agm003275948,Cs3In3(PO4)4,3.0995,4.935235023498535,3.3918633460998535,-2.5524937999999997
agm004592070,KTl2Ni2F7,3.8604000000000003,0.002205371856689453,3.64683198928833,-2.2622273
agm005232897,BeTlAsO4,3.6817,4.862070083618164,2.9959468841552734,-2.045223
agm003236677,Cr11NiS16,0.0,0.0006628036499023438,0.0251139998435974,-1.050463
agm002297658,Ca(OF)2,1.6148,0.00015926361083984375,0.8616738319396973,-2.7235424999999998
agm003251891,KSnAuSe3,1.4119000000000002,0.004495859146118164,1.071375012397766,-0.59577596
agm003241072,Cs3TaS4,2.9434,4.727073669433594,3.0109987258911133,-1.6549559999999999
agm005225307,Na4TiP2O9,2.8463000000000003,6.47027587890625,2.838595390319824,-2.7928543
agm004620353,La6PdRh2I3,0.0,0.0007051229476928711,0.0279435217380523,-1.0286064
agm003211400,NiSbS,0.0,0.0022058486938476562,0.0010872781276702,-0.5384985999999999
agm002170291,RbPtO2,0.0,1.9073486328125e-06,1.450786828994751,-1.3013718
agm005074719,LiTlGeF6,4.7148,6.19041633605957,4.699610710144043,-2.811131
agm003274902,NaFe(SiO3)2,2.7731,0.003053903579711914,2.7918505668640137,-2.7810578
agm005076895,CdGaIO6,1.3273000000000001,0.0011749267578125,1.4738917350769043,-1.3931144
agm002959332,Ti2ReB2,0.0,0.011560559272766113,0.0008445531129837,-0.8323313
agm003242612,Zr7Pt10,0.0,0.006949424743652344,0.0212825238704681,-1.0924591
agm002742910,HfTc2W,0.0,0.012254714965820312,0.0035305619239807,-0.34715793
agm005906902,Hf4CdRh,0.0,0.0025954246520996094,-0.001672938466072,-0.36243874
agm006049354,K(ZrS2)4,0.0,0.0032293498516082764,0.4408710896968841,-1.9920445999999998
agm003659096,Cs4TcO5,0.4082,0.0004673004150390625,1.4740709066390991,-1.8295635
agm004765924,Cs2NbAuSe4,1.3502,0.005550384521484375,1.6095445156097412,-0.9457743
agm003207083,Rb2NaGaF6,5.9143,10.345733642578125,5.947009563446045,-3.0981135
agm001291373,TiTcSbRu,0.0,0.020901203155517578,-0.002626210451126,-0.47509402
agm003244161,LiBi(PO3)4,5.1205,5.902651309967041,5.175900459289551,-2.5672138
agm005843676,TaOsSe4,0.0,0.0010776519775390625,0.0159463621675968,-0.52639127
agm005051595,CsTlZnBr4,3.951,0.0008729696273803711,3.548591136932373,-1.1823525
agm003251813,K5Ta(TlAs2)2,1.517,1.7594037055969238,1.3224666118621826,-0.46102697000000004
agm003206411,CaSnO3,2.9269,4.598031044006348,2.99635648727417,-2.6828585
agm002143249,Cs2CrCl6,0.0,0.002480745315551758,0.5274325013160706,-1.8432916
agm005074496,TlGeSbO6,0.2806,3.11385440826416,0.8325413465499878,-1.747665
agm002164275,Ca2AgN,0.0,0.0032901763916015625,-0.004103198647499,-0.7150698
agm002745949,TiMnRh2,0.0,0.03105783462524414,0.0008791536092758,-0.5731016999999999
agm003239019,Ba3MnSb2O9,1.7538,0.0009652972221374512,2.0348339080810547,-2.5638168
agm003436293,BeV2Ru3,0.0,0.005771160125732422,0.0008495971560478,-0.37290429999999997
agm005071562,RbLiPbF6,3.5285,9.48799991607666,3.1986560821533203,-2.7382695999999997
agm005637116,Li3(In2Ir)2,0.0,0.007721364498138428,-0.0116034150123596,-0.31720033000000003
agm003213489,Ba(TeMo)6,0.0,0.002669095993041992,0.0614502318203449,-0.48549762
agm003597707,ZrMnV,0.0,0.001878499984741211,0.0067220628261566,-0.17277344
agm005251455,K10Tl7,0.0,0.0002491474151611328,0.0308160185813903,-0.1079974
agm003624813,LaTe2Au,0.7529,0.004097938537597656,0.0298689380288124,-1.0558758
agm003276773,BaV10O15,0.865,0.0034341812133789062,0.9611879587173462,-2.4963994
agm002152898,ZrNbGe,0.0,0.0011055469512939453,0.0012931153178215,-0.70502466
agm005274057,Ba3Na2Cr4F20,3.5472,0.0013196468353271484,3.624966144561768,-3.4548168
agm006131904,Ti6Re5Tc,0.0,0.0017654895782470703,-0.0027825534343719,-0.4105083
agm003283918,BaBi2(B2O5)2,3.36,5.214042663574219,3.337480068206787,-2.6332123
agm003636090,PdCl2F,0.0,0.04571104049682617,0.7387967109680176,-1.1040397
agm003237022,V4Ni2N,0.0,0.004904747009277344,-0.0022936388850212,-0.60853654
agm005545979,CaS5,1.2913999999999999,4.178659439086914,1.6635873317718506,-1.1245644
agm002945723,Y(CoSi)2,0.0,0.003779888153076172,0.0156756415963172,-0.8298873999999999
agm002186092,Zr3(Cu2Si)2,0.0,0.006896495819091797,0.0125485211610794,-0.53050536
agm003228748,Ca2Ru2O7,0.0,0.004673004150390625,-0.0066790729761123,-2.1643763
agm005973736,Ca3LaAs3,1.1194,3.7464182376861572,0.31571826338768,-1.2896526
agm006041818,Be4VNi5,0.0,0.004536628723144531,0.0047755725681781,-0.42807022
agm002233539,CsPAuS3,1.8382,0.0035979747772216797,1.922595500946045,-0.953886
agm003249964,CsW3Cl7,2.9534000000000002,0.0007240772247314453,2.8237247467041016,-1.3579602
agm005401354,K(CuS)3,0.0,0.008978843688964844,0.4073627293109894,-0.7549625999999999
agm004767641,Cs2TiBeTe4,1.0805,4.067573547363281,1.2545791864395142,-0.8304189
agm003276456,K2MgP2WO10,3.463,8.373915672302246,3.434898853302002,-2.6851032
agm003210707,CaMgSi,0.0823,1.4250235557556152,0.0132453590631484,-0.44056505
agm005241925,Sr5(ReO6)2,2.1251,6.613348484039307,1.9992902278900144,-2.8795202
agm003215408,Ni3(BiSe)2,0.0,0.05797100067138672,0.0032842978835105,-0.23392157
agm002693510,LiGa2Rh,0.0,0.011260628700256348,0.0174534767866134,-0.5545879
agm005532009,Re5Ru2,0.0,0.021877288818359375,0.0044746696949005,-0.062401522
agm002195055,Ca(AlZn)2,0.0,0.002579212188720703,0.0193199999630451,-0.2913981
agm004558956,Cs2Cd2PbSe4,1.5101,0.00024509429931640625,1.730293035507202,-0.8428604
agm005709700,CsN2F,2.7449,0.0013713836669921875,4.020213603973389,-1.5679941
agm004766162,Cs2NbCuS4,1.734,0.0037994384765625,1.9868251085281372,-1.4377743
agm003210736,FeCoP,0.0,0.0040073394775390625,-0.0079251378774642,-0.5471557
agm002190784,Ti3Pd,0.0,0.002799510955810547,0.0047589540481567,-0.34251335
agm005268023,KCr3S5,0.4122,0.0003261566162109375,0.3707722127437591,-1.2064049
agm004756058,Li2MnAs2Pd,0.0,0.0034296512603759766,-0.004912182688713,-0.5304456
agm006120664,TaMn5Nb4,0.0,0.0011866092681884766,0.0019747167825698,-0.14373909999999998
agm003192408,Mg2TlIn,0.0,0.0021283626556396484,0.007603034377098,-0.07177928
agm003202134,Be4CrOs,0.0,0.004610538482666016,-0.011665791273117,-0.35022372
agm003215574,Mg(GaO2)2,2.461,6.099925518035889,2.4394021034240723,-2.540251
agm002050592,C,1.8081,0.03515768051147461,0.063145488500595,0.0
agm003215786,Cs(SbSe2)2,1.1965,3.1629035472869873,1.1463760137557983,-0.5205896999999999
agm003244918,Zr5Ge4,0.0,0.0036388635635375977,0.0046705454587936,-0.84961325
agm005792523,MoPO4,2.9015,0.004483461380004883,3.0131545066833496,-2.4855006
agm003239464,Ba3ZrIr2O9,0.0,0.0006687641143798828,0.0535962730646133,-2.5738218
agm003223297,Li2Ga7,0.0,0.4978346824645996,0.010380208492279,-0.18908365
agm003160496,Y2C,0.0,1.6450881958007812e-05,-0.0020238608121871,-0.29382157000000003
agm003275551,Cs6Br4O,1.7365,4.644392013549805,1.8931483030319216,-1.644889
agm002149434,Cs2IrF6,0.0,0.002893209457397461,0.0238577723503112,-2.5153828000000003
agm003226307,NaVF3,1.8559999999999999,0.0014996528625488281,2.2659659385681152,-2.9906888
agm003225856,Ba(GeP)2,0.5235000000000001,2.9426088333129883,0.7381898164749146,-0.50676364
agm003187501,NbAl3,0.0,0.007930643856525421,0.011147104203701,-0.43894437000000003
agm003640003,Y5In4Ag,0.0,0.0011652186512947083,0.0187355875968933,-0.47272709999999996
agm002387773,Cs2TaOF5,4.9656,0.0012998580932617188,4.862336158752441,-3.4185545
agm006048650,Rb(MnS2)4,0.0,0.0012788772583007812,0.0572617501020431,-1.1151251
agm005271452,Na2Mn2Se3,0.4777,0.00221097469329834,0.5233958959579468,-0.7157717
agm003194203,Sr(AlSi)2,0.0,0.4181935787200928,0.004460260272026,-0.2971354
agm005285331,Sr5Re3BrO15,1.8084,6.872010231018066,2.4513354301452637,-2.7357579999999997
agm003203020,CsBeP,1.7925,0.004201412200927734,1.2553523778915403,-0.4542693
agm005597562,SrGePd2,0.0,0.010441303253173828,0.011407271027565,-0.70602036
agm001335603,LiZrSnRh,1.2719,0.0007452964782714844,0.0075177103281021,-0.7614687
agm005854329,Na(OsO4)2,0.0,0.0014268159866333008,0.8390686511993408,-1.6306797
agm003234380,Ba2V(SiO4)2,2.6048999999999998,0.0013412833213806152,2.601611375808716,-3.208827
agm002341761,KY(CuSb)2,0.0,0.015134811401367188,0.1713790148496627,-0.56609946
agm005940116,Ba(CaBi)2,1.0928,2.0595622062683105,0.3174028098583221,-0.9120547
agm005560740,Ca3(SbPd)2,0.0,0.0005357265472412109,0.0544844754040241,-0.93677837
agm003241526,MgB7,1.4655,1.8289604187011719,1.438551425933838,-0.13260403
agm003262317,MnMoN2,0.0,0.0036163330078125,-0.0053633898496627,-0.5337908
agm003244596,Ni10Sn5P3,0.0,0.00182342529296875,-0.0014460980892181,-0.38412774
agm005584689,K2HfCl6,4.2685,8.070273399353027,3.718524217605591,-2.3720527
agm003270975,MgAsRu,0.0,0.003977775573730469,0.0315347090363502,-0.42148727
agm003257774,Sr3(AlSn)2,0.0,0.04509162902832031,0.0400649309158325,-0.5184333999999999
agm003217567,V2NO5,2.3212,4.632284164428711,0.0131551772356033,-2.022034
agm005880977,Rb2BiF5,4.4526,0.000804901123046875,4.694138526916504,-2.9431229
agm005273584,Na3W3Cl13,0.9231,0.1522287130355835,0.8802944421768188,-1.5516028
agm003217143,Ca(PIr)2,0.5201,0.004807472229003906,0.1333366632461547,-0.88771445
agm002217622,K3As2Pd3,0.0,0.005442142486572266,0.568905234336853,-0.41580963
agm004538541,Sr2Sb3Pd4Pb,0.0,0.0029006004333496094,-0.0058504343032836,-0.72312105
agm004673948,Ba3MgMo2O9,0.459,0.018208235502243042,-0.0123199522495269,-2.7807658
agm004663745,K3Y(SbO3)2,2.9695,5.365994453430176,3.1163840293884277,-2.347597
agm003269328,FeSn,0.0,0.005345821380615234,-0.0014802515506744,-0.0016966467
agm003501760,Hf6RePb2,0.0,0.0015181303024291992,-0.0079509615898132,-0.1236065
agm004676805,K3MgNi2F9,4.9934,0.0022606849670410156,4.725316047668457,-2.8823073
agm002945148,La(SiRu)2,0.0,1.430511474609375e-06,0.0059796459972858,-0.89371336
agm003237270,Cs3GeSe3,1.7183000000000002,2.935587167739868,1.9098985195159912,-1.0172036
agm005246207,KSi5N7,3.4232,4.214709758758545,3.7509474754333496,-1.2195518
agm003277236,KTa3(TeO6)2,2.8804,7.019236087799072,2.902007818222046,-2.688047
agm003223126,In5B4Ir9,0.0,0.0029687881469726562,0.0013598315417766,-0.20556626
agm002135984,Cs2As2Pt,0.8132,0.004805535078048706,0.8430434465408325,-0.5270589
agm003764002,CdReF6,1.5559,0.002155303955078125,0.3613151013851166,-2.4351754
agm005724967,Sc11Cd9Au4,0.0,0.00046634674072265625,-0.0068590193986892,-0.47169049999999996
agm003223329,RbAlNiF6,5.1235,0.003582477569580078,5.035099029541016,-3.1741598
agm003211166,ZrTlCuS3,0.6109,0.0015230178833007812,0.5842547416687012,-1.3211939
agm002218328,SrLi2Ge,0.0,0.7978603839874268,0.0148222744464874,-0.4241179
agm003645951,Sc5Co4Au,0.0,0.001600027084350586,0.0008656755089759,-0.44660166
agm002217868,KGe2Pd3,0.0,0.007613658905029297,0.0192287415266037,-0.47680039999999996
agm003281902,LiTiCrO4,1.6968,0.006777048110961914,1.6166324615478516,-2.8789244
agm003217300,Sr3Li4(GeN3)2,2.0612,0.0003590583801269531,2.078376054763794,-0.7315311999999999
agm003216246,KLi6BiO6,1.4384000000000001,4.503509998321533,1.420353889465332,-1.9870527
agm003244042,LiSb(PO3)4,4.672,6.15975284576416,4.5354461669921875,-2.5211318
agm003244835,Sc2Si4W3,0.0,0.005116462707519531,-0.0021798461675643,-0.5964893
agm003250142,AgS2(O3F)2,0.1807,0.00389862060546875,0.7248046398162842,-1.7993478
agm003247919,Nb3Cl5O2,0.8457,0.00023603439331054688,0.836350679397583,-2.0792248
agm005744756,TlSnF5,3.6552,6.170519828796387,3.3948841094970703,-2.6654146
agm003597716,VSeCl,0.3536,0.0019078254699707031,0.5041353702545166,-1.1549826
agm003236977,Co(SbO2)2,1.8538999999999999,0.00722581148147583,1.8260817527770996,-1.6484337999999998
agm003587725,Mn8NbRu3,0.0,0.03287220001220703,-0.0180647671222686,-0.05891214
agm002656437,CaLaCd2,0.0,0.027542591094970703,-0.0009825080633163,-0.38001144000000003
agm003446336,Rb2ZnBr4,3.6496,0.003981351852416992,3.72121524810791,-1.4252288
agm001116739,Ti2AlRe,0.0,0.0031974315643310547,-0.0096947252750396,-0.4845864
agm005954834,ReN2F5,0.42450000000000004,2.2649765014648438e-05,0.0535786747932434,-1.8853235
agm006071342,Nb6ReRu3,0.0,0.007076263427734375,-0.0063514411449432,-0.24806808
agm005004467,SrMgAl2Ga,0.0,0.0017921924591064453,0.0077960044145584,-0.29343749999999996
agm002823697,TlCuSe2,0.0,0.00779414176940918,0.0196029394865036,-0.23962627
agm002346629,LaIrN,0.0,0.0003311634063720703,-0.004260703921318,-1.0161257
agm003250763,Cr2(Bi2O5)3,2.3193,5.024947643280029,2.230484962463379,-1.7274862999999998
agm002149426,Cs2CoF6,1.7696,0.016799211502075195,1.8761119842529297,-2.5586064
agm005638126,Sr2ZnIn3,0.0,0.0030492544174194336,0.0016945265233516,-0.41498306
agm002209895,BaIrF6,0.0,0.0035533905029296875,-0.0007219910621643,-2.7850075
agm005818599,Cs2PbS2,1.8346,3.987121105194092,1.9735751152038576,-1.1524676999999999
agm004647622,Li2Mo3WN6,0.0,0.000209808349609375,-0.0023867711424827,-0.6818501
agm005030214,ZrTlAgSe3,0.7646000000000001,1.0748887062072754,0.1845498085021972,-0.81789845
agm005755367,RbAlI4,3.4587,6.049098491668701,3.471311092376709,-0.99252456
agm003234278,Ba5(TiN3)2,1.4885000000000002,0.2311868667602539,1.484867811203003,-1.1499497
agm002317778,SrSi,0.0,0.0037338733673095703,-0.0004101395606994,-0.47260034
agm002961842,Ta2Be2Au,0.0,0.009666919708251953,-0.0104648396372795,-0.24672721
agm002142643,AsCl3,3.9042,7.211155414581299,2.9581308364868164,-1.1658707
agm005018505,CaZnCuSi2,0.0,0.000579833984375,-0.0011526197195053,-0.36908266
agm005778459,Fe2SeS,0.0,0.0006279945373535156,0.0108181089162826,-0.5681111
agm003244852,NaSrGaF6,6.0401,10.992499351501465,5.8020477294921875,-3.4552872
agm002171010,CaSeO3,4.0576,7.655956268310547,3.8007326126098633,-2.3160582
agm005016058,YZnGe2Pd,0.0,0.004119873046875,0.0099109336733818,-0.64079154
agm003124965,NaSbO2,3.3078,4.998680114746094,2.692196846008301,-1.8709316999999999
agm002233054,FePW,0.0,0.0044231414794921875,0.0102499723434448,-0.4441132
agm005921327,Ba(ScS2)2,1.3104,4.38999080657959,1.2820396423339844,-2.3761547
agm004874044,CsTl(SeO4)2,1.9609999999999999,5.90067195892334,1.6999239921569824,-1.3493558
agm003244419,KNaSnF6,5.1683,9.463289260864258,5.126378059387207,-3.0428438
agm003244083,CrPO4,2.5006,0.003009319305419922,2.549872875213623,-2.587527
agm003272095,LiTe3,0.0,0.0006330013275146484,0.2099625021219253,-0.40224442
agm003222771,Na4TiO4,3.3403,5.422167778015137,3.4253458976745605,-2.432649
agm002269960,MnF6,0.5059,0.0009212493896484375,0.480857640504837,-1.7792675
agm005741682,LaGePd2,0.0,0.0009021759033203125,0.0013960823416709,-0.8868714600000001
agm003268144,Ta2PdS6,0.0,0.0012636184692382812,-0.0059239566326141,-1.2840967
agm001116488,Ti2NbBi,0.0,0.024103641510009766,-0.0038054883480072,-0.13494103
agm005726695,KSn3Au,0.0,0.0005863308906555176,0.0144026204943656,-0.27749878
agm002263531,Sr(Co2Sn3)2,0.0,0.02783823013305664,0.0152364075183868,-0.22033371000000002
agm002364891,Ba2CoWO6,1.8846,0.015018939971923828,2.1308798789978027,-2.5810544
agm005979632,Li3TiPt4,0.0,0.0004506111145019531,-0.0080634132027626,-0.7417716
agm000999997,LiC6,0.0,0.017504215240478516,0.0128649175167083,-0.009910806000000001
agm003223263,CsNbWO6,2.792,8.706954956054688,0.4152080714702606,-2.6331253
agm003248057,Na3In2(PO4)3,3.2206,4.690876007080078,3.3838369846343994,-2.5509923
agm006033331,K3SbO4,2.5903,5.003059387207031,2.690305709838867,-1.9276702000000001
agm005233885,CsFeCoF6,1.4591,0.005900382995605469,2.0442376136779785,-2.7715974
agm003109644,La3ZnN,0.0,0.0068579912185668945,-0.0189363360404968,-0.77048695
agm003412365,Ba2AgSn3,0.0,0.006763815879821777,0.0006789118051528,-0.5644112
agm002323747,Y2InIr2,0.0,0.002901315689086914,0.0119095332920551,-0.75422543
agm005747981,CsCO3,3.5697,0.09128332138061523,4.425110816955566,-1.8580681000000001
agm002366303,Ba2YBiO6,1.8555000000000001,5.1020588874816895,1.8114030361175537,-2.8237438
agm002696637,Y2MgAl,0.0,0.002017498016357422,-0.0042857676744461,-0.3031794
agm005594607,RbCuBr2,1.8458,0.003164052963256836,1.802491307258606,-1.0843724
agm003223342,P2PdO6,1.5976,0.0021071434020996094,1.2576556205749512,-2.1658125
agm003226001,CsTaSe3,0.1494,4.229467868804932,0.4776767790317535,-1.0050261
agm003201347,NbSb2,0.011600000000000001,0.004261136054992676,0.0071879625320434,-0.2842094
agm002217356,BaInSn,0.0,0.01829051971435547,0.025692731142044,-0.55295783
agm002202465,Hf3GeC,0.0,0.00021064281463623047,0.0048152953386306,-0.7898639
agm003276901,TiTlAsO5,2.795,4.904540538787842,2.9156088829040527,-2.3134701
agm003263153,Hf2NiP,0.0,0.03214406967163086,0.0038410127162933,-0.976259
agm003544738,Cs3ScSe3,2.2784,4.412118434906006,1.978234052658081,-1.4266968
agm002140619,Ti2AsC,0.0,0.022544384002685547,0.0059188306331634,-0.8908455
agm005092665,SrRuPtO6,0.0,0.3363471031188965,0.2308031022548675,-1.7036959
agm003228715,Cs4PbCl6,4.2642,5.736347675323486,4.206428050994873,-2.105149
agm003223319,Ca4YB3O10,4.4515,7.749667167663574,3.951967239379883,-3.3885567
agm005272911,CsGaNiF6,4.2749,0.00037097930908203125,4.5835747718811035,-2.7795923
agm003234490,Ba(V5S8)2,0.0,0.0027761459350585938,0.000458538532257,-1.4522114
agm005725025,La11Cd9Au4,0.0,0.014069557189941406,-0.0066258013248443,-0.5148394
agm002189645,Sr(SnAu)2,0.0,0.000873565673828125,0.0205651223659515,-0.5575884600000001
agm005586856,Li2IrF6,0.0,0.007903575897216797,0.0194616615772247,-2.4759514
agm006058269,Ta3CuRu4,0.0,0.007308006286621094,0.0012445747852325,-0.31362045
agm005285405,K(CrS2)2,0.0,0.012896537780761719,0.6246129274368286,-1.222205
agm006056000,Sr(HfSe2)4,0.0,0.9395136833190918,0.4862730205059051,-1.4548942
agm003207018,YRe2SiC,0.0,0.0022284984588623047,0.0027244985103607,-0.46269318000000004
agm002357965,Sr2Ir3,0.0,0.006243705749511719,0.0110666006803512,-0.26696524
agm002946251,La(SiTc)2,0.0,0.0027196407318115234,-0.0068177133798599,-0.5987956
agm005902466,Ba3ScP3,1.2855,3.794726610183716,0.7003978490829468,-1.1387990000000001
agm002287733,YMgPd,0.0,0.00457310676574707,0.0053091794252395,-0.6944273999999999
agm003244011,Cs4TlSbCl12,1.0717,3.637096405029297,0.9527877569198608,-1.7363373
agm005078433,CoTePbO6,0.0,0.0024878978729248047,0.7850662469863892,-1.437087
agm003263671,IrCl3,1.8161,0.009120941162109375,1.8234354257583616,-0.9283935400000001
agm005563977,Y5(SnPb)2,0.0,0.0011159181594848633,0.0068961158394813,-0.6962710999999999
agm003275513,NaMoAsO6,2.6310000000000002,7.310616970062256,2.616288661956787,-1.9650561999999998
agm005958899,Li5AgTe3,1.7992,0.0017949938774108887,1.5624815225601196,-0.87540996
agm005138130,Mg2InB2Ir5,0.0,0.006880283355712891,-0.0006938315927982,-0.39953059999999996
agm003244305,MoCl2,2.4845,0.0033397674560546875,2.4270029067993164,-1.3351077
agm003194178,K2Te2Pt,0.7684000000000001,0.005975008010864258,0.7630181312561035,-0.81954485
agm002171816,Na2RhO3,0.0,0.0038204193115234375,-0.0090045034885406,-1.5646206
agm003219886,V5Si3,0.0,0.0002865791320800781,0.000746976584196,-0.58733404
agm005607457,K2(TaBr3)3,1.3898000000000001,0.00012922286987304688,1.375945806503296,-1.1320869
agm005250911,KAlSiO4,4.559,8.27819538116455,4.541099548339844,-3.1925518999999998
agm004931878,Rb2NaSbCl6,3.2575,2.984598159790039,3.2944979667663574,-1.8860375
agm002165399,Na2CdSiS4,2.6901,0.0008391141891479492,2.279621124267578,-1.245367
agm005072481,CsMnCoF6,0.8318000000000001,0.014177322387695312,0.5346246957778931,-2.7752285
agm003337655,La3(Ge2Au)2,0.0,0.0006854534149169922,-0.004579022526741,-0.8354849999999999
agm002189491,SrIn,0.0,0.008817911148071289,0.0145425051450729,-0.4392753
agm003186302,Li2ZnAu,0.0,0.0008263587951660156,-0.008145123720169,-0.44200423
agm002139643,Ti3GaC2,0.0,0.01987701654434204,0.0075060129165649,-0.80497456
agm005844491,Zr2Fe3Ir,0.0,0.00531005859375,0.0155406221747398,-0.4340325
agm004663738,YTl3(AsO3)2,2.6758,3.4286298751831055,2.510971784591675,-1.9075574
agm003248418,K3Sn2S3BrO12,3.7223,5.059928894042969,3.477959632873535,-2.1001744
agm002139264,InBr,1.5057,3.280806541442871,1.203074336051941,-0.65918505
agm006068047,Al3MoRu4,0.0,0.00142669677734375,0.0102303475141525,-0.5778017999999999
agm004508452,Y2ZnNi3Ge4,0.0,0.010821342468261719,0.0066032111644744,-0.6390977999999999
agm005757455,Ni2Te6Pd,0.0,0.020864009857177734,-0.0025987774133682,-0.25598719999999997
agm003213597,Be12Cr,0.0,0.011653900146484375,-0.0056608691811561,-0.073624454
agm005284296,ZnAg(PO3)3,3.0056,0.41406822204589844,2.9813337326049805,-2.304109
agm003277421,NaCa10(PO4)7,5.0852,7.376526832580566,4.997272491455078,-3.2904365
agm002175905,LaTl(MoO4)2,4.1332,5.893335342407227,3.571873664855957,-2.4349787
agm005167567,NbTl2OF5,3.6771000000000003,5.551332950592041,3.568685531616211,-2.7912002
agm002200800,SrBPt4,0.0,0.025121688842773438,0.0038699060678482,-0.6518674
agm003221381,Sc4Si6Ir7,0.0,0.031548500061035156,-0.0062556415796279,-1.0485843
agm002264123,CoSe2,0.0,0.002201080322265625,0.0053883418440818,-0.31507564
agm003237069,Li2TeO4,2.2758,4.411262035369873,1.981069803237915,-1.9485245999999998
agm005134534,Mg2GaP2Ru5,0.0,0.0038967132568359375,0.0147605389356613,-0.44963992
agm002148681,NaBiF6,2.5298,8.425792694091797,3.4537224769592285,-2.503737
agm005967049,MnGe3Br8,2.1967,0.0015337467193603516,1.7277709245681765,-0.61538285
agm005221871,Ca4P2O9,4.4855,9.101953506469727,4.49740743637085,-3.3292038
agm003215568,Mn(FeO2)2,1.2850000000000001,0.0007424354553222656,1.1435794830322266,-1.9753714
agm005077403,SnBiSbO6,2.3748,3.0022292137145996,2.0534844398498535,-1.9425536
agm005629916,Sr2(Al3Pd)3,0.0,0.0005853176116943359,0.0031479895114898,-0.5785153
agm005840397,Hf3AsN,0.0,0.00038504600524902344,0.0014323890209197,-1.3022131
agm003251761,NaNb2AsO8,2.6968,7.637269020080566,2.710415840148926,-2.585183
agm003244851,Na3MoO4F,4.6225000000000005,6.594547271728516,4.134949207305908,-2.3739169
agm005071590,RbNaCoF6,1.7923,0.03404498100280762,1.773241639137268,-2.5164654
agm004822555,Ba4IrSeI2,0.0,0.008793950080871582,0.7290792465209961,-1.2667538
agm003001170,Ba2NaAu2,0.0,0.006181240081787109,0.0356173068284988,-0.5962995999999999
agm003229558,Na4BeAlSi4ClO12,4.6297,7.456165790557861,4.659702777862549,-3.0087223
agm003187103,NbB2W,0.0,0.002542257308959961,0.0061043798923492,-0.59376097
agm003236833,Tl2SeO4,3.3874,4.952541351318359,3.185593605041504,-1.2355052
agm004934642,CaTe(PbO3)2,2.7435,3.852299451828003,2.570460319519043,-1.9848574
agm002165711,NaCaSb,1.2138,1.765268325805664,0.8481413125991821,-0.78011084
agm003220086,RbNbCl6,2.2429,7.964987754821777,2.107041358947754,-1.9032353
agm002875963,KPAu2,1.0126,1.3181538581848145,0.2734185457229614,-0.38651979999999997
agm005686313,Nb2CrCo3,0.0,0.004378318786621094,0.0025491118431091,-0.14949155
agm003161299,PIr2,0.0,0.34830379486083984,0.0027590803802013,-0.39885834000000003
agm002135639,TiAlNi,0.0,0.0019683837890625,0.0149883329868316,-0.55613935
agm001413954,RhSCl,1.4052,2.3358545303344727,0.718733549118042,-0.9790597
agm002161182,MgSbS2Br,1.8719000000000001,2.7616183757781982,1.8449146747589111,-1.1343611
agm004562345,Rb2Cu(OF2)2,0.7204,0.0022411346435546875,0.2362938225269317,-2.0966349
agm005712065,Sc4As6Ru7,0.0,0.001171112060546875,0.0420842729508876,-0.78166
agm005003852,SrGa2SnAu,0.0,0.0028391480445861816,-0.0016218572854995,-0.5060569
agm002203452,Ca(CuAs)2,0.0,0.0003299713134765625,0.0007195621728897,-0.5038621999999999
agm005885527,Rb3SnTe3,0.0,0.8095221519470215,1.2705706357955933,-0.8238097999999999
agm003202349,MnBe4Ir,0.0,0.019917011260986328,0.0198272615671157,-0.44556296
agm003239349,Ba3LaIr2O9,0.0,0.0013060569763183594,0.0117452442646026,-2.491239
agm003212195,CO2,6.5972,9.646567344665527,6.516791343688965,-1.7693424
agm003211635,Te4MoBr,0.8398,0.3088618516921997,0.8408927917480469,-0.25311032
agm002270242,Rb3ScF6,6.2838,8.982327461242676,6.357875823974609,-3.5720015
agm005592196,YBeIr,0.0,1.1920928955078125e-06,-0.0188963264226913,-0.66408736
agm002434697,Sc3SnC,0.0,0.014345603063702583,-0.006361961364746,-0.79000145
agm005691579,V2Br3F,2.821,5.435943603515625e-05,1.250629186630249,-1.4064250999999999
agm005758497,ZrTl2Te3,0.1923,2.553861141204834,0.3130918741226196,-0.5975104
agm003215745,KLaCuTe4,0.0,0.006006002426147461,0.0586526244878768,-0.8958636999999999
agm003190073,Sc2TlIr,0.0,0.0008940696716308594,0.0146725177764892,-0.6528765
agm002040801,Be,0.0,0.0020666122436523438,-0.0060667321085929,0.0
agm003187246,MgTiN2,0.3014,5.300083160400391,0.3047401010990143,-1.5029173
agm004583341,K2Y2HfS6,2.1539,6.240590572357178,1.6230032444000244,-2.1840305
agm004533410,Ba2Li3GaBi4,0.0,0.004668235778808594,0.0322488471865654,-0.6280519
agm005584209,Ba4Mo3O10,0.0,0.01377001404762268,-0.0030630230903625,-2.6524732
agm005945947,La4Zn3Ga,0.0,0.0053958892822265625,0.0083382278680801,-0.3827354
agm004596075,La6Ru2PtBr3,0.0,0.0008826255798339844,0.0036333873867988,-1.1000899
agm005054601,KSrVS4,1.3807,5.64552116394043,1.4083435535430908,-1.7342563
agm006087813,La6BiP4,0.0,0.004659563302993774,-0.0026933848857879,-1.3869611
agm005545138,GeI4,1.7943,3.907698154449463,1.7455692291259766,-0.2630018
agm002185961,Ca(SiRh)2,0.0,0.008945465087890625,-0.0269737541675567,-0.9781627700000001
agm005742064,Sr(Al5Ir)2,0.0,0.002881556749343872,-0.004713587462902,-0.5100934
agm005143780,La2Be2InRh5,0.0,0.00269317626953125,-0.0077371709048748,-0.6818571
agm003232806,Na2PSe3,1.9945,3.651843547821045,1.943063259124756,-0.70848566
agm005239841,MgMoO9,0.0246,0.00019931793212890625,0.2554257214069366,-1.5079858
agm005658847,Ca5(InBi3)2,0.0,9.703636169433594e-05,0.0275431275367736,-0.60995847
agm005254848,K8NbSnAs5,1.2525,1.4615130424499512,0.9552133083343506,-0.49517069999999996
agm005555363,Bi2N2O3,1.4704000000000002,3.9288296699523926,1.444980502128601,-1.1762782
agm003277404,RbNb3(PO5)3,0.0,0.2946232557296753,2.2574148178100586,-2.907582
agm001036508,ZrNiIr,0.0,0.1291828155517578,0.0098251774907112,-0.6516322999999999
agm002228442,CaBiO3,1.3666,2.481423854827881,1.1996930837631226,-2.2842238
agm003434799,NaTe3Pt2,0.41150000000000003,0.001796722412109375,0.5353924036026001,-0.539329
agm003229247,BaLi(BS2)3,2.8715,4.079477310180664,2.82859468460083,-1.2894509
agm005929129,Ca3CuSi3,0.0,0.0014411211013793945,-0.0143475160002708,-0.48729789999999995
agm003274880,Ta2CoO6,2.6508000000000003,0.008498191833496094,1.8576302528381348,-2.9269512
agm005597195,Ti2NbB6,0.0,0.003487110137939453,-0.0017468035221099,-0.96481633
agm004603928,La6Te3Ir2Se,0.0,0.0004888772964477539,-0.0091824978590011,-1.403035
agm002143523,SbSeCl,1.199,3.1747615337371826,1.4520182609558103,-0.7417874999999999
agm001043929,TaBeAu,0.0,0.0011987686157226562,0.0032905489206314,-0.24349058
agm006046211,Na6TaAs4,0.0,0.0008263587951660156,1.174081325531006,-0.44820657
agm003240917,K2LaCl5,4.1685,7.883176326751709,3.867672920227051,-2.5931303999999997
agm003187300,LaIr,0.0,0.02512812614440918,0.0166763961315155,-0.72928435
agm005832424,CsAlS3,2.5064,4.934850692749023,2.3222544193267822,-1.4398347999999999
agm005224049,TaTeCl9,2.7779,5.016503810882568,2.797201633453369,-1.4986188
agm002187592,HfSiPt2,0.0,0.014522552490234375,0.0017527341842651,-1.0488648
agm003640083,Y5Zn4Pd,0.0,0.0073833465576171875,-0.0005141831934452,-0.46980456
agm005260286,MgCrP2O7,3.0362,0.013889551162719727,3.066863536834717,-2.762896
agm005134097,Sc2B2Ru5W,0.0,0.0028505325317382812,-9.962916374206544e-05,-0.53604406
agm005958937,Sb(SeN)2,0.0,0.00017595291137695312,1.2282342910766602,-0.2397702
agm006005628,Ba8PdPt3,0.0,0.011780083179473877,-0.0074016079306602,-0.5873927
agm003277779,K2LaP2Se7,1.6747,4.3740644454956055,1.4511675834655762,-0.9116552
agm001191771,HfOs,0.0,0.0031042098999023438,-0.0026306509971618,-0.7001317
agm002206873,LaInCo,0.0,0.002173900604248047,0.0136276334524154,-0.35939962000000003
agm003225888,BiBO3,3.0142,4.706787109375,3.0112016201019287,-2.293678
agm003275778,KMg3V3CuO12,0.7896000000000001,0.0026607513427734375,0.7023130655288696,-2.5030181000000002
agm002185895,Cs2SeBr6,1.9307,2.202833652496338,1.1827205419540403,-0.94982636
agm005575029,Sn3Ir2S3,0.5584,1.597590684890747,0.1643667221069336,-0.7168110999999999
agm006038817,Sr(BS2)2,2.5841000000000003,5.209103584289551,2.836158037185669,-1.3370248
agm002171368,Sr2FeO3,1.4361000000000002,0.004909619688987732,1.1230648756027222,-2.6298218
agm005291104,Cs2NaMoF6,4.5655,0.012465745210647583,4.056218147277832,-3.0377972
agm001034321,BiSN,1.3282,1.8932640552520752,0.0560096502304077,-0.45476857
agm002218599,Cs2LiAlAs2,1.2258,1.0162038803100586,1.1111316680908203,-0.62351996
agm003263122,Nb2InC,0.0,0.008861660957336426,0.0166632831096649,-0.42880595
agm002140206,Mo2C,0.0,0.005799293518066406,-0.0024613738059997,-0.1254728
agm005624902,Tl2AgCl3,2.7435,0.0004786849021911621,2.138970136642456,-1.1264626
agm002215346,YNbGe,0.0,0.0053345561027526855,-0.0195353850722312,-0.67108375
agm005786557,K7ClO12,0.0,0.00023126602172851562,0.1217291429638862,-1.3868515
agm003215679,La4Pb3,0.0,1.599658489227295,-0.0052037388086318,-0.63268447
agm003226471,K3Ta3(BO6)2,2.6742,4.944888591766357,2.686772108078003,-3.064924
agm003211182,SrSiPd,0.0,0.0021660327911376953,0.0127848386764526,-0.7501042
agm003245827,Na2Cu(PO3)4,1.0096,0.0014977455139160156,0.7629549503326416,-2.4596605
agm002213719,Sr2GaRh2,0.0,0.00243377685546875,0.0049225836992263,-0.5094138
agm004564260,Cs2Mg2Te4Pb,1.5775000000000001,3.019446611404419,1.8710589408874512,-0.9008921400000001
agm003217675,Ba3SrSn12,0.0,0.0015649795532226562,0.0025690793991088,-0.44617543
agm002386029,BaLi(AsRh)2,0.0,0.0037832260131835938,0.0688454210758209,-0.7941992999999999
agm005960551,Sr3MoO6,2.6789,6.257175445556641,2.617062568664551,-2.9020376
agm003222482,Li2MoF6,2.3054,0.03548002243041992,2.2799458503723145,-3.030753
agm004928012,K2NaScF6,6.9656,9.66580581665039,6.502797603607178,-3.5982227
agm003206703,Cs2P3,0.994,0.03131246566772461,1.1676876544952393,-0.47799367000000004
agm002175165,Ba2ScPtO6,0.0,0.0009424686431884766,1.449318528175354,-2.6592405
agm003187631,LiRh,0.0,0.006989002227783203,-0.0017688795924186,-0.18450774
agm002287123,MgPRu,0.0,0.0012869834899902344,0.007886167615652,-0.6310654
agm003343098,La2Ge5Pd3,0.0,0.001035451889038086,0.0082925409078598,-0.8019109999999999
agm005626523,Ca2(Al3Ni)3,0.0,0.003925800323486328,0.0024931877851486,-0.47973552
agm003233254,RuS3Cl8,1.8377,0.8347789645195007,1.8430367708206177,-0.8711819
agm004582369,K2Tl2RhO6,0.0,0.009004712104797363,0.143537238240242,-1.3647695
agm003232049,KFeCl4,1.3274,0.006316184997558594,1.222175359725952,-1.6276000000000002
agm003231943,KCr(MoO4)2,2.7549,0.0029146671295166016,2.7869203090667725,-2.2118726
agm002174259,K5BiO5,0.8225,0.0011930465698242188,1.6206222772598269,-1.5679485
agm004491290,La3Ta2N5O2,0.5364,0.8873286247253418,0.1499019265174865,-2.171697
agm003213482,La5(BN3)2,0.0,0.0006732940673828125,-0.0017921552062034,-1.5260216999999998
agm003218659,Cs2CoCu3F10,0.3431,0.0033054351806640625,0.1290151178836822,-2.2660265
agm003247670,PAuCl8,1.8218,0.08518075942993164,1.4933974742889404,-0.98946583
agm002188277,Rb2SiSe3,1.9834,4.041607856750488,2.040210485458374,-0.98797894
agm002148830,ZrNiF6,5.6981,0.0059947967529296875,5.238619804382324,-3.3449809999999998
agm003277348,Mg2Tl2(MoO4)3,3.8891999999999998,5.509191036224365,3.9356770515441895,-2.202487
agm005585279,CsAsPd,0.0,0.0037467479705810547,0.8320173025131226,-0.46644676
agm005133706,Ca2Si2Rh5Pb,0.0,0.0028400421142578125,-0.0063955411314964,-0.74021006
agm003600721,BaGaRh,0.0,0.0031485557556152344,-0.0030384510755538,-0.57629824
agm002155644,KCrSe2,0.8423,0.0063288211822509766,0.2457827031612396,-0.82994777
agm002362971,Tl3RhF6,1.7167,0.0032279491424560547,1.2127012014389038,-1.9939230000000001
agm003202352,LiBe4Pt,0.0,0.017618417739868164,0.0195384360849857,-0.44126073
agm006011554,Y4Te3Pb,0.0,0.011447787284851074,0.0992990583181381,-1.179983
agm004492837,K2Zr(TeO4)3,1.5476,4.159618854522705,1.5238906145095823,-2.0360854
agm005071406,KNiRhF6,1.2245,0.009385108947753906,2.137542247772217,-2.2478592
agm004879189,CsScCr2O8,2.3615,8.520028114318848,2.671600341796875,-2.3305569
agm003202370,KCaPt4,0.0,0.018290996551513672,0.017414666712284,-0.5947262600000001
agm002709053,NaTl2Bi,0.1207,0.004639387130737305,-0.0114867687225341,-0.17302075
agm005707134,NaGeSe2,0.2326,3.293961524963379,1.4901015758514404,-0.6456293
agm005557829,Ti2In2Rh3,0.0,0.0016396045684814453,0.000917449593544,-0.6337747
agm003263876,CsRuF6,1.306,0.019808053970336914,1.3069589138031006,-2.4904332
agm002024865,ZrVSi,0.0,0.00027370452880859375,-0.0011161863803863,-0.75872546
agm002137868,Ni6Ge2B,0.0,0.01944732666015625,0.0047554373741149,-0.3095532
agm005050259,CsRbOsO4,1.2482,0.002863377332687378,0.920884370803833,-1.7788444
agm004755258,K2CaCdP2,1.0648,0.0007690787315368652,1.1601510047912598,-0.58610284
agm002180032,Pt2Pb3,0.0,0.0017437934875488281,0.0178558230400085,-0.21655673
agm005264830,Cr2CuS4,0.0,0.012342453002929688,0.0326993614435195,-1.014605
agm005832793,Sr2LiPt2,0.0,0.0016007423400878906,0.0016855150461196,-0.7463188
agm005823862,CsCl4F,2.2515,5.124180793762207,2.832624673843384,-1.3804041
agm005751418,RbGaI3,2.4808,3.4440596103668213,2.5525155067443848,-0.93673646
agm003221376,Y6PtI10,0.6755,0.004796743392944336,0.0701536387205123,-1.3061711
agm005021546,SrCrNiAs2,0.0,0.022076129913330078,-0.0024320408701896,-0.6145223400000001
agm005678142,Cs3InBi2,0.09870000000000001,0.0008101463317871094,0.1297668218612671,-0.37670597
agm003247489,Rb2ZnO2,1.5101,0.006366252899169922,1.872728705406189,-1.5512258
agm004934639,Sr2FeTeO6,1.2492,0.01016855239868164,1.4521440267562866,-2.4350064
agm003239466,Ba3CuRu2O9,0.0,0.0001747608184814453,0.0065009444952011,-2.1176264
agm001257312,Ca3W5N12,0.9348000000000001,7.565081596374512,0.9133913516998292,-0.861362
agm003211545,V2O3F,0.9832000000000001,0.0054264068603515625,1.1307649612426758,-2.6559315
agm002304487,SrMoO4,3.8069,9.938645362854004,3.826714277267456,-2.7265468
agm002225569,NaPbCl3,3.5825,5.130524158477783,3.397286891937256,-1.7747244
agm003241426,Cs3SbO4,2.7392000000000003,5.340576171875e-05,2.600491523742676,-1.9132721
agm005046803,LaMoBrO4,2.1553,10.657716751098633,2.9831480979919434,-2.614381
agm005022886,KP2OsRh,0.0,0.02690887451171875,-0.00385732203722,-0.6194912
agm003264330,K5CuSb2,0.7449,0.0012797117233276367,0.7561056613922119,-0.36956424
agm005053083,BaTlVSe4,1.1387,3.35630464553833,1.1180821657180786,-1.0228716
agm005585267,Os(PbO3)2,0.0952,4.022465229034424,0.1715643852949142,-1.5094604
agm002218481,Li2SiPbSe4,1.7743,2.647177219390869,1.75440776348114,-0.80439156
agm005949013,Sc2ZnGa5,0.0,0.004631489515304565,0.0062601864337921,-0.49434143
agm004850961,Sr4SbTe2Cl,1.2227999999999999,4.328125953674316,1.1718729734420776,-1.7672447
agm003267934,Si4P4Ru,1.4732,0.0013842582702636719,1.501152753829956,-0.3596141
agm003258345,SF6,5.7252,15.535606384277344,5.822240829467773,-2.2158103
agm004667708,K3Y(PO4)2,4.7807,0.00035381317138671875,4.605769634246826,-2.9786408
agm003226321,Li7IN2,1.6921,3.7971110343933105,1.7196714878082275,-0.617493
agm004976117,InGa2MoO6,0.8691000000000001,0.0029758214950561523,1.1481602191925049,-2.13251
agm003220034,CsLa2CuSe4,1.068,0.0032384395599365234,1.2721049785614014,-1.5990188
agm005787529,BaMgTl4,0.0,0.0020864009857177734,-0.0038496851921081,-0.22882979
agm005840750,Ca(FeI4)2,0.5535,0.0007338523864746094,0.0741741359233856,-0.5510646
agm005836292,IrSCl3,0.3623,0.7219476699829102,1.5547633171081543,-0.8887862
agm005604273,Na3(AgSn2)2,0.0,0.0004292726516723633,0.0184571221470832,-0.1773773
agm005958364,Rh(NO)2,0.0,0.0006504058837890625,2.0791003704071045,-0.7500851
agm005223898,KAuBr4,0.7461,0.00995326042175293,0.7954256534576416,-0.7193767999999999
agm003186510,LiScIn2,0.0,0.003468036651611328,0.0103114545345306,-0.3903512
agm003223311,LiCrCdF6,3.7764,0.0020971298217773438,3.2317352294921875,-2.9266098
agm003222211,Hf3AlGe5,0.0,0.0005843639373779297,-0.0068416893482208,-0.49210709999999996
agm003220327,KV(CuS2)2,1.0661,0.00543212890625,1.0846316814422607,-1.158024
agm003236869,KMg(PO3)3,4.9514,9.453268051147461,4.946743965148926,-2.8095264
agm005071742,RbAlCoF6,3.0428,0.0017762184143066406,2.890923500061035,-3.2564888
agm003123327,RbFeO2,2.0233,0.0060651302337646484,2.116414785385132,-1.8327596
agm002337613,SrGa3Au,0.0,3.999471664428711e-05,0.0050847232341766,-0.5324719
agm003274968,BaFe2(P2O7)2,2.683,0.013084888458251953,2.744062900543213,-2.686623
agm003220536,P3N5,3.6934,7.324540615081787,3.348025321960449,-0.53793854
agm005087500,NaZnCrF6,4.0386,0.001773834228515625,3.612220525741577,-2.9291973000000002
agm003214728,HfCrCuS4,0.0044,0.0016622543334960938,0.0686077922582626,-1.3820035
agm003203204,SrIn2,0.0,0.015197992324829102,0.0031465105712413,-0.46134016
agm002362840,Cs3NiF6,2.2806,0.01308286190032959,0.181239515542984,-2.5792077
agm003283875,KZnB(PO4)2,4.7549,0.011241436004638672,4.763187885284424,-2.6527317
agm002345861,Mn3Nb2Ge,0.0,0.012694358825683594,0.0083241015672683,-0.27333376
agm002186782,LaSi3Os,0.0,0.00302925705909729,-0.0162513852119445,-0.6550743
agm002184168,Sc3ZnRu2,0.0,0.0059740543365478516,0.0058851912617683,-0.5583880999999999
agm005214450,MgScZnSn,0.0,0.01610708236694336,0.0061349421739578,-0.38916185000000003
agm003234109,Ba4Mg(SiN3)2,1.6939000000000002,0.02097034454345703,1.6026132106781006,-1.0939798
agm005056986,Sr4SbAsO,1.1535,2.7920517921447754,1.1989105939865112,-1.7016242
agm005950712,Y(SiAu2)2,0.0,0.004586219787597656,-0.001045249402523,-0.44522639999999997
agm003226899,Y2Si5Ir3,0.0,0.0012907981872558594,-0.0124130249023437,-0.9776581
agm003239508,Ba3Cr2WO9,2.0556,0.01697826385498047,2.0317234992980957,-2.752708
agm002238445,Sc2Fe3Os,0.0,0.00832509994506836,0.0011104270815849,-0.3321189
agm002225463,NaSn2Pt,0.0,0.009474635124206543,0.0057997554540634,-0.46792278
agm002358369,Ti3ZnRe2,0.0,0.009264945983886719,-0.0033649206161499,-0.37163603
agm004750991,Cs2TlInBi2,0.0,0.016565799713134766,0.0546278357505798,-0.31708124
agm005676354,Zr2Ta3Ge4,0.0,0.002381563186645508,0.0109647959470748,-0.61355233
agm003277791,CdSnP14,1.3892,0.001955866813659668,1.4829894304275513,-0.042878628
agm002379489,TlPt2Pb,0.0,0.02440786361694336,0.0148029774427413,-0.19325286
agm005274089,K6ZnBi5,0.0,0.0046236515045166016,0.1637244224548339,-0.36367995000000003
agm004937819,RbTl2InF6,4.098,5.639517784118652,3.6627373695373535,-2.6039312
agm002143871,RbIn9Co2,0.0,0.002596139907836914,0.0006001740694046,-0.07079238
agm003263418,NiGe,0.0,0.02592945098876953,0.0128357410430908,-0.31003833000000003
agm005662483,BaBiI,0.0,0.0030727386474609375,0.1061687171459198,-1.2185924
agm002343086,Rb2LiInSb2,0.5786,1.8665692806243896,0.6726057529449463,-0.4861868
agm003211177,CaSiPd,0.0,0.01345968246459961,-0.0025437623262405,-0.7832028999999999
agm005774847,Nb14ReIr,0.0,0.0012307167053222656,0.004828542470932,-0.17701198
agm002256270,Sn2BRh6,0.0,0.0654897689819336,0.0125553011894226,-0.41776037
agm004497468,Cs2RbRh3F12,0.766,0.004486560821533203,1.8664063215255735,-2.3160799
agm003273846,Na15SnGe8P,0.2109,0.5558762550354004,-0.01009202003479,-0.19542918
agm003595830,Cs(BiAu)4,0.0,0.00128173828125,0.0238445475697517,-0.17355257000000002
agm003263031,K2AgSb,1.2277,0.004175782203674316,1.2009843587875366,-0.41169277
agm005548628,PbCl8,0.7812,1.4195919036865234,1.7570013999938965,-0.7481082
agm002210541,Rb2PbF6,3.4227,9.163008689880371,2.5114011764526367,-2.7324607
agm003188965,V3Os,0.0,0.012099742889404297,0.0049615800380706,-0.35032949999999996
agm005852532,Cs(SnAu)2,0.0,0.002074003219604492,0.0067611597478389,-0.30748156
agm002355107,ZrSeI,0.0,0.0014297962188720703,0.3959698677062988,-1.1847292
agm003215682,Te4Mo3,0.0073,0.009761810302734375,-0.0087451562285423,-0.25826448
agm001269000,CsZnP,0.7178,0.019917011260986328,0.5822203159332275,-0.39488316
agm005729720,Y2SiPt6,0.0,0.003977775573730469,-0.0038642585277557,-1.0730027
agm002192472,Y2InPd2,0.0,0.012542486190795898,0.0033648833632469,-0.86534697
agm005864939,Sc4AgPt,0.0,0.004275321960449219,0.0133954361081123,-0.5958564
agm004852905,RbBa2ReN4,2.0684,1.6588397026062012,2.0772461891174316,-0.8222769999999999
agm004510772,Ba2GaGe4Au3,0.0,0.0006568431854248047,0.0028709471225738,-0.4956006
agm005833537,CsLa3F10,6.2722999999999995,10.974761962890625,4.898227214813232,-4.317426
agm005242761,LiPPbO4,3.6442,5.52911376953125,3.5234179496765137,-2.5038424
agm002141606,CaInNi4,0.0,0.09733295440673828,0.0027157962322235,-0.20747669
agm003733746,CaTcO4,0.0,0.0072383880615234375,2.1157050132751465,-2.4872837
agm002314818,ScGeAu,0.0,0.009309768676757812,-0.0001153200864791,-0.7240076
agm003213595,Al12Mo,0.0,0.006366133689880371,0.0463665872812271,-0.118076436
agm004505923,Mg3BeZn2Ir3,0.0,0.0009860992431640625,0.0275930874049663,-0.4051148
agm003247615,Y2Mn3Si5,0.0,0.0007746219635009766,-0.0053170770406723,-0.6229163999999999
agm002176309,RbCuO,1.1048,0.06464862823486328,1.1638000011444092,-1.1961083
agm004716564,Y8SiTe4As3,0.0,0.0003991127014160156,-0.0041866153478622,-1.4342192
agm002218311,Li2CdGa,0.0,0.006977438926696777,-0.0075965225696563,-0.29633057
agm001078145,MgTl2F4,3.7907,5.200997352600098,3.919244289398194,-2.7944443
agm003219749,Sr5Bi3,0.0,0.026000261306762695,0.0088525116443634,-0.88146013
agm002230967,CaV(PO4)2,1.6907,0.03476905822753906,1.364234209060669,-2.8903391
agm003242556,Cs2Sn3(SbS5)2,1.8628,4.141090393066406,1.5025994777679443,-0.9674191999999999
agm003220510,La3Ir,0.0,0.007848680019378662,0.0056879147887229,-0.49285153000000004
agm003228513,LiVP2O7,2.0946,2.497424840927124,2.1959035396575928,-2.7262604
agm002163006,CaN2,0.0,0.00032806396484375,0.02630016207695,-0.7657113
agm003272325,LaP,0.0,4.746110439300537,-0.0004770159721374,-1.5756757000000001
agm005631567,YScBi,0.0,0.004843473434448242,0.0203081965446472,-0.65160704
agm003282874,NaLiZr(Si2O5)3,5.2173,8.017448425292969,5.2445878982543945,-3.2445526
agm003232609,CsCr(SO4)2,2.7145,0.006104230880737305,2.6939940452575684,-2.2396767
agm001384010,TaMnAlIr,0.0085,0.008107185363769531,0.0113812386989593,-0.5950850999999999
agm005288337,TlIn4S5Cl,1.4816,3.0357768535614014,1.5494017601013184,-0.9812542
agm003232817,K2TeS3,2.3728,4.759040355682373,2.2916693687438965,-1.0836849
agm003239734,Tl5SnF9,3.3074,4.628143787384033,2.766850709915161,-2.348872
agm003229213,Na2In2SiS6,2.3142,5.162072658538818,2.183998107910156,-1.2107561
agm004497001,Rb2Ga3AgF12,2.6014,0.0016913414001464844,2.5408220291137695,-2.845027
agm004624363,Li3Ni2SbO6,2.8526,0.00037384033203125,1.1530301570892334,-1.8157101999999998
agm002186221,Ba3(GaSi)2,0.0,0.0012638568878173828,0.0093190670013427,-0.44692499999999996
agm002139244,Nb3TeBr7,0.6392,1.399240493774414,0.751333475112915,-0.88903993
agm003236958,KBi3F10,4.4585,5.495783805847168,4.840825080871582,-2.8676112
agm002351428,Rb(SbPd)2,0.0,0.007740974426269531,0.16007861495018,-0.49007884
agm003201774,KAuSe,1.8738000000000001,0.012145280838012695,1.8368821144104004,-0.7497362999999999
agm005787001,Nb6C2N,0.0,0.0032625198364257812,0.0033174455165863,-0.6670626
agm003225939,KAuI3,0.5876,0.0013048648834228516,0.6974526643753052,-0.6472896300000001
agm005546479,CoS5,0.0,0.0006580352783203125,0.2280484139919281,-0.5472904
agm002176729,PCl3O,4.464,13.509160995483398,4.4028167724609375,-1.571791
agm005533352,La4Sn3,0.0,2.0796871185302734,0.007621444761753,-0.7829645
agm005939486,In2SnRh2,0.0,0.07206010818481445,0.0070243403315544,-0.4062725
agm002165035,ZrN,0.0,0.02593083679676056,-0.0036540776491165,-1.8697949999999999
agm002319271,La2CdSi2,0.0,0.007080078125,0.0112744756042957,-0.6474034
agm001261370,HfBeSi,0.0,0.002291262149810791,0.0121840238571167,-0.66219527
agm003216158,Cu(IrS2)2,0.0,0.011636734008789062,0.017590120434761,-0.74480844
agm003237577,La3IrI3,0.0,0.0032334327697753906,0.0378569364547729,-1.2584802
agm003609772,TaBePt,0.0,0.003582000732421875,0.0033986419439315,-0.6332114999999999
agm005132053,Sc2Be2GaPt5,0.0,0.0032415390014648438,-0.016616865992546,-0.9977767
agm005882770,Li2WO4,3.992,10.295509338378906,3.874082326889038,-2.3434367
agm002922104,Sr(GaIr)2,0.0,0.011881828308105469,0.0006142109632492,-0.55457115
agm004852903,RbCa2ReN4,2.7699,0.0006384849548339844,2.1975390911102295,-0.9043194
agm002192291,VSe2,0.041600000000000005,0.010059356689453125,0.0475687533617019,-0.6995136
agm005929941,ZrBe9Re2,0.0,0.00439906120300293,-0.0118058025836944,-0.32018027
agm002140989,Ca3(GaGe)2,0.0,0.0006480216979980469,-0.0154409706592559,-0.6043064
agm003213445,Sc(MnSn)6,0.0,0.0028498172760009766,0.0062221139669418,-0.12255851000000001
agm003160527,ZrSe2,0.3553,9.85432243347168,0.3624886870384216,-1.3357828
agm005560403,Sr3(GeIr)2,0.0,0.004879951477050781,0.0162891447544097,-0.56018203
agm002931599,Sr(MgZn)2,0.0,0.005413532257080078,0.0020720921456813,-0.18110311
agm005276177,Tl2S5,1.6671,2.8295183181762695,1.690359354019165,-0.6161907
agm006115119,Mn5V6Tc,0.0,0.005333900451660156,-0.0110825449228286,-0.27735028
agm003211497,V2C,0.0,0.007043361663818359,-0.0089843198657035,-0.47682562
agm001226844,SrInBi2,0.0,0.008533239364624023,0.0298174023628234,-0.44520879999999996
agm003236551,K3AsSe3,2.1159,3.7265734672546387,2.0944690704345703,-0.9289791
agm003215440,Al2ZnO4,3.8465,0.0062351226806640625,3.86529541015625,-3.0218098
agm001333642,LiScNiSn,0.4857,0.01070094108581543,0.0159220993518829,-0.6050789400000001
agm001138815,Ba2NaZn,0.0,0.0026673078536987305,-0.0025561153888702,-0.10851848
agm003186220,Al2OsPt,0.0,0.010174274444580078,0.0194983333349227,-0.77618444
agm005712963,La4Mg5Sn6,0.014100000000000001,0.9974592924118042,0.0079737901687622,-0.5926013
agm002156046,LaPbAu,0.001,0.016942501068115234,-0.0109774321317672,-0.74413365
agm003601356,CsPPt,0.0,0.0147857666015625,0.728598952293396,-0.6139564
agm002206627,Hf6CoTe2,0.0,0.004384756088256836,0.0084342509508132,-0.46081957
agm002308187,Rb4CdBi2,0.3124,0.020800471305847168,0.1067593991756439,-0.36304939999999997
agm003201519,NbGeSb,0.0,0.013950616121292114,0.0024694800376892,-0.3462475
agm004945052,RbSb(CO3)2,4.2053,5.960941314697266,3.7447619438171382,-1.8791825
agm005582271,Ti(InCl3)2,1.1666,3.9413914680480957,1.4181082248687744,-1.66286
agm006061783,Rb4CaCl6,4.9375,7.552150726318359,5.161592483520508,-2.409213
agm003245882,Rb8Tl11,0.0,0.002081155776977539,0.0291767492890357,-0.12794186
agm005633772,Be2Nb3Ru5,0.0,0.0022640228271484375,-0.0069212839007377,-0.36900234
agm003556019,Cu3SiSe4,0.0,0.020279407501220703,0.0782849639654159,-0.29194529999999996
agm003146262,KSiAu3,0.0,0.03825855255126953,-0.0078113488852977,-0.28894149999999996
agm005541731,V2N,0.0,0.0017361640930175781,-0.0087917745113372,-1.1004963
agm002168901,ZrNiPb,0.3937,0.0003523826599121094,0.2613775134086609,-0.38986298
agm005845073,Y2SeBr2,0.0,0.020495176315307617,0.0987428724765777,-1.739196
agm003222896,KNaLaNbO5,3.6795,6.790121078491211,3.4973323345184326,-3.053285
agm002256758,Ba2Fe(BO3)2,3.725,0.005516737699508667,3.238798141479492,-2.8744733
agm003229287,Na6MnS4,1.4071,0.0006049275398254395,1.3737374544143677,-1.2545936
agm002169652,CsSO2F,4.1741,6.463444232940674,4.506899356842041,-2.3409889
agm005737813,LaPRh3,0.0,0.0025997161865234375,0.0085513107478618,-0.9075609
agm003284101,V2B(PO4)3,1.9301,0.0010309219360351562,1.9515680074691772,-2.7128818
agm002164152,La3(TiN3)2,0.0,0.0036377906799316406,0.2345594763755798,-1.6148547
agm005072034,LiInPbF6,4.1816,5.687550067901611,4.483401298522949,-2.8934562
agm005062723,CrCuSnS4,0.0,0.006256580352783203,0.008205696940422,-0.8978453
agm003186326,Be2CuRh,0.0,0.01136016845703125,0.00604859739542,-0.44849268000000003
agm005600793,BeNbCo,0.0,0.010289669036865234,0.0199963301420211,-0.27319732
agm003276495,TiAgPO5,2.3816,0.0011196136474609375,1.86720609664917,-2.5858343
agm005898201,Sc4TeIr,0.0,0.00257110595703125,0.0446492433547973,-0.83469516
agm005590027,YSiPt,0.0,0.003624439239501953,-0.00305987149477,-1.2118981
agm003241645,RbTa(CuTe2)2,1.2462,0.0005145072937011719,1.0962986946105957,-0.45809913
agm002330571,La2Ge2Ru2C,0.0,0.000949859619140625,0.026034191250801,-0.6579201
agm003187001,Mg2ScPb,0.0,0.020379066467285156,-0.0022040866315364,-0.24889477000000002
agm005132751,HfZr2Si2Ru5,0.0,0.04031944274902344,0.0021651461720466,-0.7651643
agm005710631,Ba6Tc3O14,0.0046,0.00401797890663147,0.55755615234375,-2.5828401999999997
agm004676761,Rb3CrNi2F9,5.0398,0.005093097686767578,1.228262186050415,-6.1930904
agm005808086,CaAl3Ga,0.0,0.026073217391967773,0.010487638413906,-0.27715644
agm003226387,Sc2Co3Si5,0.0,0.0007290840148925781,-0.0112390667200088,-0.7419669600000001
agm003206408,KSbO3,2.6814,4.240240573883057,2.6658377647399902,-2.0577526
agm002300708,KCl(OF)2,3.5034,5.09210205078125,3.953442335128784,-1.6051244
agm005086000,KLiSiF6,7.3249,12.735074996948242,7.26052188873291,-3.4440565
agm005259741,In2Se2O7,2.8812,2.411797046661377,3.057344675064087,-1.5918127
agm002162762,Zr6MnTe2,0.0,0.0028235912322998047,0.0079246237874031,-0.4818124
agm003247294,Mg3Si(O2F)2,5.0736,7.741191864013672,5.1133294105529785,-3.42735
agm003160862,Na2S,2.4513,4.285161018371582,2.391781806945801,-1.2897035
agm003521484,Sr(AuF4)2,2.005,1.8248176574707031,2.2531254291534424,-2.2090428
agm004497407,RbTl2V3F12,1.9866000000000001,0.006270229816436768,2.1101877689361572,-2.9888995
agm005661363,La4C2Br5,0.0,0.0002985447645187378,-0.0256733000278472,-1.4656136
agm003250117,CsInP2O7,3.7895000000000003,5.433469772338867,3.7976040840148926,-2.6152704
agm002241581,YCoSi,0.0,0.006277561187744141,-0.0127149447798728,-0.7527235
agm003493285,Cs2SeF6,4.4094,0.0017650127410888672,4.589182376861572,-2.6056223
agm006054444,Ti4Co2N,0.0,0.006989002227783203,-0.0054376870393753,-0.8686290999999999
agm003278344,Ba2(Mo2S3)3,0.0,0.002468109130859375,0.7268805503845215,-1.4076512
agm003226992,Sr7Ag3,0.0,0.006858348846435547,0.0399571806192398,-0.20723036
agm004641867,Na3La(BiS3)2,2.3295,3.591008186340332,0.5708924531936646,-1.4549422
agm003275848,Na5AlP2(O4F)2,4.6653,6.020597457885742,4.668528079986572,-2.857077
agm004497294,Cs2NaGa3F12,5.3001000000000005,10.712285995483398,5.220192909240723,-3.0725424
agm005074443,SrGeIrO6,0.0,0.0011093616485595703,1.023547887802124,-2.0121715
agm004763188,K2TiMnSe4,0.2169,0.00857841968536377,1.0047587156295776,-1.0587578
agm001307662,MnVFeSi,0.0,0.00334930419921875,-0.007965825498104,-0.5406795
agm006135396,CaFe5O6,1.7053,0.012724637985229492,1.502091884613037,-1.9402499
agm004931166,MnTl2AgCl6,0.0,2.622014045715332,1.0925936698913574,-1.2604123
agm002272172,Y(Fe2Ge3)2,0.0044,0.005458354949951172,0.011332020163536,-0.31333223
agm005226753,CoSeO3,2.4233000000000002,0.0003809928894042969,2.4157652854919434,-1.3330972
agm003276124,RbBaSc(SiO3)3,4.6663,7.681448936462402,4.594615936279297,-3.347076
agm005604870,Sc2PtRh,0.0,0.003451824188232422,0.0051355138421058,-1.1355610999999999
agm003213469,Na4Mg(GeSe3)2,1.9031,3.1794989109039307,1.7478145360946655,-0.8878127
agm003229051,K4Ba2SnSb4,0.403,2.131380319595337,0.5269277095794678,-0.6461401
agm003241179,Li3TaO4,4.5689,9.735758781433105,4.583612442016602,-2.8515046
agm003271678,TlBr,2.2567,3.720402717590332,2.5014984607696533,-0.86324793
agm005622736,LiYPt,0.0,0.001645803451538086,0.0169848203659057,-0.87146753
agm003212175,As2Pt,0.3104,1.52587890625e-05,0.0882891118526458,-0.53163296
agm003223189,Rb(TeO3)2,0.0,0.005694389343261719,0.0063047707080841,-1.6401458999999998
agm005259100,Rb4Ge(PSe3)4,1.4674,4.269718647003174,1.5787301063537598,-0.55115706
agm002196058,Y3Al3Si2Pt,0.0,0.0034792423248291016,0.006473496556282,-0.88283587
agm005250770,Ti2O7,1.09,1.4182586669921875,0.5023589134216309,-2.386164
agm002186003,Hf2CoSi2,0.0,0.0002911090850830078,0.0001509934663772,-0.8567739999999999
agm002196929,LaAlCu,0.0,0.0018317699432373047,0.0185616239905357,-0.38049176
agm001123654,CaYPd2,0.0,0.003892183303833008,-0.0039820969104766,-0.8140478999999999
agm002245038,Rb2TiSe3,0.8389000000000001,3.817854166030884,1.045966625213623,-1.250106
agm003250805,Na4Al3Si3IO12,4.1392,5.879755020141602,4.361605644226074,-3.0164285
agm002270086,NiF6,1.5088,1.2184629440307617,2.8131680488586426,-1.0600156
agm005242239,Na4(BSe)9,2.2463,3.1095480918884277,2.2918477058410645,-0.49754919999999997
agm005134199,Zr2NbB2Ru5,0.0,0.0003781318664550781,-0.0001376532018184,-0.6117116
agm005671102,Sc5(Cd2Pt)2,0.0,0.0014543533325195312,-0.0092942640185356,-0.6698624999999999
agm003200943,Ca2Sb,0.0,0.12129926681518555,0.0343749821186065,-0.8864406300000001
agm005759805,TiMo14W,0.0,0.002655029296875,-0.0046143680810928,-0.06696875000000001
agm003200929,BeI2,4.1782,6.057293891906738,3.8797378540039062,-0.5644239999999999
agm005090842,NaHfTlCl6,3.5707,5.953158855438232,3.505566120147705,-2.094149
agm004813036,La4SiPBr2,0.0,0.006325840950012207,-0.0073874369263648,-1.3810277
agm003572282,La3InS6,2.3412,5.998359203338623,1.7278435230255127,-2.2049942
agm004769033,Cs2MnSnSe4,1.0868,0.0008813142776489258,1.0595194101333618,-0.8371052
agm005886781,Sr3OsN3,0.0,0.0031732916831970215,0.0365612655878067,-0.72258043
agm003211243,RbAuF4,2.295,0.0035991668701171875,2.5513434410095215,-2.0851226
agm001211114,Li2PdAu,0.0,0.003976345062255859,0.0079721957445144,-0.51290095
agm005015810,KGe2PtRh,0.0,0.008011341094970703,0.02114138007164,-0.49351585000000003
agm003225870,Zr2InAu2,0.0,0.0017094612121582031,0.0324934422969818,-0.5146853
agm003238442,Ba6Na2Nb2V2O17,2.982,4.954810619354248,3.353574752807617,-3.0201213
agm002138870,Be5Ir,0.0,0.014809072017669678,0.0073188468813896,-0.41627744
agm005531221,Ba2F5,0.0,0.0012311935424804688,5.951299667358398,-3.631156
agm002223974,SrCoN,0.0,0.0013585090637207031,0.0013110190629959,-0.58326095
agm004572356,K2Ca(PO3)2,4.9781,6.825668811798096,4.573774814605713,-2.8347728
agm002269583,RbCoF6,0.8851,0.004130363464355469,1.84355366230011,-2.1172833
agm005071458,RbVGaF6,1.9644,0.0022078752517700195,2.399397134780884,-3.040085
agm002283171,KZrTe3Au,0.0263,0.004658222198486328,0.4665200412273407,-0.78655696
agm005270588,Y2SiO5,4.7811,8.821015357971191,4.903371810913086,-3.7953687
agm005261584,Rb2Cr2As2O9,2.1736,0.0004584789276123047,2.173402786254883,-2.0964496
agm005709628,Ca(RuO3)2,0.11850000000000001,0.0014920234680175781,0.1312800347805023,-1.8728715
agm002202277,Hf3AsC,0.0,0.0010061264038085938,0.0174274444580078,-0.92909735
agm003201035,P2W,0.0,0.003265857696533203,0.0064986422657966,-0.37945294
agm003284056,K2Na(B3O5)3,5.3012,7.116390705108643,5.334163665771484,-2.811185
agm003226370,NaSc(GeO3)2,3.5869999999999997,8.012368202209473,3.5604472160339355,-2.6421056
agm005607508,Nb3In2Br9,1.0128,0.0006365776062011719,1.0083004236221311,-0.838515
agm003258563,Y2Cr2C3,0.0,0.0011327266693115234,0.0095313936471939,-0.31325474000000003
agm005769305,Mg6IrPb2,0.0,0.002107858657836914,0.006901666522026,-0.18896922
agm002373773,CsGe2Pt,0.0,0.004070401191711426,0.7961412668228149,-0.36718622
agm003202874,CsInPb,0.0,0.014795780181884766,0.0517855584621429,-0.19389538
agm003346433,Ca2Ga5Pd3,0.0,0.0005738735198974609,-0.0058164410293102,-0.6825597999999999
agm005960925,ZrSc3Co4,0.0,0.0023071765899658203,0.0009580254554748,-0.36087725
agm005854041,Ti2V2Co,0.0,0.0015659332275390625,-0.0084528475999832,-0.1778586
agm003496531,Ba(GaI3)2,2.5585,3.4593653678894043,2.516268730163574,-0.9179554999999999
agm006031539,Ba4AsI4,0.0,0.0014170408248901367,0.6469994783401489,-1.5571768000000001
agm003226155,SnCl4,3.5026,9.969959259033203,3.4980905055999756,-1.407284
agm003204631,La2Al2Ge,0.0,0.014242053031921387,0.0025637596845626,-0.6491518
agm006132357,Ga5MoRu6,0.0,0.007176399230957031,0.0248589813709259,-0.30506614
agm001827687,TiCo3,0.0,0.2434101104736328,-0.0036229044198989,-0.26288298
agm005748037,Y2ZnS,0.0,0.0002913475036621094,0.0025912448763847,-1.3536245
agm002134849,Hf3Al,0.0,0.007387027144432068,0.0040219575166702,-0.23344938
agm001335396,LiHfSnIr,1.6905999999999999,0.0026845932006835938,0.0164047852158546,-0.7417134999999999
agm003591066,Ba(Bi3Rh)4,0.0,0.004352092742919922,0.0092132091522216,-0.27030012000000003
agm002175949,KNb(PO4)2,2.4449,8.815752029418945,2.507349967956543,-2.8378835000000002
agm004953159,CsBa2IO6,2.4254,5.006549835205078,2.5157411098480225,-2.077818
agm005946167,Li3GaPd4,0.0,0.0005769729614257812,-0.0027152895927429,-0.59222466
agm003245836,K8In11,0.0,0.0025224685668945312,0.0902859792113304,-0.15962581
agm002203213,Ca2SnRh2,0.0,0.0013430118560791016,0.0004283264279365,-0.6312723
agm003211389,Tl2GeS3,1.7243,3.6308658123016357,1.7863367795944214,-0.74924296
agm003237201,Na3SbSe3,2.0194,3.1203575134277344,1.6508852243423462,-0.83724517
agm005531826,Ta5Nb2,0.0,0.0036194324493408203,0.0081916451454162,-0.0115102455
agm005220368,K4Sn9,1.1166,1.1979560852050781,1.0964035987854004,-0.22935875
agm002328744,SrAl3Ir2,0.0,0.003606081008911133,-0.0025905855000019,-0.74737453
agm002311840,CsHfCuS3,0.6191,0.005629777908325195,0.7593380212783813,-1.6078139999999999
agm005031274,RbYGeSe3,0.9869,1.1636345386505127,1.218178391456604,-1.2559087
agm003239276,RbMgF3,6.6864,9.574535369873047,6.693597793579102,-3.529828
agm003241256,K3NO4,3.5785,0.00035858154296875,3.66591215133667,-1.4334074
agm002374447,Ba3BiI3,0.7633000000000001,3.0102062225341797,1.5062575340270996,-1.5173988
agm002170566,VO2,0.9571000000000001,0.019578933715820312,1.0461124181747437,-2.4580023
agm002230071,CsMnIO6,1.8081,0.015723824501037598,1.702855348587036,-1.4464685
agm002250333,HfAlRh2,0.0,0.0029687881469726562,-6.455183029174805e-05,-1.0424497
agm002180872,Te2Rh,0.0,0.0005702972412109375,0.0059722140431404,-0.42746884
agm005055132,RbBeTlCl4,4.5892,5.963374614715576,4.402653694152832,-1.8573943
agm003206316,Ca2CdP2,1.3164,0.0007827281951904297,0.9728320837020874,-0.908447
agm003248010,Ta3SiTe6,0.0,0.001384437084197998,0.1147864460945129,-0.3916272
agm004623788,Na3Li(RuO3)2,0.0,0.0038645267486572266,0.0728846490383148,-1.7090287
agm003234332,V8GaGeS16,0.0,0.0016713142395019531,0.014146476984024,-1.2880784
agm001351715,CaLaTlAg,0.0,0.0017726421356201172,-0.0017671883106231,-0.3873754
agm001378169,LiAlVIr,0.11220000000000001,0.0030066967010498047,-0.0064018815755844,-0.5988030999999999
agm002271103,Rb3Mn2F7,2.982,0.0005327463150024414,3.111898899078369,-3.0189846
agm005951358,RbSb3Pd5,0.0,0.006916046142578125,0.002296432852745,-0.47678533
agm003239393,Tl6Si2O7,1.5857,3.4431381225585938,1.610185146331787,-1.9058418
agm003249886,Na2SbSO4F3,4.4956,6.363712310791016,4.447081565856934,-2.4768065999999997
agm003606861,BaSnPd,0.0,0.0035200119018554688,0.0052777528762817,-0.7478091
agm005259844,Ba2FeCoF9,2.0176,0.0031499862670898438,2.269064426422119,-3.3699343
agm003201879,CsAu3Se2,2.1809,0.09084033966064453,2.145793199539185,-0.48630629999999997
agm001968431,CaHfP2,0.0,5.144571781158447,0.7317817211151123,-1.2583128000000001
agm005071275,KNaAgF6,0.339,0.0012040138244628906,0.9560636281967164,-2.081971
agm006113417,Mg5MnRh6,0.0,0.0009884834289550781,0.0076462849974632,-0.4448025
agm004529258,Sr2LiCu3Sb4,0.0,0.0019197463989257812,0.1800113022327423,-0.5256907
agm003390594,Na2SbPt2,0.0,0.004008293151855469,0.1220805794000625,-0.46124431
agm002189405,SrTlAu,0.0,0.007224321365356445,-0.0039890073239803,-0.5559069
agm003648230,CaLa4Tl5,0.0,0.0036715269088745117,-0.0017262548208236,-0.43613252
agm006115094,CsSc5Se8,1.0477,0.37339067459106445,0.556572675704956,-1.7109320000000001
agm006128216,Y12TlNi6,0.0,0.0012085437774658203,0.0042153149843215,-0.34891984
agm003220160,Tl2PAuS4,1.2847,0.0031104087829589844,1.3867449760437012,-0.68741447
agm003276438,CaTiNiP2O9,3.0007,0.0010752677917480469,3.0313472747802734,-2.8785682
agm003339852,La3(AlAu2)2,0.0,0.002486705780029297,0.0027960985898971,-0.79583746
agm005072243,MgAlTlF6,5.5806000000000004,5.896079063415527,5.330658912658691,-3.5071120000000002
agm003247410,Mg(BC)2,1.1492,1.318601131439209,0.9961730241775512,-0.14911639999999998
agm005222551,Na6Ni2C4SO16,3.5303,0.011014536023139954,3.4909415245056152,-1.9596809
agm005781544,Hf2ScSb,0.0,0.006329268217086792,0.0106598734855651,-0.5283850999999999
agm005253481,Na2In2GeSe6,1.3872,2.9256350994110107,1.2392573356628418,-0.694742
agm005073924,KMgScCl6,4.0609,8.35034465789795,4.015484809875488,-2.4216812
agm003219274,Ca3Rh,0.0,0.0025649815797805786,0.007842481136322,-0.3312265
agm002204058,SrCaTl,0.0,0.002582550048828125,0.0278475880622863,-0.34459364000000003
agm003160992,LiMgP,1.6868,3.997159481048584,1.553366780281067,-0.76345605
agm004752120,BaMg(GaPt)2,0.0,0.0025086402893066406,0.012342631816864,-0.8093722999999999
agm003275768,CsSb(SO4)2,4.1452,6.382729530334473,4.041715621948242,-2.0902355
agm003267553,K2OsCl6,0.0,1.8262189626693726,-0.0054740011692047,-1.5474917000000001
agm003250101,Rb2(ReSe2)3,1.1206,0.0009999275207519531,1.078007459640503,-0.6710206
agm005143794,Hf2Be2AlRh5,0.0,0.0019664764404296875,0.0075185596942901,-0.94257796
agm005950353,LaNi5As3,0.0,0.008154869079589844,-0.0001949667930603,-0.6005756999999999
agm006046657,K6NbP4,0.0,0.0004100799560546875,1.4098716974258425,-0.43628916
agm005620055,Mn3(InCl4)2,1.8029000000000002,0.001694992184638977,1.6482638120651243,-1.3678464
agm006030541,La2CdSb4,0.0,0.01372218132019043,0.0179976224899292,-0.77768415
agm005845031,Li2BiPd5,0.0,0.007950305938720703,-0.0078368932008743,-0.38856989999999997
agm003267792,LaMgGa,0.0,0.004793643951416016,7.614493370056152e-05,-0.49160394
agm002169557,RbCuO2,0.8864000000000001,0.0038361549377441406,0.9399411678314208,-1.3555677
agm005669406,K5Ti2F12,0.0171,0.04878741502761841,3.9032411575317383,-3.4439669
agm002156820,Li2SnPt,0.0,1.5497207641601562e-06,-0.002446174621582,-0.658741
agm005555078,Mg3(GePd)2,0.0,0.0011789798736572266,-0.0060720145702362,-0.51716226
agm002255212,Ta2Co6B,0.0,0.008043289184570312,-0.0037622451782226,-0.32615006
agm005055150,KRbBeCl4,5.3494,7.468286991119385,5.3564910888671875,-2.134461
agm003202766,NaSnP,0.5757,1.914682388305664,0.594950795173645,-0.30386806
agm005263084,La12Si4SnS28,1.4988000000000001,5.771682262420654,1.0778822898864746,-2.1225917
agm003226558,SrCu(SeO3)2,0.5502,0.00046825408935546875,0.5772572755813599,-1.7293319
agm003228650,Ga9Ir2,0.0,0.0007943511009216309,0.0122102499008178,-0.3066482
agm003558053,Ca3WN4,2.7327,3.3535614013671875,2.004453420639038,-1.2810608
agm003232474,Na2GeSe3,1.6174,3.854879140853882,1.645898461341858,-0.7650981
agm006074867,Ta6Ru5Rh,0.0,0.000331878662109375,0.0109001547098159,-0.38892725
agm003562686,Sc4PS3,0.0,0.012009143829345703,-0.0030571743845939,-2.072324
agm003272736,Mg2SiO4,4.6446000000000005,6.911810874938965,4.671551704406738,-3.2259817
agm003277034,Ge3Pb5O11,2.5343,4.710970878601074,2.5121169090270996,-1.846463
agm004755222,Cs2CaCdAs2,0.9051,0.00034934282302856445,0.8756341934204102,-0.65355307
agm004927606,K2ZnNiF6,4.3456,0.004606723785400391,4.127838134765625,-2.687281
agm006024192,CsCu3F9,0.0,0.017378807067871094,-0.0084001272916793,-2.0180266
agm005673806,BeNbRu,0.0,0.0012965202331542969,0.0100957378745079,-0.42607164000000003
agm005258519,Sr3(SnP2)2,0.9778,3.8287088871002197,0.9423863887786864,-0.77672786
agm002181397,AsS2,1.9404,4.569524765014648,0.5321038961410522,-0.5382951500000001
agm002231655,Zr3OsO,0.0,0.0016713142395019531,0.0180773697793483,-1.4156507
agm003202126,YSiNi4,0.0,0.02373218536376953,-0.0116233080625534,-0.6062965
agm001418350,HfNi,0.0,0.0073413848876953125,0.006491333246231,-0.5197151
agm002330652,La2Si2Os2C,0.0,0.00027632713317871094,0.0390358716249465,-0.6674829
agm002155429,K2ZnSe2,2.149,0.0013148784637451172,1.9259517192840576,-1.049728
agm003615038,Rb2TeSe,1.3965,2.129018783569336,1.1546213626861572,-0.89958876
agm005684498,Ca3La3Si4,0.0,0.002698183059692383,-0.0079138427972793,-0.61290914
agm005781195,ScAlB4,0.0,0.0005662441253662109,0.0406825989484787,-0.48604816
agm004875296,KP2OsO8,0.3418,0.001650094985961914,0.3198384642601013,-2.2760382
agm001116331,Ti2MoPd,0.0,0.0008420944213867188,0.0028232634067535,-0.4368699
agm001171111,Be4GaIr,0.4617,0.0178564190864563,0.003114216029644,-0.41186019999999995
agm002365534,Sr2MnRuO6,0.0,0.002174854278564453,0.0370695367455482,-2.3600738
agm003225895,BaCO3,4.3824,7.168801784515381,4.42378044128418,-2.6829755
agm005560394,Ca3(NiGe)2,0.0,0.0015027523040771484,-0.0015072710812091,-0.544918
agm003223245,Fe2TeO6,1.2458,0.0011696815490722656,1.3934381008148191,-1.729574
agm005007209,RbMgInP2,1.0177,2.76990008354187,1.1118253469467163,-0.46215248000000003
agm002186223,Sr3(GaSi)2,0.0,0.015969514846801758,-0.0139691084623336,-0.49445894
agm005538695,Ti6Be23,0.0,0.01239466667175293,0.015713632106781,-0.21505529999999998
agm005835690,Ga4CuAu,0.0,0.0016524791717529297,-0.0049786269664764,-0.16631357
agm002139678,Y2Mo2C3,0.0,0.0021486282348632812,0.005542516708374,-0.35338715
agm003216096,Te4Mo2Ru,0.1782,0.0003142356872558594,0.0468796268105506,-0.28984955
agm005560604,Ca3(SnPd)2,0.0102,0.002104043960571289,0.0067672096192836,-0.7901422
agm004934076,LiLa2PtO6,0.0,0.0005631446838378906,1.3217716217041016,-2.677233
agm003282770,LiZr5TlF22,5.1469,6.656956672668457,5.0619707107543945,-3.859682
agm005927439,Ca5Ga2Pb,0.0,0.010999441146850586,0.0691331177949905,-0.4670508
agm002281574,InSnPt2,0.0,0.013230323791503906,0.0277512967586517,-0.5658864
agm005633791,Sr2BeSi3,0.0,0.001226663589477539,0.0143259912729263,-0.39675993
agm003274552,RbCr3O8,1.8524,0.0008950233459472656,1.8349484205245972,-1.95327
agm003221243,Mg4As6Ir7,0.0,0.005564212799072266,0.0069281458854675,-0.444944
agm004624385,Na3Ta(NiO3)2,3.5381,0.0020334720611572266,2.9700872898101807,-2.0524726
agm003247754,NaMn4(AsO4)3,1.1188,0.0023534297943115234,1.7451640367507937,-1.9742653
agm005241091,K10Mn4Sn4S17,0.7104,0.010125786066055298,1.1708784103393557,-1.2166622
agm005760563,KSrB12,0.0,0.011295795440673828,0.1195787042379379,-0.24940082
agm003258366,Sn4As3,0.0,0.014379501342773438,0.0065478086471557,-0.09762496500000001
agm006040076,MgFe3O4,1.6139000000000001,0.0009393692016601562,1.7768807411193848,-2.0164208
agm003247967,NaP3(PbO3)4,3.3949,5.476869583129883,3.4023215770721436,-2.3793125
agm002247228,Zr6Te2Pt,0.0,0.0009086132049560547,-0.0153671726584434,-0.7160871
agm004797164,Sc2InSnPd4,0.0,0.0009031295776367188,0.0162203200161457,-0.85481185
agm002185372,InPt2Se3,0.0,0.0046482086181640625,0.5739673376083374,-0.44727403
agm004559773,Rb2Sc(CuTe2)2,0.0,0.000644683837890625,0.549400806427002,-0.7839292
agm003188837,Re3N,0.0,0.03542518615722656,0.0063928663730621,-0.118849196
agm005028356,CsAgGeO3,1.9194,0.00072479248046875,1.8726507425308228,-1.6532912
agm002988829,Li2P2Rh,0.0,0.0008187294006347656,0.0019203759729862,-0.7772448
agm004686205,Y3ZrTl3S8,1.0888,3.4171669483184814,1.229006290435791,-1.8603833
agm003278380,Sb2Os,0.5092,0.0636134147644043,0.3601830303668976,-0.018454751000000002
agm004748777,YZn2Ru2C,0.0,0.10420989990234375,0.0387025773525238,-0.26364455000000003
agm002180430,Hf3In3Rh2,0.0,0.0015594959259033203,0.0028025135397911,-0.5582239999999999
agm005541191,VBr2,1.0333,0.0019161701202392578,1.1292145252227783,-0.8049411999999999
agm005920535,MnTcSn4,0.0,0.004654288291931152,0.0044327974319458,-0.029407687000000002
agm004497632,Cs2BaZn3F12,0.0,0.004606723785400391,4.486348628997803,-2.7747571
agm003219395,BiPd2Pb,0.0,0.0014548301696777344,0.0029519498348236,-0.28921569999999996
agm002254137,TeAsRh,0.6803,0.018018722534179688,0.1226177513599395,-0.49831689999999995
agm003317700,Cs2S2O7,4.6731,5.634735107421875,4.7891011238098145,-2.181342
agm003567163,Sc5Tl3Cd,0.0,0.013569176197052002,-0.0021982565522193,-0.29419658
agm002282973,Cs2KSb,0.2772,3.337860107421875e-06,0.2467884123325348,-0.39895323
agm002148465,K2RuF6,0.0,0.002926349639892578,0.5432456731796265,-2.6213286
agm006037695,Rb4SiTe4,1.6477,3.71270489692688,1.6515963077545166,-0.8242183
agm005777117,Ba2Sr6Pt,0.0,0.000438690185546875,0.0059209913015365,-0.2670569
agm002214307,Sr(GePd)2,0.0,0.0030999183654785156,-0.0082035660743713,-0.7105676999999999
agm002143743,La(CoAs)2,0.0,1.9073486328125e-06,-0.0204828232526779,-0.7696516999999999
agm002227076,YNiGe3,0.0,0.0013623237609863281,0.0096961110830307,-0.5793423999999999
agm006103624,Hf6Zn5Os,0.0,0.0007905960083007812,0.0010052025318145,-0.28853583
agm003232124,LiTa3O8,3.3731,10.449040412902832,3.4574289321899414,-3.2570233
agm003242806,K8Zr6BBr20,0.0,0.0019245743751525879,0.916767716407776,-1.5562387
agm003263258,LaAl,0.0,0.02533125877380371,-0.0072556883096694,-0.4138183
agm002171184,Cs2HfO3,3.8423,0.0004892349243164062,3.747386693954468,-2.8439981999999997
agm002746058,TiNbRe2,0.0,0.03372073173522949,0.0004047900438308,-0.37647933
agm002143294,K2RhCl6,0.0,0.0010728836059570312,0.8380980491638184,-1.5718329999999998
agm003250906,Y15Ni32,0.0,0.009030342102050781,0.0096472948789596,-0.42133924
agm003187035,LaNiC2,0.0,0.0053577423095703125,0.0011123865842819,-0.25465432
agm002139280,TeRhBr,0.7843,0.0026111602783203125,0.6483415365219116,-0.43957362
agm003284704,Na3InF6,5.0943,8.012410163879395,5.5432329177856445,-2.9731665
agm003215296,ZnCr2O4,2.6363,0.005143165588378906,2.644124746322632,-2.2587202
agm001417305,MgZr,0.0,0.008924663066864014,-0.0109169036149978,-0.025078585
agm005533753,V4Mo3,0.0,0.0008854866027832031,-0.0038870424032211,-0.12603231
agm003229151,Ti7P4,0.0,0.0003249645233154297,0.0132796764373779,-1.1316953
agm006114574,Ti5TlTe8,0.0,8.52346420288086e-06,-0.0114898532629013,-0.6794534999999999
agm005710830,Hf4Fe7Ge6,0.0,0.0015549659729003906,0.0092219114303588,-0.457584
agm004962359,Li2TlInCl6,3.3545,5.673486709594727,2.9720001220703125,-1.7431150999999998
agm002170981,CaPbO3,1.4337,4.055367946624756,1.1341630220413208,-2.2092662
agm002228048,GaCuO2,0.7848,0.014435768127441406,0.7415817975997925,-1.6767343000000001
agm002238163,CsSb2,0.4708,1.1730432510375977,0.5158634185791016,-0.33336404000000003
agm002304624,SrGa2As2O7,4.0323,6.681824207305908,2.9551706314086914,-2.263279
agm002170262,Rb2PdO2,1.0586,0.013475731015205383,1.302420735359192,-1.2191719
agm005672090,Sc2Si7Rh12,0.0,0.004426002502441406,-0.0024259611964225,-0.91895795
agm005618527,Cs3Al2F9,6.9114,5.993659973144531,6.749716281890869,-3.5866800000000003
agm003206726,Ba2AgIO6,0.1353,0.003236055374145508,0.2994695901870727,-1.8730576
agm005020344,CaP2OsRu,0.0,0.0037660598754882812,0.0004960224032402,-0.7878033999999999
agm004555188,Li2Mg(GePd)2,0.0,0.0010633468627929688,0.0043605789542198,-0.5627749
agm003282642,LiB6O9F,6.4675,6.812430381774902,6.535890102386475,-2.8675265
agm003300260,Nb8Rh,0.0,0.012525558471679688,0.0019018352031707,-0.16286281
agm002147698,KFeF3,3.1441,0.006257295608520508,0.059530884027481,-2.8925989
agm005049400,KCdPO4,2.9232,0.0008704662322998047,3.0219993591308594,-2.3799624
agm002359274,YSnRh2,0.0,0.0017266273498535156,-0.0155832469463348,-0.78906864
agm005892663,Y5CoBi2,0.0,0.005662322044372559,0.0155663378536701,-0.57309484
agm002911396,Sr(BeAs)2,0.6258,0.002457141876220703,0.8843411207199097,-0.5987993500000001
agm003646778,LiCa4Pb5,0.0,0.0029633045196533203,-0.0072396397590637,-0.47947769999999995
agm005989014,Sc3TaFe8,0.0,0.00019311904907226562,-0.0088962838053703,-0.25675622
agm005961751,Ti5In2Re,0.0,0.005374431610107422,0.0107724666595458,-0.23660132
agm006019709,Mn8Os3W,0.0,0.0017185211181640625,0.0117609798908233,-0.050188288000000005
agm003424036,Cs3PdO2,0.0,0.0013884305953979492,1.6601455211639404,-1.0997823
agm002136709,Al2Fe3B2,0.0,0.0031900405883789062,0.030871957540512,-0.38751665
agm002358563,Ti2InPt2,0.0,0.00560760498046875,0.0270146578550338,-0.77443427
agm003244195,Na3(CuO2)2,0.0,0.0021219253540039062,0.8204985857009888,-1.3823843
agm004550455,SrLi2(CuP)2,0.0,0.008988618850708008,0.0004848390817642,-0.69187874
agm003437901,Sc3Ga2Ir,0.0,0.007229536771774292,0.0078486427664756,-0.7544934999999999
agm003229221,La2(ZnGe2)3,0.0,0.0007996559143066406,0.0051261186599731,-0.44718212
agm003220313,Ta2Tl3Cu3S8,1.9138000000000002,0.00029158592224121094,2.013796329498291,-1.001436
agm002238268,Ba2SbI,1.0402,2.816397190093994,1.23784339427948,-1.3985991
agm003225694,Li3FeF6,3.8764000000000003,0.0009963512420654297,3.839170455932617,-3.0334325
agm002200526,YCoBN,0.0,0.006037235260009766,0.0038105174899101,-1.1755195999999999
agm006121011,Y6NiSe5,0.0,0.0015990734100341797,-0.0105955749750137,-1.5778908
agm003228955,Na3Sr3GaP4,0.7477,1.6559832096099854,0.7210332155227661,-0.78309894
agm004672306,Sr3NiRu2O9,0.0,0.001377105712890625,0.0166823677718639,-2.1334655
agm003234385,KY(NbCl3)6,1.107,2.0257761478424072,0.7186698913574219,-1.9019325
agm004583805,K2Cr2SnS6,0.7649,0.00283205509185791,0.4312992990016937,-1.2103503
agm005960443,Ti(TlCl2)3,0.0,0.021032333374023438,0.187412291765213,-1.6083243999999999
agm005880212,La9TlPb2,0.0,0.00018155574798583984,0.0027888640761375,-0.3421209
agm005855357,Al2SnI8,2.8528000000000002,2.8920273780822754,2.595391750335694,-0.6331992
agm005744398,MgVCl4,1.2723,0.003963470458984375,1.1862907409667969,-1.8941178
agm005236376,Ba6NaCu3Te14,0.6443,0.0005933046340942383,0.6248369216918945,-0.99254614
agm004746427,CsTl2BrF2,3.4021,4.236051559448242,2.511192798614502,-1.9172156
agm003248353,Ca10P6SO24,3.875,6.940687656402588,3.982837915420532,-3.2964213
agm005078455,CaVTeO6,1.6213000000000002,0.00011038780212402344,1.8285523653030396,-2.3756095999999998
agm003058350,CsSrCl3,5.2577,6.909290313720703,4.967294692993164,-2.6645048
agm005275299,Cs3Zr7MnCl20,1.0126,0.0015555620193481445,1.5030807256698608,-2.152062
agm003436903,Zr3CdTc2,0.0,0.002983570098876953,0.0003906041383743,-0.31828383
agm006015050,Li(SbRh2)2,0.0,0.021086692810058594,0.0016861110925674,-0.503089
agm003082811,TlInTe2,0.6974,1.6642863750457764,0.5167850255966187,-0.36539197
agm002313662,Sc2GeBr2,0.0,3.6863040924072266,0.0130639486014842,-1.3237013
agm006033398,K3RhO4,0.7975,0.004300981760025024,0.597248911857605,-1.4551953
agm005242417,Mn6AgP7O24,2.3334,0.0037488937377929688,2.415177583694458,-2.5059495
agm002155816,KSbTe2,0.7187,0.6506452560424805,0.6092504262924194,-0.52915204
agm002181936,Rb2PdS2,1.0603,0.007680058479309082,0.9595656394958496,-1.1380769
agm002209729,TlCrF4,2.2683,0.0002551078796386719,2.7781386375427246,-2.7479274
agm005676353,Ba(RuO3)2,0.0,0.011149883270263672,0.2149587273597717,-1.8907148
agm005638401,YFeCl,0.0,0.0032846927642822266,0.2004671245813369,-1.3024678
agm005916666,Y5InGa2,0.0,0.01049339771270752,0.0048189014196395,-0.5185512999999999
agm002939857,La(CoP)2,0.0,0.007651329040527344,-0.0083845630288124,-1.0048128
agm003186707,Y2ZnRu,0.0,0.011136054992675781,0.0053651034832,-0.38524485
agm003753121,MgIrO4,0.0,0.009613513946533203,0.0590004324913024,-1.7602389999999999
agm005576723,Y3Sc2Pb3,0.0,0.004691362380981445,0.0067004114389419,-0.56020707
agm005714277,Tl6Co3Cl14,0.0,0.00043272972106933594,0.5552715063095093,-1.1838429
agm006086198,La6CdIn5,0.0,0.0019534826278686523,-0.000300083309412,-0.48702836
agm003232320,TlV3O8,2.1022,5.130758285522461,1.976712942123413,-2.2014577
agm002321917,TiCo,0.0,0.013753414154052734,0.008612036705017,-0.39572534
agm003242238,K2PtN4(ClO4)2,2.1295,0.0019712448120117188,2.553400993347168,-1.2033348
agm005585933,Ca2Si5Ir3,0.0,0.0027539730072021484,-0.0042613297700881,-0.7969258
agm004672458,Ba3CdTc2O9,0.0,0.001992940902709961,0.0761101394891738,-2.408302
agm005956930,K3PbF7,2.5864000000000003,8.329002380371094,2.7250523567199707,-2.7737072
agm005243518,RbC2N3,3.6882,4.533073425292969,3.793210506439209,-0.39455628
agm003213462,Cs2K4Fe2O5,1.5825,0.0032596588134765625,1.7583799362182615,-1.5500497
agm004923861,Sr2MgMoO6,2.4297,0.00037288665771484375,2.3335351943969727,-2.9051707
agm005718332,Mg5Ta3N8,0.0,0.0005338191986083984,0.0441828742623329,-1.277076
agm004466120,KBi,0.4186,0.5971720218658447,0.5038169622421265,-0.36103958
agm003228960,BaSrTa2O7,2.1942,4.295374870300293,2.746863842010498,-3.4939108
agm002203204,Ca2Pt,0.0,0.0008813142776489258,0.0304807089269161,-0.78005356
agm003275306,Y(PO3)3,5.6909,11.0477294921875,5.703341484069824,-3.017396
agm001002125,TiSI,0.0,0.00015878677368164062,0.0567767545580863,-1.3585548
agm004686288,K3Y3ZrS8,1.8373,6.167726516723633,1.5824666023254397,-2.1844770000000002
agm004785436,Na2GeMoN4,1.7815,3.7594001293182373,2.2292141914367676,-0.5019152
agm002228149,K2RbAgO2,1.5513,0.0022043660283088684,1.8072102069854736,-1.1793449
agm003187228,Ti2RePt,0.0,0.0027618408203125,-0.0161054581403732,-0.73391277
agm003549882,La3InI3,0.0,0.0042899250984191895,0.1282360106706619,-1.06598
agm002157231,K2LiAlAs2,1.3856,2.3390438556671143,1.2244808673858645,-0.65414476
agm005279386,Rb4Nb2S10O,1.5667,4.339061737060547,1.5772143602371216,-1.4818242
agm003208490,Mn2V2O7,1.2217,0.000705718994140625,1.2246110439300537,-2.3248894
agm005087787,LiAlPbF6,5.4638,6.720174789428711,5.821844100952148,-3.3700008
agm003269639,TlIO3,2.6673999999999998,4.888421058654785,3.051893472671509,-0.96604526
agm005733504,RbReCl6,0.0,0.4180462956428528,0.6100614070892334,-1.4192835
agm002095275,LiPt,0.0,0.0058269500732421875,-0.0025313831865787,-0.60590553
agm002203168,Ca2GeRh2,0.0,0.0011501312255859375,0.0299507267773151,-0.67595696
agm002744500,Ti2MnOs,0.0,1.1920928955078125e-06,0.0096762180328369,-0.49622956
agm005632111,LiBiRh,0.0,0.0029740333557128906,0.0140189751982688,-0.37807855
agm003762574,SbIO6,1.1015,2.887645721435547,1.183864712715149,-1.0923967
agm006091902,Zr(AlCu)6,0.0,0.0017557144165039062,0.0164361558854579,-0.34209052
agm003226172,Li2TiTeO6,2.3473,5.655779838562012,2.3778626918792725,-2.41878
agm005966731,Y(ScSi2)2,0.0,0.0026906728744506836,0.0093736350536346,-0.7395725
agm005623162,Ba2CoO3,2.0872,0.013517975807189941,1.1162772178649902,-2.3575952
agm003202972,Hf2Al3Cu,0.0,0.001901865005493164,0.0069669187068939,-0.44740808
agm002206246,ZrCoGe,0.0,0.009575843811035156,0.0143115520477294,-0.7078228
agm005016564,SrLiZnGe2,0.0,0.007956981658935547,0.012257196009159,-0.46411628
agm006108089,LiIn5Rh6,0.0,0.0010428428649902344,0.0003991723060607,-0.43422905
agm002262212,Ti3TeCl7,0.6413,0.008676767349243164,0.047708760946989,-1.8599462999999998
agm005132661,Zr2TaSi2Ru5,0.0,0.007891654968261719,0.0022017769515514,-0.69916993
agm004923627,Ba2TlIO6,1.3058,1.5207746028900146,0.0776722431182861,-1.9106655
agm002195210,Sr3(AlGe)2,0.0,0.0039014816284179688,0.0176054686307907,-0.5136851
agm003187590,La,0.0,0.008176684379577637,0.0083605796098709,0.0
agm005242092,Hf10(InSb)3,0.0,0.005199313163757324,0.0031892359256744,-0.31548889999999996
agm005973570,Na(NO4)2,0.0,0.002090930938720703,0.7989109754562378,-1.0119579
agm003248951,KZrF5,5.5771,10.198796272277832,5.588547706604004,-3.8288224
agm001821248,La3Re5N12,0.0,0.0016937255859375,0.1318470239639282,-0.79021895
agm004739704,KRb2AlBi2,0.1746,1.1886179447174072,0.1088825762271881,-0.33280325
agm003226594,Ta3SnS6,0.0,0.0047994256019592285,0.0046218931674957,-1.4214178
agm006058246,ScSn3Ru4,0.0,0.003597736358642578,0.0008468478918075,-0.3618946
agm002219181,LiRh2Pb,0.0,0.0036797523498535156,-0.0101509243249893,-0.2440039
agm005544915,RuS4,0.0,9.144325256347656,0.8066556453704834,-0.66776276
agm002259672,Y2C(NO)2,3.9724,6.762204170227051,3.986219882965088,-2.4694746
agm001191781,AlCo,0.0,0.02071666717529297,0.0188757106661796,-0.6042735
agm003258564,K2PdBr4,1.1168,0.0013611316680908203,1.110397219657898,-1.1626033
agm003345833,Sr2Si5Pd3,0.0,0.0038199424743652344,-0.0120078474283218,-0.6404141
agm003258654,K2PdCl4,1.4263,0.0014719963073730469,1.4045642614364624,-1.7136753
agm005853670,Mn(InI4)2,1.4505,0.0017001479864120483,1.7728815078735352,-0.46954378
agm004539728,Sr2Sc2Ge2O,0.0,0.8495850563049316,0.0774169862270355,-1.5339065
agm005618768,HfNbRe,0.0,0.005639791488647461,0.0041680932044982,-0.2908193
agm001116639,Ti2TcRh,0.0,0.02835679054260254,0.0005419254302978,-0.7413482
agm002872571,KGaO2,3.0425,0.0019731521606445312,3.032851219177246,-2.1980467
agm002245077,TiVGe,0.0,0.011420011520385742,0.0082356333732604,-0.5565468
agm006133514,Be6ZnRh5,0.0,0.00278472900390625,0.0117211937904357,-0.6296607
agm005584587,Na14Mg2S9,2.5845000000000002,4.467468738555908,2.4257588386535645,-1.3790768
agm002713082,Nb2MoOs,0.0,0.0035605430603027344,0.0084236860275268,-0.26568177
agm003222715,Cs(TeO3)2,0.2497,1.003122329711914,0.7044709920883179,-1.6524059
agm003204466,In2Ag,0.0,0.0019214153289794922,0.0013355761766433,-0.031144210000000002
agm005248888,La10S19,0.7321000000000001,5.156189441680908,0.7059319019317627,-2.363257
agm003397045,Cs2CdO2,1.417,0.0020804405212402344,1.7468056678771973,-1.3606403999999999
agm005247168,Sc3As2,0.0,0.005808115005493164,-0.0028797350823879,-1.1719366
agm005913694,La5InSi2,0.0,0.0031431913375854492,-0.0054793879389762,-0.5546854
agm003192676,LiYPb2,0.0,0.0032334327697753906,-0.0002741366624832,-0.4185568
agm002168916,Cu(NiSn2)2,0.0,0.006173610687255859,0.0031288564205169,-0.1562352
agm002168893,Zr6NiSb2,0.0,0.0019469261169433594,0.012277603149414,-0.58129567
agm003226318,Na2GeTeO6,2.669,4.608193874359131,2.6876163482666016,-1.9519696999999998
agm005726516,BaGa3Pt,0.0,0.011509060859680176,-0.0141735523939132,-0.6512234
agm003223878,Sc7(CCl5)2,0.0,8.571147918701172e-05,0.0264000706374645,-2.0771976
agm004953225,Mg2InBiO6,1.088,3.1834797859191895,1.3045258522033691,-2.2046425
agm002158419,RbLiZnO2,2.0914,0.0014255046844482422,2.2063698768615723,-1.7805164
agm006043915,Ti8PbC4,0.0,0.0009251832962036133,0.0101130306720733,-0.6374308
agm004767141,Tl2CdGeO4,1.8847,0.03342820703983307,1.5868951082229614,-1.5322186
agm005676841,Ca3(LaGe2)2,0.2449,1.0219905376434326,-0.0056143999099731,-0.78011036
agm002161320,SrMgSi,0.0,1.778777837753296,0.01767148822546,-0.407505
agm003206657,Cs2NaFeF6,4.0634,0.02588161826133728,4.0867767333984375,-3.0037472
agm002196100,Y2Al3Os,0.0,0.005151212215423584,0.0043746978044509,-0.59566367
agm002218203,Li2AlCd,0.0,0.007865071296691895,0.0232186019420623,-0.21977364
agm002164895,Sr2AgN,0.0344,0.00011110305786132812,-0.0047215521335601,-0.54674596
agm005845348,Ta2VFe3,0.0,0.003919124603271484,0.0019232258200645,-0.2308605
agm003246021,Rb6Si10O23,4.2972,7.193386077880859,4.350101470947266,-3.0227706
agm003232860,CsCuTeS3,1.8108,0.0017080307006835938,0.7900633811950684,-0.8115023
agm002151631,RbGaSb2,1.0303,0.3066105842590332,0.9411262273788452,-0.33170664
agm003234344,Ta4FeS8,0.0,0.0003209114074707031,0.0102123767137527,-1.4206216
agm002205287,ZrCl4,3.5916,14.755393981933594,3.611186981201172,-2.2546115
agm003206845,K2NaRhF6,1.8451,0.005892038345336914,1.851898431777954,-2.6576589999999998
agm003185975,Re3Ru,0.0,0.004359245300292969,0.0050990581512451,-0.057264917000000005
agm004628771,Cs3Y(BiS3)2,1.9906000000000001,0.0017371177673339844,1.7038276195526123,-1.4554576
agm001060276,HfAlRe,0.0,0.0017974376678466797,0.0103590637445449,-0.46456949999999997
agm002223903,Ca2PbN,0.0,0.019437074661254883,0.0219787061214447,-0.8029033999999999
agm005588185,BPtRh,0.0,0.020421981811523438,-0.0054657831788063,-0.31744334
agm005768924,ScNi3P2,0.0,0.00010204315185546875,0.0124065354466438,-0.8930114
agm002165038,Zr2InN,0.0,0.01407572627067566,-0.0028443895280361,-1.1620086
agm006115103,Mn6CrCo5,0.0,0.08239364624023438,0.0049454420804977,-0.024848301000000003
agm005230619,NbAl2(SeCl4)2,1.9939,0.575371503829956,1.29209303855896,-1.6697818
agm003221329,Co9S8,0.0,0.06030082702636719,-0.0028362348675727,-0.7942737999999999
agm003435673,Na2SbPd3,0.0,0.007119178771972656,0.0225379690527915,-0.43662342
agm003243043,Sr2Fe3Sb(PO4)6,2.4362,0.03586935997009277,2.596769332885742,-2.6447775
agm005894125,Ti3Al2O,0.0,0.004001975059509277,0.0172375440597534,-1.2981513
agm003232174,SbTeClO3,3.1387,6.310485363006592,3.2360246181488037,-1.552088
agm002337760,NbGaRh2,0.0,0.015705585479736328,0.0023527741432189,-0.6177674
agm002233821,MnVP,0.0,0.007243156433105469,-0.014996163547039,-0.72812116
agm002177998,VNiP2,0.0,0.0013818740844726562,-0.0147626250982284,-0.65968704
agm002140505,Sc2CBr2,0.7601,7.467358112335205,0.3707884550094604,-1.2804196
agm002176776,Rb2O,0.2341,0.5112600326538086,0.5320757627487183,-1.1428788
agm005004389,SrAlZnGa2,0.0,0.008828043937683105,0.0102594792842864,-0.38470507
agm002737371,MnSiTc2,0.0,0.0031461715698242188,-0.0044871568679809,-0.35001615
agm003160671,LaBiPt,0.0,0.0046346187591552734,0.001652181148529,-1.0593833
agm003343115,La2Ga5Pt3,0.0,0.0014014244079589844,-0.0004029124975204,-0.9431789500000001
agm003226444,NaCr(SiO3)2,2.9131,0.005415916442871094,2.95004940032959,-2.8919196
agm003241894,La6B(NO2)3,1.1082,2.3736538887023926,1.4833040237426758,-3.0168073
agm003226918,Ga2I3,2.0658,3.048992156982422,2.220998764038086,-0.42995304
agm003223872,La12Co6Pb,0.0,0.0008599758148193359,0.0045343190431594,-0.19675753
agm003201923,Y2GeRh3,0.0,0.005413055419921875,0.0152001604437828,-0.88368523
agm003220473,Cs2SiB4O9,4.589,7.511099815368652,5.206677436828613,-2.8788333
agm003232980,VRe2O9,2.1332,0.0018229484558105469,2.2429184913635254,-2.1814014999999998
agm002356943,Ta2Cr3Si,0.0,0.009982109069824219,0.0085456818342208,-0.39334798
agm005847491,Tl(ReO4)3,2.4172000000000002,7.309247016906738,2.548811197280884,-1.9336517999999998
agm005275830,AlAs3S5Cl4,2.3537,4.439196586608887,2.3789355754852295,-1.067992
agm005956795,Ga5GePt3,0.0,0.0019974708557128906,0.0559713989496231,-0.5605462999999999
agm002330217,BaPb,0.0,0.00853872299194336,0.0019517093896865,-0.58840716
agm002388860,TlCO5,0.7889,0.000331878662109375,0.4155595600605011,-1.2292367
agm002271524,Y2Fe2Br,0.0,0.002225518226623535,0.0095702707767486,-0.6172193
agm002135587,AlTlTe2,0.8503000000000001,2.3014822006225586,1.1704485416412354,-0.4564697
agm006132435,Al6PdRu5,0.0,0.0005140304565429688,-0.0050450190901756,-0.7437907500000001
agm003231905,CoSeO4,1.9532,0.0030660629272460938,1.7624516487121582,-1.2482715
agm003244942,Rb4GeO4,2.4771,0.0038805007934570312,2.497718572616577,-1.9029243
agm005691223,CaZnRu,0.0,0.009796142578125,-0.0064370185136795,-0.17488606
agm003621764,Re2BMo,0.0,0.005181312561035156,-0.002952042967081,-0.25503555
agm003247756,Ba4LiNb3O12,2.5799000000000003,4.518696308135986,2.5853893756866455,-3.212729
agm005671701,ZrNbGa,0.0,0.004896044731140137,0.0056728720664978,-0.44817317
agm003157570,LiNi,0.0,0.00250244140625,0.0144065618515014,-0.038895857
agm005871385,Sr2LiIr2,0.0,0.0014269351959228516,-0.000566691160202,-0.26230845
agm004752513,SrCa(ZnSi)2,0.0,0.0009465217590332031,0.0199776738882064,-0.44278829999999997
agm003247811,KMg3Cu(AsO4)3,0.8997,0.0012309551239013672,0.7069828510284424,-2.199872
agm002139504,Ta3GaC2,0.0,1.52587890625e-05,-0.0056716203689575,-0.5622112
agm002351953,RhPb2,0.0,0.002878427505493164,0.0170390456914901,-0.07920038
agm006071279,YHf4N6,0.0,0.0007326304912567139,0.4535037577152252,-1.9642643
agm003746705,CsScF4,5.9838000000000005,0.00039005279541015625,6.122690677642822,-3.9249034
agm005078709,AgAsIrO6,0.0,0.00043964385986328125,-0.0224932730197906,-1.1929047
agm003227815,La3RuO7,0.2003,0.018024921417236328,0.3728503286838531,-3.156826
agm005765520,RbGeSe2,1.3087,3.382333517074585,1.5110938549041748,-0.7390901
agm003237007,RbTa(GeO3)3,3.4608,8.004752159118652,3.67585015296936,-2.4911494
agm003239653,K2PtN3(ClO2)3,2.6808,3.2138795852661133,2.5387916564941406,-1.267444
agm006077120,Y6TlCd5,0.0,0.0014376640319824219,0.0014856159687042,-0.3650892
agm001619108,Ca2LaSnN,0.0,1.668227195739746,0.0349877476692199,-1.0709615
agm003226503,SrLaMgRuO6,0.3109,0.003693699836730957,0.2217966467142105,-2.8141513
agm003223519,V3O5F,0.7847000000000001,0.006786346435546875,0.6530826091766357,-2.5935974
agm003251774,KV(IO4)2,2.6873,7.684363842010498,2.681513786315918,-1.4692522
agm003223261,CsMgGaF6,5.4404,11.372383117675781,5.404623031616211,-3.3554888
agm005135457,Y2MgB2Rh5,0.0,0.0011897087097167969,0.0164474248886108,-0.7541314
agm003633322,Hf2CoPd,0.0,0.0007424354553222656,-0.0113155543804168,-0.59599274
agm003605508,CaPdAu,0.0,0.004555225372314453,0.0072424113750457,-0.7242831
agm005849081,Tc2MoOs5,0.0,0.018789291381835938,-0.0055759102106094,-0.07143772400000001
agm005837067,In4PdAu,0.0,0.023970603942871094,0.00199431553483,-0.32155132000000003
agm003126811,ScCuO2,2.3661,0.0040531158447265625,2.4052839279174805,-2.7258651
agm002283727,RbLiMgSe2,2.4577,4.270333290100098,2.583913564682007,-1.2919254
agm002195252,LaAl2Pt,0.0,0.005852699279785156,-0.0051325634121894,-0.9490902999999999
agm002376281,Mg(S3I)2,2.0247,5.042358875274658,1.7552969455718994,-0.73117286
agm005743612,ZrNiTe2,0.0,0.0012364387512207031,0.045852392911911,-0.7253523
agm002184468,ScGaPt,0.0,0.0021333694458007812,-0.0169249400496482,-1.0728608
agm003613617,Ba2SbBr,0.8792000000000001,2.6299026012420654,0.9659143686294556,-1.5164542
agm003251831,Cs2CdP2O7,3.3574,0.002043008804321289,3.7862002849578857,-2.5453498
agm005954795,MoN2F5,1.6895,0.0004420280456542969,1.778454303741455,-2.0913885
agm003222812,Sb(IF3)2,0.5925,1.0435681343078613,0.631503701210022,-2.067028
agm005061922,CdFeSnO4,0.0863,0.00026702880859375,0.5991475582122803,-1.8318957999999999
agm002207528,Cs(Tl3Au2)2,0.0,0.003057718276977539,0.0224198326468467,-0.11705718
agm003222831,Zr5PPb3,0.0,0.006233632564544678,0.0202983096241951,-0.58653975
agm003382175,Na3(CoAs)4,0.0,0.05110931396484375,-0.0156939923763275,-0.36545469999999997
agm003262919,MoRu3,0.0,0.06893539428710938,0.0025788247585296,-0.05569317
agm005072029,KLiRhF6,0.0,0.0030145645141601562,0.1063378453254699,-2.5068457
agm005001749,Rb2PbSeS,1.2128,2.7285265922546387,1.561892032623291,-1.018263
agm005262920,Ba3Al3As5,1.3221,2.5792906284332275,0.9571576118469238,-0.8917146300000001
agm005674218,MnCoB,0.0,0.003025054931640625,-0.0032689794898033,-0.33786657000000003
agm006041696,Sr(SiPt)4,0.0,0.0033555030822753906,0.0150490850210189,-0.8405332
agm002182449,RbSnS3,1.6854,4.715399742126465,1.4534406661987305,-1.0862033
agm003239470,Bi2Se3O10,3.2317,4.715244293212891,3.0802650451660156,-1.4151082
agm003242134,CoSb3(PO4)6,1.4364,5.573808670043945,1.322453498840332,-2.3123488
agm004937797,RbScTl2F6,4.5846,5.854570388793945,4.215110778808594,-3.161567
agm002161248,MgSc3Rh2,0.0,0.008222103118896484,0.008274458348751,-0.7040318
agm003251640,Sr5Nb4O15,2.8449,5.265212059020996,2.890028476715088,-3.3091812
agm002980010,La2Ge2Pb,0.0,0.007625102996826172,0.0181275904178619,-0.770189
agm003237012,In3Te3I,1.2117,3.198904037475586,1.1078990697860718,-0.38200614
agm005736966,Sc11In9Pd4,0.0,0.00669550895690918,0.0040164329111576,-0.6413438
agm003596357,Cs4OsO4,0.4676,0.018009185791015625,0.4044801592826843,-1.5358486999999998
agm005906707,Hf4CdAu,0.0,0.0010824203491210938,0.0037112534046173,-0.2540598
agm005737507,CaBeAu3,0.0,0.0122528076171875,0.0166700780391693,-0.5105088
agm003236616,Cs3Bi2I9,2.4697,3.877910852432251,2.4519171714782715,-0.9654716
agm006023818,Ca3TcO6,0.0,0.004282951354980469,1.6997002363204956,-2.8337588
agm003484978,MnNb2O6,2.4302,0.001968860626220703,2.220076560974121,-2.84965
agm001417159,MoIr,0.0,0.007282257080078125,0.0081966742873191,-0.3209892
agm006044907,Rb6MgSe4,1.7598,3.5565335750579834,1.9498037099838257,-1.1538606
agm002156475,Li2GaNi,0.0,0.011813163757324219,0.0221446901559829,-0.2910771
agm001417176,NaTl,0.0,0.04236936569213867,0.003447875380516,-0.11418594
agm003625653,Sr2GaIr,0.0,0.004251003265380859,0.0050419867038726,-0.45370528
agm002372925,CsGaBi,0.0,0.003051280975341797,0.3446435034275055,-0.29109666
agm005599701,Y(NbB3)2,0.0,0.02598930522799492,-0.0120787918567657,-0.6938715
agm003236943,Hf9Mo4As,0.0,0.0023592710494995117,0.0002074390649795,-0.270495
agm002163235,Hf2SN2,1.1952,7.646868705749512,1.028773307800293,-2.0566697
agm004767601,Cs2TiBeS4,2.0741,5.400961875915527,2.5630548000335693,-1.6673837
agm003244906,Sr2In4Pt3,0.0,0.0017819404602050781,-0.0098115801811218,-0.7066648999999999
agm003248749,Ca11Sb10,0.0,0.0030078887939453125,0.0057981312274932,-0.9489322
agm005275262,TaS3,0.0,0.10383391380310059,0.0192198753356933,-1.3054592999999999
agm005965260,K3ReF8,1.3816,0.0014539361000061035,0.4252514541149139,-2.8286035
agm005630935,V3Re2Mo,0.0,0.003439664840698242,-0.0020228251814842,-0.304197
agm003206652,Na3YCl6,5.2804,8.076085090637207,4.828476905822754,-2.3541226
agm002237592,Pd(S3Cl)2,1.5295,0.001512289047241211,1.6011223793029783,-0.7128213
agm003250443,V2P5O16,0.0,0.00040149688720703125,0.4812444448471069,-2.6371708
agm003311501,Mg2Al3Pd2,0.0,0.00037097930908203125,0.0040484964847564,-0.59339976
agm002250819,ZrAlCo2,0.0,0.00278472900390625,0.0090293362736701,-0.5109587999999999
agm003244694,SICl7,1.7342,3.820841073989868,1.7553774118423462,-0.72053444
agm005839641,Cu(NCl)2,0.0,0.02080392837524414,0.5312110781669617,-0.63995254
agm005967312,Mg3SbRh4,0.0,0.0046672821044921875,-0.009563609957695,-0.6186529
agm005918330,Sr5CdPd2,0.0,0.0019378662109375,0.0104184001684188,-0.45339808000000004
agm003274737,ZnCr4CoO8,2.6223,0.008113861083984375,2.437619209289551,-2.1889777
agm002190158,CsLaTe2,1.678,4.227662086486816,1.4046798944473269,-1.5007269
agm001301292,LiHfPtRh,0.0,0.0020608901977539062,-0.0015673451125621,-0.8561251
agm003213174,Ca2Co3O8,0.5078,0.0045680999755859375,0.5538686513900757,-1.905704
agm002185702,NbSeI3,0.6182000000000001,4.951037883758545,0.5312818288803101,-0.5232513999999999
agm005071438,KFeNiF6,3.7918000000000003,0.00502777099609375,3.264131784439087,-2.6783826
agm005722708,LaMoN2,0.0,0.04543904960155487,0.0104325264692306,-1.1883626
agm005254934,Y16Mg3AlNi4,0.0,0.0011436939239501953,1.2539327144622804e-05,-0.23769769999999998
agm001616837,Li2IrPbN,0.0,0.00026232004165649414,-0.0254947245121002,-0.33867463000000003
agm003232403,Na2P2PbO7,4.3069,5.265176773071289,4.263653755187988,-2.5285082
agm003212182,Sb2Pt,0.0,0.004191875457763672,0.0058869421482086,-0.49398509999999995
agm002183588,Cs2GeS3,2.3847,4.684930324554443,2.3602325916290283,-1.3138385
agm003265515,Ca3Al2(GeO4)3,3.5128,8.230393409729004,3.4900100231170654,-2.9571009999999998
agm002176158,Ca3InO,0.0,0.044199228286743164,-0.0241595953702926,-1.5513059
agm005687374,Mg(ClO3)2,4.9746,7.7385478019714355,5.156898498535156,-1.1364585
agm005677881,ZrAlTc,0.0,0.0018870830535888672,0.0138848721981048,-0.5081066
agm005738099,LaPd2F11,1.0473,0.001438140869140625,1.2207406759262085,-2.3717303
agm004794300,Ca4CdAgPb2,0.0,0.017641067504882812,-0.0051103495061397,-0.48864153
agm006041706,K(SiPt)4,0.0,0.002842426300048828,0.0224642306566238,-0.7220884
agm005882896,Na2WO4,3.9053,6.247962951660156,3.8245794773101807,-2.2292807
agm003758189,NaTiF5,3.9234,11.28663158416748,4.157784461975098,-3.5905914
agm003234641,LiMnGaF6,3.7898,0.0019378662109375,3.8316490650177,-3.0507836
agm005132882,Ca2CdSi2Rh5,0.0,0.010767936706542969,0.0006550773978233,-0.72248524
agm001000908,ScFeGe,0.0,0.0067250728607177734,0.0039755664765834,-0.56551206
agm003627600,TaNbB2,0.0,0.01027059555053711,-0.0022257566452026,-0.80541605
agm003240992,NaAsSe2,1.3016,2.5582430362701416,1.364615559577942,-0.5551292
agm002196794,La3AlCl3,0.0,0.0009870976209640503,0.0037607848644256,-1.7629592
agm003210674,TaOs2,0.0,0.007220268249511719,0.0001840256154537,-0.20073162
agm001291813,LiTiCoSn,0.9821000000000001,0.00835108757019043,0.0130414813756942,-0.42889002
agm002286309,Mg(ZrPt)2,0.0,0.005340099334716797,0.0162016674876213,-0.90360314
agm003202091,ZrBeSi,0.0009000000000000001,0.002019748091697693,0.0073652565479278,-0.7514451
agm002168584,NiSe2,0.0,0.05501079559326172,0.0264398455619812,-0.2685569
agm005751050,Ta6NbRh,0.0,0.0020933151245117188,-0.0028409659862518,-0.18699284
agm003620347,CaAlAu2,0.0,0.0018758773803710938,0.012718454003334,-0.6931811
agm002748128,VGaCo2,0.0,0.03679656982421875,0.0005445927381515,-0.304068
agm002186565,Sc(SiRh)2,0.0,0.0009441375732421875,-0.0045619532465934,-1.0290997
agm003202329,Be4AlOs,0.0,0.009125258773565292,0.0296343117952346,-0.3728363
agm002365926,Ba2ScReO6,0.0,0.005205214023590088,0.0459725856781005,-3.0551383
agm003232209,La4CdIr,0.0,0.005411624908447266,-0.0087037160992622,-0.47275662
agm005261813,CaFe2P2O9,2.0759,0.002086162567138672,2.1565115451812744,-2.642121
agm005849936,Na2ClO2,0.0,0.002749919891357422,0.797589898109436,-1.5913029
agm005247815,LiNbFeO4,2.1217,0.0029633045196533203,2.122767686843872,-2.5596323
agm001851371,TiMo2,0.0,0.0058939456939697266,-0.0035458803176879,-0.17054817
agm002138562,Cs4BeAs2,0.8212,0.023758411407470703,1.1221321821212769,-0.39969042
agm004924102,Sr2FeOsO6,0.0,0.002025604248046875,0.0178425833582878,-2.3694842
agm003238490,Hf6Co23,0.0,0.0436859130859375,0.0013006031513214,-0.25062257
agm002127617,Re,0.0,0.00656890869140625,0.0014390647411346,0.0
agm006116443,V6CrTc5,0.0,0.0018720626831054688,-0.0064455270767211,-0.3329975
agm003228775,Na2MgGaF7,5.7953,9.229564666748047,5.629539966583252,-3.2666
agm003223374,Sr(ClO3)2,5.2291,8.319575309753418,5.2342448234558105,-1.3622565
agm003738588,BiOsO4,0.0,0.0015698075294494629,-0.0274262875318527,-1.5596912
agm002068503,GePt,0.0,0.021346092224121094,0.0077214539051055,-0.48848188000000003
agm003220817,Li3CaMnN3,0.2987,0.004394799470901489,0.3278574645519256,-0.7977446300000001
agm003228564,Na5NbO5,2.6417,5.288480758666992,2.6555469036102295,-2.2436059999999998
agm003248780,P,1.9318,4.14167594909668,0.9403047561645508,0.0
agm003212035,RbHfAgTe3,0.3307,0.005252838134765625,0.6910867691040039,-0.77077293
agm002327327,Cs(AlSb)2,0.0,0.054146766662597656,0.3684858977794647,-0.27004132000000003
agm002185954,Ca(SiOs)2,0.0,0.005915164947509766,0.0244539603590965,-0.528339
agm003161120,ScNiBi,0.1913,0.003415822982788086,0.2034779787063598,-0.62837946
agm002221531,CsMg4P3,1.5084,3.6041736602783203,1.3703248500823977,-0.66198415
agm005953748,NbO2F5,1.9676,0.00011396408081054688,1.9078658819198608,-2.6617100000000002
agm004786139,Li2CdSnSe4,1.2936,0.0036003589630126953,1.3843607902526855,-0.79990876
agm003264050,BI3,2.6928,3.803222894668579,2.813194751739502,-0.040497772
agm001192057,SrO,3.2773,1.7206988334655762,3.304163932800293,-3.083127
agm005778401,Nb14OsPd,0.0,0.0012662410736083984,0.0016903579235076,-0.13721444
agm003275648,Cs4PbO3,1.8622,0.04930543899536133,1.9137787818908691,-1.3991358
agm004751576,LaSc(NiGe)2,0.0,0.009556770324707031,0.0139379203319549,-0.804593
agm002140547,Zr2Fe2Si2C,0.0,0.0010690689086914062,-0.0049715787172317,-0.7078228999999999
agm005714130,LaSn2Pt,0.0,0.0014824867248535156,0.0015235245227813,-0.8833572
agm005540941,Li2Bi,0.0,0.005465507507324219,0.0325787812471389,-0.48123702
agm002210277,KRb2NiF6,1.3507,0.009274482727050781,0.6845953464508057,-2.5921988000000002
agm005674110,TaCoB,0.0,0.007448673248291016,-0.0202731937170028,-0.6262097
agm002360250,RbZnBi,0.064,0.008678436279296875,0.1661730259656906,-0.28056344
agm003244845,TcOF4,1.0493,0.001735687255859375,1.017569065093994,-2.3349822
agm005728304,LaAsO3,3.6112,7.182559013366699,3.398904800415039,-2.8898525
agm004769311,Rb2NbNiSe4,0.0,0.004393815994262695,0.7962290048599243,-0.9188657
agm005272448,Ba2MgSi2O7,4.4735,8.272220611572266,4.4781389236450195,-3.3680449
agm004786903,Rb2LaReN4,1.9582000000000002,4.665031433105469,2.0067508220672607,-0.7773460999999999
agm005997018,Mn(OF2)2,0.0,0.006259918212890625,0.3379479348659515,-1.8921644999999998
agm004934189,Sr2InRuO6,0.44110000000000005,0.01202481985092163,0.333618700504303,-2.3438964
agm003234229,Ta2Pt3S8,0.7242000000000001,0.0021500587463378906,0.6090425252914429,-1.1643515
agm003211431,HfTe5,0.0,0.0873556137084961,0.0077923536300659,-0.45321995
agm005226342,La2Si2O7,4.795,10.058601379394531,4.796905040740967,-3.6775734
agm005614069,Nb2TcMo,0.0,0.0074825286865234375,0.0079045295715332,-0.2576845
agm005778315,Ca3Ag2Sn,0.0,0.011884689331054688,-0.0006090551614761,-0.46979624000000003
agm003280821,K3As11,1.5047000000000001,3.392218589782715,1.5351545810699463,-0.27937055
agm003549880,La3TlI3,0.0,0.14450299739837646,0.7125016450881958,-1.0468454
agm002141250,CsCaBi,0.9929,2.019744873046875,0.7080192565917969,-0.7296660500000001
agm003222828,LaNi5P3,0.0,0.011724472045898438,-0.0007598251104354,-0.81241006
agm002225743,NbTe3Pd2,0.0,0.004870414733886719,0.0018804110586643,-0.44025436
agm002732951,Sc2NiIr,0.0,0.00968790054321289,0.0098186284303665,-0.80113596
agm005252840,K4Zn2Sn21,0.4274,0.012956023216247559,0.0792008712887764,-0.15895867
agm001361062,LiTaGaRh,1.0332,0.004693269729614258,-0.0066195353865623,-0.48885235
agm002133406,Ba(AlGa)2,0.0,0.012262105941772461,-0.0250584036111831,-0.3750441
agm003271809,TeCl4,3.1548,4.771102428436279,3.2033846378326416,-1.0828661
agm002360996,Zr6PtPb2,0.0,0.011585116386413574,-0.0027860812842845,-0.41499048
agm003562799,HfZr3C4,0.0,5.189769268035889,-0.0020143985748291,-0.84579086
agm002138386,KBe2F5,7.2732,11.729515075683594,6.941844463348389,-3.487291
agm005641799,MgNi2O3,2.8901,0.001979351043701172,2.673794984817505,-1.6256605
agm002151753,Sr2GaPt2,0.0,0.003253459930419922,0.0007901713252067,-0.8807208
agm006088372,Y5TlTe4,0.0,0.008557915687561035,0.1430675387382507,-1.1656768
agm004852995,LiMg2TcN4,2.0778,4.8682637214660645,2.082859992980957,-0.7217552700000001
agm003228491,Y3(AlNi3)2,0.0,0.007587432861328125,0.006972461938858,-0.55375904
agm003237724,Mg(InSe2)2,0.935,2.3847827911376953,1.3334922790527344,-0.7523135
agm003226198,Sr2MnWO6,2.205,0.009995222091674805,2.340980052947998,-2.7642808
agm004734705,La8NiIr3I4,0.0,0.007728219032287598,0.0682139694690704,-1.0230024
agm005751620,TlCrF3,1.6539000000000001,0.001722097396850586,1.9410948753356936,-2.5270455
agm005920880,Nb5B2As,0.0,0.005167841911315918,-0.0037092864513397,-0.67503965
agm003143234,PdSe2Br,0.0,0.007779121398925781,0.9660025835037231,-0.2571663
agm003187189,Li2CdPt,0.0,0.0024156570434570312,-0.0101916044950485,-0.46912408
agm001355495,LiZrGaNi,0.8466,0.02045893669128418,0.0158043801784515,-0.5088623
agm001378095,LiVIrRh,0.0,0.019302845001220703,0.0013275146484375,-0.45314586
agm005575412,Ca3Si2Pd3,0.0,0.005799770355224609,0.0002464428544044,-0.80224854
agm002194209,Zr2Rh,0.0,0.0014655590057373047,0.0023581385612487,-0.5645447
agm005026651,BaLiLaTe3,1.2364,4.017640113830566,1.3775627613067627,-1.5347834
agm002169343,CaAsClO2,3.5179,4.623764514923096,3.191253185272217,-2.3940463
agm003202532,Hf2GaSb3,0.0,0.008896827697753906,0.013406753540039,-0.45478565
agm004922989,Sr2TcNiO6,0.0,0.0007328987121582031,0.4429448843002319,-2.3122168
agm003247975,NaV3(PbO3)4,2.9050000000000002,5.220066547393799,3.11488676071167,-2.1194139
agm003194240,Ba(CdSb)2,0.0,0.00389862060546875,-0.0073516964912414,-0.5483716
agm002189519,SrInSn,0.0,0.0010676383972167969,0.0092651806771755,-0.50106865
agm001367175,LiMgZnPd,0.0,0.01418304443359375,-0.011962205171585,-0.48199347000000003
agm003231587,YGeRh2,0.0,0.004978179931640625,0.0028844773769378,-0.8804208
agm003229614,La6Cd(SiS7)2,1.9479000000000002,0.004709362983703613,1.8251070976257324,-2.1109502
agm003245738,Fe2Pb(SeO3)4,2.1992,0.0014464855194091797,2.183131694793701,-1.4866552
agm003276445,VP2Pb2O9,2.2194,0.0005148649215698242,2.392383098602295,-2.4371128
agm003208532,KInP2S7,2.0063,5.193517684936523,1.98003888130188,-0.93292284
agm002244731,Ti6CoTe2,0.0,0.0013916492462158203,0.0139409899711608,-0.44239219999999996
agm005072128,NaCoRhF6,1.8388,0.0041713714599609375,1.9528231620788576,-2.3217573
agm004651329,Ba6P2RhI3,1.6251,0.00025260448455810547,0.5914747714996338,-1.2334015
agm005178029,KBa2BiO5,1.1965,2.585327625274658,1.225946307182312,-2.2306871
agm005239110,K3Ta2Cu3S8,2.2003,1.7404556274414062e-05,2.1835031509399414,-1.3199161
agm003276659,Ca11Al14O32,3.3441,8.205148696899414,3.421968460083008,-3.4514077
agm003278601,Y(Al5Re)2,0.0,0.002553507685661316,0.0060098096728324,-0.3577227
agm003237643,Sc2(Al3Co)3,0.0,0.0006773471832275391,-0.0092003718018531,-0.5680898999999999
agm003284808,NaSrAlF6,7.0121,11.462614059448242,7.014103412628174,-3.8485956
agm006044284,K(RhO2)4,0.0,0.0006132125854492188,0.0102755352854728,-1.3423218000000001
agm002188830,BaSn2Ir,0.0,0.006325125694274902,-0.0012233480811119,-0.5339499
agm003468797,Rb2MnBr5,0.5029,0.004391440190374851,1.5044145584106443,-1.2412583
agm003228746,Na2Cu(CO3)2,0.6167,0.008844077587127686,0.6343392133712769,-1.8210701999999999
agm005932943,Ta4TcRu,0.0,0.0006399154663085938,-0.0058498233556747,-0.35544917
agm003186621,Mo2RuPt,0.0,0.11515998840332031,0.0011347085237503,-0.19716482
agm003223486,CsInCuF6,0.0,0.0031538009643554688,0.0321285426616668,-2.5910127
agm005025111,CaScCuSe3,0.4184,0.008324623107910156,0.8374757766723633,-1.4299616
agm003190453,Be3Ir,0.0,0.0008798837661743164,0.0025789886713027,-0.5001753999999999
agm003211038,PdSe2,0.4293,0.008830070495605469,0.4730302393436432,-0.28073475000000003
agm005087207,LiFeNiF6,3.5448,0.007159233093261719,3.072233200073242,-2.6684492
agm005264614,LaGaS3,2.2055,4.372282028198242,2.2899394035339355,-1.8519787
agm002187617,LaSiI,0.0,0.001633286476135254,-0.0127748101949691,-1.1396500999999999
agm005107320,Y2TeS,0.0,0.008218050003051758,-0.0017731040716171,-1.8658929999999998
agm004497283,Cs2RbGa3F12,5.3264,10.432830810546875,5.255940914154053,-3.069853
agm002328747,Ta2Al3Au,0.0,3.814697265625e-06,0.0099947899580001,-0.35961294
agm002187858,TaSiNi,0.0,0.0021791458129882812,0.0064144879579544,-0.6901563
agm002238422,Sc2Co3Ru,0.0,0.0040283203125,0.0013438016176223,-0.3828542
agm005845228,Ta2V3Mo,0.0,0.002184152603149414,-0.0013071745634078,-0.15879479999999999
agm003239811,Ba7(BIr)12,0.0,0.002300262451171875,-0.0135891586542129,-0.47799385
agm003251954,BaLa2Sc2O7,3.6596,3.051693916320801,3.362893581390381,-3.8020413
agm005051007,CsBaMnO4,1.8404,0.01003885269165039,1.3474868535995483,-2.186599
agm002232280,Cs(POs)2,0.0,0.0024003982543945312,0.0229258369654417,-0.36697668
agm005661853,MnFeP,0.0,0.0051116943359375,-0.018681913614273,-0.545817
agm005909800,Ba(MnAs)3,0.0,0.00022363662719726562,-0.0284070894122123,-0.48841283
agm002247143,HfZr2,0.0,0.004066407680511475,0.0002993047237396,-0.02023969
agm002188313,Sr2SiIr2,0.0,0.0031867027282714844,-0.0126087367534637,-0.56018734
agm002163281,SrN2,0.0,0.0010976791381835938,0.0402321517467498,-0.75809836
agm002268115,GaCu2Te3,0.0,0.0006320476531982422,0.0860721096396446,-0.21466054
agm005645755,Cs2Ni3Se4,0.6319,0.00022840499877929688,0.3542862832546234,-0.6571106
agm003269589,Mn2InSbPd4,0.0,0.012022972106933594,-0.0011481493711471,-0.36150372000000003
agm002270720,CrInF6,3.3616,0.001190185546875,3.1328258514404297,-2.9502232
agm005968934,Li2PPt5,0.0,6.67572021484375e-06,-0.0053187161684036,-0.5534472500000001
agm005910791,Cs(NiSe)3,0.0,0.0037279129028320312,0.0391987711191177,-0.519218
agm004748853,CaGa2Ru2C,0.0,0.011654853820800781,0.0714048817753791,-0.317511
agm003247272,BaMgCuF7,0.7927000000000001,0.003112316131591797,0.6492611169815063,-3.1110642
agm001327029,LiLaMgCd,0.0,0.019657492637634277,-0.0046254694461822,-0.22566256
agm003275920,MgP4O11,5.1116,10.035470008850098,5.248446464538574,-2.7016163
agm005063505,TaAgGeO5,2.236,0.0008401870727539062,2.228874683380127,-2.3086243
agm003237309,BeCr2O4,2.6153,0.006962776184082031,2.30593204498291,-2.5881376
agm005005774,LaMgGe2Pd,0.0,0.008075237274169922,-0.0013813972473144,-0.77210414
agm003202342,ScBe4Co,0.8749,0.01324927806854248,0.0160798728466033,-0.30907038000000003
agm003212078,Na5OsO6,0.0,0.002988100051879883,-0.0134929865598678,-1.8014161999999998
agm003276397,Sr4NbAlO8,3.0296,5.375209331512451,2.7555041313171387,-3.3042569999999998
agm003210604,ScTc2,0.0,0.0009753704071044922,0.0310010313987731,-0.30366454
agm002185268,TcSe2,0.9133,0.07338476181030273,0.95150625705719,-0.5183873
agm005252637,Tl3Os3O10,0.0,0.00066375732421875,0.0114341154694557,-1.369027
agm004934311,Sc6Cd2CO,0.00030000000000000003,0.0030603408813476562,0.0579585507512092,-1.045298
agm003244733,Ba3B3Pb2ClO9,3.3817,4.702825546264648,3.088369131088257,-2.7666657
agm003275601,Y2GeO5,4.0889,9.248039245605469,4.045322895050049,-3.3503098
agm006108763,Sc6Ir5Os,0.0,0.0010411739349365234,0.0065307468175888,-0.9351983700000001
agm005019613,CaMnSi2Os,0.0,0.006561994552612305,-0.0031383335590362,-0.5029511
agm003236622,CaTa2Bi2O9,2.947,4.559329509735107,2.868222713470459,-2.8543034
agm005668553,Y10(GaSb)3,0.0,0.004162013530731201,0.0011040493845939,-0.7619222999999999
agm004511156,La2ZnGe3Ir4,0.0,0.0015010833740234375,0.0125066041946411,-0.7473938999999999
agm004992807,BaLiAlAs2,0.7047,2.0706918239593506,0.8809522390365601,-0.8570759
agm001217060,NbIr2Ru,0.0,0.044879913330078125,-0.000584103167057,-0.48292738
agm005726832,CsPAu2,1.1806,0.9317560195922852,0.5479971170425415,-0.45545244
agm004938229,KTl2CrF6,3.3635,0.0010020732879638672,2.97526216506958,-2.7034184999999997
agm002175437,BaAl2As2O7,4.3595,6.440097332000732,3.6901297569274902,-2.7643687999999997
agm005082224,MnCrIO6,1.5184,0.0011801719665527344,0.9288959503173828,-1.5630150999999999
agm003234153,Rb2V3O8,2.0318,0.007397651672363281,2.0790348052978516,-2.4541767
agm004528379,La2CuNi3As4,0.0,0.0017938613891601562,-0.0265261828899383,-0.8412844500000001
agm003228999,Nb3Cl8,0.1759,0.0012869834899902344,0.1528571248054504,-1.7087965
agm003275846,AgI3O8,2.1971,0.005146503448486328,2.3569326400756836,-0.74420947
agm002199997,TaTiB4,0.0,0.0023328065872192383,0.0157396793365478,-0.8916781500000001
agm003238492,Hf6Co16Ge7,0.0,0.029415130615234375,0.0027941688895225,-0.47597659999999997
agm002167151,SrGaNi2,0.0,0.023302078247070312,0.0109220221638679,-0.36182532
agm005230213,Ti(NO3)4,2.8302,5.76052188873291,2.905226230621338,-1.3151652
agm002186585,Sr(SiIr)2,0.0,0.0018072128295898438,-0.0175561159849166,-0.86679083
agm002239979,CaSi2Ni3,0.0,0.02245330810546875,0.0161502882838249,-0.6049257
agm006110249,HfSc5Rh6,0.0,0.005204916000366211,-0.0078706294298172,-1.0143191
agm002286701,MgAl2Pt,0.0,0.0006239414215087891,0.0143082737922668,-0.7312561
agm003228725,Sr(As3Pt2)2,0.26890000000000003,9.5367431640625e-06,0.1284709870815277,-0.6859989
agm006045998,Rb6ReP4,0.0,0.04310774803161621,0.6952261924743652,-0.32673588000000003
agm003019306,Zr2TaSi2,0.0,0.00037384033203125,0.0100506395101547,-0.8321244
agm003248913,Sr11Bi10,0.0,0.0008327960968017578,0.0181909054517745,-0.8646402400000001
agm005022621,NaTcP2Rh,0.0,0.0007147789001464844,0.0432852655649185,-0.6312049
agm005776272,Ti6Al2O,0.0183,0.00017559528350830078,0.0351203083992004,-0.9207839
agm003288653,Ca5Rh2,0.0,0.001223236322402954,0.0427002683281898,-0.35724545
agm002165852,Cs2NaGaAs2,0.8771,2.10672664642334,0.9617962837219238,-0.5070155
agm003640090,Y5Zn4In,0.0,0.018055438995361328,0.0052301734685897,-0.39447892
agm002250023,HfAlIr2,0.0,0.01398468017578125,0.0043972469866275,-0.9884934999999999
agm003211964,Si3P2Pt,0.6323000000000001,0.003545522689819336,0.660672664642334,-0.4141433
agm002210650,RbSbF6,5.2648,9.860637664794922,4.076386451721191,-2.9340805999999997
agm002182220,CrS3,0.7355,3.1816587448120117,0.0663544312119484,-0.8882178
agm004923869,Sr2CoMoO6,1.2091,0.0022802352905273438,1.1691780090332031,-2.542386
agm003219217,Ca5Si3,0.0,0.0012481212615966797,-0.0100420117378234,-0.4873937
agm005229975,Cu(NO3)2,0.23420000000000002,0.00012683868408203125,0.3993358612060547,-0.8852717999999999
agm004627992,La6Ru2AuI3,0.0,0.002288818359375,-0.0037354677915573,-0.89224887
agm003232260,YB4Os,0.0,0.0021959543228149414,0.0030160546302795,-0.5696578999999999
agm005661281,Y2Si7Ir12,0.0,0.003200531005859375,-0.0039044916629791,-0.8376600000000001
agm001191732,LaMg,0.0,0.010028839111328125,0.0014747232198715,-0.11287766
agm006020129,Be8Nb3Rh,0.0,0.0009790658950805664,0.0137032568454742,-0.32856068
agm003226193,Sr2FeWO6,2.0922,0.0003306865692138672,2.066110134124756,-2.7005193
agm005929526,Sr5Pd2Au,0.0,0.00039649009704589844,0.0269697718322277,-0.5572461
agm006057313,Ti4Tc3Ge,0.0,0.0036041736602783203,-0.0008785128593444,-0.5635416999999999
agm002180075,Tl2Pt,0.0,0.002826213836669922,0.0036623179912567,-0.08901564000000001
agm002160993,MgPRh2,0.0,0.024839401245117188,-0.0095977410674095,-0.73141056
agm002164868,Sc3TlN,0.0,0.010333657264709473,0.0796613842248916,-1.136337
agm003543033,Cs3ScS3,2.5852,0.00045108795166015625,2.3664629459381104,-1.7554669
agm003222666,Zn(SbO3)2,0.5523,0.009675979614257812,0.5253349542617798,-1.8857656
agm002197475,HfAlRh,0.0,0.0028460025787353516,0.0107931494712829,-0.8636239
agm002178652,NbMoP,0.0,0.01732635498046875,0.0075024664402008,-0.687688
agm003232234,SrAl2B2O7,4.6346,7.865632057189941,4.700654983520508,-3.2672021
agm005958810,Sn(IN)2,2.0461,2.1133763790130615,2.2043635845184326,-0.455207
agm001666691,Li2FeSeO,1.5102,0.00808417797088623,1.438512086868286,-1.4505286
agm003263141,K2NaAs,0.1715,0.0008568763732910156,0.1252019703388214,-0.37837014
agm003251545,K3CuO2,1.443,0.0006864368915557861,1.5575718879699707,-1.3034232000000001
agm006105938,La8Ir5Rh,0.0,0.0004062652587890625,0.0018536821007728,-0.7078823
agm003232394,Na2TiS2O,2.4783,5.6837053298950195,2.199206829071045,-2.0550013
agm002137158,SrB2PbO6,1.8252000000000002,4.663196563720703,1.4169719219207764,-2.5883605
agm003276127,Bi2W2O9,1.9543,4.6949262619018555,2.1354081630706787,-2.019827
agm003643778,La5In4Ag,0.0,0.0009602904319763184,0.0084602907299995,-0.46802956
agm004885040,TlP2OsO8,0.0874,0.0005842447280883789,0.1911088228225708,-2.0992968
agm004527039,Ba2InSn3Au4,0.0,0.003787994384765625,0.0010360777378082,-0.5933376
agm002167544,Zr2TlNi2,0.0,0.0009174346923828125,0.0053335428237915,-0.37364143
agm003232319,RbV3O8,2.1205,7.101072788238525,2.1001482009887695,-2.374797
agm003232967,NaAlI4,3.4615,5.264847278594971,3.473193645477295,-0.8846187999999999
agm004543439,La2Mg2Sb2N,0.0,0.011530399322509766,0.0684392973780632,-1.0629799
agm005786357,Be2CrIr3,0.0,0.017169952392578125,0.0120143704116344,-0.45212739999999996
agm002165387,Na2HfSe3,1.6825999999999999,4.527455806732178,1.4846351146697998,-1.3060424
agm005863930,Ba4Pt2Br,0.0,0.006275057792663574,0.2509016096591949,-1.0157262
agm003186392,La2ZnCd,0.0,0.006308555603027344,-0.001107819378376,-0.3293849
agm003232322,YTl(WO4)2,2.9808,5.279099464416504,2.980146884918213,-2.4897854
agm002343405,Ba(MgGe)2,0.0,0.0005562305450439453,0.0137369483709335,-0.47552317
agm005910266,ScGa3Ru,0.0,0.014129161834716797,-0.0091615468263626,-0.5766669999999999
agm003273517,K3Mg18Sn11,0.0,0.003746509552001953,0.0225335508584976,-0.2267844
agm003216016,Ca5Pd2,0.0,0.0045926570892333984,0.0461476594209671,-0.501173
agm005625562,Mg2Pd3O8,0.9746,0.0006008148193359375,0.2212646305561065,-1.506143
agm002358355,Ti3Mn2Zn,0.0,0.011082172393798828,-0.0032615363597869,-0.25642097
agm002286220,Sr2MgBi2,0.4375,0.8024344444274902,0.1945187896490097,-0.7789805999999999
agm002999062,Na2As2Pd,0.0,0.0024412870407104492,0.2796659767627716,-0.45942867
agm005222086,Hf21Re25,0.0,0.0005526542663574219,0.0048063248395919,-0.411176
agm002139552,YNiC2,0.0,0.002270221710205078,-0.0090501904487609,-0.32791778
agm005167756,Rb2VBrCl5,0.0,0.004488110542297363,0.1370556950569152,-1.8251803
agm005831257,MgFeB4,0.0,0.0006592273712158203,0.0281027182936668,-0.24513653
agm003277663,CuBi(PSe3)2,1.1012,1.311290979385376,0.99770987033844,-0.17811972
agm006116319,Al6Co5Os,0.0,0.004657745361328125,0.0143405124545097,-0.5770470999999999
agm003248082,RbAg(PO3)2,2.8587,0.009308815002441406,2.9470105171203613,-2.3319654
agm003347427,Ba3Sc2O6,2.0104,1.5052318572998047,2.5059356689453125,-3.4082382
agm002166623,Cs2NaScBr6,3.1081,5.490949630737305,3.1335065364837646,-1.7615107
agm005887908,La5Ge2Ir,0.0,0.0010693669319152832,0.0054779797792434,-0.7406769999999999
agm005633491,TiBePt,0.0,0.00994110107421875,-0.0063179731369018,-0.7549472500000001
agm005858662,K2TeO4,2.6777,5.591870307922363,2.711698055267334,-1.8220071
agm002334299,Cr3Rh5,0.0,0.0038967132568359375,0.0037966221570968,-0.11245210500000001
agm004794081,MgSc4Cd2Ag,0.0,0.0031957626342773438,0.0066845938563346,-0.23457552
agm004597818,La6Ru2PtCl3,0.0,0.0003402233123779297,-0.020672433078289,-1.3483094
agm003264398,Ta3Ru5,0.0,0.010414600372314453,0.0059960186481475,-0.33138973
agm004876978,CsY(SeO4)2,3.9237,8.57149887084961,3.447511672973633,-2.0297296
agm003263528,KPF6,7.0189,12.818656921386719,7.007935523986816,-3.1135218
agm003227398,Sc2Mn12P7,0.0,0.0024204254150390625,0.0096139051020145,-0.7090280999999999
agm005676118,Y2Zr3Ge4,0.0,0.009204864501953125,-0.0041012540459632,-0.9034995
agm005580689,Rb8Cu3O8,0.0,0.00036910176277160645,0.6220624446868896,-1.3020651
agm003242796,BaZr4(PO4)6,4.3742,10.223562240600586,4.073003768920898,-3.2625291
agm005961992,K3NiF6,2.4688,0.0019919872283935547,0.0944905877113342,-2.609225
agm003201165,AlPO4,5.6481,10.681365966796875,5.818541526794434,-3.1229813
agm005984324,V4Tc3Ru,0.0,0.00601959228515625,-0.0049848407506942,-0.35303676
agm003232217,Y4InIr,0.0,0.002581179141998291,0.0024464875459671,-0.5841374
agm003234621,Na2GeF6,5.8021,10.531267166137695,5.831029891967773,-3.0081408
agm003039185,TlBO2,2.8709,3.956636428833008,3.047804594039917,-2.196627
agm003600476,RbGeIr,0.0,0.004843711853027344,0.179269939661026,-0.2722475
agm003224289,Ba4Zr(RuO4)3,0.0,0.008352994918823242,0.0085777565836906,-2.5586905
agm005585286,Bi2OsO6,0.0,0.0018949508666992188,0.1357424855232238,-1.5945603
agm001003677,GeRuS,0.5982000000000001,0.0047931671142578125,0.5571365356445312,-0.65976155
agm003250759,Na4Al3Ge3IO12,3.3767,6.152194499969482,3.3425540924072266,-2.5511556
agm002195832,Hf2Al3Ir,0.0,0.012802839279174805,0.0041404142975807,-0.7112014
agm005729418,CsZrF5,5.7166,8.703723907470703,5.404213905334473,-3.822397
agm002228655,KNaCoO3,0.7414000000000001,0.0014789104461669922,0.7147388458251953,-1.5672747
agm003263041,K3Cu3As2,1.3601,0.013903379440307617,1.3161665201187134,-0.31712922
agm003226358,Tc2P3,0.0,0.010821342468261719,0.0240448787808418,-0.53868514
agm003571598,Y3AlS6,2.2659000000000002,7.590394020080566,1.970205545425415,-2.239312
agm005745673,Li4CuRh,0.0,0.0006387233734130859,0.0147552639245986,-0.10359803000000001
agm002961919,Ti2Be2Au,0.0,0.005504608154296875,-0.0035705864429473,-0.3510541
agm003274562,NaCr3O8,1.7977,0.0026215314865112305,1.8001904487609863,-1.9092909
agm003263127,Hf2SnC,0.0,0.00840538740158081,-0.0015445202589035,-0.7787915999999999
agm003645094,Sc5ZnRh4,0.0,0.0016620159149169922,0.0002460405230522,-0.88999426
agm005978400,Rb3TcO4,0.12390000000000001,0.012720108032226562,1.3060870170593262,-1.850992
agm006075532,La(Al2Cu)4,0.0,0.004341840744018555,0.0053940266370773,-0.31457758
agm005638576,Nb2Mo4W3,0.0,0.013989925384521484,-0.0038816630840301,-0.10431694
agm003571622,Cs3YI6,3.4593,5.7927751541137695,3.112741470336914,-1.5176376
agm005978689,Rb3MnSe4,0.5167,0.0009911060333251953,1.0385154485702517,-0.8684666
agm002561707,Ba3PbO,0.0,0.006170749664306641,0.0069397836923599,-1.4923244
agm003202328,Be4AlIr,0.91,0.019994735717773438,0.0184306204319,-0.5897082
agm005609307,SbSN,1.3485,2.082589626312256,0.5996718406677246,-0.43818915
agm003241633,CsVSeO5,3.1203,6.196324825286865,2.9691758155822754,-1.9951837000000001
agm003206979,Ba2ScIrO6,0.0,0.010691285133361816,-0.0067309439182281,-2.7769842000000002
agm004712910,Li4Ni3IrO8,0.041100000000000005,0.004512310028076172,0.0128234028816223,-1.5062976
agm004550611,RbLi2(AgSb)2,0.0,0.02044391632080078,0.6118251085281372,-0.40180397
agm006094053,Cs(CrSe2)4,0.0,0.01347970962524414,-0.0002835988998413,-0.62869495
agm003228790,LiScP2O7,4.7829,9.134268760681152,4.799948215484619,-3.0845966
agm006025215,Ta4Nb4Rh,0.0,0.0008244514465332031,0.0086165368556976,-0.18076718
agm004924837,Rb2AuIBr6,0.8494,0.3187345564365387,1.2239174842834473,-0.8199966
agm005962024,Tl3GaF6,3.9979,5.116194725036621,3.162076950073242,-2.4507232
agm004925177,Cs2InBiBr6,1.4009,2.5007269382476807,2.4196205139160156,-1.2028714
agm003498945,RbZn2F6,0.0,0.0021200180053710938,4.306112289428711,-2.5063756
agm005822577,V2FeIr3,0.0,0.029773712158203125,0.006314143538475,-0.42806152000000003
agm002240065,Zr2CoSi2,0.0,0.0001811981201171875,0.001010775566101,-0.8958090999999999
agm003245914,Cs2Ni(NO3)4,2.9401,2.7020180225372314,2.9957542419433594,-1.2529935
agm003215245,RbCr5S8,0.4152,0.00019121170043945312,0.4085858762264251,-1.1819732
agm001144205,NaMgTl2,0.0,0.0037887096405029297,0.0172694027423858,-0.11035639
agm005050490,KBeAsO4,4.1357,9.448293685913086,3.553497314453125,-2.303282
agm005660860,Ca2Al12Pt7,0.0,0.00115966796875,0.0118587613105773,-0.9581801999999999
agm003517070,Mn(FeCl4)2,0.47390000000000004,0.0027632713317871094,0.9895524978637696,-1.2576239
agm006052347,Hf4FeN2,0.0,0.0018432140350341797,0.0008425563573837,-1.266892
agm005087316,LiGaPbF6,4.8635,6.723410129547119,4.733773708343506,-2.969376
agm003284212,Ba3Zr6BeCl18,1.0197,1.4431264400482178,1.0148123502731323,-2.2739556
agm001191647,TaMo,0.0,0.0003688335418701172,-0.0053720623254776,-0.20313878
agm004597600,La6Os2PdBr3,0.0,0.00043529272079467773,0.0065139010548591,-0.96093297
agm005835210,In4CuPt,0.0,0.0047397613525390625,0.0190130472183227,-0.26288196
agm002140980,Ca3Zn2(CuAs2)2,0.0,0.0018663406372070312,0.1000595539808273,-0.7478153
agm005226916,AlCr4CuS8,0.027600000000000003,0.00507354736328125,-0.0019047185778617,-1.1378661
agm005015837,CaNiGe2Ru,0.0,0.012403011322021484,0.0003243684768676,-0.5377818999999999
agm006106210,Ba8As5I,1.0864,3.043175220489502,0.2330394983291626,-1.2010888
agm005906860,Hf4CdPd,0.0,0.00522303581237793,0.0050527602434158,-0.30849087000000003
agm005684949,Sr2LiMg3,0.0,0.003226757049560547,-0.0099617540836334,-0.07929928600000001
agm002168136,ZrGaNi,0.0,0.0016622543334960938,0.0023339539766311,-0.64760584
agm004927613,Na2MgNiF6,5.5477,0.005572795867919922,5.326315879821777,-3.0058007
agm002635593,Al2CoIr,0.0,0.023009777069091797,-0.0010855942964553,-0.7843688999999999
agm003186474,ScTaFe2,0.0,0.0041942596435546875,-0.00167016685009,-0.21898866
agm003194149,Sr(CdSb)2,0.0,0.017345905303955078,-0.0119820311665534,-0.5154552
agm003276264,NaNb10O18,0.1414,0.008160591125488281,0.2390545010566711,-2.797234
agm003572340,La3AlS6,2.2767,6.559663772583008,2.0069427490234375,-2.348693
agm003284112,B9Pb8O21F,3.484,5.073421001434326,3.268449306488037,-2.3723172999999997
agm003521637,Ga2GeCl8,3.6862,4.850247383117676,3.150933742523194,-1.4609779999999999
agm004540648,Ba2Ca2Sb2O,0.4731,2.3210813999176025,0.9458415508270264,-1.7442551
agm003216201,K(MoSe)3,0.0,0.006039857864379883,0.0041950903832912,-0.71749014
agm003620712,ZrTi2Co,0.0,0.0038042068481445312,-0.0229598581790924,-0.22077657
agm003213459,Na2Pd(SeO4)2,1.5271,0.016302824020385742,1.6422786712646484,-1.4013323
agm005235522,CsO3,0.9035000000000001,0.00312042236328125,0.5667930841445923,-1.1708153000000001
agm001171381,Be4VRe,0.0,0.017179489135742188,-0.0235364958643913,-0.42154342
agm003275507,KVPO5,1.4733,0.15241456031799316,1.54426908493042,-2.673541
agm004627780,Ba6SiTe2I3,0.0,0.0013262033462524414,1.0425723791122437,-1.4041369
agm001360974,LiZrGaIr,0.0,0.010218024253845215,0.0074983090162277,-0.65499264
agm006090124,Li(BeAu)6,0.0,0.0034513473510742188,-0.0080548077821731,-0.21623456
agm003211370,CdP2,1.4924,0.01412200927734375,1.5048651695251465,-0.12471094
agm005922414,Zr12Al3In,0.0,0.0029911398887634277,0.0012612342834472,-0.283556
agm006105618,Mg6PdAu5,0.0,0.002208709716796875,0.0312800854444503,-0.6368612
agm003219209,Ca5As3,0.0,0.007762432098388672,0.0064812004566192,-1.1145339
agm003277430,Cd5Mo2(P2O7)4,2.4272,0.0018720626831054688,2.6062161922454834,-2.4171832
agm003277799,In2(PS3)3,1.4471,4.713910102844238,1.727421760559082,-0.7869873
agm004540274,K2Mn2Se2O,1.3666,0.0015912055969238281,0.8522917032241821,-1.2402884
agm003202200,HfFe2,0.0,0.0029959678649902344,0.0004698783159255,-0.35015222
agm002177926,Cs(PRh)2,0.0,0.002658367156982422,0.0189092010259628,-0.75146437
agm005926829,Nb5Ga2Sb,0.0,0.007550954818725586,0.0153288841247558,-0.36146304
agm002156805,Li2Sn2Pt,0.0,0.006105780601501465,0.0159821659326553,-0.5540796
agm003269583,LaMnFeGe2,0.0,0.007133960723876953,-0.0088824480772018,-0.46677428
agm003216010,Sr(InAu)3,0.0,0.0012421607971191406,-0.0002736300230026,-0.47937107
agm003263478,Ti3Al,0.0,0.006651043891906738,0.0010614097118377,-0.27985573
agm004635149,ZrTl3(SnSe3)2,0.0,0.0019421577453613281,0.6495264768600464,-0.6666115
agm003263015,YNi,0.0,8.487701416015625e-05,0.0151993483304977,-0.4325074
agm003210675,Tc2P,0.0,0.0031480789184570312,-0.0119120776653289,-0.4376081
agm006059152,Ga3CuIr4,0.0,0.0010204315185546875,0.004295565187931,-0.30082723
agm003220284,LiRe(OF2)2,3.1022,12.423418998718262,3.1783814430236816,-2.6284739999999998
agm005609964,Na3(CO3)2,0.0,0.0032482147216796875,4.553458213806152,-1.9686825
agm005282033,Fe3(PO8)2,0.22210000000000002,0.002134561538696289,0.1547977030277252,-1.6217858
agm001611092,Y2CoAuC,0.0,0.014421463012695312,0.0001582317054271,-0.5718715
agm002362463,Cs2ReF6,1.8216999999999999,0.030199646949768066,0.376201868057251,-2.8155246
agm002363329,Cd(OF)2,1.7610000000000001,6.5334625244140625,1.661790132522583,-1.7241521999999998
agm005969327,Mg3MnCl8,2.342,0.0007815361022949219,2.7449417114257812,-2.0606234
agm004945131,LaTl(CO3)2,4.1584,5.596314430236816,3.9076099395751953,-2.3735933
agm002134341,BaAl9Co2,0.0,0.00016772747039794922,0.0157016552984714,-0.41925746
agm002958595,Nb2CrB2,0.0,0.002146005630493164,0.0045001357793807,-0.6420883
agm002327925,RbAlSe2,2.5491,4.4729814529418945,2.36899471282959,-1.1646714
agm005913454,Nb5AlSi2,0.0,0.0028498172760009766,0.0005356073379516,-0.58435357
agm005648109,K5(TiS3)2,0.7621,0.0008115768432617188,2.1980299949645996,-1.6760283
agm002745283,TiInCo2,0.0,0.0023012161254882812,0.0022830665111541,-0.24377199
agm002757148,CsIBr2,2.0387,2.97532320022583,1.5848840475082395,-0.96613306
agm005261542,TlW3Br7,2.2864,0.0004317760467529297,2.498680353164673,-0.543219
agm003223238,Zr3(V2Fe)2,0.0,8.630752563476562e-05,0.012043260037899,-0.1593355
agm003249026,CsRb14Tl27,0.0,0.0032911300659179688,0.0060957707464694,-0.11807392500000001
agm002171450,BaGeO3,3.5481,8.81646728515625,3.2784719467163086,-2.721034
agm002189745,Ta3Ir,0.0,0.007113933563232422,0.0050967894494533,-0.47529299999999997
agm002164752,Na2PNO2,3.6219,4.191988945007324,4.34393310546875,-1.9799218
agm004717321,La8NiRu3I4,0.0,0.003794729709625244,0.0142060816287994,-0.86974967
agm005972520,Sc2GaPd5,0.0,0.008111000061035156,0.0054576285183429,-0.8706822999999999
agm002155514,K(AsIr)2,0.0,0.00725555419921875,0.0489876940846443,-0.45574343
agm002297648,Cs5CuSeO2,0.7113,0.0030362606048583984,1.1803542375564575,-1.1882391
agm003219996,BaSi6N8O,4.3138,5.30417013168335,4.257319450378418,-1.5691178
agm002148611,MgIrF6,0.0,0.010798454284667969,0.0050922185182571,-2.5721946
agm003220398,Li2ZnGeO4,3.1116,0.0008101463317871094,3.097806930541992,-2.2242968
agm003657770,Sr4BiI5,1.4612,3.970121383666992,1.747667908668518,-1.5284034
agm004992385,CsCdSnSb2,0.0,0.005557060241699219,0.228741317987442,-0.25742766
agm004939903,KRb2BiCl6,4.1596,5.705474853515625,3.987276554107666,-1.9829351
agm004599094,La6SiAs2I3,0.0,0.004951378330588341,0.0198031738400459,-1.2892379
agm005854428,K(OsO4)2,0.0,0.0007119178771972656,2.412003517150879,-1.6685094
agm005055516,KBeInCl4,3.9699,4.342260360717773,3.87154483795166,-1.7865255
agm003223019,La3ZrSb5,0.0,0.00522303581237793,0.000948391854763,-1.0634369
agm002141736,CaSnRh,0.0,0.001527547836303711,0.0066965073347091,-0.6943062
agm004806558,HfMg(ScRh2)2,0.0,0.013985633850097656,0.0005301684141159,-0.95083284
agm005735724,HfBePt2,0.0,0.0008692741394042969,-0.0019911043345928,-1.018091
agm003237408,Ge2S3Br2,2.387,6.421243190765381,2.5049238204956055,-0.7225724
agm002347466,CsNa2Bi,0.0,0.8438138961791992,0.1312130093574524,-0.38021659999999996
agm005274157,Bi2Au5F21,1.317,0.00048732757568359375,1.5538665056228638,-1.7673668
agm001615023,KCrCl2F,0.7678,0.0071179866790771484,1.4478459358215332,-2.2261486
agm005731827,La2CoB10,0.0,0.00963488221168518,0.0511620566248893,-0.5777683
agm003093667,LiAlO2,4.5901,8.121824264526367,4.604159355163574,-3.0842412
agm005010287,SrLaIO2,3.5852,4.402095794677734,2.6010704040527344,-3.109998
agm002233772,TiPPd,0.0,0.012125968933105469,-0.0150827914476394,-0.9121229999999999
agm003212188,AsF5,4.5543,17.990442276000977,4.62072229385376,-2.408937
agm002242130,SiNiRh,0.0,0.030426979064941406,-0.0086493268609046,-0.67708623
agm005900608,Zr12Al3Zn,0.0,0.003265380859375,0.004962608218193,-0.25726557
agm004497395,Rb2ScV3F12,0.1943,0.01374208927154541,2.0888867378234863,-3.3766904
agm003239474,Cs6Cr2O7,1.4898,0.01361846923828125,1.53320050239563,-1.8711755
agm005022567,SrMnAs2Rh,0.0,0.0006580352783203125,0.0188120231032371,-0.6816511
agm004785355,Li2ZnGeSe4,1.2762,0.005224823951721191,1.454849362373352,-0.7766409
agm002339477,Sr2Ge3Pd,0.0,0.005037784576416016,-0.0042487829923629,-0.6876169400000001
agm002186672,Y2Si2Ru,0.0,0.001798868179321289,-0.0023700594902038,-0.8731848999999999
agm002207535,Ba(CuAs)2,0.0,0.002701282501220703,-0.0001092851161956,-0.518605
agm004754053,RbSc(SbAu)2,0.0,0.0007586479187011719,0.0805011168122291,-0.5981805
agm002269505,CaHfF6,7.3997,16.43545913696289,6.832174301147461,-4.271783
agm002372556,SrGa3Pt,0.0,0.0037877559661865234,0.007545918226242,-0.67955357
agm002186683,Y(SiPt)2,0.0,0.015469551086425781,0.0081234499812126,-1.0991023
agm006020370,Be8V3Tc,0.0,0.003918170928955078,0.0050831735134124,-0.3302505
agm004881236,CsRb(GaBr4)2,3.5725,6.475654602050781,3.28945255279541,-1.2257864
agm005874982,Rb5Sb2Au,0.6617000000000001,0.002934694290161133,0.3757799863815307,-0.44132674
agm005772534,Be2CdPt3,0.0,0.08050155639648438,0.0026958435773849,-0.65026945
agm005234420,Ba8Sb6S17,1.4405000000000001,2.996048927307129,1.3864073753356934,-1.621599
agm004755296,Rb2NaSnBi2,0.0,0.0010194778442382812,0.02903813123703,-0.33879924
agm005918254,Y3GaI3,0.0,0.009100914001464844,0.0186438709497451,-1.0382974
agm004664084,Cs3Rb(TeO3)2,3.5764,4.085549354553223,3.512195587158203,-1.8517028999999998
agm006119944,La6GeTe5,0.0,0.0028144121170043945,0.4537440836429596,-1.5231211999999998
agm001116632,Ti2ReRh,0.0,0.0019092559814453125,0.0054150521755218,-0.6867956
agm003275990,K3Na3Nb8(PO7)5,0.0,0.000264585018157959,0.5036704540252686,-2.9126813
agm004474298,Cs2FeAgF6,2.548,0.0022063255310058594,2.3934996128082275,-2.6438334
agm004933512,Cs2KLaCl6,4.7046,6.934359073638916,4.655744552612305,-2.5502217
agm006088132,LaHf4N6,0.0,6.198883056640625e-06,1.127145290374756,-1.9284930999999998
agm003220049,Li2CdGeS4,2.2856,0.005710721015930176,2.3058085441589355,-1.1883926
agm003161116,BePd2,0.0,0.022552490234375,0.0048135221004486,-0.4987896
agm003226400,ScAg(PSe3)2,1.6484,0.38616371154785156,1.300001859664917,-0.5259345
agm002958424,Al(TcB)2,0.0,0.0014660358428955078,0.0061569437384605,-0.44914317000000004
agm002155848,KSbSe2,1.4286,3.133415460586548,1.212659239768982,-0.7178342999999999
agm003232331,BaAgSbS3,1.5733000000000001,0.004820108413696289,1.5851364135742188,-1.2010474
agm003217207,Mg3MnNi3O8,1.8367,0.006537914276123047,1.5902836322784424,-1.9857212999999998
agm002958963,Nb2B2Mo,0.0,0.010033130645751953,0.0040004551410675,-0.6562066999999999
agm002907942,Rb(AlGe)2,0.0,0.0024666786193847656,0.0140492767095565,-0.13677509999999998
agm003228678,Ta5N6,0.0,0.01244807243347168,-0.0028873421251773,-1.3399597
agm004883616,CsRb(GaI4)2,2.6719,3.9629180431365967,2.2859091758728027,-0.8887051300000001
agm005946349,Ga4IrRh3,0.0,0.004620552062988281,0.00438679382205,-0.6168904
agm003247805,CsNa2Ge17,0.0,0.012905597686767578,0.0211651921272277,-0.08522069
agm003498853,Na(IrO3)2,0.0,0.0011372566223144531,-0.0010587871074676,-1.3293753
agm003241235,P7Pb,0.8851,1.6700048446655273,0.8594452142715454,-0.005299013
agm002334302,Zr2Cr3Os,0.0,0.00899362564086914,0.0092069245874881,-0.222652
agm005023961,CsYSnTe3,0.8761,0.6264622211456299,0.5370672941207886,-1.0356241
agm002912001,Sr(BeP)2,0.7195,4.668532848358154,0.9748258590698242,-0.71023905
agm002224308,Hf3PdN,0.0,0.0029773712158203125,0.0147979110479354,-1.1613864999999999
agm003237444,Zr4Rh2N,0.0,0.003872394561767578,-0.0179674103856086,-1.0521114
agm003274704,CrBiTeO6,2.0683,0.0022478103637695312,1.5999643802642822,-1.8604914
agm002116643,NaOF,1.8361,0.048679351806640625,0.6337764263153076,-2.1364634
agm004922530,Sr2MgRuO6,0.0,0.007300019264221191,0.0045568570494651,-2.5452118
agm002238648,Sc6MnBi2,0.0,0.0024292469024658203,0.0167497098445892,-0.41132867
agm003694478,Hf(VGe)6,0.0315,0.011940479278564453,0.0030839145183563,-0.42603192
agm005584432,K2MoCl6,0.0,0.0025592371821403503,1.3230457305908203,-1.7912116999999999
agm003276449,Cs2Si3SnO9,3.7999,5.548723220825195,3.7924280166625977,-2.8796882999999998
agm003281770,Li2V3SbO8,2.0276,0.0018589496612548828,2.0739169120788574,-2.390671
agm003203229,Te2Ru,0.34500000000000003,0.015949249267578125,0.3345924615859985,-0.33405712
agm004693334,Na3Sc3TeS8,1.7399,1.53959059715271,1.364747166633606,-1.7411192999999998
agm003247361,SClO2F,4.6555,12.046741485595703,4.418755531311035,-1.7563274999999998
agm003221273,Na(FeSb3)4,0.0,0.0010389089584350586,0.0219684280455112,-0.08124697
agm003215401,Sr(GaTe2)2,0.6224000000000001,1.5745460987091064,0.3985961973667145,-0.7483092
agm002959337,Ti2TcB2,0.0,0.011531233787536621,-0.0186913907527923,-0.8415986
agm004786364,LiCu2PSe4,0.6784,0.0012927055358886719,0.080803133547306,-0.36134672
agm005006113,SrLiAs2Pd,0.0,0.0010113716125488281,0.0946464538574218,-0.85339963
agm005250740,Sr5(IO6)2,2.5323,4.923858642578125,2.4077985286712646,-2.3515165
agm002197603,ScAlPt2,0.0,0.0023717880249023438,-0.0035004317760467,-1.1762108
agm003226811,Zr3Sb4Pt3,0.7706000000000001,0.006175518035888672,0.2605668604373932,-0.81039
agm003210611,KBrF4,3.1924,5.625551223754883,3.252462387084961,-1.9859114
agm002244695,Ti3TeBr7,0.5846,0.0379483699798584,0.0020753294229507,-1.1490711
agm005289739,Rb3GaP2,0.8724000000000001,1.4169526100158691,0.8376511335372925,-0.40738693000000004
agm003234605,Na2TiF6,4.7812,10.827291488647461,4.744491100311279,-3.5155666
agm003226605,Cd2BiAsO6,2.0587,0.21578288078308105,1.9964721202850344,-1.6616244
agm003435995,Ti3InTc2,0.0,0.004922389984130859,0.0068343579769134,-0.44435549999999996
agm002306784,RbAgPS3,1.885,0.003555774688720703,1.839359998703003,-0.91503793
agm003284049,Rb5B19O31,5.2311,7.04032039642334,5.189165115356445,-2.8315752
agm002326357,ZrSnRh2,0.0,0.0003695487976074219,0.0063475929200649,-0.78374743
agm002294105,Rb2NaSnSb2,0.0,0.007028818130493164,0.4450723826885223,-0.39799264
agm003236404,K3AsS3,2.6015,4.500389099121094,2.14772629737854,-1.245719
agm002266696,La(CuGe)2,0.0,0.010019302368164062,-0.0126325041055679,-0.56296176
agm003239582,LaPb6BrO7,2.0171,4.557598114013672,2.0232388973236084,-1.8454248
agm005648452,Cr2AsO6,0.0,0.0014481544494628906,0.8270472288131714,-1.9809218999999998
agm004581691,Na2Zn(PdO3)2,1.2966,0.0010423660278320312,0.2184589207172393,-1.3638257
agm005548125,V7Pd,0.0,0.005995273590087891,-2.384185791015625e-07,-0.083581746
agm004570332,Ba2Ag(BO3)2,0.0,0.009171247482299805,0.0894891917705535,-2.6519277
agm005798692,Ti3AsN,0.0,0.003098011016845703,-0.0110000669956207,-1.3425938
agm003160763,ZrSnPd,0.5072,0.01483774185180664,0.4907495081424713,-0.7811821999999999
agm003160819,Ti2Pd,0.0,0.011898279190063477,0.0013327598571777,-0.44781119999999996
agm003236600,BiBPbO4,2.8556,4.734401702880859,2.799264430999756,-2.09843
agm005550759,Sc2Cr2C3,0.0,0.0012688636779785156,-0.0009733736515045,-0.39456198000000003
agm003762121,AgGeF6,0.5815,0.00390625,0.4316283762454986,-2.258124
agm003250772,Na10Zn4O9,1.5076,0.006811380386352539,1.278705358505249,-1.6335901
agm003206255,Sr2I2O,3.3004,4.2185773849487305,3.4289236068725586,-2.2866826
agm001052206,TaBeOs,0.0,0.01878499984741211,0.0290559828281402,-0.49781454
agm006035063,Ba4RhI4,0.0,0.0014566443860530853,0.4998927414417267,-1.2795073000000001
agm003283709,SrB2F8,8.1439,14.067949295043945,8.126326560974121,-3.5699215
agm006037247,Rb4RuO4,0.3554,0.02950596809387207,0.4878692626953125,-1.4896722
agm003540115,ZrBe9Mo2,0.0796,0.001567244529724121,0.0109054967761039,-0.30004549999999997
agm003211925,Sr3V2O7,0.5064000000000001,4.750766754150391,0.5740159749984741,-2.9657977
agm005820046,Tl2TeN2,0.8672000000000001,2.7250049114227295,0.260272741317749,-0.29167575
agm003208526,Sr3(SnIr)4,0.0,0.0328671932220459,0.0144283324480056,-0.50782824
agm004571386,CaTl2(CO3)2,3.3132,4.883349418640137,3.726737976074219,-2.0403798
agm005148365,Rb5AuSeO2,1.3217,0.001110672950744629,0.6080309152603149,-1.1791974
agm003231698,SrLaCuS3,1.1884000000000001,0.004452228546142578,1.0972899198532104,-2.055521
agm003211887,La2P2AuO,0.0548,0.0023169517517089844,0.5267578363418579,-1.8840727
agm003223141,Ca4TiN4,1.5155,1.1055102348327637,1.5006964206695557,-1.321741
agm005067204,LiCrAgF5,2.2137000000000002,0.0018100738525390625,2.294687509536743,-2.6546469999999998
agm005535686,La7Au3,0.0,0.0030477046966552734,-0.0036561787128448,-0.5142572
agm003237687,La2(Al3Ir)3,0.0,0.005014896392822266,0.0031220354139804,-0.83077055
agm004950330,FeNi2BiO6,0.4117,0.015731334686279297,0.5617539882659912,-1.2911364
agm005867743,Al3V12Fe,0.0,0.0012388229370117188,-0.0007446072995662,-0.15979472
agm005766378,ScBe17Nb,0.0,0.04695439338684082,0.0153874196112155,-0.20406383
agm003275957,Ca4P6O19,5.3556,10.094112396240234,5.404099464416504,-3.0703104
agm005768980,NaReO4,4.2081,8.565241813659668,3.8571743965148926,-2.279375
agm003249837,Ca(Al4Ni)2,0.0,0.0010173320770263672,0.0098568350076675,-0.39069116
agm002152744,ZrGeSe4,0.7000000000000001,2.335068464279175,0.3608631193637848,-0.8075222400000001
agm006121018,Y6AuSe5,0.0,0.0005910396575927734,-0.0115139111876487,-1.6407583
agm003236337,BaTi(SiO3)3,3.0566,9.572794914245605,3.089099884033203,-3.3875227
agm002187280,Ta4CoSi,0.0,0.007184028625488281,0.0054965168237686,-0.41032892
agm003233894,Cr3(PO4)2,2.3709,0.9665746688842773,1.9413050413131712,-2.4724827
agm002363193,CsTl2F7,1.8266,7.11567497253418,1.863199234008789,-2.3845024
agm004604126,La6Te3P2Se,0.0,0.0022458434104919434,-0.0093162953853607,-1.7194091999999999
agm003241167,LiTaGeO5,3.8891,9.771961212158203,3.8240866661071777,-2.7629983
agm005047219,CaReO4F,3.7791,10.818061828613281,4.022551536560059,-2.8382876
agm005008231,LaSiTc2C,0.0,0.003938436508178711,-0.0153424441814422,-0.46543589999999996
agm005762442,LiN2Cl,4.0082,4.917655944824219,3.9658334255218506,-1.2035822999999999
agm006092491,Zr6CuTc5,0.0,0.008028030395507812,0.0006537735462188,-0.35230413
agm003263585,Na3P,0.4098,1.8132479190826416,0.4232548177242279,-0.33512577
agm003264316,Zr3Fe,0.0,0.0010793209075927734,0.0079637318849563,-0.11970641500000001
agm003300222,Nb8W,0.0,0.00533294677734375,-0.0003825426101684,-0.03355919
agm006005179,Ba6BiP3,0.4107,1.5937206745147705,0.2721955776214599,-0.976111
agm004565787,K2Mo(ClF2)2,2.4762,0.006575435400009155,2.268608808517456,-2.636796
agm005802788,CsBiCl14,2.3796,4.825584411621094,1.094357132911682,-1.0073926
agm003186403,Mg2CdRh,0.0,0.0031609535217285156,0.0209131129086017,-0.36348835
agm003441086,Rb2ZnCl4,4.4415,0.011103153228759766,4.328428268432617,-2.0042129
agm006048466,Cu3SiTe4,0.0,0.00020456314086914062,0.2598179280757904,-0.09984171
agm003207211,LiNO3,2.984,5.3206987380981445,2.8807601928710938,-1.4585110000000001
agm001418240,CaGe,0.0,0.058603525161743164,-0.0105260089039802,-0.6659455
agm003228626,Rb4CdCl6,3.957,0.0033974647521972656,3.951838493347168,-2.0604155
agm003524270,Cd(FeBr4)2,0.7482000000000001,0.6385502815246582,0.8293325901031494,-0.5636357
agm003054102,CaCuAs,0.0427,0.0032477378845214844,0.0110751986503601,-0.81869155
agm005629612,BeBW2,0.0,0.0016627311706542969,0.0012076869606971,-0.3714722
agm005175797,BaSr2CoO5,0.3821,0.00435948371887207,0.9101723432540894,-2.5468888
agm003277375,In(PO3)3,4.4143,5.865124225616455,4.4124860763549805,-2.5516095
agm002179071,SrPRh,0.0,0.003291606903076172,0.0045126229524612,-1.0243574
agm005096934,CsNaSeF6,4.477,4.2522664070129395,4.462541580200195,-2.5698084999999997
agm005270034,KTaCl6,2.8073,8.136407852172852,2.5425586700439453,-1.9868484
agm005746493,VMo4W,0.0,0.005143404006958008,-0.0128406882286071,-0.09403791
agm004814656,Y4SiTe2As,0.0,0.0015635490417480469,-0.0014536529779434,-1.3439915
agm003295296,Nb2Ru,0.0,0.024551868438720703,0.0052869021892547,-0.2385756
agm003712460,BaIn3Ag,0.0,0.017430365085601807,-0.0031288489699363,-0.3538029
agm002146513,LaCuGe2,0.0,0.002735137939453125,-0.0063109546899795,-0.6367094999999999
agm001937914,Hf2CdC,0.0,0.002449512481689453,-0.0092707574367523,-0.58244675
agm005893503,Li3GePd2,0.0,0.0001933574676513672,-0.0117098540067672,-0.53592366
agm005021505,NaFeNiAs2,0.0,0.006504535675048828,0.0019059255719184,-0.31882557
agm005078250,SrTePdO6,1.6051000000000002,0.0049877166748046875,1.179530382156372,-1.8417633
agm004505937,Zr3Al3PdAu2,0.0,0.01113128662109375,0.0106418654322624,-0.700604
agm003274220,CaTeO3,2.9428,7.2896013259887695,2.908156156539917,-2.4119
agm005552477,Na3(AsPt)2,0.0,0.003252267837524414,0.1899087727069854,-0.5548704999999999
agm002166064,Rb2NaGaP2,1.173,2.137378215789795,1.403826355934143,-0.43704793000000003
agm005624284,Zr3(GaCo3)2,0.0,0.004584312438964844,0.0085161738097667,-0.43231234
agm002199069,TeAsIr,1.053,0.004660606384277344,0.4390950500965118,-0.4280021
agm002219531,Ba(Li2As)2,0.74,1.8984687328338623,0.4100458323955536,-0.8411854999999999
agm002948562,La(TiIr)2,0.0,0.001453399658203125,-3.983825445175171e-05,-0.79839134
agm002224620,Na2Au,0.0,0.0015254020690917969,0.0140740573406219,-0.2821218
agm005994167,Mg3NbIr4,0.0,0.001850128173828125,-0.0013332217931747,-0.5008551
agm005932313,Ti4PdRu,0.0,0.0029888153076171875,0.0083835422992706,-0.48863333000000003
agm005584028,Li14Mn2Se9,1.6903000000000001,0.00032260268926620483,1.5083707571029663,-1.1252995000000001
agm002179858,BaSn2Pd,0.0,0.011701345443725586,0.0377145111560821,-0.69400156
agm004992805,SrLiAlAs2,0.8503000000000001,1.886366605758667,0.7873573303222656,-0.84333444
agm005097134,InGaFeF6,3.1835,3.4231481552124023,2.5830283164978027,-2.6717836999999998
agm003258060,Mg3NF3,3.5945,5.556121349334717,3.5777759552001953,-2.8092086
agm005546393,LaS5,0.1884,0.009240865707397461,0.5425072908401489,-1.2510045
agm003244602,Na2B2S5,2.6114,3.3291585445404053,2.454583168029785,-1.0686682
agm002240818,Ca2Si3Pd,0.0,0.005504727363586426,0.0210894644260406,-0.6658432999999999
agm003275988,Rb2Ta15O32,0.0,0.009184122085571289,0.0564431585371494,-3.1386774
agm002151344,GaAu,0.0,0.016448497772216797,0.0035120248794555,-0.22549966000000002
agm003298523,TiNb4,0.0,0.00627446174621582,0.0355112254619598,-0.013630571000000001
agm002017995,CsSe2,0.0,0.13951683044433594,1.1257603168487549,-0.7225434
agm002147543,RbCaF3,6.5228,9.153249740600586,6.26747989654541,-3.740589
agm002165564,Na4TiS4,2.4328,4.9020538330078125,2.33273983001709,-1.4976017
agm003282752,Li2TiFe(PO4)3,2.4005,0.0027103424072265625,2.212851285934448,-2.7845066
agm005088546,KAlFeF6,4.0282,0.0004620552062988281,3.986093521118164,-3.3674965
agm003223221,Tl4SiS4,1.9243999999999999,3.251574993133545,1.946932077407837,-0.8314568999999999
agm003229125,Sc2Pt2O7,1.6522999999999999,0.003479480743408203,1.3731532096862793,-2.358447
agm005229573,Rb3CoNCl4O3,2.9697,0.0029460787773132324,2.8018524646759033,-1.7122811
agm003215393,Al2ZnS4,2.5143,0.0073854923248291016,2.5107178688049316,-1.3959742
agm003194243,Ca(BeP)2,0.7571,4.049383163452148,0.7279775142669678,-0.7357116300000001
agm003144799,Bi2Se3,1.0498,1.1723709106445312,0.6136161088943481,-0.39594743
agm003222498,LiCaAlF6,7.6642,14.613564491271973,7.646676540374756,-3.8894157
agm002197584,ScAlCu,0.0,0.008850812911987305,0.0099054872989654,-0.46761394
agm005847752,Sc2PI2,0.0,0.003199338912963867,-0.0291293486952781,-1.3832916
agm003249968,YB7Mo3,0.0,0.001156449317932129,0.016522005200386,-0.56070304
agm003400693,La2ZnIr2,0.0,0.014135360717773438,0.003956988453865,-0.6784991
agm001100392,VMo2W,0.0,0.011258363723754883,-0.011224590241909,-0.11641137
agm005808174,Mg4PbAu,0.0,0.006074223667383194,0.0116908214986324,-0.29937452000000003
agm003249832,CsYP2O7,5.1228,8.631877899169922,5.19911527633667,-3.1489956
agm005078350,SrTeRhO6,0.0,0.011113405227661133,0.5908350944519043,-1.9252639999999999
agm006020518,Mn8ReMo3,0.0,0.004553794860839844,0.0067957341670989,-0.08632666
agm002203331,Ca(AsRu)2,0.0,0.0011191368103027344,0.0041501224040985,-0.6611640999999999
agm002137102,Ni(BW)2,0.0,0.007329463958740234,0.0130798667669296,-0.43707928
agm006020337,Be8V3Os,0.0,0.0013387203216552734,0.0127071738243103,-0.36744709999999997
agm005832481,Au(NCl)2,0.0,0.014895439147949219,1.474822998046875,-0.49830425
agm005920537,La3IrCl3,0.0,0.00107496976852417,0.0150844976305961,-1.9677612999999998
agm002359499,Y2SnIr2,0.0,0.0013790130615234375,0.0135110728442668,-0.8324307999999999
agm005073869,KLiZrCl6,3.7192,8.27873420715332,3.86852502822876,-2.2684522
agm003278570,Ca(Al5Cr)2,0.0,0.0006659626960754395,0.0030428618192672,-0.1860118
agm004822767,Ca4AsSe2Cl,1.5469,4.385617256164551,1.5334985256195068,-1.9828172
agm002183841,SbTeIr,0.812,0.4050254821777344,0.2136785984039306,-0.4080893
agm002225195,NaLa(CuP)2,0.0,0.02958822250366211,0.0052963346242904,-0.72194934
agm003275401,Ba2FeGe2O7,1.9722,0.004721283912658691,2.6253836154937744,-2.5682204
agm002286526,Mg2Cd,0.0,0.005165815353393555,0.0133933424949646,-0.09043877600000001
agm002195129,Al2CuBr8,0.4476,5.1915645599365234e-05,0.5524488687515259,-0.8801756
agm003231579,SrTi(PO4)2,2.6602,8.63715934753418,2.622506856918335,-3.1841764
agm003605041,BiSbIr,0.0,0.011087417602539062,0.2221886217594146,-0.21553767000000001
agm006055587,Li(VSe2)4,0.0,0.00014543533325195312,0.0102066546678543,-0.7761064999999999
agm003571182,Rb3YBr6,4.4766,6.434017181396484,4.163965225219727,-1.8408335
agm004540252,Na2Mn2Se2O,1.2387000000000001,0.01044309139251709,0.5523121356964111,-1.2215343
agm002188223,ScCoSi,0.0,0.0016856193542480469,0.018986277282238,-0.8448332
agm002257757,Cs2TaBr6,0.0,0.0026667118072509766,0.3756645023822784,-1.3324019
agm001191620,ScRh,0.0,0.0005779266357421875,0.002428688108921,-1.0155739
agm003219873,Sc3P,0.0,0.002455681562423706,0.0163577497005462,-0.80878
agm003242455,Y2Cr3O12,2.0499,10.467888832092285,2.235921859741211,-2.3915496
agm002362159,KRhF4,0.7377,0.04395627975463867,1.8145928382873535,-2.3041317
agm002329560,ScAlRh,0.0,0.012851715087890625,-0.0042995810508728,-0.9325833
agm002257031,La2B4Rh5,0.0,0.0008292198181152344,-0.0043935813009738,-0.69122475
agm003213376,Mn3Zn2O8,1.1256,0.0016851425170898438,1.057783842086792,-1.8146249
agm003226216,Nb3NiS6,0.0,0.015030860900878906,0.0206825733184814,-1.3895594
agm003687874,La6TcO12,0.0,0.03831000626087189,1.1104799509048462,-3.4900508
agm002152671,HfGeRh,0.0,0.0015697479248046875,0.0081000849604606,-0.88838226
agm002188255,ScSiRu,0.0,0.0009758472442626953,-0.0020886361598968,-0.9265837
agm001139267,Hf2ZnRe,0.0,0.002254962921142578,0.0053660720586776,-0.34936222
agm004492787,Rb2V(TeO4)3,0.8238000000000001,0.08722829818725586,0.9926638603210448,-1.8281218
agm002383810,Ti3Re2Ni,0.0,0.0017113685607910156,0.005740076303482,-0.42926294
agm003258527,Bi4Te3,0.3466,3.337860107421875e-06,-0.0212759599089622,-0.17463657
agm005589795,Ca2Ga5Rh3,0.0,0.0015363693237304688,0.0186407342553138,-0.6758255400000001
agm004756372,Cs2CaBi2Pb,0.5933,0.538543701171875,0.086126372218132,-0.5046818
agm003234133,Ge(BrF5)2,2.8762,7.0438313484191895,3.035088062286377,-1.82423
agm002433471,Y3TlC,0.0,0.7473257780075073,-0.0057611167430877,-0.49202034
agm003485064,K2RuBr6,0.0,0.33473432064056396,0.1929879188537597,-0.92847246
agm005858127,Li3AlAs2,1.0426,1.9009530544281006,0.9425722360610962,-0.64803094
agm004765783,K2VNiSe4,0.0,0.004042625427246094,0.2217870056629181,-0.8777722
agm003211021,SbSBr,1.6872,2.427307367324829,1.9606380462646484,-0.65635467
agm003244562,SrMgB2O5,4.6917,7.206824779510498,4.6649274826049805,-3.1253664
agm003438197,Hf3Zn2Re,0.0,0.001209259033203125,0.0038482546806335,-0.31285199999999996
agm003647353,MgSc5Co4,0.0,0.0006303787231445312,0.0041501075029373,-0.3107487
agm003206711,Y4CI5,0.0,0.0003439188003540039,0.0235061943531036,-1.1070684
agm005129870,Sc2GeB2Rh5,0.0,0.0019164085388183594,0.0197046026587486,-0.8670834
agm002342813,SrLi(PRh)2,0.0,0.013096809387207031,0.1405039429664611,-0.9019292999999999
agm002179127,TiPRh,0.0,0.0034112930297851562,0.0140972658991813,-1.1550788
agm003350312,Rb3Cd2F7,3.5775,0.005701303482055664,3.5310592651367188,-2.7607589
agm005022598,CaFeCoAs2,0.0,1.049041748046875e-05,-0.0124695152044296,-0.57762134
agm006026119,MgZr3N4,0.0,0.004147946834564209,0.0115495324134826,-1.7303125
agm003277121,Na2V3O7,2.4543,0.0050691962242126465,2.51566743850708,-2.4164453
agm002363809,CsK2CuO2,1.2639,0.009649693965911865,1.5605509281158447,-1.2789793999999999
agm003284799,Sb2IF15,3.9557,6.92647123336792,3.839901208877563,-2.407919
agm002143263,Cs2CuAuCl6,0.5986,0.005630970001220703,0.39479660987854,-1.4641883
agm005172164,LiMgP2Pd5,0.0,0.0012164115905761719,0.0280568972229957,-0.6455592
agm005740782,NaScF4,6.3173,10.222192764282227,6.497305870056152,-3.8875878
agm005226781,Cs2Li2B2P4O15,5.3863,8.078871726989746,5.521466255187988,-2.7626688
agm002168355,LaNiBi3,0.0,0.0030798912048339844,0.0022343061864376,-0.45979932
agm004667693,Rb3Y(AsO4)2,3.6126,7.682769775390625,3.738711357116699,-2.397486
agm005227018,Ba(SbSe2)2,1.0934,3.022185802459717,1.000346064567566,-0.8027645
agm003228620,Ca8In3,0.0,0.006608486175537109,0.0120506733655929,-0.33609852
agm004599697,Y6As2PSe3,0.0,0.0009319782257080078,-0.0146495997905731,-1.7492983
agm002143811,Ba(CoGe)2,0.0,0.003367900848388672,-0.0011026263236999,-0.37941983
agm004497990,KTl2Rh3F12,0.8299000000000001,0.02594137191772461,1.8797324895858765,-2.0845625
agm003436236,Sc3AlRu2,0.0,0.001994609832763672,0.0048740543425083,-0.5961634
agm005047217,SrReO4F,3.3952,9.653167724609375,3.75809097290039,-2.8426869999999997
agm005845972,Rb2MoF7,2.0909,0.0013719797134399414,2.654188632965088,-2.9479823
agm003711498,TiIBr3,2.3016,11.43168830871582,2.4588747024536133,-1.0851859
agm003284807,BaNaAlF6,7.0168,10.433204650878906,7.003969192504883,-3.8493736
agm001360960,LiTaGaIr,0.9480000000000001,0.010207891464233398,-0.0101814791560173,-0.5775667999999999
agm005736802,Ca3Sb2Pt,0.0061,0.002312391996383667,0.0602428242564201,-1.0169315
agm005967365,Y3MoO7,1.3857,0.004954934120178223,1.166176438331604,-3.4271755
agm002203235,Ca2ZnAs2,0.8886000000000001,0.001821756362915039,0.3624280989170074,-0.9837098
agm003188033,Li3N,1.004,2.857201099395752,0.366946667432785,-0.4561743
agm003485487,Li2NiF6,1.7812000000000001,0.0010366439819335938,2.1966280937194824,-2.2912698
agm003234024,Ca5(AlSb3)2,0.166,1.2781493663787842,0.3679811358451843,-0.7761509400000001
agm005757157,CsKS14,0.0529,0.0002994537353515625,1.890517234802246,-0.7655829
agm005290297,CsNbNi(OF2)2,3.1245,0.0021047592163085938,2.79068374633789,-2.8381293
agm003223186,Rb4SnO4,2.1519,0.001338958740234375,2.160947322845459,-1.7773249999999998
agm003211772,Ti3AlC2,0.0,0.00359499454498291,0.0263521373271942,-0.7638480999999999
agm003275921,Te3P2O11,3.4277,6.4057464599609375,3.4421210289001465,-2.0088181
agm004874894,RbP2OsO8,0.3332,0.0031222105026245117,0.3498415648937225,-2.2825162
agm005059920,LiCuPtO4,0.0,0.002155303955078125,0.0343964956700801,-1.2717263
agm003619165,ZrTe2Pd,0.0,0.0078067779541015625,0.0344479978084564,-0.7806027999999999
agm006023541,Ba(OsO3)3,0.0,0.0010957717895507812,-0.0046355724334716,-1.7891235
agm001295708,ScGaRuPt,0.0,0.017271041870117188,0.0071631073951721,-0.80619854
agm003295773,LaC2,0.0,0.000552058219909668,0.1867119669914245,-0.16832522
agm005958309,Cd(ClO)2,1.9311,7.77254581451416,0.9791771173477172,-1.1648184
agm003219364,YSiPt2,0.0,0.008609771728515625,-0.0066464245319366,-1.174837
agm005238337,NbFe2,0.0,0.0074558258056640625,0.0119109191000461,-0.14220062
agm005021226,SrLiCuAs2,0.0,0.0005071163177490234,0.0729846060276031,-0.6997528
agm006085837,NbTe4Au3,1.1958,3.337860107421875e-05,0.0117332488298416,-0.27509126
agm002249213,LaAl5Pd2,0.0,0.00206148624420166,0.0124519765377044,-0.71636987
agm003229199,Y2Ir2O7,0.0,0.0013322830200195312,0.00140842795372,-2.5011718
agm002312790,RbZrMnS3,0.0,0.016402244567871094,0.4160692989826202,-1.5978633
agm003486856,Hf(InCl3)2,3.0621,4.1573686599731445,2.7675998210906982,-1.8385711
agm002170822,BaHfO3,3.5296000000000003,0.0012598037719726562,3.56007719039917,-3.789183
agm005264632,Ba2Cu2O5,0.8799,0.004840373992919922,0.6142572164535522,-1.9308866
agm005231168,BaSb2,0.0,0.514930248260498,0.0059423744678497,-0.7222033999999999
agm003226399,ScAg(PS3)2,2.0563,0.6939573287963867,2.070171356201172,-1.052757
agm005982391,Ta4Nb3Pt,0.0,0.0035066604614257812,-0.0085444748401641,-0.24273393000000001
agm002316912,CaSi,0.0,0.014180898666381836,0.0072656571865081,-0.541029
agm004504413,Mg3Sn3Pd2Rh,0.0,0.005377769470214844,0.0025885999202728,-0.54615176
agm005580976,Li(Mn11C3)2,0.0,0.004406929016113281,-0.001928225159645,-0.08550959999999999
agm002140215,Ba2C(NCl)2,3.8906,6.431368350982666,3.4918642044067383,-1.8532248999999998
agm005631555,YScSb,0.0,0.012246161699295044,-0.0095602422952651,-0.8817400999999999
agm006104245,Ca8Bi5Te,0.0,0.0023899078369140625,0.1111867725849151,-0.96949303
agm003275797,CsTa2P5O18,2.9433,7.808080673217773,3.1041512489318848,-2.8849857
agm004576707,Rb2Pt(CO3)2,1.3057,0.0012041926383972168,2.4739527702331543,-1.7593133
agm005256491,Mn2Te3O8,2.4575,0.0009136199951171875,2.5569796562194824,-1.7352278
agm005258909,Li11V8(PO4)12,0.8315,6.961822509765625e-05,0.8811041116714478,-2.7141728
agm002200366,CrBMo,0.0,0.005650520324707031,-0.011526346206665,-0.3916114
agm002279282,LaGeAu,0.0,0.0004794597625732422,0.0168840885162353,-0.8850406
agm002229848,Co(PdO2)3,0.0229,0.0016584396362304688,0.0844971090555191,-0.95890534
agm002238581,Sc3In3Pt2,0.0,0.0042645931243896484,0.0040126554667949,-0.8533558
agm005882674,K2NiCl5,0.0,0.00047004222869873047,1.1786229610443115,-1.6194723
agm004650895,La6Pd2RhI3,0.0,0.00046771764755249023,0.0187973901629447,-0.99322504
agm003202920,CsCu3O2,1.4286,0.0024976730346679688,1.4526704549789429,-0.9776383
agm003270697,LiCuSb,0.0,0.002814769744873047,0.0838520526885986,-0.3065469
agm003201243,CaAgGe,0.0,0.026948928833007812,0.0067940056324005,-0.48401809999999995
agm005286802,Na3Ca18Fe(PO4)14,2.3132,0.005734264850616455,2.0346572399139404,-3.2162313
agm006120535,Y6PtSe5,0.0,0.0025947093963623047,-0.0130260586738586,-1.7125149
agm005883705,Rb2PdCl5,0.0,0.00014781951904296875,1.034991979598999,-1.6329082
agm002161208,MgSbIr,0.0,0.002361774444580078,0.0204201340675354,-0.39400345000000003
agm002180189,Rb(Tl3Au2)2,0.0,0.0017788410186767578,0.0133543014526367,-0.11557374000000001
agm002209605,InF2,1.2575,3.304718255996704,3.112776756286621,-2.572428
agm005070135,CsCaYBr6,4.5525,7.5027241706848145,3.864416122436523,-1.9545544
agm004673266,Ba3ZnTc2O9,0.0,0.00015616416931152344,0.1172776818275451,-2.4590397
agm005001347,ZrTlS2F,1.3581,3.8209381103515625,1.318383812904358,-2.0915
agm002176071,LaCdAsO,1.117,0.002936840057373047,0.5937381982803345,-1.9923092
agm002225119,NaInPt,0.0,0.0009584426879882812,0.0227414071559906,-0.41171357000000003
agm005668293,Li2As7Rh12,0.0,0.0021514892578125,0.0192379280924797,-0.5213588
agm004595904,Sc6C2NO3,0.0,0.0034618377685546875,0.0241465233266353,-2.342385
agm003251514,HfCrGe2,0.0,0.0025589466094970703,-0.0044682919979095,-0.42506284
agm005920430,ScTcSn4,0.0,0.010662734508514404,0.0145134329795837,-0.3070423
agm003274637,Sr2FeBrO3,1.2675,0.0015149116516113281,1.3276479244232178,-2.5376062
agm002149809,TaFe2,0.0,0.007760047912597656,0.0145681127905845,-0.20865218
agm003754403,OsRuO4,0.0,5.7220458984375e-06,0.0056407079100608,-1.4235295
agm002223247,Sr7Pb3N2,0.0,0.023039579391479492,0.0121481716632843,-0.6870577
agm005668900,Ca2As7Rh12,0.0,0.0025053024291992188,0.0132519677281379,-0.6498011
agm003207161,Cs2InAgCl6,1.0784,0.014195680618286133,1.3709831237792969,-1.7388878
agm003226379,Zr3Ni3Sb4,0.47490000000000004,0.0010318756103515625,0.4519411325454712,-0.65164423
agm005809717,B(SbRh3)2,0.0,0.002750396728515625,0.0452226549386978,-0.3523175
agm004948300,Sr2YBiO6,1.9016000000000002,5.0455403327941895,1.942589521408081,-2.8506038
agm003637346,RbTlPt2,0.09960000000000001,0.0017251968383789062,0.1293122470378875,-0.180028
agm004876441,BaTiV2O8,2.286,8.58604907989502,2.45150089263916,-2.9146063
agm002138960,BiBr3,2.9109,3.3480379581451416,2.944815158843994,-0.7466318
agm003272477,LaSe,0.0,1.6689300537109375e-06,0.0036161243915557,-2.0010374
agm002372986,BaGa5Ir2,0.0,0.0021517276763916016,-0.0116277188062667,-0.49670935
agm002253731,CsSrAs,0.9653,0.0019884109497070312,0.8908103704452515,-0.8128103
agm003276887,K2MgSiO4,4.0068,0.00020885467529296875,4.256885528564453,-2.797123
agm005838860,NaGaI3,2.3834,3.273617744445801,2.5303306579589844,-0.8021418
agm005584332,Hf(TlCl3)2,3.7576,5.688926696777344,3.0892062187194824,-1.9410709
agm002325182,Zr3ZnOs2,0.0,0.0033621788024902344,0.0021986290812492,-0.45055065
agm002202064,La2W2C3,0.0,0.000782012939453125,0.0014258101582527,-0.17322244
agm005574950,Li3In3Pd2,0.0,0.002934694290161133,-0.0107778310775756,-0.49459672
agm002742736,Ta2OsW,0.0,0.020357608795166016,-0.0065059959888458,-0.29857093
agm004768858,Cs2MnSiS4,1.3072,0.0010429322719573975,1.71302592754364,-1.3541092
agm005230550,Ca2LaTaO6,4.0047,5.608770370483398,3.935335159301758,-3.5978310000000002
agm001125683,Mg2CdPd,0.0,0.0014376640319824219,0.0181080698966979,-0.45519343
agm003440354,Rb2CdBr4,3.2508,0.0021151304244995117,3.1392226219177246,-1.3884689
agm005261011,NaPO4,1.9797,0.014411449432373047,0.4772662818431854,-2.2864866
agm003641440,Sc5CdRh4,0.0,0.007995128631591797,-0.0005008578300476,-0.87640435
agm005241505,Rb,0.0,0.05096793174743652,0.0301615893840789,0.0
agm005922877,La3Cd3Ir,0.0761,0.0006756782531738281,0.0418065711855888,-0.49995792
agm005859060,Rb2CoBr4,0.7805000000000001,0.005186796188354492,0.9353102445602416,-1.1619084
agm006110773,Ta5Mo6W,0.0,0.004769086837768555,-0.0026822835206985,-0.19225134
agm003270879,MgCuGe,0.0,0.0008177757263183594,-0.005942553281784,-0.18631105
agm003250076,RbMo3Br7,2.3077,0.019867897033691406,2.3143882751464844,-0.8709134
agm003750656,LiAlI4,3.6898,6.7895355224609375,3.4580230712890625,-0.8653573
agm003413913,Na2TiO3,3.5622,6.6483025550842285,3.275165557861328,-2.7908037
agm006073757,Sc6ZnRu5,0.0,0.006798505783081055,0.0076119750738143,-0.5692143
agm001025133,ZrTcSn,0.0,0.001402139663696289,-0.003840684890747,-0.38266242
agm003236893,BeTl2F4,4.5634,5.2841596603393555,4.452508926391602,-2.7232819
agm003187239,TlBiS2,0.47390000000000004,2.218806743621826,0.529043436050415,-0.7505740999999999
agm003247664,KAs2F7,4.7568,7.590054512023926,4.647032737731934,-2.6515172
agm001148026,Be2PdRh,0.0,0.014395713806152344,0.0178640261292457,-0.66582525
agm005025999,NaTaNiS3,0.0577,0.006510734558105469,0.2512129843235016,-1.3045624
agm004687268,NbTl3Sn3Se8,0.0,0.0032062530517578125,0.1162139475345611,-0.50575507
agm005133480,Sc2InSi2Rh5,0.0,0.026565074920654297,-0.0053094178438186,-0.93693286
agm003439326,ZrNb2Tc3,0.0,0.005112648010253906,0.0025703310966491,-0.37023439999999996
agm005135437,Y2GaB2Ir5,0.0,0.0011272430419921875,0.0010192245244979,-0.7149372700000001
agm006035948,Cs(SnAu)4,0.0,0.00789785385131836,0.0187701880931854,-0.25225726
agm003274114,Ca(BiO2)2,2.6303,4.784305572509766,2.6205291748046875,-2.1440916
agm003225879,Ba(GaP)2,1.3336999999999999,2.4894213676452637,0.8919180631637573,-0.6567284999999999
agm004567018,Y2B(PdPt2)2,0.0,0.003833770751953125,-0.0158767402172088,-0.9655335500000001
agm003238782,Hf8MnTe6,0.0,0.004224419593811035,-0.0014741271734237,-0.61208266
agm003191168,AlCrOs2,0.0,0.00194549560546875,0.0112498328089714,-0.22414741
agm002201999,Rb2Sr(CO3)2,4.0146,0.0004329681396484375,4.296213150024414,-2.3693924
agm003619990,LaGa2Ru,0.0,0.0053931474685668945,0.0151102393865585,-0.58990824
agm002225654,Nb2MoRu,0.0,0.0008883476257324219,0.0060146749019622,-0.2427685
agm003241634,CsMoN3O11,2.7401,5.821030616760254,2.910966634750366,-1.3401119
agm003643819,Hf5Tc4Ag,0.0,0.0007381439208984375,0.0016583204269409,-0.4252435
agm004815479,Y4Te2PSe,0.0,0.005865335464477539,0.0021825730800628,-1.5838069
agm005279378,NO2,2.8135,2.5111401081085205,1.9429277181625368,-0.8101927999999999
agm002304907,YZnAsO,1.2034,0.023344039916992188,1.215383768081665,-1.9808019
agm005243463,Ba2MnS3,1.1143,0.000985860824584961,1.1183056831359863,-1.9451369
agm005025482,CsLiZrSe3,1.0714,1.3689355850219727,0.9652737379074096,-1.3593494
agm003236980,Ta3Cr3N,0.0,0.01071929931640625,0.0100777745246887,-0.5220522
agm003187231,IrPtW2,0.0,0.014360427856445312,-0.0103292614221572,-0.28902772
agm005286613,KVPO4F,1.9816,0.22452592849731445,1.8969571590423584,-2.8464904
agm003602016,HfMnRe,0.0,0.0018739700317382812,0.0053448155522346,-0.34648213
agm001076794,Sc4Pb2C,0.0,0.9971647262573242,0.0480697676539421,-0.61191845
agm002190497,Ti2Te2As,0.0,0.0575028657913208,-0.0127116441726684,-0.7963041
agm002168744,Hf6NiTe2,0.0,0.0029718875885009766,0.01477812230587,-0.45884398
agm003244322,Sc3(ReSi2)2,0.0,0.0002384185791015625,0.0071014016866683,-0.7226952999999999
agm005839521,Pd(BrN)2,0.20980000000000001,0.002210855484008789,1.760629653930664,-0.25167793
agm003228188,KPWCO7,2.8421000000000003,0.10702310502529144,2.847884178161621,-2.280602
agm003629309,La2CuIr,0.0,3.814697265625e-06,0.0048843398690223,-0.52410156
agm002224003,Ba6Pb2NF,0.0,0.0025992393493652344,0.0543396174907684,-1.1329335
agm005729113,NaMoF5,2.5278,0.004569649696350098,2.128932237625122,-2.942389
agm005567250,Y5(InBi)2,0.0,0.002263188362121582,-0.0025254264473915,-0.6796352
agm004673350,Sr3LiOs2O9,0.0,0.007910430431365967,0.057376492768526,-2.3888588
agm003202899,ZrVW,0.0,0.006280183792114258,-0.0237963050603866,-0.08720138
agm005227030,LiFe(SiO3)2,2.7053000000000003,0.008348941802978516,2.760534286499023,-2.8055344
agm002328264,Ca3Al3AgGe2,0.0,0.0027804896235466003,0.0160662233829498,-0.48479438
agm003202366,ZrBe4Ru,0.28040000000000004,0.029564857482910156,0.0182378590106964,-0.44694352
agm005071128,SrLiCuF6,1.0493,0.004874706268310547,0.5562739372253418,-2.917212
agm004934976,Sc6Zn2NO,0.0,0.0005686283111572266,0.0143516212701797,-1.310958
agm003438010,Hf3GaTc2,0.0,0.003361940383911133,-0.0016343146562576,-0.54962575
agm005235036,Rb3AgO2,1.5379,0.0010510087013244629,1.578282356262207,-1.1322309
agm005068960,ZrTePbO6,1.6242,3.7958459854125977,2.7192935943603516,-2.2940016
agm006020101,Be8NbMo3,0.0,0.000719606876373291,0.025602102279663,-0.3094962
agm003250808,Be3Cd4Si3SO12,2.9071,0.008794784545898438,0.8126758337020874,-2.6005073
agm005892632,Y5CoSb2,0.0,0.003930330276489258,0.0256962403655052,-0.7228228999999999
agm004600388,Y6C3S2Cl,0.0,0.0016613602638244629,0.0042527616024017,-1.4107683
agm003251829,K6NbTlAs4,1.2017,0.001178741455078125,1.1962087154388428,-0.48136789999999996
agm002344714,Mg(S3Br)2,1.8573,4.607588768005371,2.079307556152344,-0.84675276
agm003268182,Rb2TcI6,0.5986,0.034611597657203674,0.8188389539718628,-0.7293586999999999
agm003294522,Li2Zn,0.0,0.0007982254028320312,0.0132578387856483,-0.13878322
agm003228976,Rb6CdO4,1.3044,0.0047149658203125,1.579775094985962,-1.2666404
agm003161304,Li2O,5.061,7.422670841217041,3.210870265960694,-2.0595133
agm005576467,Ca3P2Rh3,0.0,0.0010006427764892578,0.016706146299839,-0.9128875
agm005020152,KP2IrRu,0.0,0.04762840270996094,0.0102334320545196,-0.68213046
agm003231701,SrCu2GeS4,1.0385,0.004811286926269531,1.0608139038085938,-1.1316017999999999
agm002231654,Zr3IrO,0.0,0.0010361671447753906,-0.0088672526180744,-1.6034205
agm005849309,Mn(TlBr2)2,2.4468,0.004042863845825195,1.795474886894226,-0.83690816
agm003269438,YAlF6,7.2976,15.41922378540039,6.823034286499023,-4.183752
agm003186645,Sc2TlOs,0.0,0.0031762123107910156,0.0303280651569366,-0.42622447
agm002179739,LaIn5Pd,0.0,0.02342507243156433,-0.0008742995560169,-0.46467626
agm003277189,Sr3(RhO2)16,0.0,0.0031824111938476562,0.0132449567317962,-1.4785941
agm005908738,Ba5Ge2Bi,0.0,0.009756088256835938,0.0586795657873153,-0.65064436
agm003251017,CsV2P5O16,2.0684,0.007177829742431641,2.1377744674682617,-2.700109
agm003388604,Li2Ga2Rh,0.0,0.0014193765819072723,0.0126956850290298,-0.5297196
agm003237183,Na3AsS3,2.5398,4.433078765869141,2.560048818588257,-1.1383158
agm005264258,ScReGe2,0.0,0.0011026859283447266,0.0127157941460609,-0.48376736000000004
agm002202748,LaSi2W2C,0.0,0.001186370849609375,2.2172927856445312e-05,-0.4077595
agm002201056,Zr2Co6B,0.0,0.0076351165771484375,0.0013092160224914,-0.36395037
agm003258475,Ta(MnB2)2,0.0,0.0029010772705078125,0.0153446793556213,-0.58515304
agm005065352,SrGaWO5,2.282,0.0006819069385528564,2.557668924331665,-2.5871944
agm005556441,Rb3(GaAs)2,0.0,0.003987789154052734,0.6070735454559326,-0.3939244
agm002387117,Mn(OF)2,1.6985999999999999,0.0019207000732421875,1.1176947355270386,-2.0036724
agm003237149,Cs3FeS3,0.0,0.0042008161544799805,0.3930235207080841,-1.2044759
agm005847549,NaY2Pb9,0.0,0.003278970718383789,0.0038807988166809,-0.24079564
agm002349699,Rb(PPd)2,0.0,0.002270221710205078,0.5553396940231323,-0.5158846
agm002209687,PdF3,0.0123,0.00162506103515625,-0.0068003833293914,-1.5889411
agm003438506,Zr3Tc2Au,0.0,0.0016553401947021484,0.0047646760940551,-0.46258128
agm003263651,Ti3Pt,0.0,0.005621910095214844,0.0060000717639923,-0.6542098
agm002203382,CaCdPb,0.0,0.001603841781616211,-0.0180700123310089,-0.3988713
agm004902820,Sc2InIO8,1.3357,4.746438980102539,2.0413730144500732,-2.3613157
agm005707070,Zr3(GaCu)4,0.0,0.002548694610595703,0.001320943236351,-0.4242375
agm003226413,K3B6ClO10,5.441,7.479761123657227,5.258121013641357,-2.7619944
agm001125964,Hf2CdRe,0.0,0.0007815361022949219,0.0083954855799674,-0.24689339999999999
agm003440802,Rb2CdI4,2.8038,0.009282350540161133,2.6479785442352295,-1.1272693
agm005546841,PdF6,0.0,0.00040912628173828125,0.8187915086746216,-1.2198782
agm005687775,Hf2Al3Tc,0.0,0.004629015922546387,0.0043930113315582,-0.49279177
agm002197936,Zr2AlSb3,0.0,0.0002396106719970703,-0.0077874064445495,-0.5726607
agm001619173,LiSc2SnO,0.0,0.00896252691745758,0.0002616345882415,-1.7043374999999998
agm005829646,Li6IrC,0.0,0.003077983856201172,0.0234477221965789,-0.10255256
agm003215807,Y5Ru2,0.0,0.0009757876396179199,0.0030175857245922,-0.33477682000000003
agm002106869,SeN,0.7532,0.1398172378540039,-0.0125077068805694,-0.11180667
agm002172103,RbSbO3,2.578,3.985330104827881,2.538952350616455,-2.0181916
agm004598287,La6Pt2RhI3,0.0,0.0018203258514404297,0.0374483913183212,-1.1683687
agm003201095,PbBrF,2.5861,4.3709492683410645,2.694979190826416,-1.8146765999999999
agm001144880,MgScPd2,0.0,0.0026445388793945312,0.0043512880802154,-0.8441590999999999
agm006036498,Cs4GeS4,2.3983,0.00032520294189453125,2.4746527671813965,-1.3487852
agm001171052,Be4GaCo,0.19490000000000002,0.01170802116394043,0.0063846707344055,-0.22595806000000002
agm003223286,K4SnO4,2.3133,0.0008440017700195312,2.2277719974517822,-1.8395958000000001
agm003269364,Ba2LaRuO6,0.3492,0.029579294845461845,0.4036285281181335,-2.7804341
agm002185950,Ca(SiIr)2,0.0,0.001495361328125,0.008883997797966,-0.9303933999999999
agm006060233,Mg3TaIr4,0.0,0.0015115737915039062,-0.0043357536196708,-0.5583734
agm004523892,Ba2MgCd3Sn4,0.0,0.0016655921936035156,-0.0296008884906768,-0.43872336
agm005137867,Mg2GaB2Rh5,0.0,0.0014238357543945312,-0.0008871555328369,-0.6667674
agm003234479,Li16Nb2N8O,3.5862,5.912666320800781,3.42946720123291,-1.015786
agm005851906,SrLi2Pd3,0.0,0.010072469711303711,0.0234050750732421,-0.52069986
agm002271093,Rb3Co2F7,2.6951,0.0022306442260742188,-0.0005589425563812,-2.7145273999999997
agm003222857,TiNbBiO6,2.3741,4.962677478790283,2.448051929473877,-2.8530066
agm003282339,Li3V2(PO4)3,1.8606,0.3553652763366699,1.828420877456665,-2.7172701
agm003643539,Sc5Co4Ag,0.0,0.0013823509216308594,-0.0004107356071472,-0.35469409999999996
agm005093902,BaCoIrO6,0.0,0.034628868103027344,0.1831679940223693,-1.689461
agm005962433,Tl3InF6,3.8242000000000003,5.297107696533203,3.2233152389526367,-2.3972526
agm003221300,Na6S2O9,2.8931,5.759903907775879,3.1130223274230957,-2.1746197
agm002187429,TaCuSi,0.0,0.011900901794433594,0.012534774839878,-0.37992987
agm005242768,Sr3Fe2(SeO3)6,2.4336,0.0036308765411376953,2.4132330417633057,-1.9461
agm002289224,MnCo2Sn,0.0,0.0032501220703125,0.0032669305801391,-0.10645944600000001
agm003236926,Pb3(ClO)2,2.4893,4.029416561126709,2.579512119293213,-1.5700208
agm005291053,La(Ni2Sn)2,0.0,0.0133514404296875,-0.0039127469062805,-0.43385959999999996
agm006086536,Ca6Cd5Pb,0.0,0.012596368789672852,-0.0018152445554733,-0.40902522
agm002289075,Zr6MnPb2,0.0,0.0012642145156860352,0.0116738453507423,-0.19230556000000001
agm003222988,Ba2InBiS5,1.5066000000000002,3.501934051513672,1.7270842790603638,-1.6174588
agm005071702,RbCoRhF6,1.0774,0.006816864013671875,0.7026150226593018,-2.3507322999999998
agm002187823,BaSiNi,0.0,0.0012750625610351562,-0.001418337225914,-0.48213249999999996
agm004497720,LiTl2Rh3F12,0.9956,0.007420539855957031,1.9617981910705569,-2.0743005
agm004923880,Sr2HfMoO6,0.9714,0.00872465968132019,1.4030470848083496,-3.2472224
agm005002456,Ca2ZnAsN,0.7915000000000001,0.0024521350860595703,0.5810092687606812,-0.9485132700000001
agm002210787,RbVF6,3.1325,11.15351390838623,3.184385061264038,-3.0238247
agm005138329,Ta2AlFe5B2,0.0,0.0015826225280761719,0.005043625831604,-0.48862168
agm005769187,TlNO3,2.9673,4.541421890258789,2.7580056190490723,-1.0771169999999999
agm002181939,RbAu3S2,2.0832,1.9073486328125e-05,1.7742122411727903,-0.68731743
agm005231174,Rb3In(PO4)2,3.4256,4.080516338348389,3.622334718704224,-2.5593553
agm002152286,SrGe3Rh,0.0,0.0013692975044250488,0.0140339434146881,-0.5889652
agm005867930,Sc4AgRh,0.0,0.0008547306060791016,0.0114772394299507,-0.47847834
agm003202817,NbMoO4,0.021500000000000002,0.0005745887756347656,0.582734227180481,-2.600624
agm005677679,Zr2Ti3Si4,0.0,0.012961983680725098,0.0121721029281616,-0.9199086
agm005560763,Sr3(RhPb)2,0.0,0.0007526874542236328,0.0130163431167602,-0.47527349999999996
agm003220373,Ni5Ge3,0.0,0.0030517578125,0.0061897635459899,-0.31557092000000003
agm002145654,Cs2TlAu3,0.2674,0.005573272705078125,0.0321123600006103,-0.28087297
agm005051125,CsCaVO4,4.0356,0.0010442733764648438,3.80726957321167,-2.7509816
agm003237653,Ag3Sn2(GeP2)3,0.2533,0.0008215904235839844,0.2678970396518707,-0.040003676
agm005636244,Ca2Ga3Ag,0.0,0.0037737488746643066,0.0229716822504997,-0.47655505000000004
agm003677501,Li5BiPd6,0.0,0.00018215179443359375,-0.0173907279968261,-0.43961287
agm005869144,Li3PdPt2,0.0,0.003643035888671875,-0.008076686412096,-0.5570708999999999
agm003635559,RbBiPd2,0.0,0.009536504745483398,0.0279367491602897,-0.29122075000000003
agm003262609,GeRh,0.0,5.7220458984375e-06,0.0108472183346748,-0.51303816
agm002199110,YAsPd,0.163,0.0016050338745117188,0.0020530968904495,-1.1991527
agm005018507,LaZnCuSi2,0.0,0.0011792182922363281,0.008807111531496,-0.5239784
agm006108969,Nb6Mo5Ir,0.0,0.0006721019744873047,0.0002151131629943,-0.23162339999999998
agm003186375,CaYZn2,0.0,0.0028162002563476562,0.0035353749990463,-0.3087243
agm003229288,Tl2Pt2O7,0.6836,0.9982204437255859,0.0628212094306945,-1.1535108
agm003149495,Bi2Te3,0.4701,1.8266265392303467,0.4050175845623016,-0.23972021000000002
agm006080027,Y12Co5Sb,0.0,0.0014841556549072266,-0.0027350485324859,-0.29862289999999997
agm005546771,AgO5,0.0,4.57763671875e-05,0.1912390291690826,-0.46897444
agm003277466,NaCa9Mn(PO4)7,4.2903,0.0021382570266723633,4.310956001281738,-3.2282739
agm002229486,ZnO4,0.0,0.005537986755371094,0.1448048055171966,-0.8452710999999999
agm005779365,Sc6In2C,0.0,0.0020935535430908203,-0.0009688138961791,-0.5114453
agm005607439,Ta3In2Br9,1.3141,0.00018084049224853516,1.2572765350341797,-0.81662923
agm003238506,Nb2(Co7B2)3,0.0,0.028577804565429688,0.0016269460320472,-0.26639609999999997
agm003160507,Zr2Cu,0.0,0.00103759765625,0.002306044101715,-0.1359693
agm002709211,Na2TlSb,0.43520000000000003,1.407655954360962,0.3884647488594055,-0.31748299999999996
agm005827992,CoNiSn4,0.0,0.000843048095703125,0.1094202101230621,-0.13087195000000001
agm003060772,CsTl3Pt,0.0,0.00293537974357605,-0.0186825841665267,-0.14716972
agm006073972,LiTa5Ru6,0.0,0.0030374526977539062,-0.0126878321170806,-0.37926933
agm003194768,La2TeI2,0.0,0.0025277435779571533,0.201366126537323,-1.5241812000000001
agm003236845,AsSe6IF6,1.546,2.951279401779175,1.5244426727294922,-1.2987281
agm004548559,RbLi2(CdBi)2,0.0,0.00031757354736328125,0.2522518038749695,-0.3506123
agm003225928,BaPS3,3.1572,4.751392841339111,3.134133815765381,-1.5736446
agm003225859,Ti2InNi2,0.0,0.005290985107421875,0.0017628967761993,-0.40617225
agm002217846,K(FeAs)2,0.0,0.0015153884887695312,-0.0003771781921386,-0.2940067
agm005546021,VMo5,0.0,0.001132965087890625,-0.0053253471851348,-0.08982356
agm005890836,Cu(ClO)2,0.1303,0.008333683013916016,0.2494410723447799,-0.80728734
agm003278042,TaS2,0.0,0.0010743141174316406,0.0235065072774887,-1.4955522
agm003275853,KMo(PO4)2,2.4634,0.014505624771118164,2.5009231567382812,-2.5542476
agm002138024,BPdRh,0.0,0.015824317932128906,-0.0031263083219528,-0.32274255
agm004739111,Na2CaCdSb2,0.361,0.0011827349662780762,0.5663547515869141,-0.599598
agm003062255,YCuSn,0.0,0.003973722457885742,0.000531367957592,-0.6193042999999999
agm003413957,Hf2TiIn3,0.0,0.0047349631786346436,0.0165562629699707,-0.15070395
agm004525173,Ba2CdSb3Pd4,0.0,0.0007824897766113281,-0.0299532115459442,-0.7583517
agm005596540,Ba2SrPd,0.0,0.007197394967079163,0.0003328882157802,-0.39395264
agm002308794,La(Sb2Rh3)2,0.0,0.01764678955078125,0.0055471062660217,-0.6311508
agm005523999,RbCr3S5,0.382,0.0011911392211914062,0.3575631082057953,-1.19973
agm005965725,Ba(S4Cl)2,0.0,0.004424095153808594,2.2009851932525635,-1.1034094
agm005544904,MgCl4,2.2549,6.5029072761535645,2.0437912940979004,-1.5594435999999998
agm005018077,LiLaAlPt2,0.0,0.00931859016418457,0.0021163299679756,-0.99330354
agm003269921,CaMg(CO3)2,5.0239,7.44142484664917,5.0114593505859375,-2.5734918
agm003264017,BaCdSbF,0.3156,0.007447242736816406,0.4945341348648071,-1.9145409999999998
agm003267821,Cs2ZrCl6,3.6390000000000002,6.24473237991333,3.673583984375,-2.3903615
agm003382122,Rb3(TlPd)4,0.0,0.0019159317016601562,-0.019951120018959,-0.16864215
agm004579354,P2Pt(O3F)2,2.2866,0.9072237014770508,1.9093180894851685,-2.2422957
agm003232604,K7NbAs4,1.1555,1.4361889362335205,1.1296919584274292,-0.47582835
agm005891612,K3GaTe3,1.7215,2.755305767059326,1.6090335845947266,-0.88926315
agm004584717,K2Zr(ScSe3)2,1.093,6.863898277282715,0.730251669883728,-1.5700315
agm005251050,Y3Ni2,0.0,0.002962827682495117,0.01109080016613,-0.35714138
agm003272486,KSi,1.2747,1.8099842071533203,1.3021498918533323,-0.07270238500000001
agm005723022,Mg2Sc3Tc,0.0,0.001317143440246582,-0.0042665675282478,-0.15987234
agm005053933,RbBaAsS4,1.9238,4.1070661544799805,1.6684949398040771,-1.4215658
agm003437805,Al3NiIr2,0.0,0.004761695861816406,0.006378661841154,-0.84788084
agm003217194,Li5(Cu2P3)2,0.0,0.002226591110229492,-0.0111559629440307,-0.44632536
agm002172948,LaBi2BrO4,1.2627,3.8862147331237793,1.032401204109192,-2.3156056
agm005800839,InSN2,0.0,0.08608531951904297,0.4140748679637909,-0.45586509999999997
agm002269674,CuGeF6,0.32,0.0044651031494140625,0.1662052124738693,-2.3974547
agm003191691,PPb2Br,0.0,2.0642855167388916,0.4878492653369903,-0.35131174
agm003265482,Ca3Ge3(MoO6)2,1.8838,0.0026073455810546875,2.4035964012145996,-2.6133068
agm005939227,Si2Ir2Rh,0.0,0.0039081573486328125,0.019288457930088,-0.7001653
agm005608002,Rb2Ta3Cl9,1.4993,0.00014781951904296875,1.2749589681625366,-1.8753982
agm002137945,TlBO3,0.6116,3.7106680870056152,0.6514503955841064,-1.969606
agm003334279,Zr2Si4Rh3,0.0,0.0064868927001953125,0.0094819068908691,-0.9564294
agm005148374,K5AuSeO2,1.6196000000000002,0.009470820426940918,1.4705500602722168,-1.2409947
agm003247977,Na3Si17,0.0,3.528594970703125e-05,0.0850880444049835,-0.006936225000000001
agm005582258,Ti(TlCl3)2,1.8323,5.640173435211182,1.8173654079437256,-1.7549331
agm005560730,Ca3(AsRh)2,0.0,0.0028650760650634766,0.040462777018547,-0.9332675300000001
agm003223135,K3PbAu5,0.0,0.011507034301757812,0.0019161254167556,-0.31664655
agm004603634,La6PSe3S2,0.0,0.0005018711090087891,-0.0155673921108245,-2.1300335
agm003220300,Cs2NbCuSe4,1.6348,0.0042531490325927734,1.6741273403167725,-1.0057483
agm004874397,CsS2IO8,2.5411,4.194836616516113,1.6488360166549685,-1.8017965999999999
agm005773255,Be2PdPt3,0.0,0.02482128143310547,0.0005682855844497,-0.5913792999999999
agm004735584,La8Ir3OsI4,0.0,0.0028418302536010742,0.0261609032750129,-1.0083025
agm003206588,Sn3Pt2,0.0,0.004592418670654297,0.0171193778514862,-0.5132715
agm003388894,Ba(LiBi)2,0.0,0.020619869232177734,0.1922196298837661,-0.6883888
agm005252829,RuClF8,1.1049,0.07045316696166992,0.6901514530181885,-1.7011286
agm005850334,Tl2SN2,1.4223,3.3911614418029785,0.4948582649230957,-0.47673532
agm002342671,RbLiMnTe2,0.6147,0.0016846954822540283,1.123870015144348,-0.7570538
agm002179111,TiCoP,0.0,0.0026216506958007812,0.0469618961215019,-1.1472939
agm005603237,K2(ZrS2)3,0.0,0.006517276167869568,0.0178154334425926,-1.9339448
agm003500909,Ti6SiPb2,0.0,0.010124683380126953,0.006167322397232,-0.29668176
agm003222677,Na2SnF6,4.9788,9.126832962036133,4.986331939697266,-3.0139694
agm005139307,Ca2InCu2Pd5,0.0,0.00133514404296875,4.9561262130737305e-05,-0.5422023
agm003217130,BaSb2F12,4.37,9.945722579956055,4.309412002563477,-3.0234182
agm005612812,Ca2Sn5Pt3,0.0,0.0031397342681884766,0.0040549486875534,-0.7395387999999999
agm002298550,Ba2LaWO6,2.008,0.007808208465576172,1.7225730419158936,-3.0767221
agm005072398,CsCoMoF6,2.9331,0.002090930938720703,2.3968443870544434,-2.7961426
agm002196411,SrAl5Cu2,0.0,0.0031049251556396484,0.0173490792512893,-0.289424
agm003220011,LaCuTeS,0.4677,0.0014739036560058594,0.487212985754013,-1.4709613
agm002962230,Be2ZnRu2,0.06860000000000001,0.0041446685791015625,0.0149432234466075,-0.32897714
agm006095173,Li6AgPd5,0.0,0.0014128684997558594,-0.0190982371568679,-0.39883068
agm005631138,Cs2BiAu,0.7121000000000001,0.0069789886474609375,0.1736138761043548,-0.44448742
agm003239565,Ba3Cr2MoO9,1.3195999999999999,0.002713441848754883,1.2568304538726809,-2.7033525
agm002147176,Zr6CuSb2,0.0,0.0010602474212646484,-0.0006425976753234,-0.5017628
agm003238458,Zr5Tc24,0.0,0.0008516311645507812,0.007580280303955,-0.18124022
agm003241448,Mn2PClO4,3.1192,0.0007872581481933594,3.139744758605957,-2.3996750000000002
agm002320883,Sr2InPt2,0.0,0.010132074356079102,-0.0039129108190536,-0.83098775
agm005138309,AlFe5(BW)2,0.0,0.008051872253417969,0.0670218467712402,-0.34450516000000003
agm003237590,K2WSe4,1.2038,4.696399211883545,1.5329325199127195,-0.82464176
agm003250065,BaCa4(CoN2)2,0.3022,0.0017302632331848145,0.1958866119384765,-0.7825232999999999
agm003732320,GeI3Cl,2.1842,4.179331302642822,1.397559404373169,-0.5477523
agm005819772,Co(OsO3)2,0.0,0.001010894775390625,0.0195179730653762,-1.4262101999999999
agm005078359,LaTeRhO6,1.9158,0.0019521713256835938,1.4594812393188477,-2.1927667
agm002161090,RbMgSb,1.0915,2.275937557220459,1.0247817039489746,-0.57635516
agm005710316,TeAuN2,0.9855,2.8953614234924316,0.1415851414203643,-0.22322373
agm002162319,MnGaRh2,0.0,0.0128326416015625,0.0044071264564991,-0.5304436
agm003251563,GeSe2,1.4349,6.431364059448242,1.423752784729004,-0.27489343
agm002244873,TiGaFeIr,0.0,0.012830734252929688,0.0118580758571624,-0.6238368
agm003206560,Ga2Te3,0.7157,1.9548470973968506,0.6527241468429565,-0.32176495
agm002319944,Ba(SnPt)2,0.0,0.007045269012451172,-0.0118548274040222,-0.8032056
agm002732570,Sc2CoRu,0.0,0.012859582901000977,0.007991038262844,-0.46755716
agm002164636,La3TlN,0.0,0.06711256504058838,0.0465053766965866,-0.9197369999999999
agm004565253,Rb2Nb(Br2Cl)2,0.0,0.011989235877990723,0.2195042371749878,-1.5355823
agm003239581,CaV2(PO5)2,1.7988,0.009477376937866211,1.9039716720581057,-2.807846
agm004754251,NaLa(AsAu)2,0.0,0.0009877681732177734,0.0093462318181991,-0.7650674
agm003514069,Ca(GaBr4)2,3.2375,7.63853645324707,3.5695414543151855,-1.1576798
agm003201771,KBi2,0.0,0.02205181121826172,0.0247545316815376,-0.34464553000000003
agm003223036,Cr2TeO6,1.4083,1.0329537391662598,1.203805446624756,-2.0062563
agm001229286,TiZn2Ga,0.0,0.04408454895019531,-0.0057499408721923,-0.3294427
agm003201765,HfW2,0.0,0.002234220504760742,0.0132666006684303,-0.17400272
agm003202402,SrLiPt4,0.0,0.00012063980102539062,-0.0119629353284835,-0.7007468
agm002165962,KNaGe2,0.8249000000000001,1.5539798736572266,0.8732848167419434,-0.19044296
agm003277848,K2In2P3Se10,1.6132,2.546318769454956,1.307073712348938,-0.49759263000000004
agm002140833,Ca2InCu2,0.0,0.0001506805419921875,0.0151190906763076,-0.27414957
agm002325002,La2ZnRu2,0.0,0.025600433349609375,-0.001948669552803,-0.27782676
agm003644323,Sc5Co4Ni,0.0,0.0019576549530029297,0.0018845349550247,-0.3923973
agm005276920,YB2Os,0.0,0.0016602277755737305,0.004866749048233,-0.56476337
agm005248776,Ba2Bi2Se3O2,1.3961999999999999,1.7147321701049805,1.2636654376983645,-1.6706743
agm006134735,Li5CuNi6,0.0,0.003726959228515625,-0.0116095319390296,-0.044235367000000005
agm003238550,Hf6Si7Ni16,0.0,0.004900932312011719,0.0061118602752685,-0.77727383
agm003275248,Cs4FeO3,1.3899,0.0027036666870117188,1.4596633911132812,-1.4509059
agm005567816,La2Mo2N5,0.0,0.03966629505157471,0.0224418826401233,-1.1788335
agm004577841,Ba2Y(TcN3)2,0.0,0.01615750789642334,0.5442942380905151,-0.8688859
agm005951153,Ca(SiAu2)2,0.0,0.08552265167236328,0.0062532722949981,-0.39043504
agm004545060,Sr2Ga2BIr2,0.0,0.006354808807373047,-0.0119890421628952,-0.5666437999999999
agm005235179,Na15W7N19,1.6151,3.131754159927368,1.8214269876480105,-0.63748425
agm003217238,Ba3MgTaNbO9,2.8934,0.00029468536376953125,2.9338724613189697,-3.347137
agm003290869,Ti3Ir5,0.0,0.0054798126220703125,0.0077668204903602,-0.80861807
agm005002489,Sr2ZnBiP,0.1925,0.0014324188232421875,0.3895326852798462,-0.8216429
agm003206723,K2AgRhF6,1.2796,0.016445159912109375,0.868019700050354,-2.267974
agm005276968,Nb4V2Si5,0.0,0.0033540725708007812,-0.0088959634304046,-0.6497602
agm005768161,ZrFeCo2,0.0,0.016536712646484375,-0.0208946913480758,-0.25736612000000003
agm005209264,LaCuSiN,0.0,0.0015573501586914062,0.0104359537363052,-1.0170313
agm003606660,RbSbPb,0.2564,0.8924551010131836,0.0931071639060974,-0.31304919999999997
agm003241340,Ba2WO5,3.1577,3.240327835083008,3.1513006687164307,-2.860511
agm003228997,BaCdAs2O7,2.5564,0.0029976367950439453,2.5487284660339355,-2.1087868
agm003219825,NaGeSbO5,1.987,4.328352451324463,2.216061592102051,-2.0840852
agm003239414,Ta4Fe4Si7,0.0,0.0014214515686035156,-0.0005185008049011,-0.5683923
agm002339763,SrGePd,0.0,0.004492282867431641,-0.0118136703968048,-0.7518214
agm003288200,Os2O5,0.0,0.003711700439453125,-0.0157121568918228,-1.4298595
agm004763096,BaNa2GeS4,2.682,4.755875587463379,2.3932628631591797,-1.5137168
agm005237419,Cs2Te4O9,2.6055,5.820331573486328,2.8337655067443848,-1.6825562
agm005258230,LiFe(GeO3)2,2.7529,0.0006535053253173828,2.776154041290283,-2.1220279
agm003215955,Y(Ni2As)2,0.0,0.04777050018310547,0.0045267343521118,-0.6334276999999999
agm005749751,InAsRh2,0.0,0.00030517578125,0.0219102203845977,-0.47231197
agm003216922,CS14,2.4897,3.635314464569092,2.6115212440490723,-0.55608207
agm003237110,Mn2BO4,0.538,0.02801990509033203,0.5662329196929932,-2.359471
agm004635147,HfTl3(SnSe3)2,0.0,0.0016002655029296875,0.7319203615188599,-0.66317314
agm003277157,Ba6Na2V2Ru2O17,0.43210000000000004,0.0008732005953788757,0.4371257126331329,-2.6020708
agm005938531,Rb2OsO5,1.3943,5.705382347106934,0.9543923139572144,-1.784061
agm005630859,AlVAu,0.0,0.009532928466796875,0.0003893971443176,-0.30219314
agm005799448,CsIBr4,1.883,3.3078043460845947,1.4225276708602903,-0.67687017
agm005965134,Ni(BiN)2,0.0,3.580564498901367,0.1831140518188476,-0.07846016
agm003215606,LiTi2O4,0.0,0.00435185432434082,0.0162144899368286,-3.24664
agm006043321,Ba(AlAu)4,0.0,0.015372276306152344,-0.0052760541439056,-0.5844756
agm002157384,LiCd,0.0,0.011987686157226562,-0.0009512603282928,-0.25081164
agm005733892,BaRu2F11,0.0,0.006217002868652344,0.4566888809204101,-2.569324
agm005134157,Ta2VB2Ru5,0.0,0.029533863067626953,-0.0031225830316543,-0.5231169
agm002149505,Cs2RhF6,0.0,0.005762577056884766,0.1371726989746093,-2.5399702
agm002178280,Co2P,0.0,0.1781320571899414,0.001376774162054,-0.57398695
agm005607522,Cs2(NbBr3)3,1.1303,0.0012838244438171387,0.564831018447876,-1.1770275
agm006054743,Na6VCl8,1.4307,0.004818737506866455,0.8783822059631348,-1.9920404
agm005132639,Sc2VSi2Ru5,0.0,0.005764961242675781,0.0002283826470375,-0.6535132
agm003216781,Hf3Tl2(CuSe4)2,0.5489,0.0008966922760009766,0.5180337429046631,-0.96863776
agm003278440,Al2PbSe4,2.126,2.3899991512298584,2.003732442855835,-0.79925746
agm002149392,RbAgF3,0.0,0.1250925064086914,0.0132653713226318,-2.144453
agm002136215,La2AsBr2,0.0,0.006553530693054199,0.153782308101654,-1.8126202999999999
agm003241513,BP(IBr)3,2.036,6.206235408782959,2.1177759170532227,-0.29931
agm003220057,K3Sn4Au,0.6471,0.001863241195678711,0.6748063564300537,-0.34557763
agm003377374,Ba3(InPt)4,0.0,0.0010933876037597656,-0.0077626705169677,-0.6983100999999999
agm005090489,NaLiTcCl6,1.1788,0.0034590959548950195,0.5680654048919678,-1.5959200999999998
agm005068662,BaTePtO6,2.0496,0.0002982616424560547,1.471618890762329,-1.8764766
agm004497029,Cs2Mn3AgF12,0.3161,0.03487968444824219,0.4681289792060852,-2.7457645
agm005637522,HfBeRh,0.0,0.008589744567871094,-0.0047145746648311,-0.70555705
agm003157670,LaBi,0.0,2.8107898235321045,0.009979248046875,-1.0566005
agm005846826,Hf2MnV3,0.0,0.004462480545043945,0.0055229067802429,-0.14074335
agm004625158,Na3Mg2IrO6,0.0,0.00024664774537086487,0.0536176264286041,-2.1086042
agm005026722,CsMgBiTe3,1.574,2.6777663230895996,1.3489446640014648,-0.7326228
agm003211145,NiSbSe,0.0,0.002113819122314453,0.0207557678222656,-0.2998798
agm005065342,NaGaWO5,2.8158000000000003,7.776533126831055,3.1296093463897705,-2.2444758
agm003764003,CdTcF6,1.6662,0.00408935546875,1.0182859897613523,-2.508064
agm005820005,Na(SN)2,0.0,0.0025281906127929688,2.2461483478546143,-0.6690421999999999
agm003225857,Ba2GeP2,0.6706000000000001,1.584348440170288,0.6912598609924316,-0.8519926
agm005231145,AgSb3IF24,0.3176,0.0012263059616088867,0.7201640605926514,-2.2822855
agm003273827,Na3AlS3,2.9241,4.615234375,2.851016044616699,-1.4794127
agm003220143,Cs3Ge4Au,1.0255,0.015671491622924805,0.9168593883514404,-0.29336629999999997
agm005088656,NaCaYCl6,4.9667,7.799198627471924,4.882771015167236,-2.6169352999999997
agm005243641,CsBaCr3F12,2.8702,0.0005016326904296875,2.900712251663208,-3.2990258
agm003233040,NaV3O8,1.8676,7.720401287078857,1.7831149101257324,-2.3500292
agm005848395,Zr2AlTc3,0.0,0.017646312713623047,0.0077446699142456,-0.4272427
agm003194148,Ca(MgSb)2,0.8469,2.4975037574768066,0.8316559791564941,-0.7174819
agm002159172,SrLiSn2,0.0,0.0011906623840332031,0.0360629260540008,-0.52208394
agm004513956,Ca2TiSi3Ir4,0.0,0.03435087203979492,-0.0009248852729797,-0.89224094
agm003342481,Na2Ni3S4,0.4277,0.005692481994628906,0.5677280426025391,-0.9114747
agm003263942,BaCdAsF,0.9817,0.007714271545410156,0.5244099497795105,-1.9713213
agm003283876,Na2Tl2B10O17,4.1437,5.331744194030762,4.003170013427734,-2.6612928
agm002146313,LaCuAs2,0.0,0.0030393600463867188,0.026812195777893,-0.8752652999999999
agm003129983,Ba3GeO,0.37410000000000004,0.0004258155822753906,0.3809477984905243,-1.4409244
agm005581772,V5Si6Mo5,0.0,0.0009260177612304688,-0.0022511333227157,-0.52075845
agm006111883,Nb5IrPt4,0.0,0.004701137542724609,0.0077934861183166,-0.6435599
agm006108198,Ba8Sb5I,0.9656,2.4325335025787354,0.5035767555236816,-1.1682714
agm003662722,Ca(Ga3Pt2)2,0.0,0.002602100372314453,0.0021048188209533,-0.7269363999999999
agm004527717,La2InSn3Pd4,0.0,0.01251220703125,0.0007369369268417,-0.8019626
agm006049757,Zr4InTe8,0.0,0.008694887161254883,0.0067517161369323,-0.81775534
agm001299539,LiGaPtRh,0.0,0.011336326599121094,0.0011498555541038,-0.7036576999999999
agm005676528,YHfPt,0.0,0.007319450378417969,0.0061429589986801,-0.87587166
agm003276956,Na3SbP2O9,2.5758,4.677735805511475,2.638618230819702,-2.4737997
agm005209649,CaNiPN,0.0,0.005057811737060547,0.0517241656780242,-1.057064
agm003435828,Ti3Mn2Au,0.0,0.0033235549926757812,-0.0046942234039306,-0.33622244
agm005554836,K2Mg2Te3,2.0669,3.970794677734375,1.93270480632782,-1.003722
agm002156152,Li2AsPd,0.0,0.02719402313232422,0.0123664140701293,-0.6413662
agm003276603,ZrTe3O8,3.6739,5.814787864685059,3.7174205780029297,-2.0855887
agm002341210,InSnPt,0.0,0.0054204463958740234,0.0013163164258003,-0.49543425
agm003275000,CrSb3Pb4O13,0.9308000000000001,0.10216569900512695,1.3744498491287231,-1.874067
agm006073763,Sc6Zn5Ru,0.0,0.009836196899414062,0.0030211210250854,-0.43477648
agm002389112,K2ZnF5,0.0,0.006252765655517578,4.770563125610352,-2.6040716
agm002293257,NaCrTe2,0.20170000000000002,0.0024318695068359375,0.0555260628461837,-0.51445585
agm005722775,Sc2TaOs3,0.0,0.0018401145935058594,-0.0002432689070701,-0.48854584
agm003276217,Sr7Mn4O15,1.4078,0.0018511414527893066,1.429975986480713,-2.6684017
agm002185655,Hf2Se,0.0,0.008469820022583008,0.0011615380644798,-0.8173159999999999
agm003501684,Mg6PdPb2,0.0,0.00426483154296875,0.0014116540551185,-0.25245744000000003
agm003244221,K2Ge2Se5,1.8465,5.3629536628723145,1.7224538326263428,-0.7045494
agm005281594,LiNb6Cl19,0.7168,1.210906982421875,0.65062415599823,-1.7769164
agm005252952,Ca6Al7ClO16,3.8282,7.969659328460693,3.374415874481201,-3.449184
agm005132586,Sc2GaSi2Ru5,0.0,0.0033473968505859375,-0.000766709446907,-0.6708949
agm003269626,KRb2CuF6,1.067,0.0049991607666015625,0.7645325660705566,-2.5797122
agm005962168,Mg2InPt5,0.0,0.00136566162109375,0.0116511285305023,-0.6889373
agm003277366,Pb5SO8,2.3979,4.869384765625,2.4905595779418945,-1.7330359
agm003004770,Zr2Ni2Pd,0.0,0.018703460693359375,0.0045180022716522,-0.55678046
agm002198732,NbAsRu,0.0,0.0063724517822265625,0.000123456120491,-0.50286514
agm003247887,CdS2O7,4.0504,1.673417091369629,4.085834503173828,-1.9098327
agm003242553,KSr4(BO3)3,4.1827,0.0006313323974609375,4.261818885803223,-3.1298635
agm003051547,RbCO2,4.2461,4.709067344665527,4.276313781738281,-1.8998871
agm005718608,Ba6Sn2N,0.10930000000000001,0.011505365371704102,0.0354202091693878,-0.5883514
agm002303934,Ba2NbVO6,0.6402,0.01079869270324707,0.2273100018501281,-3.1151414
agm002228264,Rb3AuO2,1.6172,0.007678568363189697,1.752114176750183,-1.2105613
agm004951066,LiMg2IO6,2.5693,4.670005798339844,2.7102184295654297,-2.0378907
agm003226367,CsI4,1.7842,2.4846320152282715,1.5871422290802002,-0.65872884
agm005685792,Sc2FeCo3,0.0,0.014061927795410156,0.0077989697456359,-0.34372458
agm005917187,Y5Co2Rh,0.0,0.0017809867858886719,-0.008011095225811,-0.36129794
agm005725397,RbIn3Sn,0.0,0.006629228591918945,0.0019140094518661,-0.15139192
agm005232942,KMn6P7O24,3.4124,0.00011730194091796875,3.6050710678100586,-2.6082585
agm003211815,LaSeS,0.0,1.8138999938964844,0.3551999926567077,-2.0616732
agm005593429,SrSnAu,0.0,0.0006377696990966797,0.0031093657016754,-0.7459699
agm006110918,Ta6ReMo5,0.0,0.0006458759307861328,-0.0039632618427276,-0.25484225
agm003275851,Na3Al(AsO4)2,3.3621,6.649072170257568,3.3320019245147705,-2.2537465
agm003108282,NaNO2,2.446,2.024338722229004,2.424631118774414,-1.3238229
agm003201332,BaMgGe,0.0,1.274306058883667,0.0030599050223827,-0.53752965
agm006054185,Li(TiS2)4,0.0,0.0015300512313842773,-0.0334913283586502,-1.7600316
agm005226166,Rb2Mo3P3O17,2.3348,0.5596082210540771,2.276461601257324,-2.4305363
agm003541198,CsTl9Rh2,0.0,0.003440380096435547,0.0118057876825332,-0.037876032000000004
agm003186637,TaNiRu2,0.0,0.18701744079589844,-0.0019118785858154,-0.27651092
agm003269261,Mg2SiNi3,0.0,0.010089874267578125,0.0011374950408935,-0.46724027
agm003510722,La2Ga7Ag,0.0,0.0015107989311218262,0.0110509395599365,-0.50549966
agm003058725,CuTe2Cl,0.5973,0.3550906181335449,0.6096926927566528,-0.41798693000000003
agm002349825,CsCdP,0.5175000000000001,0.00919795036315918,0.5694434642791748,-0.3238452
agm006044016,Rb(SnO2)4,0.0,0.0008864402770996094,1.1770908832550049,-2.0470343
agm005858798,Tl2WO4,3.7007,4.9178009033203125,3.4152581691741943,-1.6951389
agm003258532,Ca3BN3,0.5678000000000001,4.091141223907471,0.5548785924911499,-1.249313
agm005008182,ScMn2SiC,0.0,0.0012726783752441406,0.0156548395752906,-0.47530192
agm005222540,Ba5LaSi6,0.0,0.002652883529663086,0.0032498836517333,-0.48231336
agm002945981,Y(SiNi)2,0.0,0.0008358955383300781,-0.0020712539553642,-0.8583314
agm003245015,RbSb3Se5,0.7766000000000001,2.322322368621826,0.9534295797348022,-0.46757457
agm003263948,SrZnAsF,0.7193,0.02744293212890625,1.1216821670532229,-2.0155187
agm006107300,Li5ScPb6,0.0,0.004235029220581055,-0.0078761279582977,-0.2852445
agm005921724,Sc3TaRu4,0.0,0.012050151824951172,0.0014204829931259,-0.6197112
agm005692077,HfVTc,0.0,0.0028417110443115234,0.0056859999895095,-0.37423396000000003
agm004803313,Li2MgAlAu4,0.0,0.003933906555175781,-0.0102100819349288,-0.5660339
agm005894753,Sc5As2S,0.0,0.003321707248687744,0.0113332420587539,-1.3059146
agm002148938,Cs2RbRhF6,2.0272,0.022583186626434326,2.069493055343628,-2.6496243
agm003215605,LiMn2O4,0.2416,0.002078533172607422,0.0889825522899627,-2.0587268
agm005211976,SrLiCuSi,0.0,0.01663947105407715,0.0453298985958099,-0.31124216
agm003248865,Sr5V3ClO12,3.9921,8.079181671142578,3.8169398307800297,-3.057956
agm004626035,K3Ca2RhO6,0.0,0.0077381134033203125,1.1196136474609375,-2.0753453
agm004567035,Sn2B(PtRh2)2,0.0,0.00148773193359375,0.0128848552703857,-0.43204507000000003
agm003228539,Sr3(BO3)2,4.3984,4.982371807098389,4.412274360656738,-3.2493749
agm003239816,La12Fe2I17,0.014100000000000001,0.0001526474952697754,0.0394253730773925,-1.2026423
agm002175123,Cd(PdO2)3,0.0,0.0027227401733398438,0.0333835184574127,-1.0053532
agm005219000,RbAsOF4,3.6902,9.029380798339844,3.6997509002685542,-2.6059337
agm003267853,NbSi2,0.0,0.0035969987511634827,0.0069208145141601,-0.5592333700000001
agm002748509,VGaRu2,0.0,0.0019497871398925781,0.0088332444429397,-0.46532652
agm002764590,KBrF2,2.4734,4.41409969329834,2.5641636848449707,-2.005895
agm005937515,YTa2Fe9,0.0,0.0006456375122070312,-0.0008257552981376,-0.13664623
agm004536500,Ba2Li3MgSb4,0.0,0.06607961654663086,0.2052973359823227,-0.8154672
agm005020377,SrTcP2Ru,0.0,0.027309894561767578,-0.0127652883529663,-0.8441069999999999
agm005966411,Ga2GeRh5,0.0,0.002918243408203125,-0.0009181424975395,-0.5439478
agm003345819,Ca2Si5Ni3,0.0,0.0015759468078613281,0.0079599767923355,-0.5875802
agm002148631,BaMnF6,2.6692,0.003742694854736328,2.656824111938477,-3.247705
agm003210505,Mn3SiW2,0.0,0.004555702209472656,0.0107834488153457,-0.23122375
agm002286296,Y3MgZn2,0.0,0.0006513595581054688,2.537667751312256e-05,-0.27847904
agm003227919,LiMoP2O7,4.0321,0.0009181499481201172,4.070226669311523,-2.6151516
agm006109493,K5ScO4,2.1702,0.0007429122924804688,2.337233066558838,-2.0420275
agm005585595,Mn21(OsC3)2,0.0,0.0046939849853515625,-0.0207967013120651,-0.07902308
agm005913364,Ti2TlS4,0.0,0.00037169456481933594,0.0066142380237579,-1.5631407
agm005556787,Li3(AlAg)2,0.0,0.00035190582275390625,-0.0070822983980178,-0.24044426
agm003247486,Zr2N2O,1.6739000000000002,6.21303653717041,1.6707277297973633,-2.3459098
agm005071482,TlVGaF6,2.0451,0.0023478269577026367,2.1529674530029297,-2.796603
agm005627030,Ca2(Ga3Pd)3,0.0,0.0020741820335388184,0.0050221234560012,-0.5630717
agm003237439,Hf3Zn3C,0.0,0.012724876403808594,0.0128055438399314,-0.47499076
agm002212346,FeNi3Se4,0.0,0.014504432678222656,0.0079319775104522,-0.30901629999999997
agm005979155,Sr3Pt8Pb,0.0,0.08236408233642578,0.0021633803844451,-0.7243807999999999
agm003237192,Re(TeBr2)2,1.994,0.0004832744598388672,1.5947703123092651,-0.34444013
agm003225917,CaPS3,3.1496,4.883427143096924,3.070729970932007,-1.4575999
agm005731383,RuPbF6,0.0,0.10162685811519623,0.618624210357666,-2.3255007
agm003215666,V3S4,0.0,0.00211334228515625,-0.0059212818741798,-1.3941811
agm002164598,HfIN,1.6753,7.819658279418945,1.437230348587036,-1.594576
agm003237074,Sr3AlAs3,0.9671000000000001,2.7002077102661133,0.9528311491012572,-1.0687042
agm003579502,Sc(TlBr2)3,2.734,4.171693801879883,2.6300017833709717,-1.2110978000000001
agm002151456,HfGa,0.0,0.0011355727910995483,0.0234653428196907,-0.5197286600000001
agm002311125,BaTaS3,0.0,0.0011896193027496338,0.0095758438110351,-1.8857452000000001
agm003247493,La2O3,3.5994,6.934521675109863,3.6847691535949703,-3.8793914
agm004786027,Li2BeSiSe4,2.7412,4.100091457366943,2.4317235946655273,-0.8684202999999999
agm002137321,B3Os2,0.0,0.002158641815185547,-0.0036574900150299,-0.25833598
agm002257441,LaBeGe,0.0,0.02569127082824707,0.0256929993629455,-0.62151366
agm003185314,LaIn3,0.0,0.0025637149810791016,0.0116243362426757,-0.48827509999999996
agm005021504,NaTcNiAs2,0.0,0.0019278526306152344,0.0333836749196052,-0.35134694
agm003234865,Ca(FeO2)2,1.5525,6.532669067382812e-05,1.81614351272583,-2.312672
agm006075980,V6Cr5Ru,0.0,0.0006308555603027344,-0.0068052783608436,-0.16849102
agm003440153,Zr2AlCo3,0.0,0.0020508766174316406,0.0020472407341003,-0.45107436
agm003272783,Sc2TlSe,0.0,0.014844059944152832,-0.0063052177429199,-0.9441069400000001
agm006131726,Ti6Re5Ir,0.0,0.003644704818725586,-0.0008922666311264,-0.5270039400000001
agm006009287,Ti4C3N,0.0,0.024227946996688843,0.0157866030931472,-1.1112595
agm003500919,Ti6Sn2P,0.0,0.00314176082611084,-0.0010380446910858,-0.6204478999999999
agm005232279,Cs4Ba(PO3)6,5.1227,7.743298053741455,5.076351165771484,-2.7888052
agm006025662,Bi(SbO3)3,1.9494,1.8072509765625,1.254913568496704,-1.8101995999999998
agm003524374,Al2VBr8,1.2638,0.0032886266708374023,1.467717528343201,-1.0224044
agm003186030,BaPt,0.0,0.024058103561401367,0.0006039701402187,-0.7624717999999999
agm005055160,CsRbMgI4,3.6145,4.754886150360107,3.4332821369171143,-1.3394533
agm002170851,BaPbO3,0.3639,1.7154641151428223,0.2170159518718719,-2.1119409
agm001216987,NbIr2Os,0.0,0.07945823669433594,0.0022561401128768,-0.4340671
agm004535222,La2ZnSb3Rh4,0.0,0.0048503875732421875,-0.0041201412677764,-0.8366169999999999
agm003275517,Cs7O,0.0,0.3833425045013428,0.0306778028607368,-0.48432422
agm004492834,K2V(TeO4)3,0.8901,0.06437897682189941,0.9849470853805542,-1.8206617
agm002134892,AlInTe2,0.2127,0.49800562858581543,0.9924447536468506,-0.38043803
agm003263385,CaPtF6,2.4626,0.031126022338867188,2.6446642875671387,-2.6976275
agm003241676,KP15,1.5117,4.28475284576416,1.2268141508102417,-0.10308948
agm003211927,TlSO4,2.0572,4.994272708892822,2.3723883628845215,-1.7675683
agm003206382,Ti3ZnN,0.0,0.0011954307556152344,-0.0134488046169281,-0.9736716999999999
agm002344250,Mg2Ga3Pd,0.0,0.0018378645181655884,0.0211188644170761,-0.3769283
agm003294247,CsO12,0.0,0.0009951591491699219,0.3151223957538605,-0.81055444
agm002151721,RbGaSe2,1.7081,3.693840980529785,1.6771085262298584,-0.9768754
agm003245653,Li15Si4,0.0,0.00270843505859375,-9.994208812713624e-05,-0.23056169
agm003215591,Na3In(PO4)2,3.2927,4.4997782707214355,3.5101051330566406,-2.5554228
agm004797712,Sc4GaCu2Os,0.0,0.008288383483886719,0.0095442794263362,-0.45424533
agm002134231,ZrAl5Co,0.0,0.007221400737762451,0.0201092511415481,-0.49623778
agm004927210,KRb2CdF6,0.0,0.004084110260009766,4.533773422241211,-2.6155887
agm003206814,YPRu2C,0.0,0.010006427764892578,0.0369767770171165,-0.6760278
agm005857439,Mg(Ni2P)2,0.0,0.0024633407592773438,0.0075113177299499,-0.547447
agm003219806,VF3,1.4697,0.005850791931152344,1.498016595840454,-3.216949
agm003263267,Sc3CoC4,0.0,0.003145456314086914,-5.555152893066406e-05,-0.44913524
agm006042600,NaHf3N4,0.0,0.02218770980834961,0.6817363500595093,-1.7082231
agm002434307,Y3GaC,0.0,1.4076467752456665,-0.0008158832788467,-0.4829848
agm002156681,KLi2P,0.9821000000000001,3.022703170776367,0.8678027391433716,-0.54165626
agm003245536,Cs7(FeS2)4,0.1913,0.0012782812118530273,0.205261617898941,-1.1387804
agm005181233,TiGaRuPt,0.0,0.0018429756164550781,0.0019474327564239,-0.7556461
agm002210648,RbPtF6,0.0,0.0038652420043945312,2.4994027614593506,-2.0992057
agm003211623,TePtPb,0.0,0.0014886856079101562,0.2260501384735107,-0.3583478
agm004497740,Cs2LiPd3F12,0.0,0.004664421081542969,0.049587070941925,-2.1768262
agm005950668,CaNi5P3,0.0,0.02360057830810547,-0.0062534809112548,-0.7153100000000001
agm001312106,MgVIrRu,0.0,0.01967000961303711,-6.414949893951416e-05,-0.3839237
agm002187653,LaSiAu,0.0,0.002826690673828125,-0.0002847723662853,-0.8491443
agm003269820,TiNiF6,4.2229,6.830252647399902,3.7915115356445312,-3.1606221
agm006098437,Mg(Si2Rh3)2,0.0,5.054473876953125e-05,-0.0036868751049041,-0.81498736
agm002363038,SiPbF6,6.125,7.058235168457031,5.221996307373047,-3.2290056
agm005047032,BiSeO4F,2.8842,5.512593746185303,3.131953239440918,-1.5997671
agm006026131,Mn3AgF9,0.46530000000000005,0.04442405700683594,0.0514715313911438,-2.5999546000000002
agm005755340,AlGaI4,2.943,4.189484596252441,2.576077461242676,-0.56744593
agm002213772,Y2GaRh2,0.0,0.005095481872558594,-0.0022136121988296,-0.88446826
agm003241024,K2CdSnS4,1.4975,0.004382729530334473,1.7579443454742432,-1.1934638
agm005068071,NaFeAuI5,0.7079000000000001,0.00079345703125,0.0468335151672363,-0.4105048
agm004627347,Ba6P2RhBr3,1.6452,0.0004826188087463379,0.749037504196167,-1.3703704
agm005805267,Y7SI12,0.0,0.0054361820220947266,0.2254390567541122,-1.3869889
agm003277961,Rb2In2Sb3,0.752,2.021280527114868,0.7334442138671875,-0.35666412000000003
agm003232523,CsFeCl4,1.3394,0.0025082826614379883,1.3803701400756836,-1.6755552
agm003695840,Sc(BeCu)6,0.0,0.004645347595214844,-0.0078369975090026,-0.16976811
agm005731485,Sc11Ga9Pd4,0.0,0.0005511641502380371,0.0057004168629646,-0.72609776
agm005260241,TePdSe,0.0,0.024043560028076172,0.0377102941274642,-0.30705859999999996
agm003278681,Ca43Al16Pb13,0.25680000000000003,0.18928790092468262,0.0237966328859329,-0.42528059999999995
agm003264161,LaNiBN,0.0,0.0025129318237304688,-0.0006683655083179,-1.048816
agm003216193,Rb2ZnI4,3.0721,0.004489898681640625,3.139103412628174,-1.1335716
agm003226276,Cr3C2,0.0,0.00012111663818359375,0.0006150379776954,-0.11857756
agm003247986,Y3Sb5O12,3.1328,5.8168864250183105,3.182664394378662,-2.6538180000000002
agm003236237,Na2S5,1.7699,4.649731159210205,1.784306526184082,-0.9695273
agm004624984,Na3Li(PbO3)2,1.3463,4.136815071105957,1.0359081029891968,-1.7154448
agm003234501,K3LiTi7O16,2.8245,7.104953765869141,3.0095465183258057,-3.2553872999999998
agm006134125,Be6Pd5Rh,0.0,0.009190559387207031,0.0092661827802658,-0.6268606
agm003231657,KClO4,5.5323,9.346000671386719,5.755181312561035,-1.1846228
agm002210991,CsGaF4,5.1404,0.0007562637329101562,4.9100542068481445,-3.0557885
agm003234330,Sr6Ge5N2,0.0,0.00848698616027832,0.0020580552518367,-0.7129292500000001
agm003250066,BaP2PdO7,0.7012,0.0019006729125976562,1.4209665060043335,-2.6120422
agm003226760,MgB4,0.4083,0.7198338508605957,0.4163605868816376,-0.14084965
agm003241212,Zr5Sb3,0.0,0.0014204978942871094,0.0026618242263793,-0.6789408
agm002281044,Ba2BiI,0.9055000000000001,2.44573974609375,0.6086435317993164,-1.3102207
agm004628581,Rb3Y2BiS6,2.8143000000000002,0.9869341850280762,2.07930850982666,-1.8331127
agm005022549,NaFeCoAs2,0.0,0.01204681396484375,-0.0027681142091751,-0.3182982
agm005546640,Cl5O,0.0,0.0005941390991210938,1.9984675645828247,-0.46383917
agm005774638,CaTa2Ru3,0.0,0.0006275177001953125,0.0040764510631561,-0.30866614000000003
agm003241342,Ba5Si(Br3O2)2,4.287,6.783780097961426,4.284502029418945,-2.729964
agm005886238,K(FeN)2,0.0,0.0034303665161132812,0.6343181133270264,-0.32245404
agm006003418,V4Re3Os,0.0,0.008640289306640625,0.0040218941867351,-0.34028476
agm006076021,HfAl5Ru6,0.0,0.0033583641052246094,-0.0035405904054641,-0.7002746
agm003216249,Cr2CoO4,2.6266,0.0006589889526367188,2.6819114685058594,-2.1190963
agm002713574,NbMo2W,0.0,0.010918378829956055,0.002333328127861,-0.11393738
agm003237145,Ca2BClO3,4.5763,7.260562419891357,4.629726886749268,-3.213436
agm003201851,RbBi2,0.0,0.012056589126586914,0.0427604466676712,-0.33637235
agm005935227,Ca3NiSn3,0.0,0.0038736769929528236,0.007608912885189,-0.58597684
agm003283817,Mg3B7ClO13,5.7024,7.64854097366333,5.9897356033325195,-2.9216187
agm005728361,Sc11In9Cu4,0.0,0.0002548694610595703,0.0165198072791099,-0.4182247
agm001299531,LiGaIrPt,0.0,0.014630794525146484,-0.0019000023603439,-0.5643351999999999
agm003221259,Cs8Tl8O,0.22290000000000001,0.003979921340942383,0.2134278714656829,-0.33471835
agm002188235,ScSiIr,0.0,0.009220123291015625,0.0061713010072708,-1.1457556
agm005989128,Sc3MnCo8,0.0,0.006938934326171875,0.00660040974617,-0.26704443
agm005590500,Li2WF6,3.5291,0.002418994903564453,3.131927967071533,-3.001958
agm003247713,NbSeOF7,4.4253,10.006282806396484,4.512264251708984,-2.7596598
agm004565347,Tl2Pd(Br2Cl)2,0.6116,0.0002713203430175781,1.0707889795303345,-0.72112215
agm003239602,Rb5Tc3S7,1.1317,0.0020205676555633545,1.0362123250961304,-1.2162489
agm004567048,Mg2B(PdPt2)2,0.0,0.0001678466796875,0.0543349981307983,-0.6727986
agm002166122,NaSnPd,0.0,0.002556324005126953,0.031725525856018,-0.41308782
agm003250761,Ni5Se4(ClO6)2,2.9552,0.004917621612548828,3.0677378177642822,-1.1350895
agm002201897,Hf3InC2,0.0,0.011822912842035294,0.0006919354200363,-0.81907177
agm003233184,AsI5F6,1.4586999999999999,2.365586996078491,1.1860980987548828,-1.449384
agm003612962,LiInAu2,0.0,0.00028705596923828125,-0.0002651512622833,-0.4250774
agm002327438,Al3Ru2Au,0.0,0.03590583801269531,0.0029357597231864,-0.6497725
agm006121299,Y6Te5As,0.0,0.0010213851928710938,-0.0113425031304359,-1.395672
agm004571376,K2Na(CO3)2,0.0,0.00019550323486328125,4.364799499511719,-2.0124028
agm003213490,Ba3Nb2O8,4.511,7.190136909484863,4.542443752288818,-3.266308
agm003267892,CaV2O6,2.8981,11.341727256774902,2.9182887077331543,-2.7063591000000002
agm003622920,TaV2P,0.0,0.004792213439941406,-0.0050266422331333,-0.6947011
agm004674229,Sr3Fe2TcO9,0.0,0.0013320446014404297,0.5077541470527649,-2.492548
agm002210957,KCl2F,2.1955,0.0018572807312011719,2.2325451374053955,-1.7848202999999998
agm004662260,AsBr2(ClF2)3,2.0617,2.761622428894043,1.5955257415771484,-1.512119
agm004726426,La8Te4PS3,0.0,0.001382291316986084,0.0345092266798019,-1.9567187
agm003228750,LiCa3OsO6,0.3126,0.0022876858711242676,0.4244251549243927,-2.6496687
agm005845022,Li2AlPd5,0.0,0.0034894943237304688,-0.0058008432388305,-0.57679474
agm006029314,Rb4HfS4,3.0681,4.674898147583008,2.864978790283203,-1.6428894
agm003239408,Mn2MoP12,0.0813,0.0003292560577392578,0.0987965166568756,-0.35296696
agm001074264,Sc4Bi2C,0.0,0.0011340677738189697,0.0409813448786735,-0.69632614
agm005584472,Sr2Sn5Pt3,0.0,0.0044708251953125,0.0049805343151092,-0.72251874
agm005742514,NiBF5,4.5051,0.0012292861938476562,0.9832091331481934,-2.7064621
agm005533445,Sr4Sb3,0.0,0.0005512237548828125,0.2950692474842071,-1.0142442
agm005784203,Be3Ir2Au,0.0,0.0021734237670898438,-0.0002399906516075,-0.49602067
agm002185952,CaSi2Ni,0.0,0.0030164718627929688,-0.0092965736985206,-0.5865775
agm005700585,YTiNi,0.0,0.00090789794921875,0.0118606984615325,-0.31120482
agm003225754,YAl3Ni,0.0,0.0066678524017333984,0.0081100314855575,-0.60046196
agm002182446,RbHfAgS3,1.0334,0.0028066635131835938,1.1268365383148191,-1.5096427000000001
agm005756373,Mn6OsPt,0.0,0.037329673767089844,0.008404403924942,-0.11457367
agm005241702,NaZn(PO3)3,4.83,0.0012960433959960938,4.849802017211914,-2.5642986
agm005755880,V(CdBr3)2,0.8002,0.0007252693176269531,1.456713080406189,-0.8419970999999999
agm003662721,Sr(Ga3Pt2)2,0.0,0.0014700889587402344,-0.000341460108757,-0.7284584
agm003237026,SrTl2O4,0.0814,3.575578212738037,0.0776811316609382,-1.7236300999999998
agm005576656,Li2(ScPt)3,0.0,0.0006990432739257812,0.0080349147319793,-0.9334262999999999
agm004877350,CrAg(SeO4)2,2.3389,0.0007028579711914062,1.8101032972335815,-1.2419696
agm003247326,Rb3YCl6,5.1195,7.148204326629639,5.026924133300781,-2.497528
agm003440158,Zr2Al3Tc,0.0,0.001254439353942871,0.0016856491565704,-0.54116744
agm003232365,YSeClO3,4.3614,8.734457969665527,4.418926239013672,-2.4730346
agm005074174,CsCaBiCl6,4.1958,5.821600437164307,4.138110160827637,-2.130897
agm005889910,Rb3SbTe3,0.6129,0.4575533866882324,1.3189188241958618,-0.7661233
agm005734024,KOsCl6,0.5704,0.000988006591796875,0.1633118987083435,-1.2897373
agm005278608,ZnP14Pb,1.2495,0.0008910894393920898,0.9491983652114868,-0.058759183000000006
agm005074895,SrTiTeO6,2.4778000000000002,5.123847484588623,2.6450212001800537,-2.7212305
agm002220011,Mg2Si2Rh,0.0,0.008801817893981934,0.0211060643196105,-0.48189002000000003
agm003267575,MnNiAs,0.0,0.001186370849609375,0.0038281381130218,-0.25543445
agm001610735,Ca2AgRhN,0.0,0.022255897521972656,-0.0021381676197052,-0.6207474
agm003281364,LiCoBO3,2.5968999999999998,0.0016412734985351562,2.56126070022583,-2.2720947
agm003215596,K2Sn2O3,1.3459,3.935499906539917,1.472896933555603,-1.7551619999999999
agm005721595,Y11In9Rh4,0.0,0.0005192458629608154,7.869303226470947e-05,-0.68324643
agm003611220,SrSbRh,0.0,0.0036139488220214844,0.0605778992176055,-0.77868044
agm004609449,La6Te3PS2,0.0,0.013445675373077393,0.0180964767932891,-1.9260887
agm002342819,LiY(PPd)2,0.0,0.0029196739196777344,0.0102700367569923,-0.95420253
agm003245788,V3Bi(PbO4)3,2.7754000000000003,5.615988731384277,2.988473892211914,-2.1165051
agm003273757,SrMg3SiN4,2.4399,2.737666606903076,2.399317741394043,-1.1585737
agm006110151,Mg5ScRh6,0.0,0.00031566619873046875,-0.0034605115652084,-0.6003021
agm006120843,Y6RuSe5,0.0,0.008135080337524414,-0.0248045474290847,-1.5369953
agm003221249,Mg4P6Rh7,0.0,0.02578449249267578,0.0051678493618965,-0.76609623
agm004623695,Na3Mg2PtO6,0.0,0.00495380163192749,2.044112205505371,-2.0389822
agm005698602,LiPPd2,0.0,0.0019702911376953125,-0.0069621726870536,-0.5937338999999999
agm006002954,Al4FeRh3,0.0,0.00618743896484375,0.0087284669280052,-0.9196173999999999
agm003160868,NaGeP,0.6373,2.581038475036621,1.0347293615341189,-0.28770399999999996
agm005578550,Y3Rh2Au3,0.0,0.01348114013671875,0.0017743408679962,-0.8382725999999999
agm006107270,Li5ScPd6,0.0,0.0007083415985107422,-0.0075971782207489,-0.5613156
agm002695685,LiHfPt2,0.0,0.024137496948242188,-0.0021580308675765,-0.9601491999999999
agm005889940,Cs3SbTe3,0.7108,0.5619063377380371,1.415885329246521,-0.80590326
agm005790214,MgNb2Os3,0.0,0.003039836883544922,-0.0112532377243042,-0.17306933
agm002181994,CsSbS2,1.9818,2.1891000270843506,1.4240881204605105,-1.0810562
agm003278824,Na4Al3Si3CNO13,4.4967,6.348042011260986,4.325735092163086,-2.8513222
agm002327895,AlAuS2,1.7071,0.0012481212615966797,1.1184308528900146,-1.050708
agm003272102,Mg3As2,1.4291,2.7778687477111816,1.4775227308273315,-0.6333968999999999
agm005278564,Ti2AlSi3,0.0,0.0041397809982299805,0.0153112784028053,-0.5588911
agm003437923,Sc3Ga2Os,0.0,0.0039020441472530365,0.0022669769823551,-0.6095185
agm002175171,Ba2ScNbO6,2.5712,0.000179290771484375,2.692023754119873,-3.4819396
agm003222022,CsCoNiF6,0.9895,0.0034894943237304688,0.4464568495750427,-2.447474
agm002389715,NaReF6,0.0,2.1438095569610596,0.007157415151596,-2.69517
agm004518786,Ba2LiSb4Pt3,0.0,0.010262727737426758,-0.0046159923076629,-0.8305120500000001
agm003230093,SnSO4,4.121,5.606921195983887,3.889378547668457,-1.9589553
agm002263449,Y3(GaCo)4,0.0,0.004563331604003906,-0.012258343398571,-0.46710953
agm002748729,Mn2VGe,0.0,0.0043430328369140625,-0.0036185644567012,-0.26807755
agm005892120,Tl2VF5,2.1390000000000002,0.0012155771255493164,2.045573472976685,-2.6685166000000002
agm003234359,Cs2Al2B2O7,4.1653,7.58201265335083,4.357704162597656,-2.985816
agm003598649,LaGeBi,0.0,0.00022101402282714844,0.0323637723922729,-0.72468615
agm001025453,ReSnAs,0.2786,0.1719423532485962,0.0441057980060577,-0.06965433
agm001138840,Sc2ZnPd,0.0,0.03593015670776367,0.0129393562674522,-0.6434514
agm004683746,K3Tl3PdO8,1.1897,0.002984285354614258,0.8714793920516968,-1.325762
agm005774830,CaNb2Ru3,0.0,0.008318424224853516,-0.0014256834983825,-0.19502398
agm003440126,Sc2Al3Tc,0.0,0.0007604099810123444,0.0133189409971237,-0.53821665
agm002362007,Tl2BPd6,0.0,0.001983642578125,0.0303626358509063,-0.28692424
agm005604718,Ca2PtAu,0.0,0.019501686096191406,-0.0047426223754882,-0.8826787500000001
agm003211362,KSb(PO4)2,2.9644,5.511785507202148,2.88334059715271,-2.4620507
agm005804960,Y7SiI12,0.0,0.011240005493164062,0.0396028459072113,-1.26499
agm006046747,K6MoP4,0.9372,3.0901758670806885,0.5956672430038452,-0.41843984
agm003282200,Li2InFe(P2O7)2,2.7332,0.00012058019638061523,2.366872549057007,-2.5891733
agm005918089,La3RuCl3,0.066,0.011980131268501282,0.1003968641161918,-1.8158801
agm005737314,TlW2F11,2.9248000000000003,0.2598598003387451,2.95090913772583,-2.7445988999999997
agm005754959,Y2AlS,0.0,0.0028002560138702393,-0.0065749697387218,-1.3956403
agm003202975,LaAl2BRu2,0.0,0.0035936832427978516,0.0067551210522651,-0.644058
agm004764784,K2BaIrO4,0.3927,0.004835009574890137,0.1059186458587646,-1.8933163
agm001230051,VCrPt2,0.0,0.2616729736328125,0.0012692175805568,-0.44095266
agm003624529,RbPN2,3.1246,4.487808704376221,3.382716655731201,-0.7090145999999999
agm003231473,KAlF4,6.9574,5.140615463256836,6.880143165588379,-3.6744742
agm005572216,Y2Rh2O7,0.0,0.0018334388732910156,-0.0040954053401947,-2.4985325
agm005929365,Sc5Co2Au,0.0,0.008988380432128906,0.0038848519325256,-0.44071573
agm003206957,Be2Nb3,0.0,0.01449894905090332,-0.0034630298614501,-0.15668833000000001
agm003236383,Cs2BeF4,6.6978,4.57763671875e-05,6.9104790687561035,-3.3323002
agm002339478,Sr2Ge3Pt,0.0,0.008232593536376953,-0.0042063742876052,-0.74699867
agm002140542,Y2Cr2Si2C,0.0,0.0016031265258789062,0.0096634179353713,-0.56678206
agm002198836,Rb2AsAu,0.9969,0.0019522905349731445,0.4956006705760956,-0.48777193
agm002177485,CsTa(AsO4)2,3.0772,8.322985649108887,3.2307205200195312,-2.3050044
agm002239071,ScIn5Rh,0.0,0.022916436195373535,0.0003216415643692,-0.34351584
agm002138235,Ca2Co5B4,0.0,0.0013151168823242188,0.0260411947965621,-0.35233129999999996
agm005676121,La2Y3Ge4,0.0,0.007791757583618164,0.0034951940178871,-0.9034239
agm002159380,SrLi2(MgGe)2,0.0,1.027730941772461,0.0278811268508434,-0.4363162
agm003190075,LaYTl2,0.0,0.00988304615020752,0.0023158937692642,-0.41193128
agm006111340,Ca6Tl5In,0.0,0.004380464553833008,-0.012956827878952,-0.44572252
agm002224935,NaAlAu,0.0,0.0037839412689208984,0.0467925816774368,-0.36549786
agm003232838,NbSbF10,4.348,9.957494735717773,4.412595748901367,-3.0067434
agm003500846,Ti6Ge2P,0.0,0.0014414787292480469,-0.0033113360404968,-0.8157297
agm003284786,AuF5,0.6921,0.5693979263305664,1.476478099822998,-1.1425784
agm003223110,Ta5Ga3B,0.0,0.0019092559814453125,0.0518024452030658,-0.42621174
agm003437900,Sc3GaIr2,0.0,0.0013031959533691406,0.0026875957846641,-0.885428
agm005221739,K4MoO5,3.1233,1.6939945220947266,2.5979790687561035,-2.0459805
agm006075310,Y7PdS5,0.0,0.0020813941955566406,-0.0085830464959144,-1.9477506
agm003211071,TaSiIr,0.0,0.007118701934814453,0.0066197328269481,-0.8148306
agm003449931,Ba(GaS2)2,2.7453000000000003,4.53176212310791,3.1520698070526123,-1.5721772
agm005588738,Ti(InBr3)2,0.8711000000000001,4.378368377685547,0.0676001161336898,-0.9629646
agm003222939,Zr5SnPb3,0.0,0.012842714786529541,0.0048803836107254,-0.35330203
agm003201093,BaClF,5.4429,6.4910078048706055,5.463738441467285,-3.6039257
agm005679425,Y4Ir2Pb5,0.0,0.008016252890229225,-0.0044642984867095,-0.5424669
agm004803283,LiMg4PdAu2,0.0,0.005677700042724609,-0.0109396576881408,-0.5830107999999999
agm005022899,BaTcP2Rh,0.0,0.0012598037719726562,-0.0108467862010002,-0.95443994
agm003223198,KNaLaTaO5,3.7425,6.4560651779174805,3.716308355331421,-3.157822
agm003524809,Cd(FeCl4)2,1.0423,0.4924602508544922,1.1712807416915894,-1.2669564
agm005265895,La3Pb3I13O40,2.8021000000000003,4.856938362121582,3.1603894233703613,-1.3616275
agm003187241,FeCoSe2,0.0,0.0047054290771484375,-0.0108845010399818,-0.31652355
agm001013677,SrBRu,0.0,0.00013625621795654297,0.0087169483304023,-0.28704324000000003
agm005738636,PdPtO4,0.8538,0.3281078338623047,1.1405104398727417,-0.8634617
agm005867684,Zr12AlIn3,0.0,0.00260847806930542,-0.0031658113002777,-0.2584535
agm006091670,Ca(SnRh)6,0.0,0.0010623931884765625,0.0131678432226181,-0.5447985
agm003186249,SrZrAs2,0.0,5.554766654968262,0.3123340606689453,-1.149751
agm002157163,Li7Sn2,0.0,0.005448341369628906,-0.0004990696907043,-0.37911648000000003
agm003248794,Cd2Si(P2O7)2,4.0925,0.000965118408203125,4.096042633056641,-2.5659229999999997
agm003244594,KCuP2Se5,1.2203,0.0018807649612426758,0.9375821352005004,-0.36261815000000003
agm001052529,TlInBi,0.0,0.01069784164428711,0.01685631275177,-0.025271747
agm005240462,NaZnPO4,3.839,0.0070552825927734375,3.855757713317871,-2.4906957
agm005051843,BaSrSiSe4,2.318,3.878300428390503,2.358078956604004,-1.4341584
agm002179807,LaSb3Pd,0.0,0.0014069080352783203,0.0111518800258636,-0.7433603999999999
agm005074672,KYGeBr6,3.6492,3.3934292793273926,3.115161180496216,-1.4330555999999999
agm005751774,Nb3ReMo,0.0,0.0006308555603027344,0.0058044493198394,-0.22652146
agm003277627,K2Ni2(SO4)3,3.8632,0.0021982192993164062,3.9169325828552246,-1.9734737
agm003288273,Y5Co2,0.0,0.0003323554992675781,0.0099082887172698,-0.16020761
agm001144898,CaScPd2,0.0,0.00295257568359375,0.0015427693724632,-0.8168291400000001
agm002848248,LiAlTe2,2.4396,4.6303253173828125,2.438314437866211,-0.7162559
agm004753223,NaLa(TePd)2,0.0,0.0029799938201904297,0.0297485291957855,-0.9876027
agm002221307,Sr2MgSb2,0.8972,3.076322555541992,0.7733030319213867,-0.9300124
agm003694943,Sr(MgTl)6,0.0,0.0006880760192871094,0.0217021778225898,-0.12081738
agm004953233,Ca2MgOsO6,0.0,0.011085748672485352,0.0407551303505897,-2.64569
agm005062612,CoCuPtS4,0.4913,0.0677804946899414,0.0352641195058822,-0.7698501999999999
agm006108889,Ta6Mo5Ir,0.0,0.0004024505615234375,-0.0027393698692321,-0.31455082
agm005783519,V2ZnFe3,0.0,0.022566795349121094,-0.0063403770327568,-0.1359203
agm005046643,CdTcBrO4,2.096,0.08089447021484375,2.0639114379882812,-1.63677
agm003277459,Na2CaTi2(GeO4)3,2.5851,8.575706481933594,2.602618455886841,-2.7277142999999997
agm005062607,CuNiPtS4,0.0,0.119903564453125,0.0772988498210907,-0.70366114
agm002137903,KBaBO3,3.451,0.22734928131103516,3.29647445678711,-2.8109219999999997
agm003610670,VRuRh,0.0,0.05650901794433594,0.0036591067910194,-0.28314993
agm003263911,LiBiF6,2.5462,8.25941276550293,2.3025567531585693,-2.5104492
agm002147192,ZrTlCuTe3,0.248,0.08803224563598633,0.0152025818824768,-0.5691731999999999
agm005748234,OsPbCl6,0.0,0.3701744079589844,0.1621634066104889,-1.125832
agm003229565,Ba3Si6(NO6)2,4.611,7.278737545013428,4.652954578399658,-3.0760272
agm003220580,LiAs,0.4439,1.8174493312835693,0.4893717467784881,-0.48753282000000003
agm003242620,Cs4Fe3F10,3.2369,0.0037262439727783203,3.1132731437683105,-2.8766952
agm002269721,FeGeF6,2.7065,0.003177642822265625,3.1755032539367676,-2.7870047
agm005069243,CsIrWO6,0.0,0.006135463714599609,0.0514767244458198,-1.8299233
agm005780054,La7ReCl12,0.0,0.00035884231328964233,0.6103450059890747,-2.2916143
agm003280824,K2In2As3,0.8002,1.9481101036071777,0.7728476524353027,-0.42770594
agm002175930,CsAs(PO4)2,2.9964,7.545382499694824,3.051751136779785,-2.3517733
agm002180722,In2Rh,0.0,0.0006399154663085938,0.0093588232994079,-0.34102127
agm003284989,Ba3GaAs3,0.7289,3.12550687789917,0.6722303628921509,-1.008162
agm002160117,MgAl2,0.0,0.009455680847167969,0.0089006572961807,-0.024690898000000003
agm005932231,Sr5TlPd2,0.0,0.0017169713973999023,-0.0028320774435997,-0.4902278
agm003211382,Sb2Rh,0.0415,0.009594440460205078,0.0117453932762146,-0.46966189999999997
agm003194145,Sr(ZnAs)2,0.26530000000000004,0.0031800270080566406,0.4269752502441406,-0.6678740400000001
agm002300926,KSeO3F,3.2187,9.496326446533203,3.013394355773926,-1.7287832
agm005070403,CsCaBiBr6,3.5947,3.7286293506622314,3.388145923614502,-1.4453837
agm005951157,La(SiAu2)2,0.0,0.014700889587402344,-0.0099156275391578,-0.50487363
agm005940902,Mg4GaAg3,0.0,0.007549285888671875,-0.00187848508358,-0.22281387
agm001612107,Y2CdCoC,0.0,0.014873981475830078,0.0119454711675643,-0.33702013000000003
agm002187242,Hf2Co3Si,0.0,0.013261795043945312,0.0100628361105918,-0.6401309
agm003267773,YInPt,0.0,0.00304412841796875,-0.005870446562767,-1.0050528
agm003222923,TaPbF7,5.1398,6.446751594543457,5.125241279602051,-3.3423944
agm002138964,CsAuBr3,0.6959000000000001,0.003073453903198242,0.6571550369262695,-0.8843194999999999
agm002164560,Hf2GaN,0.0,0.0023777782917022705,-0.0219126343727111,-1.2338532
agm005673654,Rb5(ReN3)2,0.5163,0.008771896362304688,1.1859769821166992,-0.43553817
agm006131553,Ti6CuTc5,0.0,0.0012061595916748047,-0.004088282585144,-0.46372646
agm006033147,Na3MnO4,1.72,0.0018540620803833008,0.9025464057922364,-1.7954857
agm005248060,Ba14MnBi11,0.0,0.0028749704360961914,0.0130639672279357,-0.87951636
agm002234355,BaPd,0.0,0.04299187660217285,-0.023544892668724,-0.53408515
agm002348821,LaGa3Ni2,0.0,0.002852916717529297,-0.0046771392226219,-0.5820236999999999
agm005707314,Sc3Pd2Pt,0.0,0.003672361373901367,-0.0049431547522544,-1.0297348
agm002303673,Ba2NbInO6,3.3487,5.498989105224609,3.40071439743042,-2.966527
agm003232716,BaGa4O7,2.3127,6.967453956604004,2.4446425437927246,-2.4885523
agm002295363,Cs(Ni2Sb)2,0.0,0.00605010986328125,-0.0023880302906036,-0.22117923
agm005839627,K2SeN2,1.6059999999999999,0.0010304450988769531,2.0450868606567383,-0.77732533
agm005766806,La4CdTc,0.0,0.005264163017272949,-0.0006568729877471,-0.15695582
agm003194229,La2Cu2I,0.0,0.011507987976074219,0.0298652499914169,-0.601165
agm005663151,Hf2P7Ru12,0.0,0.0063724517822265625,0.0225175023078918,-0.69934547
agm002365342,Ba2MgOsO6,0.0,0.032018303871154785,0.0519824251532554,-2.6055706
agm004540440,Na2Mn2Te2O,1.6292,0.0008102655410766602,0.2396023571491241,-1.044965
agm003217969,Nb12Sn3Sb,0.0,0.0019762516021728516,0.0032047927379608,-0.21892737
agm003186222,AlSiOs2,0.0,0.007215976715087891,0.0335495918989181,-0.41126975
agm005133586,Hf2Be2SiRh5,0.0,0.0059261322021484375,0.0038528591394424,-0.9075852
agm003192513,SrNi2Ir,0.0,0.0031042098999023438,-0.0024800412356853,-0.15459897
agm005269414,Rb2Mn2Be3F12,4.6299,0.0013997554779052734,4.67861795425415,-3.3262591
agm002345855,Mn3Nb2Fe,0.0,0.0044231414794921875,0.0147386044263839,-0.15538318
agm003649987,Ca5InPb4,0.0,0.008467435836791992,-0.0055880695581436,-0.5209303
agm003244673,Hf5CoP3,0.0,0.001878976821899414,0.0007336884737014,-1.0710411
agm003263110,Ti2CS,0.0,0.003963947296142578,-0.012254424393177,-1.4189097
agm003160569,MgCuSb,0.0,0.0025970935821533203,-0.001152366399765,-0.27496645000000003
agm003228835,K2Ge2PbS6,2.1785,4.336435317993164,2.2525620460510254,-1.100923
agm004533185,La2Al4GaAu3,0.0,0.0015671253204345703,0.0001672804355621,-0.7352447999999999
agm003241038,Zr3As,0.0,0.003175020217895508,0.0083916336297988,-0.74818087
agm002160295,CaMgIn,0.0,0.0026144981384277344,0.0100870132446289,-0.3287001
agm002138515,Be5Co,0.0,0.01712965965270996,0.0190279185771942,-0.1985181
agm003232878,La3CuSiSe7,1.536,0.0028977394104003906,1.553463578224182,-1.4702489
agm005254898,Li2CO3,5.0652,7.37655782699585,5.089207172393799,-2.246374
agm005601524,Rb3(RuO4)2,0.0,0.007084324955940247,0.4116852283477783,-1.6792102
agm005607788,Cs2Nb3F9,1.4554,0.0016224384307861328,0.2645889818668365,-3.0638933
agm004876700,TlRu(SO4)2,0.0,0.0005755424499511719,0.1465727686882019,-1.7240275
agm003272257,Tl2O3,0.0,2.365510940551758,0.0155814886093139,-1.104272
agm004523652,La2CdCu4Sn3,0.0,0.003573894500732422,0.0130509138107299,-0.42655719999999997
agm005274054,Ca5(ReO6)2,2.1483,8.13111400604248,2.135011672973633,-2.8881767
agm004674177,Sr3Fe2OsO9,0.0,0.0033826828002929688,0.0796393305063247,-2.3893285
agm002360196,Zn(InIr)2,0.0,0.015041351318359375,-0.0149846524000167,-0.18912739
agm001391318,AlTcOsW,0.0,0.00997161865234375,-0.0049476772546768,-0.3059861
agm005838275,Sr(TcO4)2,3.0501,10.614063262939453,2.852376937866211,-2.3105218
agm002200012,Y2B4Ir5,0.0,0.0035309791564941406,0.0005014836788177,-0.7306742700000001
agm006083399,Zr6NiN4,0.0,0.00131988525390625,-0.012756198644638,-1.4944385
agm003258510,CrF6,1.9325,36.97066116333008,1.9364264011383057,-2.0900352
agm004537817,La2Co3As4Rh,0.0,0.008246898651123047,-0.0115540921688079,-0.8326359999999999
agm003241327,NaLi2PO4,5.158,7.668020248413086,5.210836410522461,-2.6873567
agm005073666,RbMgInCl6,3.7386,7.461978912353516,3.654524564743042,-1.9762069
agm005683511,Ca2Ni3Ir,0.0,0.005591392517089844,-0.0043655261397361,-0.29862365
agm005860318,La2PN4,0.0,0.0009613037109375,0.4651967287063598,-1.3241258
agm005942377,Zr3GaCo3,0.0,0.014557838439941406,0.0076134353876113,-0.42772004
agm002271107,CsY2F7,6.7293,9.673526763916016,6.607964992523193,-4.213214
agm004770041,Cs2LiPS4,2.7954,5.2634077072143555,2.6848535537719727,-1.3448678
agm006131336,Sc6GeRu5,0.0,0.0009448528289794922,0.0107203274965286,-0.6255649
agm003284626,CsLaZr6FeCl18,1.5912000000000002,0.18797242641448975,1.6052196025848389,-2.2159944
agm003239574,Cd(AuF6)2,1.7022,0.0003070831298828125,1.9479583501815796,-1.497764
agm002147215,Cs3Cu3As2,1.3562,0.017296791076660156,0.8252345323562622,-0.28054506
agm003752943,MgIn4Ir,0.0,0.0015418529510498047,-0.0054594129323959,-0.16253845
agm005249104,CrB2(PbO2)6,1.9267,4.508825302124023,2.1575560569763184,-1.9286519
agm003234138,Mg2V2CoO8,2.3917,0.0014553070068359375,2.252035140991211,-2.4888194
agm003266749,MgV2O6,2.6665,8.57574462890625,2.891897678375244,-2.542614
agm005728845,SrYF5,7.1062,9.923580169677734,7.000269889831543,-4.3695116
agm003353936,K2Pb3Br8,2.9609,4.0265960693359375,2.9331812858581543,-1.1867535
agm003161025,BeSiOs,0.5823,0.0032482147216796875,0.3552367687225342,-0.49798733
agm003284627,Cs3Cu2Cl5,2.3558,0.0037431716918945312,2.568481922149658,-1.6814219
agm002362944,RbReF6,0.0,0.0008003711700439453,0.5077058672904968,-2.7342958
agm002183949,Sc2FeGe2,0.0,0.0020012855529785156,-0.0044704675674438,-0.67818844
agm003239597,K3NaSn3Se8,1.4503,3.165722370147705,1.445218563079834,-0.7819012999999999
agm003250782,Y5(Si7Os2)2,0.0,0.00284421443939209,0.0040224343538284,-0.64168525
agm002532655,Ca3SbN,0.40700000000000003,2.7190117835998535,0.4138621985912323,-1.1738133
agm003263483,FeB,0.0,0.004100799560546875,0.0071081519126892,-0.37701209999999996
agm006075335,Hf(BeCu2)4,0.0,0.06758594512939453,-0.0040474794805049,-0.13742667
agm005232877,Y4Fe28BC,0.0,0.003962993621826172,0.0085144266486167,-0.09116142
agm005866984,Mn(V4Ga)3,0.0,0.0009024143218994141,0.0080783888697624,-0.18370423
agm005664791,Li3(MnN2)2,0.0,0.0011966228485107422,0.148958534002304,-0.615806
agm005634811,ZrBeRh,0.0,0.0010647773742675781,-0.0010531097650527,-0.65201944
agm003226769,Na4TeO5,1.9659,3.8170089721679688,2.1730971336364746,-1.8828688
agm005097703,CsCdIrCl6,2.1539,0.007686138153076172,0.0579704344272613,-1.4432361999999999
agm003283952,Sr2B5ClO9,5.2946,7.6836347579956055,5.372549057006836,-3.073797
agm005655563,NiTeN,0.0,0.024396896362304688,0.0962528735399246,-0.17857537
agm002690384,Li2CdPb,0.0,0.00560605525970459,-0.0030906945466995,-0.26945233
agm002344096,MgSnIr,0.0,0.003861665725708008,0.0034897401928901,-0.36882436
agm005866887,V12Ga3W,0.0,0.0006148815155029297,-0.0020726323127746,-0.14790323
agm004884765,HfS2IO8,0.0,0.0002117156982421875,3.3254518508911133,-2.2240508
agm003207014,V3B2,0.0,0.0016887187957763672,0.000635340809822,-0.7224879
agm003429166,Y3Sb2Te,0.0,0.0032973289489746094,0.0135938227176666,-1.262815
agm006094349,NaP3Rh4,0.0,0.011301040649414062,0.0371595099568367,-0.731532
agm003275085,K2FeP2O7,3.6064,4.291534423828125e-06,3.8327479362487793,-2.5998783
agm002166882,NbInRh2,0.0,0.0014605522155761719,0.0005659461021423,-0.43787349999999997
agm005143669,Hf5Zr2Co2Pd,0.0,0.001186370849609375,-0.0122188702225685,-0.35184413000000003
agm003614280,Sr2SbI,1.1701,3.3648319244384766,1.0213876962661743,-1.335896
agm001074046,Sr4As2O,1.1914,2.950944662094116,1.217420220375061,-1.7139777
agm003237104,CsLiCrO4,3.0513,8.039728164672852,3.0112829208374023,-2.109165
agm003237222,BaFe2P2O7F2,3.9084000000000003,0.0019221305847167969,3.931504249572754,-2.8509364
agm001294427,TiNbReTc,0.0,0.005830287933349609,0.0073776543140411,-0.41970244
agm005846530,TaTl2F7,4.5829,5.393789291381836,4.089500427246094,-3.0739458
agm005639273,LaTlI,0.436,0.1977146863937378,0.0847932249307632,-0.92386544
agm005094849,BaCrOsO6,0.112,0.0016133785247802734,0.634662389755249,-2.1888413
agm005134068,Zr2ZnB2Ru5,0.0,0.0013818740844726562,0.0080745853483676,-0.5132109
agm003489909,Mg6GaPb2,0.0,0.005170583724975586,0.0013773143291473,-0.09389235
agm002136064,La(AsRh)2,0.0,0.0034461021423339844,0.003989927470684,-0.98264045
agm003250023,SrCdP2O7,3.7143,0.0004944801330566406,3.6940274238586426,-2.8097111999999997
agm003160630,CaGe2,0.0,0.8337100744247437,0.7065542936325073,-0.48784059999999996
agm003137517,TlGeS2,1.7755,3.6255900859832764,1.7761552333831787,-0.72673273
agm003277357,Na2P4Pd3O14,0.7236,0.0588834285736084,1.014989972114563,-2.1375062
agm002744209,Ti2CoTc,0.0,0.030248403549194336,0.0058611929416656,-0.51035213
agm003237230,Te16(Mo3Ru)3,0.0,0.0015707015991210938,0.0264008939266204,-0.28696164
agm003244350,CsGaAgF6,0.3886,0.002452373504638672,0.1686377823352813,-2.5346663
agm002186555,Sc(MnSi)2,0.0,0.00045561790466308594,0.0040209889411926,-0.5783763
agm003211940,KTcO4,3.1902,10.004469871520996,3.2162747383117676,-2.160027
agm003250666,KTa5Pb2O15,2.4935,5.602208614349365,2.143216133117676,-3.025227
agm002175518,BaGa2Sb2O7,3.3865,7.009084701538086,3.00856614112854,-2.2787347000000002
agm002138374,Be2CoRh,0.0,0.018906593322753906,0.0086809806525707,-0.46025398
agm005138364,Mg2BeCo5B2,0.0,0.002086639404296875,-0.0011618956923484,-0.23928829000000001
agm004941038,Sr2NbFeO6,1.8607,0.006264686584472656,1.9571199417114256,-2.98818
agm003251892,K2CaP2O7,4.896,8.521607398986816,4.840460300445557,-2.9390305999999997
agm003233035,Li7Co5O12,0.9246000000000001,0.0023589134216308594,-0.0477852523326873,-1.7837991999999998
agm003730540,KGaCl3,3.9982,5.155045509338379,3.829131603240967,-1.8261471
agm003206370,InBO3,2.6881,4.043708324432373,2.6711320877075195,-2.4641395
agm003203244,CaCl2,5.3389,8.000890731811523,5.332239627838135,-2.7922450999999997
agm005804181,La7PBr12,0.116,0.0027129650115966797,0.0177245885133743,-1.8375027
agm001611327,Ca2RhAuN,0.0,0.0029370784759521484,0.0006677210330963,-0.79812896
agm006074350,Sc5NbRu6,0.0,0.0018646717071533203,0.0032958537340164,-0.56768346
agm002344301,Mg2InRh,0.0,0.005860686302185059,0.0031514912843704,-0.37410519999999997
agm005224257,Rb3Ni2(NO3)7,2.8708,0.015845365822315216,2.831031322479248,-1.2010846
agm003743895,CuReO4,1.2679,0.9120464324951172,1.281249761581421,-1.7777151
agm005641420,La3GeTe2,0.0,0.0012278556823730469,0.5457649827003479,-1.4292951
agm003244077,Ba3(BN2)2,2.5449,2.596595287322998,1.869054079055786,-1.1858675
agm003216234,KLaGeS4,2.4501,4.900069713592529,2.1263175010681152,-1.6958115
agm003263232,HfNi2Sb,0.0,0.0016012191772460938,0.0038604438304901,-0.5292507
agm005235580,Al2NiO4,3.4732,0.0004229545593261719,3.718024730682373,-2.7200944
agm006093884,Rb(CrSe2)4,0.0,0.05955839157104492,-0.0101823955774307,-0.61701405
agm005253475,K2Cr3(ClF3)2,2.3325,0.002368450164794922,2.378655433654785,-2.670063
agm005760187,TiReMo14,0.0,0.0002696514129638672,-0.0006188750267028,-0.06374819600000001
agm005241931,NaLaFeWO6,2.2614,0.0014069080352783203,2.5999274253845215,-2.6124809
agm003213572,Sc(MnGe)6,0.0,0.002181529998779297,0.0073427334427833,-0.31567952
agm002196502,Sr5Al5In,0.0,0.0016331672668457031,0.0015739202499389,-0.28653786000000003
agm003206260,Sr(InP)2,0.2019,2.203298568725586,0.5719386339187622,-0.5978413
agm005849793,Tl2ZnF4,3.6972,0.0005549639463424683,3.599663257598877,-2.2819576
agm004778615,KLa2CuS4,1.1922,0.002578258514404297,0.5740727186203003,-2.0391521
agm003258305,Sr3(AlSi)2,0.0,0.016237258911132812,-3.14861536026001e-05,-0.41007107
agm005138322,Zr2TaB2Os5,0.0,0.013904571533203125,0.0011985078454017,-0.54218906
agm006011260,NaY3S4,0.0,0.005377054214477539,0.0620165988802909,-2.266145
agm003220255,Y5Sn3,0.0,0.002129971981048584,0.0107992216944694,-0.7728613999999999
agm006116080,KSc5Te8,0.3264,3.6664843559265137,0.5202586650848389,-1.2431488
agm006045832,Rb6MoAs4,0.529,2.3620262145996094,0.4796424508094787,-0.39564025
agm005676566,Zr2Ge4Mo3,0.0,0.002682209014892578,0.0147539377212524,-0.46523234
agm004624038,Rb3Cd2BiO6,0.9363,0.002049088478088379,1.2659907341003418,-1.531202
agm005779796,ScTi2Pb,0.0,0.0006760358810424805,-0.0016522109508514,-0.24467778
agm002164313,CaRhN,0.0,0.0028562545776367188,0.0036135613918304,-0.7293924700000001
agm003206778,NaBi3(ClO2)2,2.3935,4.279665946960449,2.3161935806274414,-1.7696958999999999
agm006089137,Na3Ge4Au,0.27040000000000003,0.0032824277877807617,0.2278669774532318,-0.20206748
agm003244627,KSn2(PO4)3,3.4366,5.630440711975098,3.4392571449279785,-2.5515797
agm003275902,Na4Ca(PO3)6,5.2087,7.05027437210083,5.047512054443359,-2.751029
agm002190217,ReTe2,0.6742,0.00429534912109375,0.0042777433991432,-0.096728906
agm004610943,Ba6P2SI3,0.0,0.0007768869400024414,1.365957260131836,-1.5981529
agm003232837,OsO3F2,2.3015,22.9742431640625,2.441227912902832,-1.7236606
agm003275869,YNb(TeO4)2,2.3859,6.919549942016602,2.814175605773926,-2.5275583
agm004755235,Cs2TlCdSb2,0.0,0.0015517324209213257,0.45524662733078,-0.36580625
agm003269929,RbBrO3,3.9851,5.546340465545654,4.165965557098389,-1.0451758
agm003211436,TaGeRh,0.0,0.005077362060546875,0.0008879974484443,-0.5476334700000001
agm005966224,Nb2GeRu5,0.0,0.006066322326660156,0.014143943786621,-0.31148055
agm002178149,Ba(P2Pd)2,0.0,0.003239154815673828,-0.0047600343823432,-0.6621164700000001
agm003207013,Nb3B2,0.0,0.003074169158935547,-0.0018588900566101,-0.6487742
agm003239401,Rb4P2PbSe8,1.6773,3.0000758171081543,1.601941466331482,-0.7362213
agm003275761,CaNb4O8,0.0,0.0013210773468017578,-0.0060963034629821,-2.9793952
agm005275856,K2WS4,1.827,5.385749816894531,1.901637077331543,-1.3618941
agm003276249,Ca7NbSi4O17F,3.6705,9.163834571838379,3.5634825229644775,-3.485429
agm003225987,ZrSnS3,1.0275,3.239039897918701,1.022219181060791,-1.4999644
agm003220199,Ta2NiS5,0.0,0.0015344619750976562,0.2093628793954849,-1.3473635
agm004668637,Cs3Bi(AsO4)2,2.4331,0.013513565063476562,3.3008570671081543,-1.9390079
agm003485217,K2PdBr6,0.7062,0.0009922981262207031,0.8044168949127197,-0.9329170999999999
agm003160956,Te,0.6231,0.7766613960266113,0.154696524143219,0.0
agm004933844,Ti6Au2NO,0.0,0.004581451416015625,-0.0188533663749694,-1.2781273
agm002151733,GaRhSe3,1.0644,0.004565000534057617,0.5748594999313354,-0.52225035
agm005929345,Zr3Si3Ni,0.0,0.0007100105285644531,0.002076044678688,-0.9297964
agm005026391,BaScAgTe3,0.40840000000000004,0.0011293888092041016,0.8003377914428711,-1.1568766
agm005134173,BeB2Mo2Ru5,0.0,0.004441261291503906,-0.0006240233778953,-0.3116235
agm003236525,Sr3SbI3,1.6977,5.543478012084961,1.732282280921936,-1.5184493
agm003224762,Sr2CoWO6,1.9814,0.0012373924255371094,1.971517562866211,-2.615281
agm001633493,LiCdRh2C,0.0,0.026147842407226562,0.0018556267023086,-0.16608995000000001
agm003237011,Hf9Mo4P,0.0,0.0011576414108276367,-0.002244547009468,-0.3117934
agm005539377,NaP,0.9253,2.205629348754883,0.9100112915039062,-0.38340969999999996
agm002768564,LiPdF2,0.0,0.005398273468017578,0.342442125082016,-2.1381648
agm004527713,Ba2InSn3Pd4,0.0,0.0012688636779785156,-0.0213907659053802,-0.69054097
agm002159717,LaMg2Ir,0.0,0.021602392196655273,-0.0022648349404335,-0.48511679999999996
agm003267995,Hf6NiSb2,0.0,0.0028083324432373047,0.0099706947803497,-0.49655839999999996
agm001344422,ZrInCuPd,0.0,0.006977558135986328,0.0195021033287048,-0.47795233000000004
agm004739112,BaNa2CdSb2,0.0049,0.0012081563472747803,0.3630870282649994,-0.613811
agm003242555,TiNb(PO4)3,2.7691,14.369140625,2.6224308013916016,-2.9695368
agm005672816,Ga(S3F)2,0.0,5.9604644775390625e-05,0.7216670513153076,-1.1893915
agm003228974,Sr3CdIrO6,0.0,0.002933979034423828,-0.0040409713983535,-2.3602822
agm002230238,RbPtIO6,1.9055,0.003461599349975586,1.417939305305481,-1.1684372
agm005236396,NaFeF3,2.9469000000000003,0.0021126270294189453,3.0805397033691406,-2.8388324
agm003157176,Mo,0.0,0.03588104248046875,0.0007439628243446,0.0
agm003211378,RbBaSb,1.066,2.6109979152679443,0.5846602916717529,-0.7738912
agm004673587,Sr3TaMn2O9,0.0,0.014937639236450195,0.0288736969232559,-2.9001644
agm005732077,V2GaNi,0.0,0.004732608795166016,-0.0026793926954269,-0.253263
agm005913481,Ca5Si2Sb,0.0,0.0013835430145263672,0.1351702511310577,-0.68329763
agm002961526,Hf2Be2Rh,0.0,0.0013451576232910156,-0.0138476192951202,-0.49162704
agm005548531,PbS8,0.2446,0.0011377334594726562,1.715089201927185,-0.42316386
agm002218961,LiMgGaPt,0.0,0.0049800872802734375,-0.0175230950117111,-0.6891944999999999
agm005971462,Ca2Sn5Pb,0.0,0.0013499259948730469,0.0122624933719635,-0.37398672
agm004526379,Ba2GaSn4Au3,0.0,0.008401155471801758,-0.0039377212524414,-0.5733197999999999
agm003219587,Al3Pt5,0.0,0.0011262893676757812,0.0089563578367233,-0.9247067999999999
agm001283295,Hf3Re,0.0,0.002227783203125,-0.0051001533865928,-0.20505421000000001
agm005574856,Li3Sn3Ir2,0.0,0.007416963577270508,0.0121864862740039,-0.3861252
agm005071493,CsMnGaF6,2.6804,0.0234222412109375,3.0867648124694824,-3.0640244
agm004581795,K2Li(RhO3)2,0.108,0.0005867481231689453,0.020888015627861,-1.5224836
agm005686787,Hf2MnCo3,0.0,0.0044689178466796875,0.0109982788562774,-0.35883835000000003
agm002312964,CrS5,0.0,5.110495567321777,0.0083747208118438,-0.6483104
agm005807128,Sc7CCl12,0.0,0.005148053169250488,0.044470127671957,-2.2143800000000002
agm003238730,Ba3LaIrRuO9,0.0038,0.016942143440246582,-0.0020454674959182,-2.539198
agm003119994,AlTlO2,2.8468,3.6745643615722656,2.472536563873291,-2.4803388
agm002172271,SrSeO3,4.2935,6.120622158050537,3.790393829345703,-2.3223542999999998
agm005028500,CsKSnO3,2.0573,0.0003032684326171875,2.5172274112701416,-1.9587352999999998
agm006098598,La(Co3Si2)2,0.0,0.0067043304443359375,-0.0020690858364105,-0.5826386
agm004755182,Rb2CdInBi2,0.0,0.002559065818786621,0.0937312096357345,-0.3075633
agm005704382,VFeTe2,0.0,0.003696441650390625,-0.0135382413864135,-0.26422086
agm004934324,Sr2CdRhO6,0.1153,0.005808353424072266,0.0054939351975917,-2.0046685
agm003231883,SeO2,3.3362,5.429403305053711,3.280823230743408,-1.1537676000000001
agm003229006,Ir(Cl2F3)2,0.0361,0.0001566670835018158,0.1562251150608062,-1.3979735
agm002169807,K2MnO2,0.9264,0.0011660009622573853,1.2215869426727295,-1.621331
agm006012530,Tl(FeSb3)4,0.0,0.0014988183975219727,0.0637865662574768,-0.031251796000000005
agm004647626,Li2V3WN6,0.0,0.0009975433349609375,0.0613493174314498,-1.0775366
agm003418988,Li3TlPb2,0.0,0.0015845298767089844,-0.0008908957242965,-0.25545597000000003
agm005805257,Y7CuI12,0.0,0.0019044876098632812,0.0345607101917266,-1.1628148999999999
agm002200961,FeGe(BO3)2,3.1309,1.2712419033050537,2.6383819580078125,-2.4015512
agm003251654,RbP4N7,3.7979000000000003,5.135984897613525,3.696429491043091,-0.7032783
agm002229165,GaSbO4,0.5912000000000001,3.084841251373291,0.9641294479370116,-2.0583813
agm002186926,Si3Pt2W,0.0,0.01127481460571289,-0.005524568259716,-0.5489078
agm005666565,Ca2AsCl,1.4189,2.906730890274048,1.468852400779724,-1.8158002999999998
agm003264049,V2PC,0.0,0.0025734901428222656,0.010971188545227,-0.68804514
agm002173780,Y4Se3O4,1.7998,1.9232590198516846,1.2315468788146973,-3.066601
agm003743932,TcRhO4,0.0,0.009185791015625,-0.0276628732681274,-1.5638343
agm003298120,TiMo4,0.0,0.003544330596923828,-0.0005965232849121,-0.15627187
agm002238414,Sc2Br3,0.6194000000000001,0.00706249475479126,0.055248886346817,-1.4207133
agm003232529,CsCuSe4,1.0912,0.0019922256469726562,1.1205201148986816,-0.43605137
agm004861094,La4SbTeAs2,0.0,0.014937222003936768,-0.0071752220392227,-1.5477452
agm003264123,NbCu3S4,1.7993999999999999,0.03939628601074219,1.6894383430480957,-0.9372558
agm005572191,Cd2Pt2O7,0.0,0.0016632080078125,0.0777248442173004,-1.1462736
agm003675689,Y6Te5C,0.0,0.0022341012954711914,0.0026986002922058,-1.209572
agm003221265,Ni(NF7)2,2.2832,3.528594970703125e-05,2.2744531631469727,-1.0032508
agm003186203,TaAlIr2,0.0,0.00553131103515625,0.0092813968658447,-0.8198207
agm002347556,NaGaSe2,1.7551,3.8268518447875977,1.63668692111969,-0.8637389999999999
agm002700059,MgRu2W,0.0,0.0005717277526855469,-0.0049213469028472,-0.15620753
agm005767863,TiBe5Au,0.0,0.0017496347427368164,-0.0032373964786529,-0.24847968
agm003247994,La3Rh4Pb13,0.0,0.002268292009830475,0.0042597651481628,-0.35246128
agm003492745,Mn(TlBr3)2,0.5179,0.0046378374099731445,1.3398947715759275,-0.70799947
agm002192987,La(ZnIn)2,0.0,0.004680156707763672,0.0038910210132598,-0.40366447
agm002150306,HfFeGe,0.0,0.001705169677734375,0.0199946835637092,-0.57393074
agm003240977,LiNi2P3O10,4.0107,0.43126487731933594,4.028473377227783,-2.306968
agm004497985,Cs2TlRh3F12,0.675,0.016867637634277344,1.800323724746704,-2.2010677
agm003284745,AsS(ClF2)3,3.7075,8.093931198120117,3.654460191726685,-1.901933
agm003247781,KLa(PS3)2,2.6912000000000003,5.1171464920043945,2.628210067749023,-1.4209778
agm003228923,Sr3LiIrO6,0.0,0.015256047248840332,0.0070106051862239,-2.5113928
agm003210946,Mn2Nb,0.0,0.002144336700439453,0.0108868032693862,-0.14679323
agm005053129,CsBaNbSe4,1.7879,4.877101421356201,1.700254201889038,-1.3331762999999999
agm003765121,Zr6TlCd,0.0,0.0005708932876586914,0.001030683517456,-0.11206716
agm005624099,K2Pt3O8,0.061500000000000006,0.0024466514587402344,1.347861886024475,-1.2316978
agm004923322,Ba2LiTcO6,1.2459,5.013865947723389,1.5230300426483154,-2.5571287
agm004992650,KLiPbS2,1.8575,4.158294677734375,2.014827013015747,-1.219045
agm003282583,Ba5Li2(TeO5)3,1.1853,7.62939453125e-05,2.40684175491333,-2.4419026
agm005637044,LiLaPd,0.0,0.0029004812240600586,0.0237641707062721,-0.56865853
agm006126305,HfSc5As6,0.0,0.004625916481018066,0.0290771722793579,-1.3344775
agm002177780,HfP2,0.0,0.3699222803115845,0.0317017138004303,-0.9278654
agm003212059,CsAl(MoO4)2,3.895,8.628838539123535,3.619076728820801,-2.4499578
agm003478549,Cs2NiBr5,0.3684,0.003710150718688965,1.2587743997573853,-1.0593191
agm002165652,BaNaAs,0.6303000000000001,1.782177209854126,0.4707750380039215,-0.8656551
agm005076169,AgTeRuO6,0.0,0.006186485290527344,0.0756478980183601,-1.2188312
agm003250652,Mg3(TaAl9)2,0.0,0.0044367313385009766,0.0066644474864006,-0.13004678
agm005548627,CsCl8,0.0,0.0006699562072753906,1.7230201959609983,-0.9108086999999999
agm003245806,Na2Pd(NO3)4,1.6622,1.9976000785827637,1.7356218099594116,-1.1695423
agm005020183,SrAs2RuRh,0.0,0.002299785614013672,0.008782360702753,-0.7647984600000001
agm005691808,Cr2Cl3F,2.1117,2.0585832595825195,0.6522181034088135,-1.8619531
agm003275589,Nb9PO25,2.1041,12.65446662902832,2.153653621673584,-3.026702
agm005254310,TlCr3Se5,0.0,0.0002455711364746094,-0.0172754824161529,-0.52988994
agm005061921,CdNiSnO4,0.731,0.002163410186767578,1.354901909828186,-1.6077721
agm003232702,SrLiBO3,4.3723,7.7932448387146,4.636081218719482,-3.001699
agm003231806,Na3BN2,1.6519,2.8223953247070312,1.652374029159546,-0.6361608
agm005726731,LaGa3Cu,0.0,0.0003832578659057617,-0.0020667016506195,-0.5573305
agm003202345,Be4CrRu,0.0,0.0012116432189941406,-0.0366025045514106,-0.33772457
agm003204122,Re5Tc,0.0,0.0018644332885742188,0.0007619112730026,-0.00429677
agm003202962,HfScGe4,0.0,0.01871466636657715,0.0093494206666946,-0.5436605
agm002243490,LaSnAu2,0.0,0.003509998321533203,-0.0041180998086929,-0.73563236
agm002323724,YInTe2,0.0,1.9861321449279785,0.3351286053657532,-0.9859547999999999
agm005071929,AlZnInF6,4.2066,0.5623688697814941,3.8957619667053223,-3.0368774
agm002171356,FeSeO3,3.4682,0.0010302066802978516,2.7665915489196777,-1.5101357
agm003709912,NaWO3,1.2812000000000001,0.0024789273738861084,1.5300803184509275,-2.1767814
agm003600455,TaCoOs,0.0,0.0013685226440429688,0.0031699389219284,-0.2839175
agm003234227,Zn2Te3O8,3.3439,0.0011718273162841797,3.329348564147949,-1.6066447
agm004673964,Ba3CaMo2O9,0.5198,0.018383562564849854,0.5167574882507324,-2.8260275999999998
agm004624618,Cs3Rb2IO6,1.5436,0.000255584716796875,1.556102991104126,-1.4845499
agm004506275,La2Ge4RuPt3,0.0,0.0018677711486816406,0.0134702213108539,-0.9242233
agm003625674,Ba2AlGa,0.0,0.007282733917236328,-0.0020000115036964,-0.30145016
agm003628843,Ca2CuPt,0.0,0.0030982494354248047,0.0034783594310283,-0.6099848
agm005599746,CsOF,0.1482,0.00013303756713867188,0.4740622043609619,-2.1107483
agm003245804,Na15Sn4,0.0,0.022296428680419922,0.0080214440822601,-0.15720983
agm002237227,ZrMnTlS3,0.0,0.23056501150131226,0.2815404236316681,-1.3257832999999999
agm002180807,Hf6Sb2Rh,0.0,0.001260519027709961,-0.0004008263349533,-0.5638101999999999
agm003211844,CsCu2ICl2,2.0318,0.002078533172607422,2.037106990814209,-1.075651
agm002244944,TiMnPt2,0.0,0.02096843719482422,-0.000802144408226,-0.7436638999999999
agm003281941,LiFeSnO4,1.6469,0.0019116401672363281,1.662562608718872,-2.0823963
agm005075558,NaTePtO6,0.0,0.002279996871948242,1.4740519523620603,-1.3878333999999999
agm003282662,Ba5Li2(WO5)3,2.306,0.00019073486328125,2.289668321609497,-2.7712173
agm005611833,La9Tl3C2,0.0,0.024270176887512207,0.0026194155216217,-0.31414637
agm003282358,SrLi(B3O5)3,5.6422,7.202764987945557,5.6685380935668945,-2.9299955
agm003237436,Co2W4C,0.0,0.011368751525878906,0.0006712079048156,-0.070129484
agm005057101,Sr4BiSbO,0.9031,2.268328905105591,1.080110788345337,-1.6295311
agm003264347,IrBr3,1.4721,0.004895210266113281,1.5451865196228027,-0.26590383
agm005080783,CaScReO6,2.2607,10.032197952270508,2.3875300884246826,-2.9551724999999998
agm003228744,NaSr3BiO6,1.7008,5.026683807373047,1.728055477142334,-2.5066667000000002
agm004544887,La2Ga2Ru2C,0.0,0.0004184246063232422,0.0608025938272476,-0.5210794
agm005842221,Ca(FeCl4)2,1.2526,0.05242466926574707,1.2804239988327026,-1.6378343
agm003229579,La3HfGa5O14,3.7195,7.703490257263184,3.668764591217041,-3.0765007
agm005529221,Cs2F13,1.29,0.0005426406860351562,2.16831374168396,-1.1838986
agm005660674,Sr2Mg12Pt7,0.0,0.004736185073852539,0.0282819718122482,-0.7390369
agm003236343,Cs6K3AlSb4,0.6786,0.0006647109985351562,0.6623622179031372,-0.44478172
agm003018735,Y2ScSi2,0.0,0.013764023780822754,0.0031899660825729,-0.7795677
agm003217270,Ca3Pd2,0.0,0.00014257431030273438,0.0045481398701667,-0.6348429
agm002176105,RbNbBr4O,1.7810000000000001,7.003298282623291,1.8413259983062744,-1.5723333
agm002230822,CsCr(MoO4)2,3.0283,0.0022194385528564453,2.6134424209594727,-2.2225776
agm003215925,Mn2CdO4,0.7021000000000001,0.04611968994140625,0.8996530771255493,-1.8577740999999999
agm003277722,Ba3(PS4)2,2.2833,5.877799034118652,2.299792766571045,-1.6709226
agm005670252,K(MnCl3)2,0.0,0.008516788482666016,1.461437463760376,-1.6424142
agm003247645,La7Ru3,0.0,0.00021767616271972656,0.0050693303346633,-0.28816685000000003
agm003048958,CsSrBr3,4.5207,6.516406059265137,4.393252372741699,-2.0187721
agm003543054,K3AlS3,2.891,5.033454418182373,2.9564390182495117,-1.5703429999999998
agm002342000,KHfTe3Pd,0.0,0.0014655590057373047,0.3598917722702026,-0.82047474
agm003247325,K3InCl6,3.5725,6.873273849487305,3.257098436355591,-2.0154943
agm002175889,KY(MoO4)2,4.0159,9.688788414001465,3.6975529193878174,-2.6057703
agm002155622,KCdSb,0.0227,0.0034689903259277344,0.136331558227539,-0.40812576
agm003202348,Be4FeSi,0.6631,1.6093254089355469e-06,-0.0403791889548301,-0.2533184
agm004492789,Rb2Zr(TeO4)3,1.5321,3.904571533203125,1.4462378025054932,-2.049858
agm002181786,KRhS2,0.9846,0.0014200210571289062,0.019092708826065,-1.0915587
agm006040042,Li3IrO4,0.0,0.004313945770263672,-0.0175422132015228,-1.8194134
agm003275984,K2Ta15O32,0.0,0.0015082359313964844,0.0470186695456504,-3.1387205
agm002293385,NaPOs,0.0,0.004480838775634766,0.0391424149274826,-0.35422894
agm005535195,Ca3Au5,0.0,0.03700733184814453,0.0101355090737342,-0.7629303
agm004940363,Cs2KLaI6,3.2115,5.697589874267578,2.923018455505371,-1.5543463
agm005036105,CsLiHfTe3,0.5809000000000001,3.2045962810516357,0.7714675664901733,-0.99090034
agm003211956,SbPdSe,0.0,0.013890743255615234,-0.0090746581554412,-0.41736344000000003
agm003274322,VClO,1.5826,0.0017404556274414062,1.623990774154663,-2.1570349
agm004534927,Ba2Li3ZnBi4,0.0,0.0028487592935562134,0.0307763405144214,-0.6469251500000001
agm003231920,NbBiO4,2.4979,5.025589942932129,2.5373754501342773,-2.527463
agm005685002,Ba2Sr3Bi4,0.0679,0.9497957229614258,0.0238234102725982,-0.92011535
agm002245465,VGaRh2,0.0,0.004803180694580078,-0.0119357407093048,-0.5471315999999999
agm002643982,Be2NiIr,0.0,0.02409648895263672,-0.0016415230929851,-0.57664406
agm004627387,Ba6RhBr3N2,1.5230000000000001,0.0008476972579956055,0.6489555835723877,-1.1670095
agm002133728,SrAl2Pd,0.0,0.00623929500579834,0.0144248008728027,-0.62187934
agm005534204,Y4Ir3,0.0,0.0016226768493652344,0.0057709366083145,-0.7807597
agm003453018,Y(TaN2)2,0.0,0.11064109206199646,-0.0340124070644378,-1.5435688
agm003216025,Rb2Cd(IBr)2,3.1646,0.001191854476928711,2.7173166275024414,-1.2677551999999999
agm002202254,Sr4Rh3C5,0.0,0.0012164115905761719,0.152774229645729,-0.15035832
agm004951397,Ca2MgIrO6,0.0,0.004435539245605469,0.0062239095568656,-2.4950168
agm005660667,ScTcGe,0.0,0.0013911724090576172,0.0093250349164009,-0.613348
agm005849439,K2PbBr4,3.187,4.069635391235352,2.877285957336426,-1.4110482
agm003453705,Sc4SbS2,0.0,0.011102378368377686,0.0361582078039646,-1.5994022
agm005922698,Nb2CCl2,0.0,0.01757955551147461,0.150947630405426,-1.2094289
agm003225833,NaLaMgWO6,3.5243,6.479636192321777,3.5274500846862793,-2.8919528
agm005588264,Na2TcCl6,1.0272000000000001,0.0028072595596313477,1.514076828956604,-1.6050464
agm003211284,La2NCl3,3.463,6.575376510620117,1.5470914840698242,-2.579079
agm006134028,Ta6ReTc5,0.0,0.0021238327026367188,-0.0029877871274948,-0.48505554
agm003588438,K3BiF8,1.4004,6.7159104347229,3.4130616188049316,-2.7069378
agm003284060,B3Pb10Br3O13,2.4736000000000002,4.662520408630371,2.427934169769287,-1.8094728
agm006057422,Ti4Re3Pt,0.0,0.003859996795654297,-0.0076495558023452,-0.589438
agm002694433,LiSc2Ru,0.0,0.0033487677574157715,0.002467356622219,-0.36439702
agm002168079,YGa3Ni,0.0,0.0015492439270019531,0.0007634535431861,-0.5924957
agm002264603,Y3Co2Ge7,0.0,0.020823001861572266,0.00287626683712,-0.6152194999999999
agm002239804,LaTe2Se,0.0,0.012382745742797852,-0.0006894469261169,-1.2558188000000001
agm005921748,Sc4Pd3Ru,0.0,0.0068209171295166016,-0.0007804706692695,-0.8656068
agm002284677,K2LiAlBi2,0.5257000000000001,0.6524491310119629,0.5997366905212402,-0.40426487
agm003231961,Sc2Pd,0.0,0.0010292530059814453,0.0059603527188301,-0.65570647
agm005914495,La5SnRu2,0.0,0.004020065069198608,-0.0001268237829208,-0.45388705
agm002152251,LaGe3Pd,0.0,0.014096260070800781,-0.0021157264709472,-0.6942754999999999
agm003250339,Zr(TlS)4,1.5651000000000002,3.0651257038116455,1.0624836683273315,-1.0813149
agm003241351,Rb2LiNbS4,2.3709,5.614326000213623,2.30430006980896,-1.5642982
agm003262911,TcRu3,0.0,0.03363609313964844,-0.000127226114273,-0.06812486
agm005726876,LaGa3Pd,0.0,0.0019870996475219727,0.0093516707420349,-0.7609187
agm003251617,VF5,3.0014,29.446619033813477,3.023258686065674,-2.8326764
agm003268172,Li5(CuGe)2,0.0,0.002861618995666504,-0.0056804418563842,-0.30785865
agm001907060,Zr2Cd,0.0,0.01271677017211914,0.0107060223817825,-0.11822837
agm003229192,Nb3I8,0.08950000000000001,0.00234222412109375,0.123532623052597,-0.50980794
agm004802968,Hf2MgZnRh4,0.0,0.028517723083496094,-0.0121749639511108,-0.8661736999999999
agm006067229,Ti5NbIr6,0.0,0.005221366882324219,0.011382982134819,-0.8309884
agm002270706,HfCoF6,3.2054,0.007145881652832031,3.195838451385498,-3.5358286
agm006071212,MgSc5Pt6,0.0,0.0015268325805664062,7.721781730651855e-05,-1.1977437
agm003248949,Rb4Zr3Se14,1.4752,3.2410175800323486,1.486203670501709,-1.0391403
agm003601690,NaSbPd,0.0,0.003006458282470703,0.0090281516313552,-0.49417588
agm005065356,SrTaGaO5,3.4995,8.117073059082031,3.815120697021485,-3.1363986
agm003644476,Ga4Rh5Au,0.0,0.0015468597412109375,0.0069268196821212,-0.5551041999999999
agm005016366,SrMgAgGe2,0.0,0.009355783462524414,-0.0219283923506736,-0.43217316
agm004668438,KRb3(TcO4)2,0.0,0.0027199983596801758,2.2937450408935547,-2.0670846
agm003282578,Li2Al(BO2)5,5.6166,7.433737754821777,5.658742904663086,-2.9106598
agm004976124,CrGa2MoO6,1.9493,0.3262643814086914,1.4552916288375854,-2.2284417
agm003216090,KLi6TaO6,4.3868,0.0013093948364257812,4.478298187255859,-2.492578
agm005768127,YP2Ir3,0.0,0.000766754150390625,0.014458954334259,-0.8626712999999999
agm004703315,Ba4Cd(BiO4)3,0.0,0.0012791156768798828,0.0163100138306617,-2.167118
agm004737743,Li2ScAlGe2,0.0,0.0034990310668945312,0.0084792226552963,-0.50612175
agm005091191,ScTlVCl6,0.9843000000000001,0.0008920431137084961,0.94305682182312,-1.9614011
agm005571238,La2Pb2O7,0.9973000000000001,3.53889799118042,1.396981716156006,-2.580675
agm003211999,HfNbP,0.0,0.014580488204956055,0.0111154615879058,-1.0374646
agm003245735,Na2Te4MoO12,2.5874,5.195953845977783,2.7240407466888428,-1.7612381
agm003232249,KBaAsSe3,1.6353,3.4572792053222656,1.3263657093048096,-1.1179323
agm002258791,Hf3PC,0.0,0.007569670677185059,0.0204239785671234,-1.0337242
agm002428474,Y3SnC,0.0,0.03504312038421631,-0.0070684254169464,-0.6601025500000001
agm002184500,ScGePt2,0.0,0.007872581481933594,0.0054785534739494,-0.99337244
agm003124083,KYO2,4.0565,0.0005426406860351562,3.983774900436402,-3.0975306
agm003194476,Nb3Au2,0.0,0.0036530494689941406,0.0038504898548126,-0.16365428
agm005923835,Y3CdRh4,0.0,0.002719879150390625,-0.0001217201352119,-0.7188245999999999
agm003230527,MoF5,2.0504,0.00015926361083984375,1.9301849603652952,-2.7168745999999997
agm003647302,Sc5PdRh4,0.0,0.0007088184356689453,-0.0016343779861927,-0.9978052
agm006041361,La4CuCl3,0.0,0.0054476261138916016,0.0108168795704841,-1.4771341
agm005051688,CsBeInBr4,3.3287,4.416502952575684,3.539074659347534,-1.1791314
agm006035681,Tl3RhO6,0.0,2.9934287071228027,-0.0383588522672653,-1.1525713
agm003226928,La2Ge5Ir3,0.0,0.0010013580322265625,0.0027196742594242,-0.77827334
agm002150024,ZrFe4Sn,0.0,0.0016956329345703125,0.0067218244075775,-0.19623892
agm002211115,NiRuF6,0.0,0.010059356689453125,0.3555419743061065,-2.0699518
agm003226938,TlBi(PS3)2,1.9933,2.7002532482147217,2.1121268272399902,-0.7422833999999999
agm002210645,RbIF6,4.0712,5.889317989349365,3.688621044158935,-2.3117871
agm003238433,Sr9Zn4(CuO7)2,1.7722,2.288818359375e-05,1.788089394569397,-2.4960383999999998
agm004581120,Mg2Ag2TeO6,1.1221,3.4809112548828125e-05,0.8164143562316895,-1.8201567
agm003236737,Ge3N4,2.0061,5.784491539001465,2.025022268295288,-0.26409742
agm001378020,LiNbAlIr,0.2723,0.00860285758972168,0.0028944537043571,-0.6677819500000001
agm003219515,Y3Ir,0.0,0.0011839866638183594,0.0113166719675064,-0.56543934
agm003435903,Ti3Re2Pd,0.0,0.002067089080810547,-0.0033652186393737,-0.5246898999999999
agm003267932,Fe(SiP)4,0.9978,0.018151402473449707,1.051062822341919,-0.28347436
agm005865346,V12Ge3Rh,0.0,0.0024766921997070312,-0.0014016479253768,-0.33135247
agm003571532,Cs3AgF6,0.6689,0.002408266067504883,0.3117046952247619,-2.3938217
agm005608640,CdSN,1.8425,31.67401885986328,1.7624120712280271,-0.6859813
agm003258306,LaIn5Rh,0.0,0.013481497764587402,0.0059367716312408,-0.46847618
agm005072032,KLiReF6,1.8698000000000001,0.006113529205322266,0.4687840640544891,-2.793648
agm005935695,Co2Te4Pd,0.0,0.0055522918701171875,0.0276103764772415,-0.25812283
agm002229869,Ba2NbCrO6,2.4085,0.0028342008590698242,1.5151607990264893,-3.0627093
agm003275145,NaPO3,5.0826,6.640793800354004,4.9190673828125,-2.642824
agm003244327,Ba2Tl2O5,0.6576000000000001,3.466488838195801,0.9232702255249025,-1.964054
agm002136156,SrAs3,0.0,2.0482993125915527,-0.0041434019804,-0.609404
agm002744530,Ti2MoIr,0.0,1.6689300537109375e-06,0.0002427995204925,-0.6283244
agm001236110,SiPdRh,0.0,0.025531768798828125,0.0007831752300262,-0.72586155
agm005840251,Hf3AuC,0.0,0.004262447357177734,-0.0039423406124114,-0.6905568999999999
agm002214525,Sr2AgGe3,0.0,0.0022280216217041016,0.0070558860898017,-0.52491426
agm005689390,CsRu2S3,0.14070000000000002,0.0030694007873535156,0.1437077075242996,-0.95439184
agm003238465,Ti6Al16Pt7,0.0,0.0040967464447021484,0.0090529024600982,-0.8167164
agm005787102,KS5Cl,1.9227,4.412391662597656,1.9052048921585083,-0.9721335
agm002187593,HfSiW,0.0,0.006620168685913086,0.002748891711235,-0.63083535
agm002143690,Cs2PdCl6,1.4336,0.0008826255798339844,1.6241858005523682,-1.5917257
agm003206812,Rb2NaCoF6,2.6345,0.002782106399536133,1.4493311643600464,-2.7480721
agm003194269,BaGeAu3,0.0,0.06385135650634766,-0.010441854596138,-0.5126847999999999
agm003303637,Mg2Ga3Rh2,0.0,0.0014557838439941406,0.0005690827965736,-0.5456371999999999
agm005052901,RbPPbSe4,1.5507,2.501413583755493,1.583952784538269,-0.5601105
agm005767873,TiBe5Pd,0.0,0.0034536123275756836,0.0121529698371887,-0.3534769
agm002779681,CrBiS2,0.0,0.0021058320999145508,0.0906214416027069,-0.8549027
agm005922680,Zr3Zn3O,0.0,0.00223541259765625,0.0088543035089969,-1.0587703
agm005802771,CsHfCl14,0.5305,0.00014448165893554688,1.2822778224945068,-1.3238138
agm003217830,La4Cu4Se3SO4,1.5786,0.001682281494140625,1.3326833248138428,-2.2525508
agm003353895,Tl2Sn3Br8,2.2038,3.5946543216705322,1.8625892400741575,-0.8009997600000001
agm003212130,KAs4BrO6,2.7649,5.879973411560059,2.707189559936523,-1.6688255
agm005567504,Sc5(TlBi)2,0.0,0.0014533400535583496,-0.0036013647913932,-0.47505224
agm006082284,Y4Te3Rh,0.0,0.0014209747314453125,0.0546101629734039,-1.2110585
agm001051024,HfMnAs,0.0,0.0014920234680175781,0.0048621892929077,-0.68730223
agm003215362,Na(TeMo)3,0.0,0.0001741647720336914,0.001507930457592,-0.41153246
agm005714155,La3Sb5Pd6,0.0,0.004304409027099609,0.0091833174228668,-0.927396
agm003250708,SrMo2(PO4)4,2.3813,1.2325984239578247,2.3859620094299316,-2.6400091999999997
agm003274359,Rb2MgO2,2.3546,0.0007925033569335938,2.4448564052581787,-1.9156828
agm005087740,LiInCoF6,2.7962,0.0006165504455566406,2.893622636795044,-2.786328
agm005693399,Ba(S3Cl)2,2.2928,5.3340301513671875,2.6183252334594727,-1.2812078
agm003249708,Zr(Se2Cl3)2,1.2486,1.7537345886230469,1.2566101551055908,-1.236223
agm005872870,Zr2NbIr9,0.0,0.056858062744140625,0.0018060654401779,-0.6846080999999999
agm005972539,Ba2Cd2I,0.0,0.0052433013916015625,0.3788641393184662,-0.7751353
agm005252618,Rb6Fe2O5,1.2384,0.0008772611618041992,1.2543500661849976,-1.4951915
agm005220645,LiMn6P7O24,3.3572,0.0010647773742675781,3.6316301822662354,-2.6012983
agm003568598,Na3GaF6,5.8796,9.807502746582031,6.011133670806885,-3.048504
agm002144367,CoGe,0.0,0.024506568908691406,-0.0008539259433746,-0.22102247
agm002748379,VGaFe2,0.0,0.013100147247314453,-0.0088522881269454,-0.29541156
agm004931588,Ba2Ga6CoIr,0.0,0.0074395835399627686,-0.0017879754304885,-0.45451909999999995
agm005753687,TlSeF5,3.5631,2.9017953872680664,3.4078314304351807,-2.122877
agm002238647,Sc6MnAs2,0.0,0.001473069190979004,-0.0013537108898162,-0.6918478
agm002218776,LiTl2CrF6,3.0192,0.0001513957977294922,3.0736143589019775,-2.6983783
agm003436150,Hf3Tc2Pt,0.0,0.0005745887756347656,-0.0031671375036239,-0.7706857300000001
agm003249881,K5Ti3F14,0.2501,0.001141667366027832,0.2480236589908599,-3.4521217
agm002203167,Ca2GePt3,0.0,0.0011816024780273438,0.0136122889816761,-0.94832385
agm005800608,GeSeN2,2.2106,1.8454301357269287,1.248765468597412,-0.27441972
agm005018942,LiCaAlSi2,0.0,0.0318605899810791,0.0693787857890129,-0.36264214
agm002292059,Zr3SiN,0.0,0.01162862777709961,-0.0036026164889335,-1.2542859
agm002220233,CaMgGa3,0.0,0.012758731842041016,-0.0022014677524566,-0.37652278
agm003215874,Ti4CoBi2,0.0,0.0010461807250976562,-0.0002223700284957,-0.31535318
agm004550411,RbLi2(CuAs)2,0.0,0.00045108795166015625,0.0785993337631225,-0.4332141
agm002387672,LaPRhO,0.0,0.016535282135009766,0.1570668518543243,-2.2597473
agm005074679,ScTlGeBr6,2.6029999999999998,2.9408421516418457,2.693328857421875,-1.1495413
agm005716452,Y11Tl9Pt4,0.0,0.0004387497901916504,0.0086962915956974,-0.6882484999999999
agm005828265,Cs(TlAu)2,0.0,0.0010182857513427734,0.0065897703170776,-0.18839137
agm003247761,Ba2CaV2CuF14,0.761,9.679794311523438e-05,0.5938329696655273,-3.4878423
agm003228694,Ta2Pb2O7,2.8105,4.868256092071533,2.4737958908081055,-2.7299633
agm005768895,AgPO4,0.7051000000000001,1.876978874206543,0.4575743675231933,-1.7248876
agm005999767,BeV3Os4,0.0,0.0005040168762207031,0.0049959309399127,-0.297192
agm005583448,Tl2WF6,3.577,0.005701661109924316,2.4639551639556885,-2.532696
agm003236595,Ni4B3,0.0,0.005879402160644531,0.00326469540596,-0.27867565
agm005624954,K2AgCl3,2.9518,0.003506898880004883,2.930677890777588,-1.7521211
agm003662749,Ca(Si2Ni3)2,0.0,0.0041255950927734375,0.0068360865116119,-0.5974309999999999
agm005600721,TaBeCo,0.0,0.005337715148925781,0.0031762942671775,-0.3083904
agm003250795,Mg3(Al9V)2,0.0,0.002512335777282715,-0.0045351535081863,-0.14563914
agm003337557,Y3(NiGe2)2,0.0,0.00022363662719726562,0.0016279444098472,-0.7875772999999999
agm004716405,Ba8Pd3PtI4,0.0,0.0024496912956237793,0.4000270068645477,-1.0314629
agm002189301,Sr2Cd,0.0,0.008144736289978027,0.0223079323768615,-0.23652409
agm002189433,SrCdSn,0.0,0.0028753280639648438,-0.0087313428521156,-0.5420465999999999
agm001191623,ScCo,0.0,0.0009241104125976562,-0.0015625357627868,-0.3542394
agm004711176,La8GeAs3Se4,0.0,0.009479761123657227,0.012874498963356,-1.7544959
agm003645376,Hf5ZnOs4,0.0,0.0006380081176757812,-0.0007547289133071,-0.61055905
agm004874094,CsLa(SeO4)2,3.9719,8.677244186401367,1.0435292720794678,-2.036509
agm005021661,BaTcNiP2,0.0,0.0037326812744140625,-0.0004731640219688,-0.8396081
agm005244271,Ba3Bi2RuO9,0.39980000000000004,0.006620943546295166,0.0944163352251052,-2.2217772
agm003232276,RbCOF3,6.1903,9.117411613464355,5.95147705078125,-2.3361921
agm004620360,La6Os2PdI3,0.0,0.0008548498153686523,0.0211973041296005,-0.83954513
agm005269470,Cs5CaNi4F15,5.4156,0.009760856628417969,5.075860023498535,-2.7644868
agm005257452,Li2MnP2O7,4.3259,0.00022912025451660156,4.254495620727539,-2.6729095
agm003234137,SrCo2(PO4)2,2.8641,0.00186920166015625,2.8579418659210205,-2.5903971
agm005817784,Cs2BeO2,2.3163,0.0009975433349609375,2.2618846893310547,-2.0619001
agm006116473,Hf6Fe5Tc,0.0,0.0008151531219482422,0.0052768290042877,-0.36012316
agm004545350,Sc2Ga2Fe2C,0.0,0.0003864765167236328,0.0108224265277385,-0.44095808000000003
agm004497473,KRb2Rh3F12,0.8407,0.002857685089111328,2.114187240600586,-2.3086572
agm004739096,Na2CaCdAs2,0.17550000000000002,0.006439387798309326,0.6564370393753052,-0.67339724
agm005885907,Ba3InSb3,0.2189,2.2092370986938477,0.5614180564880371,-0.88411987
agm002361627,Ta2ReB2,0.0,0.015970230102539062,-0.0137951672077178,-0.6944947
agm005776838,TaNbW14,0.0,0.0026416778564453125,0.0032459944486618,-0.053068172000000004
agm003236572,La3SiBr3,0.0,0.0016489624977111816,-0.0071161985397338,-1.5073366
agm005923774,Ba3Na3Au,0.0,0.007350564002990723,0.0247087329626083,-0.25655997
agm002146522,ZrCuGeAs,0.0,0.0107421875,-0.0055606067180633,-0.5955606
agm003216332,La4Sb3,0.0,0.0027862191200256348,-0.0002651736140251,-1.1411221
agm005051337,CsRbCdBr4,3.3214,0.0020977258682250977,3.0850656032562256,-1.414119
agm001361760,MnVGaIr,0.0,0.004606723785400391,-0.0112824663519859,-0.37678826
agm005229239,Ba3Y2MoO9,1.6116000000000001,4.782885551452637,1.7972606420516968,-3.1904316
agm003708347,InGaI3,2.2285,2.539259910583496,2.2734110355377197,-0.48776993
agm003771179,KZnGa6,0.0,0.007792085409164429,-0.0143994987010955,-0.11251495
agm006049198,Cs(SN)4,0.231,3.3855438232421875e-05,1.4349879026412964,-0.64748406
agm004534884,Ba2Li3ZnSb4,0.0,0.0010143518447875977,0.0320584923028945,-0.75438595
agm002219468,LiZnSnIr,0.0,0.0058689117431640625,0.0248653963208198,-0.35494503
agm003222653,K2PtI6,0.8953000000000001,0.0012658238410949707,0.5409717559814453,-0.74289674
agm003242785,Zr4Cd(PO4)6,3.7579000000000002,0.0023012161254882812,3.7834279537200928,-3.1137571
agm002026351,TcOs,0.0,0.04391002655029297,-0.0063091218471527,-0.08554534
agm003345881,Y2Ga5Co3,0.0,0.002158641815185547,-0.0068948864936828,-0.50842774
agm003204635,Nb(SeBr)2,0.9833000000000001,0.13404357433319092,1.0089643001556396,-0.75530416
agm002179059,SrPAu,0.3492,0.004286289215087891,0.1492226123809814,-0.9104593999999999
agm005627913,Rb2HfS3,2.0637,4.877471923828125,2.3609001636505127,-1.8344774
agm003628283,LaInAu2,0.0,0.007582664489746094,-0.0051604136824607,-0.7099679
agm002244843,TiCuGe2,0.0,0.03232288360595703,0.0087227821350097,-0.34671956
agm003186731,Sr2BrN,1.8198,3.75589656829834,1.843538761138916,-1.3815348
agm003058175,RbPbCl3,2.7241,4.492297649383545,3.0268282890319824,-1.8650334
agm003231811,Cs2CO3,3.1508,0.00013828277587890625,3.479320526123047,-2.0830874
agm002298891,Ba2CrSbO6,1.003,0.017065048217773438,0.5126338005065918,-2.6010258
agm002192965,Ba(ZnGe)2,0.0,0.0032129287719726562,0.0001813694834709,-0.38199538
agm004506729,Sr2ZnGe3Pt4,0.0,0.006699085235595703,-0.0069127976894378,-0.7979331
agm003216228,K3GaO3,2.5739,0.000354766845703125,2.752511978149414,-1.9030141999999999
agm005072511,CsInFeF6,2.4768,0.004171848297119141,3.679434537887573,-2.9012487
agm003282489,LiZr2(PO4)3,4.2436,10.074358940124512,4.283519744873047,-3.1728609
agm003207217,VF4,2.2511,0.029188156127929688,1.7487860918045044,-3.0211084
agm003621766,Tc2BMo,0.0,0.011416912078857422,-0.0118680298328399,-0.2899045
agm001613642,LiSc2GaO,0.0,1.4450608491897583,0.0324439704418182,-1.6559534999999999
agm001827893,YTl3,0.0,0.022114276885986328,0.0345333963632583,-0.25071752
agm005773871,AlSi2Os3,0.0,0.014760017395019531,0.0120171532034873,-0.40472314
agm003435698,Ti3Mn2Pt,0.0,0.003437042236328125,-0.0035364478826522,-0.538283
agm002134103,TiAl3,0.0,0.0008790493011474609,0.0046223402023315,-0.40534407
agm003263241,TaPbS2,0.0,2.3245811462402344e-06,-0.0022318363189697,-1.2078129
agm002201261,La(BeN)2,0.0,0.008256793022155762,0.8348431587219238,-1.2538718
agm005574924,Li3Al2Au3,0.0,0.0012857913970947266,0.0104037523269653,-0.54112643
agm005966941,Hf5Sn3N,0.0,0.006159782409667969,0.0345540046691894,-0.7497178999999999
agm005947990,Al2Fe5Si,0.0,0.0021009445190429688,0.0057729184627532,-0.33453187
agm001171342,TiBe4Re,0.0,0.0023832321166992188,0.006925955414772,-0.408199
agm002204857,TlCl3,2.2389,3.6462631225585938,2.190558671951294,-1.1100119
agm003236860,KCa(PO3)3,5.0536,9.55019474029541,5.035772323608398,-2.8981357
agm006033034,Rb3CrO4,1.1492,0.008424758911132812,0.1539718359708786,-1.9609902
agm002139387,CaNiC2,0.0,0.0028705596923828125,-0.0223300606012344,-0.16093768
agm003206387,Ca3GeO,0.1539,1.3073811531066895,0.1772569715976715,-1.7086587
agm002158077,LiMgInPt,0.0,0.009729385375976562,-0.010964810848236,-0.63804346
agm003247291,LiV(SiO3)2,2.084,0.6000168323516846,1.8732733726501465,-2.9680869999999997
agm003237467,K2NaTlO3,1.2762,3.754589080810547,1.2490020990371704,-1.4443103
agm004746044,SrLa(PPd)2,0.0,0.0053653717041015625,0.0025899186730384,-1.1717658
agm002270625,TlRhF4,0.6252,3.8822853565216064,1.336226224899292,-1.9572564
agm003260623,AlCr4GaC2,0.0,0.0031785964965820312,0.0026726424694061,-0.16811019
agm003212202,LiSi2N3,5.0544,5.545984745025635,5.052563667297363,-1.335813
agm003186712,Sc2TlTc,0.0,0.0012983530759811401,-0.0016578920185565,-0.29977825
agm003219469,Li2MgGeO4,3.7961,7.987539291381836,3.966553688049317,-2.5302215
agm002366860,Rb3VOF5,2.8321,0.012387752532958984,2.8107781410217285,-2.9955168
agm001361105,LiZrGaPd,0.812,0.0018246173858642578,-0.0009947568178176,-0.6249237
agm004591767,InBi2P2Pt7,0.0,0.00336456298828125,0.0066896677017211,-0.45564875
agm002179016,CdPSe3,1.134,0.0028276443481445312,1.2798168659210205,-0.3144069
agm003281559,Li5AlO4,4.6707,7.758033275604248,4.650172710418701,-2.4949222
agm005788800,Hf3TlTc2,0.0,0.0019369125366210938,-0.0058337375521659,-0.35318962
agm005086510,LiCuAgF6,0.0,0.00040721893310546875,0.2887032032012939,-1.9656284
agm001119621,CaHfPt2,0.0,0.01033639907836914,-0.0051073879003524,-1.0410284
agm005062263,MgGaRhO4,0.484,0.0047185420989990234,1.3425923585891724,-2.1114817
agm002203882,CaIn4Pd,0.0,0.011841684579849243,0.0023806393146514,-0.42890343000000003
agm002228556,K2PbO3,1.1073,0.02864360809326172,1.115159034729004,-1.6020455
agm002155695,KGaSe2,1.7005,4.646332740783691,1.753148317337036,-0.97110045
agm005072099,BaNaScF6,6.9508,12.053505897521973,6.369795799255371,-3.9948633
agm003263592,Nb3Pt,0.0,0.00914764404296875,0.0171791017055511,-0.41170835
agm003223864,Rb2Sr(PO3)4,5.5523,8.254117012023926,5.443463325500488,-2.8411229000000002
agm003274683,K2Rb4Fe2O5,1.3294000000000001,0.0035088062286376953,1.4372544288635254,-1.5239323
agm005842739,Sc2NiOs3,0.0,0.0035877227783203125,0.0183956027030944,-0.41810885000000003
agm003274342,Na2CrO4,2.9011,6.900938987731934,2.8520970344543457,-1.9969725999999999
agm004583825,Hf2Tl2SnTe6,0.8674000000000001,0.9619367122650146,0.1973330378532409,-0.5943151
agm002156982,Li3PS4,3.2236000000000002,6.7480244636535645,2.847862720489502,-1.2827373
agm003085272,KInPb,0.0,0.01057291030883789,0.0334575176239013,-0.19095604
agm005048623,RbYGeS4,2.1231,4.90765905380249,2.4154052734375,-1.6301378
agm005924307,VSe4I,0.2139,3.117924928665161,0.6387985944747925,-0.38958129999999996
agm005267222,Ba6CdAg2(SnS4)4,1.7045,0.0008673667907714844,1.7572765350341797,-1.5208018
agm001029544,FeAsSe,0.5247,0.004574775695800781,0.3429071307182312,-0.33234277
agm005130951,Zr2TiBe2Ir5,0.0,0.0019469261169433594,0.0076730027794837,-0.8966181
agm006022829,Y3ScO6,4.5468,7.915612697601318,4.322966575622559,-3.9772232
agm003200258,FeGe,0.0,0.02925586700439453,0.0035436190664768,-0.1260034
agm005760834,CaLaB12,0.0,0.003825664520263672,0.0123736858367919,-0.48673406
agm003215761,Rb3InS3,2.2846,4.7609357833862305,2.276963710784912,-1.33663
agm005074229,KCaBiCl6,4.1935,5.785879611968994,4.066258430480957,-2.1079152
agm004878617,RbLaCr2O8,2.7774,8.215425491333008,1.579723238945007,-2.3500774
agm003284695,RbInF3,1.8344,3.0554285049438477,3.487614631652832,-2.7848523
agm005237196,Te10Mo3I10,1.2282,0.11410021781921387,0.4425099790096283,-0.22933704
agm005134296,Zr2AlB2Ru5,0.0,0.010865211486816406,-0.0084019973874092,-0.6660064
agm003245184,Mn3V6(FeO6)4,1.4825,0.0019192695617675781,1.626220464706421,-2.2158453
agm005243427,CsCrFeF6,1.5584,0.001384735107421875,2.166628360748291,-3.0185947
agm003239584,Mo2SBr2,0.9627,0.005126476287841797,0.9758744239807128,-0.82038665
agm006066469,Sc5NbC4,0.0,0.0004500150680541992,0.0141125619411468,-0.5223403
agm002238212,BaSb,0.562,1.6551306247711182,0.0524868369102478,-0.9956784999999999
agm003201982,YCoC,0.0,0.003085613250732422,0.0084408223628997,-0.31425944
agm002177959,Sc(CuP)2,0.0,0.011353015899658203,0.0365513563156127,-0.67086804
agm002201342,ScBeGe,0.0,0.01810455322265625,0.0168980583548545,-0.59483844
agm006041596,K(GePt)4,0.0,0.003222942352294922,0.001642920076847,-0.50467765
agm003210613,HfSiO4,5.3227,11.476875305175781,5.036659240722656,-3.658981
agm003247790,NbTl(BO3)2,3.32,4.736619472503662,3.3528857231140137,-2.6934361
agm002645606,BeGaRh2,0.0,0.0414276123046875,-0.0067023932933807,-0.67732126
agm004938085,KScTl2F6,4.602,5.699393272399902,4.199566841125488,-3.1744404
agm002536494,Mn3GaN,0.0,0.007164955139160156,0.0082891881465911,-0.36258182
agm003221288,La(As3Os)4,0.0,0.001057744026184082,0.2845287919044494,-0.37291932
agm006071408,Mg6PdPt5,0.0,0.0010666847229003906,0.0021694041788578,-0.8578534999999999
agm001125151,Sc2CdGa,0.0,0.00484156608581543,0.0004510954022407,-0.45571629999999996
agm004786887,Zn2GaPN4,2.3249,0.0010075569152832031,2.62048602104187,-0.6095499400000001
agm001121875,V2CrRu,0.0,0.0010867118835449219,-0.006319060921669,-0.27310076
agm005850605,K2SnI4,2.3983,2.49895977973938,2.1358306407928467,-1.0699837
agm006088879,Mg5SnRh6,0.0,0.0002455711364746094,0.0084535777568817,-0.5681495999999999
agm003237246,K(GeAs)3,0.9023,2.937208890914917,0.8695981502532959,-0.21622376000000001
agm003258663,Ca3PCl3,1.8425,5.171730041503906,1.847735285758972,-2.266886
agm002143033,RbVCl3,0.8023,0.00170135498046875,0.0435476899147033,-1.8514156
agm003201518,LaGeIr,0.0,0.016896724700927734,-0.0092214792966842,-0.8494115999999999
agm005678630,NaSrGe2,0.0,0.003141641616821289,0.2151648551225662,-0.40312213
agm005848634,Fe(TcO4)3,2.3761,0.00012302398681640625,1.9127440452575684,-1.8738242
agm005738233,LiAgF5,0.9549000000000001,0.0013446807861328125,0.5298551917076111,-1.7782518
agm005018469,YMnSi2Os,0.0,0.0016036033630371094,0.0078397691249847,-0.70695806
agm005808672,La4InIr,0.0,0.00441490113735199,0.0017679780721664,-0.5270572
agm005242578,Zn3(PO6)2,1.3485,0.0003266334533691406,0.1673484444618225,-1.8810421
agm002168512,NiSb,0.0,0.03027629852294922,-0.0124806463718414,-0.2714853
agm002066298,GaIr,0.0,0.016654491424560547,0.0033505111932754,-0.3935905
agm002321733,Cs3TaTe4,1.6571,4.737802982330322,1.5815314054489136,-0.82072586
agm005948292,Sc3CoBr3,0.0,0.004477500915527344,0.0468372106552124,-1.1405435
agm002148192,ClF5,3.2174,8.99473762512207,2.9693374633789062,-1.0893137
agm003210965,TiO2,2.6969000000000003,13.836334228515625,2.683530569076538,-3.503606
agm005993640,LiAl3Rh4,0.0,0.0015649795532226562,-0.0136322602629661,-0.9442826
agm006089947,Rb3AgPb4,0.49360000000000004,0.001584768295288086,0.0730080232024192,-0.19848657
agm005078191,LaScTeO6,3.2418,5.743248462677002,2.83004379272461,-2.9675485999999998
agm002182668,Rb2Co3S4,0.7492000000000001,0.0012602806091308594,0.1044091880321502,-0.9692506999999999
agm003273228,ScCrGe2,0.0,0.002004861831665039,-0.0013739541172981,-0.48760372
agm003244580,KAu(NO3)4,1.9729,2.577953815460205,2.0584042072296143,-1.011177
agm002239425,Zr(SeI)2,1.1738,4.319241523742676,0.804202675819397,-0.8949224
agm003251670,Rb5Ta(TlAs2)2,1.4758,1.725111961364746,1.424411654472351,-0.44041252000000003
agm005837950,Cs2TlPd2,0.0,0.004274725914001465,0.1480461657047271,-0.16925633
agm002389517,InGaF6,4.319,8.001529693603516,4.30333137512207,-2.9067922
agm003249817,K2(ReSe2)3,1.1559,0.0019333362579345703,1.255718231201172,-0.67609036
agm003436146,Hf3Re2Pt,0.0,0.03572845458984375,-0.0044684261083602,-0.65219706
agm001116654,Ti2CrRh,0.0,0.012829303741455078,0.0006222426891326,-0.48133922
agm003202576,CrMoO4,0.6739,0.0015101432800292969,0.6915832757949829,-2.2175758
agm003220058,Rb3Ge4Au,0.9923000000000001,0.0009655952453613281,0.9043755531311036,-0.26995959999999997
agm003645378,Zr5ZnOs4,0.0,0.0015854835510253906,0.001520249992609,-0.48126579999999997
agm003231924,AsPO4,4.5871,7.725925445556641,4.619811058044434,-2.2025642
agm005993012,Y3CrB7,0.0,0.008238792419433594,0.0171962715685367,-0.5913998500000001
agm005068501,BaTiTeO6,2.3521,5.686057090759277,2.514449119567871,-2.7112136
agm006081141,Sc7AlS5,0.0,0.0019835233688354492,-0.0033842772245407,-1.7875198
agm003281755,Li2Ti3VO8,0.558,0.0016331672668457031,0.5728822946548462,-3.106546
agm005855822,Mg(GaCl4)2,4.2555,6.517768383026123,4.343585968017578,-1.7553722
agm001830399,ScRh3,0.0,0.006585121154785156,0.0154534056782722,-0.6141253
agm002202684,Sc2Fe2Ge2C,0.0,0.0021979808807373047,-0.0098837465047836,-0.55881095
agm002155973,KZnBi,0.0781,0.008435726165771484,0.1442009806632995,-0.28729647
agm003231709,RhSe2,0.0,6.67572021484375e-06,0.0538012683391571,-0.43815213000000003
agm002142992,TlSnCl3,3.3848000000000003,3.8146915435791016,2.9136931896209717,-1.386434
agm003268151,V5Te4,0.0,0.005295753479003906,0.0170822665095329,-0.30171463
agm003292747,Y5Se6,0.0,0.0015692710876464844,-0.0057020485401153,-1.8771204
agm002134545,AlGaCo2,0.0,0.0026388168334960938,0.0076052322983741,-0.4455896
agm005854948,Ca(AlBr4)2,4.1992,6.381345272064209,4.2229814529418945,-1.3780941
agm002187172,CaSiRu,0.0,0.005048036575317383,-0.0054477527737617,-0.6684825
agm002183281,InSI,1.7835,5.929278373718262,1.81573486328125,-0.7446457999999999
agm006136634,MnBe6Ir5,0.0,0.00702667236328125,0.0124828442931175,-0.53786355
agm003222944,Zr5InPb3,0.0,0.015001103281974792,0.0026835501194,-0.2911395
agm003187567,TaGa3,0.0,0.003132343292236328,-0.0073773264884948,-0.17017074000000001
agm004924313,Ba2BiPbO6,0.0,0.0023970603942871094,0.1006657034158706,-2.181159
agm002179486,La2SnPd2,0.0,0.010326147079467773,0.0030286014080047,-0.9140041999999999
agm005155821,La2ScCuSe5,0.2936,0.0037984848022460938,0.5373218059539795,-1.6520754
agm005685606,Sc2Al3Pd,0.0,0.0019922256469726562,0.0083204209804534,-0.70119864
agm003236937,CaAlBO4,4.806,8.118739128112793,4.716574668884277,-3.3255384
agm003262925,TcOs3,0.0,0.06744766235351562,-0.0081504136323928,-0.07542907
agm003465192,Ca(MgAu2)2,0.0,0.0018291473388671875,0.0211352817714214,-0.6493611
agm005717780,NaBi2Pt,0.0,0.006692051887512207,-0.0086933299899101,-0.31655294
agm004492835,K2Hf(TeO4)3,1.4864,4.087098598480225,1.7017532587051392,-2.077622
agm003232423,La3CuSnS7,1.8028,0.009862661361694336,1.7672497034072876,-1.9335409000000001
agm006020415,Be8AlFe3,0.0,0.0027687549591064453,-0.0140121728181838,-0.26936448
agm005094491,BaCoIO6,2.0861,0.0004425048828125,2.065121650695801,-1.6525016
agm003160786,NbCoSn,1.0773,0.028825759887695312,0.0088007152080535,-0.3334551
agm006029364,Rb4HfTe4,2.3888,4.251053810119629,1.6657328605651855,-1.0392369
agm001123816,YHfRh2,0.0,0.0015826225280761719,0.0155480429530143,-0.8849035
agm005074350,AgGeTeO6,0.0,0.00013637542724609375,0.3647688925266266,-1.4044544
agm005021381,BaLiAgAs2,0.0,0.010463356971740723,0.3511039614677429,-0.6956785
agm003511215,Sr2MgAl7,0.0,0.0012526512145996094,0.012397676706314,-0.21474959000000002
agm001306771,LiVSiOs,0.0792,0.01725459098815918,-0.0223804786801338,-0.46349782
agm005842185,Be3Cr2B,0.0,0.0030541419982910156,0.044449359178543,-0.31206942
agm003201096,SrBrF,5.0269,5.937148571014404,4.978706359863281,-3.2161775
agm005907804,Hf4ZnAg,0.0,0.005562305450439453,0.0023244768381118,-0.1459877
agm002285413,Mg3Al3Ge2Pt,0.0,0.00129622220993042,-0.0035999119281768,-0.4587132
agm002349654,Ba(NiP)2,0.0,0.001983165740966797,0.0028026700019836,-0.7749986
agm005022917,SrCrP2Rh,0.0,0.008677959442138672,0.0239858776330947,-0.8496201999999999
agm005830509,La2ReC2,0.0,0.0002695322036743164,0.0009374320507049,-0.24617843
agm006038186,SrCa4Tl15,0.0,0.0008397102355957031,0.002712994813919,-0.24308363
agm003441095,Rb2MgI4,3.549,5.2105207443237305,3.459280490875244,-1.3113123
agm003239404,Sc11Ru4,0.0,0.0015168190002441406,0.0057894624769687,-0.40325478000000003
agm003276230,Na4Zr2TiMnSi4(O8F)2,2.4616,0.0019657164812088013,2.855764389038086,-3.1937356
agm003244998,K4SiO4,2.9303,0.0030107498168945312,2.9462780952453613,-2.3294358
agm001299543,LiHfGaPt,1.3198,0.0019609928131103516,-0.0050956606864929,-0.82771105
agm005813892,Mg2ZrSc2,0.0,0.011797070503234863,-0.0053948163986206,-0.06046618
agm003238511,Co21(B3Mo)2,0.0,0.015211105346679688,0.0033101886510849,-0.21482724
agm004594348,Y6Ge2SbTe3,0.0,0.0003101825714111328,0.0408569797873497,-1.255288
agm003018626,Sc2Si2Au,0.0,0.001100778579711914,0.0052583813667297,-0.79134834
agm003237618,Hf9GeMo4,0.0,0.00037217140197753906,-0.0004903450608253,-0.22312108
agm003160718,ScSbPd,0.2884,0.0033757686614990234,0.2904412448406219,-1.0395639
agm002179083,Hf2Te2P,0.0,0.03872478008270264,0.0304075591266155,-1.0388956
agm003232847,TlSO3F,4.6033,5.688595771789551,4.571844100952148,-2.006726
agm003277771,Rb4P21I,1.3904,4.006601333618164,1.4086921215057373,-0.30957296
agm005950312,Hf2Be2Tl,0.0,0.011633992195129395,0.0316364467144012,-0.16737127000000002
agm003267985,Cs2TaCl6,0.0,0.0015484094619750977,0.2088463008403778,-2.0657482
agm002247006,Zr6ZnBi2,0.0,4.0531158447265625e-05,0.01336669921875,-0.32573769999999996
agm001619973,Ca2YTlO,0.0,0.008543968200683594,-0.0042843371629714,-1.5398185
agm005917017,Sn(NF2)2,3.926,4.588013172149658,2.7569468021392822,-2.0131495
agm003544739,Cs3TlSe3,1.4646,4.111239910125732,1.7675378322601318,-0.93700755
agm003232889,NaI3O8,3.1599,5.812493801116943,3.033203601837158,-1.0100554
agm003278482,Sc2Al,0.0,0.004247546195983887,-0.0062681250274181,-0.35215002
agm005002532,Sr2ZnPbN,0.0,0.0037746429443359375,0.0298733059316873,-0.5890888
agm003200957,ZrCo2,0.0,0.01611804962158203,6.451830267906189e-05,-0.31095013
agm003276382,RbTiPO5,3.0037,7.552721977233887,3.0541491508483887,-3.0419114
agm002136324,LaAsPd,0.0,0.0025010108947753906,-0.0030913278460502,-1.2651900999999999
agm003222756,Mn(IO3)2,2.5243,0.005821704864501953,2.546759605407715,-1.1577784
agm003222651,K2TeBr6,2.3859,4.1940155029296875,2.370400667190552,-1.019572
agm003187575,GeSe,0.4288,0.004123687744140625,0.6373943090438843,-0.25772047
agm003267795,MnFeAs,0.0,0.00046062469482421875,-0.0069716125726699,-0.19860227
agm005535702,La7Ir3,0.0,0.0024771690368652344,-0.0042056664824485,-0.58936787
agm002094935,LiTlO,0.8048000000000001,1.4111642837524414,0.151671677827835,-1.4421173
agm004540969,Rb2Cu(BrCl)2,0.2931,0.002542257308959961,0.4666117429733276,-1.4192947
agm005690156,Nb(VTe3)2,0.0,0.00012040138244628906,-0.0132694095373153,-0.37573227000000003
agm003269290,Na2MgSn,0.036000000000000004,0.8228495121002197,0.0066584423184394,-0.20758139
agm003236345,Ba3Si4,0.0,1.041161060333252,0.0041934698820114,-0.40813455
agm002104548,NbN,0.0,0.001118391752243042,-0.0019709467887878,-1.2746705
agm002345863,Ta2Mn3Ge,0.0,0.013041019439697266,-0.0010248571634292,-0.29823035000000003
agm005992996,Y3TcB7,0.0,0.005963683128356934,-0.0076967552304267,-0.6249264
agm002156224,Li2GaCu,0.0,0.0016148090362548828,0.0357020907104015,-0.2561161
agm004928096,Cs2TlBiF6,3.5985,4.069685459136963,3.565687656402588,-2.7596714
agm004975072,BeCo(SiO3)2,2.8701,0.0023221969604492188,3.059014797210694,-2.8552735
agm003248374,Sr10P6SO24,3.5055,6.987362861633301,3.5273239612579346,-3.3082016
agm003246041,K6Na14Tl18Cd,0.0674,0.007521867752075195,-0.0036635883152484,-0.13066329000000002
agm002315126,PtSeBr,0.0,1.3606081008911133,0.9947408437728882,-0.33922857
agm006033338,Cs3MoO4,0.9665,0.009022712707519531,2.847041368484497,-1.99645
agm004706167,Cs4Ni(AgCl4)3,0.0,0.012116432189941406,0.3058913648128509,-1.4702286
agm004938480,KRb2YI6,3.4665,6.5497660636901855,3.058218002319336,-1.4734627
agm003160493,BaCl2,5.4588,7.86665678024292,5.453401565551758,-2.953302
agm003225929,BaPSe3,2.1496,4.778146743774414,1.8140701055526731,-1.0151645
agm003245002,Ca2B2O5,4.7181,7.24826717376709,4.704185485839844,-3.24528
agm002201623,Cs2OsBr6,0.0,0.04998001456260681,0.2205279767513275,-0.9312193400000001
agm003206847,Ba2ZnTeO6,0.44530000000000003,0.003298044204711914,2.43788480758667,-2.366524
agm003247652,AlPI8,1.5802,6.219457626342773,0.975571870803833,-0.32480463
agm002383401,SrInPd2,0.0,0.0018205642700195312,-0.0024862736463546,-0.64387035
agm005680337,Ca2CuPt3,0.0,0.016921043395996094,-0.0030498504638671,-0.81592387
agm004552534,NaLi2(AsAu)2,0.0,0.001302957534790039,0.1231604814529419,-0.48638958
agm005246954,SO12,0.2243,0.0044956207275390625,0.4964548647403717,-0.9114558700000001
agm003268158,Li2SnF6,5.0042,9.436602592468262,4.131757736206055,-3.0466955000000002
agm002154904,Ba2InPt2,0.0,0.0009610652923583984,0.0147326812148094,-0.7243727999999999
agm006011808,V5ReRu2,0.0,0.0041790008544921875,0.0031127631664276,-0.33035642
agm003201682,Fe2B,0.0,0.0018854141235351562,0.006697878241539,-0.31029505
agm006113398,AlV6Mo5,0.0,0.00832986831665039,-0.004872340708971,-0.15812257
agm001144882,Sc2PdRh,0.0,0.0002899169921875,0.0026896260678768,-0.9645542500000001
agm003238512,Ba(V3S4)4,0.0,0.001323699951171875,-0.0054994374513626,-1.4566015
agm003228957,Na4CaSn6,0.0,0.002325773239135742,0.0476003885269165,-0.30258507
agm004770000,Rb2CrCoS4,0.0,0.0018489360809326172,0.0610000938177108,-1.2084291
agm003335405,La2Ga3Rh4,0.0,0.0010046958923339844,-0.0049878507852554,-0.8329873999999999
agm003222702,Bi2WO6,1.8848,4.633293151855469,1.916812539100647,-1.9519651
agm002186314,TaMnSi2,0.0,0.0004596710205078125,0.0188817642629146,-0.51647675
agm003640001,Y5AgRh4,0.0,0.0008287429809570312,0.0054148510098457,-0.74181885
agm005961508,Mg3TaRh4,0.0,0.0016255378723144531,-0.0071370899677276,-0.6098808
agm006090256,Y(FeGe)6,0.0,0.005193233489990234,0.0153041258454322,-0.27931368
agm003039162,KBO2,4.1227,3.2569899559020996,3.8904547691345215,-2.6538146
agm005689870,SbPd2Pb,0.0,0.004107952117919922,0.0008086860179901,-0.36145443
agm002161792,Mn2FeGe,0.0,0.022975921630859375,-0.0026303902268409,-0.12474061500000001
agm003277183,Sr2Si(S2O7)4,4.9068000000000005,9.668210983276367,4.962900161743164,-2.2393231
agm003215555,Y(CuO2)2,0.0,0.0030574798583984375,-0.0061452910304069,-2.063906
agm003234350,KGaGe3O8,3.0711,8.297868728637695,2.936748743057251,-2.1933030000000002
agm005886689,Na(TiS2)2,0.0,0.009733200073242188,0.0129768624901771,-1.7504184
agm003241065,K3PS4,2.7838000000000003,5.423789978027344,2.427934169769287,-1.3369164
agm003239301,AlInSe3,1.6479,3.0462429523468018,1.5735719203948977,-0.7040822999999999
agm003276488,CaTi8Mn(PO4)12,2.4926,4.410743713378906e-05,2.6181702613830566,-3.0482583
agm003215992,Ba3GaN3,0.3593,1.4294490814208984,0.8861339092254639,-0.6532737
agm005652681,LiSnP,0.0,0.034441471099853516,0.0313201770186424,-0.35183719999999996
agm003241100,LiB13C2,2.775,2.6716153621673584,2.2217414379119873,-0.17354135
agm003250682,BaNaLi3(BO2)6,5.2039,7.5621113777160645,5.251202583312988,-2.8467127999999997
agm005739402,TcBrO3,2.7359999999999998,12.909562110900879,2.158957004547119,-1.463683
agm004745816,BaLi2LaPb2,0.0,0.00730586051940918,0.0036766827106475,-0.5177442999999999
agm006132267,MgSi5Ru6,0.0,0.006445884704589844,0.0129168182611465,-0.6067783
agm005514362,RbInF4,4.3584,7.612773895263672,4.23990535736084,-2.9610152
agm005559375,Li3(AlCu)2,0.0,0.0018115043640136719,0.0443166643381118,-0.20859282
agm002218016,KHfAgSe3,0.7081000000000001,0.010465621948242188,0.834968090057373,-1.0728366
agm005774522,La7FeBr12,0.0,0.004958450794219971,0.0233829915523529,-1.6472821999999998
agm002174891,Mg(PdO2)3,0.4395,0.43314599990844727,0.0213374197483062,-1.305706
agm005090794,NaMgScCl6,3.9573,7.8982133865356445,3.953447818756103,-2.3627217
agm005227138,La21Fe8Sb7C12,0.0,0.0002442598342895508,-0.0112380981445312,-0.5268868
agm002218464,CsLi2Sb,0.8337,2.3351354598999023,0.729183554649353,-0.5679619300000001
agm002342860,LiSiRh2,0.0,0.004521369934082031,-0.0045244544744491,-0.83873546
agm002238974,ScMnGe,0.0,0.019379377365112305,-0.0040895193815231,-0.5646038
agm002165931,NaInTe2,1.2586,2.944337844848633,1.1778836250305176,-0.5900968
agm005922017,La3RhCl3,0.0,0.00213468074798584,-0.032767578959465,-1.9138302
agm005648268,Te(PdO3)2,0.0,0.00042819976806640625,0.0715328678488731,-1.044752
agm003186821,Mn3Ir,0.0,0.053336143493652344,0.0050978511571884,-0.1870617
agm005916898,Y5TlIr2,0.0,0.0019115209579467773,-0.0015034601092338,-0.6421475999999999
agm003456702,Li(Ni2P)2,0.0,0.003711700439453125,0.0134087800979614,-0.55409676
agm003436201,V2ZnRu3,0.0,0.015394210815429688,-0.0022119283676147,-0.30607018
agm002369700,K2RuCl6,0.0,1.4186382293701172,-0.0138893276453018,-1.5924538
agm003605097,CsTlSe,1.5741,2.490875005722046,1.5916235446929932,-0.7816671
agm006104176,Sr8Bi5Te,0.0,0.0027170181274414062,0.066615879535675,-1.0214859
agm003283711,Ca3(BN2)2,2.4307,3.3336119651794434,2.3977999687194824,-1.345391
agm003570882,Ca3TeO6,2.8695,5.373215675354004,3.0924878120422363,-2.8338177
agm003661215,Y(Ge2Rh3)2,0.0,0.0018138885498046875,0.0090847760438919,-0.7493141
agm003616351,La2IrI,0.0,0.0012362003326416016,0.0321025773882865,-1.1067052
agm005543530,O3F,0.21480000000000002,0.0022268295288085938,0.3745907843112945,-0.5472882
agm003186585,Li2ZnRh,0.0,0.007885456085205078,0.0003806538879871,-0.31363708
agm005564916,Ba5(InI)2,0.0,0.20406675338745117,0.3343525230884552,-0.8190095
agm005547041,OF6,0.6604,0.13306713104248047,1.7767839431762695,-0.30286875
agm003220347,K2VCuSe4,0.9553,0.001847982406616211,1.0713688135147097,-0.90674144
agm004517482,Ca2Ga4IrPt3,0.0,0.003200531005859375,-0.0023002550005912,-0.827086
agm005845337,Ta2VCr3,0.0,0.0004968643188476562,0.0094752460718154,-0.16395234
agm005728478,Ba4RhAu,0.0,0.004794597625732422,0.0554186142981052,-0.36956397
agm003241253,Ca3Si2Ni3,0.0,0.001718759536743164,-0.0085606500506401,-0.5081808999999999
agm005918125,Sr5CdAu2,0.0,0.0025453567504882812,0.0148215442895889,-0.53224176
agm003236981,Cs2WS4,2.1685,4.990181922912598,2.236093521118164,-1.4276955999999998
agm006089403,Cs3CuSn4,0.8244,0.008784174919128418,0.5979431867599487,-0.26111525
agm005289337,Cs9AlO4,0.0,0.002277374267578125,1.7075161933898926,-1.4001222
agm005661343,YScIr,0.0,0.0015488862991333008,0.0010851919651031,-0.7634272999999999
agm005232780,NbP2Se2Cl5,1.3486,5.280746936798096,1.5179163217544556,-1.0803326
agm001612356,Sr2CdRhN,0.0,0.009876251220703125,0.0114108175039291,-0.5378506
agm005720785,Y11In9Au4,0.0,0.0006113052368164062,0.0021139681339263,-0.64930284
agm005088667,YMgTlCl6,4.4693,5.9011054039001465,4.265532493591309,-2.2758089999999997
agm003604603,SrGaRu,0.0,0.0036792755126953125,-0.0013118088245391,-0.28712899999999997
agm003244995,K2MoCl5O,2.6518,0.0021955370903015137,2.6756763458251953,-1.8789642
agm003193116,Li2MnO2,2.441,0.0025606155395507812,2.4643940925598145,-2.0229528
agm003435759,Ti3Tc2Ag,0.0,0.0021181106567382812,0.0012568235397338,-0.3624248
agm001610784,Sr2CoAgN,0.0,0.10144710540771484,0.0243251323699951,-0.4822892
agm001012049,LaZrPt,0.0,0.007706642150878906,0.0150590501725673,-0.81882507
agm003212158,Be2Fe,0.0,0.017862796783447266,-0.0044984370470047,-0.2862287
agm003263858,PdPtF6,0.7702,0.024987220764160156,0.7815055847167969,-1.6150707999999998
agm005833752,La(Mn2Si)2,0.0,0.012143611907958984,0.0006042495369911,-0.40717557
agm005954813,PN2F5,7.3936,4.653101921081543,4.495532512664795,-2.2925558
agm003234237,ReS2ClO9,2.4328,11.010250091552734,2.4725193977355957,-1.8140367
agm005661875,HfTcP,0.0,0.0014963150024414062,0.0064279586076736,-1.0462577
agm003222841,Cs2LiAl3F12,7.1082,12.044563293457031,7.12123966217041,-3.6874032
agm003211654,NbCrP,0.0,0.006776332855224609,0.0187205076217651,-0.73397934
agm002251509,Ta2Al3Pt,0.0,0.005181789398193359,0.0157478004693985,-0.6263451600000001
agm003244746,Ba5Ta2Cl2O9,3.5254,2.9948620796203613,3.5322537422180176,-3.3110447
agm006116457,Hf5ZrTc6,0.0,0.003701448440551758,0.0038056075572967,-0.45881474
agm003160814,ScSnAu,0.14980000000000002,0.00036215782165527344,0.110408529639244,-0.76051366
agm001924279,Y2GeTe,0.0,2.928701162338257,0.0583018101751804,-1.2138547
agm002229402,SrSeO4,3.6023,9.441093444824219,3.5191168785095215,-2.1524677
agm004927893,K2MnZnF6,2.9931,0.00131988525390625,2.969764232635498,-2.9394507
agm002161381,SrMgPb,0.0,0.005678653717041016,0.0372124016284942,-0.4631069
agm002232623,Cs5P4,0.0,0.0023097991943359375,0.7226426601409912,-0.36169785
agm002370795,CsPtPb2,0.0,0.004837512969970703,0.2319425344467163,-0.26899135
agm003439220,Hf3Re2Pd,0.0,0.001384735107421875,-7.351115345954895e-05,-0.5277019
agm003219858,Na2ZnSiO4,3.1826,0.018647432327270508,3.316291332244873,-2.4928663
agm005866625,Nb12VSn3,0.0,0.0015175342559814453,0.0085214674472808,-0.15367694
agm005837206,La2Rh2Au,0.0,0.0037474632263183594,0.0266799628734588,-0.7664633
agm003243488,CaCo(PO3)4,3.0653,0.007315635681152344,3.0917983055114746,-2.6980588
agm003238426,Sr5(B5Rh7)2,0.0,0.00131988525390625,0.0028734505176544,-0.56049204
agm003249759,Al2CrCl8,1.0202,0.5953824520111084,1.6765002012252808,-1.799459
agm003231757,MnCoSb,0.0,0.009083747863769531,0.0219123810529708,-0.11019164000000001
agm003241569,TlVSeO5,2.3246,3.8912997245788574,2.4398386478424072,-1.7202982
agm003276809,Rb2Ta2P7O24,0.0694,0.00011348724365234375,0.3085226714611053,-2.7572162000000002
agm003283720,Mg2B4Ru5,0.0,0.0016765594482421875,0.0028148889541625,-0.35358609999999996
agm005916962,SrSN3,1.2324,4.226677417755127,2.748978614807129,-1.0557722
agm006134970,Rb5OsO6,0.0,0.000621795654296875,0.2458104789257049,-1.664959
agm005910547,ScGa3Os,0.0,0.0036858022212982178,0.0019373744726181,-0.46974006
agm006004685,La5TcAu2,0.0,0.0016884803771972656,-0.0031917095184326,-0.45198092
agm002942142,Tl(CuS)2,0.0,0.0017528533935546875,-0.0078408345580101,-0.5237149600000001
agm002148840,RbPF6,7.0351,11.323742866516113,6.975407123565674,-3.1224282
agm003212183,As2Ir,0.9006000000000001,0.00945281982421875,0.8497405052185059,-0.47890666
agm003201267,CsBi2,0.0,0.01858973503112793,0.0661815702915191,-0.33297202
agm005874755,Rb5AgBi2,0.127,0.0004183053970336914,0.2146711647510528,-0.32197002
agm006089092,K3CuGe4,1.044,0.013432178646326065,0.7489869594573975,-0.20374654
agm003206877,Ca2Ga7Au,0.0,0.0016883015632629395,-0.0089623965322971,-0.44348902
agm003206349,Cs2Sb2Pt,0.8798,0.0006132423877716064,0.3745763897895813,-0.5014136
agm005140902,Sc2Be2GaRh5,0.0,1.52587890625e-05,0.0029434412717819,-0.8597674999999999
agm003219921,ReTc3,0.0,0.0061283111572265625,-0.0074832439422607,-0.004084012000000001
agm003440369,Rb2MnBr4,2.4921,0.006153315305709839,2.1354875564575195,-1.3735093
agm005972250,Ba2Zn2Br,0.0,0.0043697357177734375,0.1862548142671585,-0.8232398
agm003226652,Cs6InAs3,0.5384,0.0017046928405761719,0.5248633027076721,-0.3869168
agm004668987,Cs3K(MoO4)2,4.5575,6.6489763259887695,4.213219165802002,-2.2752619
agm003018672,Sc2Si2Tc,0.0,0.005026578903198242,-0.0012972168624401,-0.7906344
agm005093895,BaMnIrO6,0.0,0.0011610984802246094,0.131777822971344,-1.9092174
agm002797902,CuBS2,1.7428,0.01759624481201172,1.7685697078704834,-0.67771256
agm003263851,RbBiF6,2.6204,8.79144287109375,2.6139581203460693,-2.5520608
agm003221256,Ca5(GePd)6,0.0,0.004347085952758789,0.0447663888335228,-0.7873213
agm005082220,MnCoIO6,1.5356,0.002555370330810547,1.0641469955444336,-1.2808309
agm003284199,YBe2B5O11,5.5265,7.1820783615112305,5.382851600646973,-3.0968356
agm003211091,YZnGe,0.0,0.0017027854919433594,0.0001943260431289,-0.6820118
agm003206326,Ca2GePt2,0.0,0.006145000457763672,0.0028113014996051,-0.9629207
agm003244123,Zr2S,0.0,0.0061838626861572266,-0.0163863003253936,-1.3235689
agm003234231,KZn2CdB2O6F,2.717,0.0013589859008789062,2.8322629928588867,-2.3593054
agm002269518,CdF6,1.6851,2.7601845264434814,3.0588483810424805,-1.2420218
agm003206334,In(GaAu)2,0.0,0.0027589797973632812,0.0050406605005264,-0.24860385000000002
agm006037680,Rb4SiS4,2.6347,4.958860874176025,2.708836078643799,-1.4428258
agm003277772,CsTi(PS4)2,1.3936,4.98567008972168,1.3942813873291016,-1.1576244
agm003187104,TcMoRh2,0.0,0.02855396270751953,-0.0151975601911544,-0.20919861
agm003241712,Ca3Al2Ge3,0.0,0.4061589241027832,0.0082356631755828,-0.5445190999999999
agm004549772,BaLi2(InSn)2,0.0,0.48931121826171875,-0.0080157071352005,-0.426621
agm005231285,Ca2Ni3Ge2,0.0,0.006763935089111328,0.0003344342112541,-0.5054373999999999
agm003275926,Na14Al4O13,2.4905,4.661207675933838,2.4925966262817383,-2.2641094
agm002744845,Ti2TcIr,0.0,0.010788917541503906,0.0037839412689208,-0.8370449999999999
agm005800864,Sb6RuPt,0.0296,1.3009788990020752,0.0131983458995819,-0.3199069
agm003232969,Na2LiAlP2,1.9033,3.041442632675171,1.905181646347046,-0.6382420999999999
agm003226724,Sc7CBr12,0.0,0.005996108055114746,0.0812874138355255,-1.517545
agm003231694,SnTePd,0.0,0.0017266273498535156,0.0065681338310241,-0.43991083000000003
agm003236903,K3SbO3,3.322,4.292032241821289,3.25896954536438,-1.8314624
agm003429026,La3GeSe2,0.0,0.003072500228881836,-0.0018975734710693,-1.6821421
agm005864829,Y4AgPt,0.0,0.005476474761962891,-0.0060236975550651,-0.5913703
agm003244330,YCo5P3,0.0,0.01712512969970703,0.0125067979097366,-0.8377882
agm001258837,LaGePd,0.0,0.010312557220458984,0.0071960836648941,-0.9463899
agm003228726,Sb4Br2O5,2.372,4.800548553466797,2.402651309967041,-1.5163944
agm003194206,La(AlGe)2,0.0,0.019464731216430664,0.0017393380403518,-0.48076996
agm005071592,RbNaVF6,2.0167,0.009120479226112366,1.9046101570129397,-3.1536553
agm002293835,Na2Zr(CuS2)2,0.027700000000000002,0.0002906322479248047,0.9947341680526732,-1.3259737
agm003277150,KTaP4O13,3.6438,9.46748161315918,3.694689989089966,-2.794459
agm005846387,Cu(ReO4)3,0.5743,2.994227886199951,0.9232122898101808,-1.8485729
agm005689953,AlVCo,0.0,0.0016813278198242188,0.0035515874624252,-0.4136563
agm002330269,BaTlPb,0.0,0.007046937942504883,0.0065032877027988,-0.43722346
agm003211634,Be4TeO7,1.2898,5.145389556884766,1.4399298429489136,-2.578105
agm003239316,KNiCl3,0.9431,0.001470804214477539,0.8904803991317749,-1.4929999
agm002350883,BaIn2Pd3,0.0,0.005713939666748047,0.0086806416511535,-0.6026748
agm003232710,Sr2BN2F,2.5783,0.0006160736083984375,2.584460735321045,-2.0396516
agm006090623,Sc6Cu5Au,0.0,0.008834362030029297,0.0031474605202674,-0.36910647
agm005686417,MnFe3Mo2,0.0,0.000301361083984375,0.0249223262071609,-0.037448913
agm005938004,Cs3BeBr5,4.3811,6.5684027671813965,4.29257869720459,-1.5838573999999999
agm004623051,La6GeP3Cl2,0.0,0.004481911659240723,-0.0265635922551155,-1.694395
agm005608502,Zr2CuRh,0.0,0.007496356964111328,0.0003106147050857,-0.48756778
agm005134217,Zr2B2MoRu5,0.0,0.008874893188476562,-0.0003678053617477,-0.53514767
agm005744835,RbAgF5,0.0,0.0048656463623046875,0.4803908169269562,-1.8310449
agm003251684,BaMn2Si2O7,2.6096,0.0014171600341796875,2.8078742027282715,-2.937533
agm002378223,Cs(NiP)2,0.0,0.0008749961853027344,0.1042033359408378,-0.5332226
agm003206860,K2MnS2,0.9796,0.0007271170616149902,1.0104997158050537,-1.2445097999999999
agm004647624,Li2Mn3WN6,0.0,0.0011034011840820312,-0.0039646923542022,-0.6316687
agm005609354,PbSN,1.6257000000000001,3.153181552886963,1.1857340335845947,-0.6695247
agm005133960,Zr2SnB2Ru5,0.0,0.0033092498779296875,0.0076219141483306,-0.5872134999999999
agm005720441,Y11Tl9Ni4,0.0,0.0005285739898681641,0.0083808451890945,-0.41861886
agm002259835,Ca2CdRh2,0.0,0.014074325561523438,0.0240681022405624,-0.41149749999999996
agm002180483,Ba(SbRh)2,0.0,0.009503364562988281,-0.0141955465078353,-0.7031621
agm003437876,Sc3GaAu2,0.0,0.0009064674377441406,-0.0008645169436931,-0.7427180999999999
agm005851047,Sr(NF)2,4.9289000000000005,4.745865345001221,4.910469055175781,-2.6059034
agm004527269,Li3La2AlSn4,0.0,0.009340763092041016,0.0204477310180664,-0.57719564
agm002188208,Sc2Fe3Si,0.0,0.0032012462615966797,-0.0025900974869728,-0.5074185999999999
agm005842886,Cs(PtPb)2,0.0,0.00107574462890625,0.0401307567954063,-0.25501907
agm005237505,KMn6As7O24,1.3894,0.0007424354553222656,1.6265380382537842,-1.918218
agm003263947,BaZnAsF,0.2711,0.0031332969665527344,0.9391329288482666,-1.9982508
agm003242622,In6Te10Pb,0.9471,3.179443359375,0.7922753095626831,-0.33244666
agm005957535,MgAl3Ir4,0.0,0.0020809173583984375,0.0127593278884887,-0.8647442999999999
agm003277312,La2Ta3(SeO4)2,0.9224,0.008539438247680664,0.7156778573989868,-3.1461372
agm003219223,CsSb,0.5446,1.686577320098877,0.5327847003936768,-0.46392778
agm003611084,LaGaI,0.0,0.0010371208190917969,0.0323708653450012,-1.1350218
agm005898290,Sc4TeOs,0.0,0.002712249755859375,0.012636587023735,-0.6436166
agm003571046,Ba3TcO6,0.0,0.016181468963623047,0.5396322011947632,-2.6386843
agm006055961,Mg(ZrSe2)4,0.0,1.1379797458648682,0.4671059250831604,-1.336601
agm003202045,TaV2,0.0,0.0037703514099121094,-0.0138773024082183,-0.10542368
agm003190380,TlAs,0.0,0.00055694580078125,-0.0340305566787719,-0.0017056950000000001
agm003278814,BaC2(NO)2,4.5416,5.656339645385742,3.650224208831787,-1.5503525
agm003222929,LiIn(IO3)4,3.1808,4.321318626403809,3.256101608276367,-1.1415113
agm004885074,KNbV2O8,2.2422,8.902565956115723,2.5467424392700195,-2.6067634
agm003566019,Cs3MgBr5,3.7888,6.111850261688232,4.285215377807617,-1.7119107
agm002164937,Ti2SnN,0.0,0.0125809907913208,0.0116681456565856,-1.1716499
agm004497729,LiAl3Tl2F12,5.6091,6.084190845489502,5.169641494750977,-3.4344666
agm003157594,CaS,2.3779,5.880237102508545,2.4093570709228516,-2.4864113
agm005117058,V2GaC,0.0,0.018494367599487305,-0.0011828914284706,-0.50951165
agm005930957,Zr3CoSi3,0.0,0.0010025501251220703,0.0060669928789138,-0.9102066
agm003608291,KGeRh,0.0,0.01817941665649414,0.2123169153928756,-0.42592576
agm002237372,RbYZnS3,2.6622,0.0013468265533447266,2.293983221054077,-1.8444109
agm002156795,Li2SiPbS4,2.4126,3.673267126083374,2.4101693630218506,-1.2751516999999999
agm002155281,K2Sn(AsSe3)2,0.6632,1.5581700801849365,0.8751007318496704,-0.5645631
agm005835264,Al4PtAu,0.0,0.0017731189727783203,0.0493397265672683,-0.6773787
agm005221114,AgMo2P3O13,2.0218,0.023268699645996094,2.1397933959960938,-2.3002725
agm003258419,KSrCO3F,4.0844,0.0006093978881835938,4.2062554359436035,-2.7929924
agm003187009,MnCrIr2,0.0,0.03991127014160156,0.0362524725496768,-0.28854853
agm005148360,Rb5AgSeO2,1.2434,0.007800579071044922,0.6506959199905396,-1.1230115999999999
agm002695925,LiY2Ru,0.0,0.0014351606369018555,0.0077555105090141,-0.2656573
agm003268049,Sr2Ti2As2OF2,0.0,0.01144111156463623,0.4810124337673187,-2.5606732
agm005560405,La3(GeIr)2,0.0,2.1457672119140625e-06,0.0048848390579223,-0.85133725
agm005661145,TaSiMo,0.0,0.009332895278930664,0.005589447915554,-0.54723436
agm003220050,Li2CdSnS4,1.9503,0.0026793479919433594,1.9151909351348877,-1.1931185
agm004971226,Sr6Bi2AsP,0.554,1.6564717292785645,0.0545494258403778,-1.0198843
agm003586019,Sc3InNi8,0.0,0.00722503662109375,0.0154308974742889,-0.4679312
agm005660434,Ti4Cr2Ge5,0.0,0.0011470317840576172,-0.0063686668872833,-0.48899734
agm005853529,Ga2SnI8,2.0945,1.9572091102600098,2.1106371879577637,-0.5002918
agm002217667,K4CdBi2,0.3578,0.0019809603691101074,0.0692363679409027,-0.37288573
agm005611977,RbBiPt,0.0,0.0021371841430664062,0.0552720427513122,-0.34062573
agm005272766,LiMnFeF6,2.4426,0.0010008811950683594,2.4007842540740967,-2.9542894
agm002327937,RbAlSi,0.0,0.0006961822509765625,0.0813232362270355,-0.06225833
agm003244565,Rb2Hf3OF12,6.257,8.231304168701172,6.320541858673096,-3.9851517999999997
agm004853011,Li2AlReN4,2.3298,6.843169212341309,2.2712035179138184,-0.84083176
agm003241044,YB2C,0.0,0.03335261344909668,-0.0064907148480415,-0.5238165
agm002648571,TiBeCo2,0.0,0.0011448860168457031,0.0037044733762741,-0.43129313
agm003675387,Cs5IO6,1.3698000000000001,4.673004150390625e-05,1.765566349029541,-1.4718509
agm003277161,Cs4BaV6O18,3.0172,7.979304313659668,2.8977127075195312,-2.5286062
agm002210377,HfMnF6,4.9796,0.052893638610839844,4.180257797241211,-3.7862375
agm005803169,Y7PBr12,0.11410000000000001,0.0019802451133728027,0.0636839419603347,-1.7096798
agm004769457,Rb2CrCoSe4,0.0,0.008860349655151367,0.2478047907352447,-0.74793667
agm003277630,Rb2Mo3SO13,2.8601,7.801093578338623,2.789933443069458,-2.1538966
agm003284022,B3Pb3NO10,3.0125,4.272550106048584,2.8431856632232666,-2.0523698
agm006121193,Y6P5S,0.0,0.0012097358703613281,-0.0081913918256759,-1.7987061999999998
agm001291209,TiGaIrRu,0.0,0.014833450317382812,-0.0022790431976318,-0.78424484
agm003213332,K2Pb(SO4)2,4.4762,5.365181922912598,4.454124450683594,-2.2270586
agm003234136,Nb4CoS8,0.0,0.0046367645263671875,0.0007597506046295,-1.4256259
agm002364007,CsRhO3,0.0,0.004776358604431152,0.0405409559607505,-1.3392003
agm005711753,BaCo2F6,3.2539,0.0037751197814941406,3.137874126434326,-2.991629
agm002176256,ScClO,4.1962,10.162686347961426,3.5942940711975098,-3.3892314
agm002189485,SrPbI4,2.8445,4.414613246917725,2.737678050994873,-1.1804374
agm005941432,C(ClO)2,2.9317,6.712453365325928,4.40864372253418,-1.2825361
agm002304959,Ba(POs)2,0.0,0.024077892303466797,0.0087041556835174,-0.6700786
agm006005110,Ba6SbP3,0.5636,2.036858081817627,0.5154818296432495,-1.0049944
agm003202107,CsBrF,2.5233,1.737910270690918,2.5212976932525635,-1.9661711
agm002366819,LaAsRhO,0.0,0.005362033843994141,0.2978262603282928,-2.1763184
agm002135809,ZrAlPd,0.0,0.0012888908386230469,-0.0041882544755935,-0.75673586
agm002170799,TlAsO3,2.4715,4.551858425140381,1.7324998378753662,-1.5639159999999999
agm003225763,Zr2InNi2,0.0,5.245208740234375e-05,-0.0125026628375053,-0.5011011
agm002325080,Cs2ZnSn,0.652,0.0003824979066848755,0.7802584171295166,-0.18041158000000002
agm005265172,Ti5(PO5)4,2.8934,14.06386947631836,2.917323589324951,-3.1347866
agm005231177,PtBr3,0.8862,0.02166271209716797,0.943144679069519,-0.23246817
agm004766180,K2TaCuTe4,1.0074,0.0015916824340820312,1.3223220109939575,-0.6176526
agm002232107,TaTlCl4O,2.3459,5.243170261383057,1.9835797548294067,-2.0261333
agm002226003,BaGaNi2,0.0,0.006045818328857422,0.0273370593786239,-0.3046163
agm006052957,Sc4TeC2,0.0,0.008412539958953857,0.1095434203743934,-0.7017228999999999
agm004585546,Sc2Tl2TeS6,1.338,0.659987211227417,1.1659575700759888,-1.358076
agm003272848,Zr5Re24,0.0,0.0009670257568359375,0.0073013603687286,-0.21605434
agm004743758,LiY(GaAu)2,0.0,0.004992008209228516,0.0001250207424163,-0.6591931
agm003617031,TaTiB2,0.0,0.002289414405822754,-0.0161868333816528,-0.84613234
agm005831781,ZrFeB4,0.0,0.006483316421508789,0.0135739631950855,-0.66564083
agm005887043,LaTl2Cl5,3.4367,5.085675239562988,3.31219482421875,-2.1125295
agm005050285,RbCaVO4,4.0497,6.870148658752441,3.877174615859986,-2.7443972
agm006075115,Y7InSe5,0.0,0.006118178367614746,-0.0261572748422622,-1.4689318999999998
agm005749850,BiSbRh2,0.0,7.62939453125e-06,-0.0057802945375442,-0.34146902
agm004853180,Mg2InSbN4,1.0001,1.283907413482666,1.360249400138855,-0.47201836
agm002166271,BaNaSb,0.7753,1.7921040058135986,0.6647906303405762,-0.8572226
agm003245677,Y3(Al3Os)4,0.0,0.00783073902130127,0.0008034482598304,-0.5985273
agm005741684,Al2Fe6C,0.0,0.003864288330078125,0.0602469444274902,-0.18080486
agm003229291,KNaS2O7,5.2321,8.133515357971191,5.221673965454102,-2.2183313
agm003165551,TlPb3,0.0,0.0006432533264160156,0.0050690174102783,-0.01455307
agm005047851,MnReClO4,2.1206,0.0012631416320800781,2.6077699661254883,-2.0936217
agm003244693,Hf2Co4P3,0.0,0.0026903152465820312,0.0034974664449691,-0.99863505
agm005625372,Ba2SrPt,0.0,0.0029626041650772095,0.0098379105329513,-0.5343949
agm005826677,Y(BePt)2,0.0,0.015323638916015625,0.0036293938755989,-0.9203880999999999
agm006071367,Ta6Mo5Pt,0.0,0.0002524852752685547,-0.0006289482116699,-0.29843727000000003
agm002186783,LaSi3Pt,0.0,0.009293079376220703,-0.0019998177886009,-0.8565438999999999
agm002235240,BaIn9Rh2,0.0,0.004295825958251953,0.0072334706783294,-0.33252543
agm005748547,Li6CuPt2,0.0,0.0043489933013916016,-0.0150997042655944,-0.40195706000000003
agm005689345,Sn(PtS3)2,1.441,0.0812225341796875,1.1366026401519775,-0.82921165
agm003210968,CrNiO4,2.0141,3.6558637619018555,2.1131272315979004,-1.4444337
agm003532625,Ca8AlTl2,0.0,0.0011212825775146484,0.0204880982637405,-0.2542841
agm005716683,LiGa2Rh3,0.0,0.0015087127685546875,-0.001824676990509,-0.643496
agm002331414,Ca2Co2Br,0.0,0.004369497299194336,0.1321302503347396,-0.6243156999999999
agm003236866,K2PO3F,4.476,7.192085266113281,4.511631011962891,-2.7812274
agm004883640,CsNa(GaCl4)2,4.5347,6.2145185470581055,4.165687561035156,-1.8602656
agm005744399,KGeF5,5.0903,12.062517166137695,4.908501625061035,-2.9507692
agm003251572,SO3,5.1493,10.751761436462402,5.141138076782227,-1.7433896
agm003247903,CsY2Cl7,4.4236,7.511106491088867,4.299917221069336,-2.6878355
agm005715256,Sr4Os6O19,0.0,0.003368854522705078,-0.0059994757175445,-2.087526
agm003201819,CsNaSe,2.0404,2.918069362640381,2.3794875144958496,-1.1060133
agm005546820,K6O,0.0,0.0011131763458251953,0.5889317989349365,-0.5552651
agm002357756,LaSn,0.0,0.0006946325302124023,0.0088430047035217,-0.8142024
agm006059357,Sc5PS5,0.0,0.002779722213745117,-0.0090989582240581,-2.1814573
agm005075555,ZnTePtO6,1.1796,1.5606179237365723,0.9473453760147096,-1.3600744
agm005674054,Bi(S3Cl)2,0.0,0.0028371810913085938,1.991527080535889,-0.73934096
agm002333392,Nb2Co3Os,0.0,0.1220998764038086,0.0065384805202484,-0.20510848
agm003244131,CaTa2O6,3.4845,9.135221481323242,3.489874839782715,-3.4867258
agm003276156,SrCr(Si2O5)2,3.1857,0.02017688751220703,3.514260768890381,-3.1726408
agm003186247,Y2AsSe,0.0,0.002256631851196289,-0.0059112012386322,-1.7252078
agm005892481,K3RuO3,0.3037,0.011795282363891602,0.8938833475112915,-1.4990648
agm004728917,Ba8Rh3SI4,0.0,0.0022304654121398926,0.7359210252761841,-1.0988035
agm004936050,K2LaOsO6,0.0,0.09517297148704529,0.2491060197353363,-2.319945
agm003242578,Ti8Bi9,0.0,0.006283998489379883,0.0132561847567558,-0.1853997
agm005853547,In2SnI8,1.8957000000000002,2.8366804122924805,1.9557678699493408,-0.49991995
agm005800792,InSeN2,0.0,0.0023298263549804688,0.1741810739040374,-0.3096599
agm001850267,CsF2,1.3886,0.0008020401000976562,4.231398582458496,-2.1911175
agm005086225,NaCdGaF6,4.205,0.002613067626953125,4.0906572341918945,-2.844362
agm003251679,Ba5Re3O16,0.6049,0.00014972686767578125,1.5260002613067627,-2.6918283
agm002172150,TlRuO3,0.0083,0.6806880235671997,-0.0019104331731796,-1.295487
agm005143109,Sc2TaBe2Co5,0.0,0.012749671936035156,0.0072392262518405,-0.37979242
agm002300812,CsRbO2,1.8671000000000002,0.0007863044738769531,1.8147097826004028,-1.3394132
agm003222816,Pb3SeO5,2.4484,4.265055179595947,2.5401179790496826,-1.4815091
agm003234176,Sc2Mn12GaGe11,0.0,0.0003561973571777344,0.0052248015999794,-0.31478167
agm005945873,ZnGa3Ir4,0.0,0.009856224060058594,0.0083153024315834,-0.38867092000000003
agm003186031,BaZn,0.0,0.004382610321044922,-0.0045438706874847,-0.18433061
agm002188759,Cs2SiS3,2.9437,4.731328964233398,2.760920524597168,-1.4897974999999999
agm003239415,SrNi9P5,0.0,0.0025501251220703125,-0.0076579749584198,-0.65779036
agm005772041,CaTi2Rh3,0.0,0.006337881088256836,0.0027233660221099,-0.6998918
agm002283803,CsLiMnO2,1.2051,0.028177887201309204,1.5733375549316406,-1.8030602
agm005143778,Hf2Be2InRh5,0.0,0.013257980346679688,0.0094638392329216,-0.7996765
agm002337073,Hf6FePb2,0.0,0.0009465217590332031,-0.0026358664035797,-0.14994839999999998
agm003284098,Ba3Y2(B2O5)3,4.518,7.584415435791016,4.507526874542236,-3.2947670000000002
agm003215388,Cs2Pb2O3,1.7161,0.004992485046386719,1.9000087976455688,-1.5417562
agm003223000,Hf3Ga3Pd2Pt,0.0,0.0025548934936523438,-0.0051369667053222,-0.8146251
agm004628562,Y6Te3CS2,0.0,7.665157318115234e-05,0.0020807459950447,-1.5629752
agm005240132,Mn2FeCoP2,0.0,0.012353897094726562,-0.0306681245565414,-0.59256816
agm003276030,Cd3(AsO4)2,1.661,0.21957778930664062,1.6310181617736816,-1.6687585999999999
agm003282195,LiVPO4F,1.9436,0.8261430263519287,1.6721912622451782,-2.831242
agm004743182,BaLi(InPt)2,0.0,0.001608133316040039,-0.0006797462701797,-0.66431063
agm002192821,BaYTe3Au,0.6343,0.002564668655395508,0.9135136604309082,-1.2415719
agm003277736,GaAg(PSe3)2,1.6526,0.24293804168701172,1.565550446510315,-0.2305161
agm003241191,MnSe2O5,2.4097,0.0011942386627197266,2.5635104179382324,-1.4972073
agm004992231,Ba2BrOF,3.0577,5.041860580444336,2.631598711013794,-3.0960536
agm005006115,BaLiAs2Pd,0.0,0.0012432336807250977,0.0064745545387268,-0.8352128999999999
agm003231703,LaSBr,2.6291,6.9001922607421875,0.4103677868843078,-2.3596008
agm006070337,Sc6Zn5Pt,0.0,0.0095977783203125,0.0057257562875747,-0.5392838
agm003223071,FeSeCl7,1.3928,0.07397663593292236,1.3159888982772827,-0.9926562999999999
agm004605489,La6AsP3Se2,0.0,0.00026023387908935547,-0.0128257870674133,-1.7819839
agm004755538,Rb2AlAgSb2,0.2506,0.00955665111541748,0.6530861854553223,-0.34014523
agm003228565,Na5TaO5,2.542,5.169179916381836,2.9314756393432617,-2.3320413
agm005544371,PtCl4,1.3338,0.36951494216918945,1.193106174468994,-0.85683906
agm005272888,CsTeAu,1.3235999999999999,0.04028582572937012,0.9401681423187256,-0.72551644
agm003213823,Ca6Ag3Ge5,0.0,0.0020627975463867188,0.0049208104610443,-0.54735225
agm005261499,Rb2LiSn4,0.9104000000000001,1.0742380619049072,0.9235392808914183,-0.29751128
agm004800777,LiCa4ZnGa2,0.0,0.0022606849670410156,-0.0011944696307182,-0.31865805
agm005022487,BaTcP2Ir,0.0,0.0015954971313476562,-0.024261936545372,-0.8890675
agm003239417,Rb4P2Se9,1.4141,3.8566765785217285,1.3606117963790894,-0.67078
agm005091419,MnTlBiCl6,2.4471,0.002007126808166504,2.020940065383911,-1.4513587000000001
agm002251250,SrAl3Cu2,0.0,0.006638526916503906,-5.6780874729156494e-05,-0.3059518
agm002232276,Cs2P2Pt,0.9378000000000001,0.0016992390155792236,1.0783013105392456,-0.5492990600000001
agm003655740,Sr4PBr5,2.1254,4.398935317993164,2.4073963165283203,-1.9133244
agm002177915,Rb3InP2,0.49820000000000003,0.0024433135986328125,0.6203649044036865,-0.3355148
agm003282367,Li5Ca9B7O21F2,4.2072,7.416841506958008,4.631145000457764,-3.1762197
agm003093840,LiScO2,3.9023,8.946073532104492,3.939197063446045,-3.3453455
agm005927170,Y3MgRh4,0.0,0.00078582763671875,-0.000208169221878,-0.7749773999999999
agm003277507,K2ScSn(AsO4)3,2.7702999999999998,5.868425369262695,2.7638392448425293,-2.2293618
agm003239494,Cs4P2PdSe8,1.3706,0.0006743669509887695,1.3946418762207031,-0.75847435
agm005753812,LiYB14,0.499,2.7301383018493652,0.5272332429885864,-0.28108087
agm005660617,TiReGe,0.0,0.0014061927795410156,-0.0074669867753982,-0.4602002
agm005277013,Rb2Mn(PS3)2,1.1493,0.006210803985595703,1.1764333248138428,-1.0858016
agm003267962,Cs2SnCl6,2.6708,6.22944974899292,2.650172710418701,-1.9183322
agm002304502,NbVO4,1.6598000000000002,0.0012488365173339844,1.4643206596374512,-2.8624175
agm003211161,POsS,0.9315,0.0037279129028320312,0.2419293820858001,-0.6821303999999999
agm005688111,La2CdN,0.0,0.0005931854248046875,-0.0006241649389266,-0.9380699
agm005794291,Ti2CuRh3,0.0,0.011438369750976562,-0.0006076246500015,-0.6719202400000001
agm003217150,YGa3Ru,0.0,0.001447916030883789,-0.0155698806047439,-0.5890259
agm003161293,AsRh2,0.0,0.0213165283203125,0.0186646729707717,-0.46979365
agm003263694,BW,0.0,0.003526926040649414,-0.0040387213230133,-0.36871284
agm002334355,Nb2CrFe3,0.0,0.0133056640625,0.0115646570920944,-0.12296927
agm003219964,Tl2SbF5,3.5544000000000002,4.900875091552734,3.5870938301086426,-2.4116108
agm003274374,MgVO3,2.7125,9.250640869140625e-05,2.8102829456329346,-2.7696147
agm006130826,La12TlCo6,0.0,0.002400636672973633,0.0062993019819259,-0.17023884
agm005882693,Co2SnO4,1.1263,0.004700660705566406,0.7963188886642456,-1.6780738
agm003283990,Cs(BI)6,1.7763,4.996493339538574,2.1744518280029297,-0.4265265
agm002909649,Ba(AsRh)2,0.0,0.019488811492919922,-0.0012489780783653,-0.8220596
agm004810207,Y4GeTe2As,0.0,0.019152581691741943,0.0193641856312751,-1.3838794
agm002266754,HfInCu2,0.0,0.007437705993652344,-0.0058968365192413,-0.17212233
agm003250812,Li4Ga3Si3ClO12,4.4075,7.948829650878906,4.4040751457214355,-2.734257
agm003242581,Ta2Bi4O11,2.7721,4.46968936920166,2.772985458374023,-2.412295
agm004626567,La6TcPt2Br3,0.0,0.0004385709762573242,0.0744601190090179,-1.1596838
agm002188684,Si4Ni2Au,0.0,0.0055484771728515625,0.0115343108773231,-0.31676468
agm002959671,Na2BPt2,0.0,0.012314558029174805,0.0060056708753108,-0.36465207
agm003248811,Na4Zr2(SiO4)3,4.3283000000000005,6.020097255706787,4.352630138397217,-3.123617
agm005564606,Hf5(GaSb)2,0.0,0.003802657127380371,-0.0098702162504196,-0.5292492999999999
agm003234180,Tl(IO3)3,2.2394,4.947604179382324,2.168980360031128,-0.84129643
agm005546513,TlF5,2.0231,6.90922737121582,1.7855963706970217,-1.5140623
agm002232355,K3P2Pd3,0.0,0.0017688274383544922,0.7424997091293335,-0.43425009999999997
agm002313729,Sc3Ga3CoGe2,0.0,0.006102085113525391,0.0222408175468444,-0.67567044
agm003058424,RbZnCl3,4.4337,0.008288383483886719,4.177908420562744,-1.8749099
agm006120962,La6N5F,0.0,0.008146286010742188,-0.0580304563045501,-1.8294488
agm002137341,Ca2B4Ir5,0.0,0.0032186508178710938,-0.0014258399605751,-0.6167117
agm003239410,Zr(SeCl6)2,2.8479,6.610669136047363,2.786330223083496,-1.2988595
agm005818416,Rb2BeSe2,2.3361,3.8576502799987793,1.8858399391174316,-1.0287337
agm006133999,TaBe5Rh6,0.0,0.0020780563354492188,0.007567960768938,-0.64877474
agm002185638,SbSeBr,1.3762,3.3790831565856934,1.607848048210144,-0.43741549999999996
agm003270548,KNiAs,0.0,0.003015279769897461,0.0283798426389694,-0.37281218
agm003215823,Ba(BS2)2,2.7044,4.135164737701416,2.7665162086486816,-1.3687519
agm003276006,CsSiSbO5,2.1929,4.026423931121826,2.681548833847046,-2.5282093999999997
agm003247834,TaSCl7O,2.8638,6.911561965942383,2.8539857864379883,-1.60025
agm006135418,NaHf5N6,0.0,0.003497481346130371,0.1332387775182724,-1.8014894
agm006040561,Be4AgPd5,0.0,0.006171226501464844,0.0036404132843017,-0.51600176
agm005071235,RbNaAgF6,0.34190000000000004,0.0024483203887939453,0.9732229709625244,-2.082656
agm002220241,CaMgRh,0.0,0.004335641860961914,-0.0035099498927593,-0.421298
agm003411870,Y2Ga3Si,0.0,0.002824068069458008,0.0137260295450687,-0.66626865
agm002177531,TaTlBr4O,1.6320999999999999,3.853965997695923,1.9858074188232424,-1.4062322
agm005830839,Cs2TeN2,1.227,0.004174709320068359,1.7052950859069824,-0.76942027
agm003497163,Rb(IrO3)2,0.07200000000000001,0.03299093246459961,0.0303066074848175,-1.378088
agm005055182,KRbMnCl4,2.669,0.001474916934967041,2.2193970680236816,-1.9591254999999999
agm003124899,NaNiO2,0.39880000000000004,0.0014576911926269531,0.4983530342578888,-1.2045509
agm001125517,Ba2NaCd,0.0,0.006164863705635071,0.004652202129364,-0.18501155
agm002137125,K2Hf(BO3)2,3.9947,0.0009918212890625,3.8352108001708984,-3.0551252
agm005832488,Sr(NCl)2,4.1249,4.659049034118652,2.992701530456543,-1.7525948
agm003272473,Sr(InSe2)2,1.5708,3.11095929145813,1.7398898601531982,-1.0038574
agm005137009,Mg2CdP2Rh5,0.0,0.0028848648071289062,0.0147923529148101,-0.6334374500000001
agm003211823,NaBF4,7.9009,10.83255386352539,7.726039886474609,-3.2513309
agm004792569,LiY4Al2Zn,0.0,0.005482517182826996,-0.0008885860443115,-0.33696932
agm005022898,CaTcP2Rh,0.0,3.337860107421875e-06,-0.0016560219228267,-0.9290252999999999
agm003004331,Hf2Ni2Sb,0.0,0.0074672698974609375,0.0043003261089324,-0.55371094
agm002891918,CdSiP2,1.4114,0.0031299591064453125,1.4379574060440063,-0.20029072
agm003660809,La5Bi4Sb,0.0,2.8454861640930176,0.0057909376919269,-1.1012859
agm003288203,Zr5O2,0.0,0.002794623374938965,0.011844664812088,-1.7450337
agm005078454,VTePbO6,1.6773,0.0031859874725341797,1.3924918174743652,-1.9108678000000001
agm005942141,SrNi5Ge3,0.0,0.0021390914916992188,-0.0046429187059402,-0.43461629999999996
agm003234132,KBP2PbO8,4.7324,5.642202377319336,4.4003753662109375,-2.6285002
agm006128578,Ta4IrRu5,0.0,0.0013580322265625,0.0048170089721679,-0.41538169999999996
agm005029157,CsGeAuS3,1.8883,0.00015819072723388672,2.105729103088379,-0.98770773
agm003734311,BeSnF4,4.5453,6.789903163909912,4.52534294128418,-3.082885
agm005856458,La9TlSn2,0.0,0.0026912689208984375,0.0053016878664493,-0.41185089999999996
agm005238241,LiCr(CO3)2,2.9948,0.00044243037700653076,3.0469682216644287,-2.0876622
agm003237568,TlCuPO4,0.09480000000000001,0.07204103469848633,0.0107675045728683,-1.917523
agm003239403,Sc11Rh4,0.0,0.0036658048629760742,0.0045567750930786,-0.5822771999999999
agm003251659,BaPO3F,5.269,9.708359718322754,5.319048881530762,-3.2901936
agm004973289,TlV(CO3)2,0.0,0.0057795047760009766,2.075984477996826,-1.8732804
agm003274406,Cu2NiSnO4,0.56,0.8545932769775391,1.140986084938049,-1.2694467
agm003247898,Rb2GaAs2,0.8618,1.2533020973205566,0.8537641763687134,-0.48430982
agm003202819,Ta2MnV3,0.0,0.0017368793487548828,-0.0097915232181549,-0.2311086
agm005661564,Sc2Si7Ir12,0.0,0.0020046234130859375,0.0041107386350631,-0.7832115
agm005290050,V2P2PbO10,2.0008,0.21307599544525146,2.1209068298339844,-2.5144919999999997
agm003276891,RbGeSbO5,2.1948,4.2949018478393555,2.4861583709716797,-2.1061845
agm003236410,Na3AlSe3,2.3871,3.3380253314971924,2.3773460388183594,-1.0909365
agm003236427,Li2Mn3GaO8,0.4773,0.0004565715789794922,0.6489168405532837,-2.1084788
agm002221101,K2MgS2,2.7944,5.190280437469482,2.696038246154785,-1.5634736
agm006063635,Sr4AsBr5,1.9563000000000001,4.1179728507995605,2.1180202960968018,-1.9213355
agm005087353,KVGaF6,1.9899,0.0027146339416503906,2.389327049255371,-3.0440505
agm003222784,Si5Rh4,0.0,0.01775646209716797,-0.0015872940421104,-0.73749924
agm006045629,Cs6CaTe4,1.8968,4.074342250823975,2.0271096229553223,-1.1614977
agm004781864,LiLaZr2N4,0.0409,1.1175246238708496,0.2624873518943786,-1.6182765
agm006080050,Y12Co5Pb,0.0,0.0007349252700805664,-0.0026229321956634,-0.2534459
agm003223330,CsMgAlF6,6.8323,11.860013961791992,6.824530124664307,-3.764992
agm003431404,Ba3Te2I,0.0,0.010524094104766846,1.7476199865341189,-1.6607821
agm006065018,Sc4BI5,0.0,0.00044883042573928833,0.0008912831544876,-0.997871
agm005886910,LaTl2I5,2.4949,4.2549357414245605,2.2548632621765137,-1.1035726
agm003160720,NbSe2,0.0,0.001665353775024414,-0.0197058618068695,-0.85762984
agm002237445,FeNi3S4,0.0,0.015400886535644531,-0.0362251102924346,-0.76372236
agm002219465,RbLiZnSe2,1.8009,0.008136987686157227,2.064234972000122,-1.0798893
agm003277133,VPb2Se3O10,2.2484,0.00041735172271728516,2.3874213695526123,-1.618782
agm003278580,Al21Pd8,0.0,0.008410453796386719,0.0032944530248641,-0.54945475
agm005242589,CsKZr6BCl15,1.0335,0.27429234981536865,0.3934067189693451,-2.186444
agm006047032,Tl(SnSe2)4,0.0,3.4809112548828125e-05,0.2729716300964355,-0.37231539999999996
agm006043839,Ti4TlTe8,0.0,0.004393815994262695,-0.0046062320470809,-0.6651543
agm003220026,Cs2TaAgS4,2.5877,0.005713462829589844,2.678373098373413,-1.4249865
agm005260865,Sn(PO3)2,4.0975,5.784259796142578,3.73203444480896,-2.448681
agm003435700,Ti3Re2Pt,0.0,0.008407115936279297,-0.0115320980548858,-0.64869183
agm005287275,RbScF4,5.9350000000000005,8.33789348602295,6.055749416351318,-3.9337273
agm005060034,LiCoPtO4,1.791,0.017776966094970703,0.7849483489990234,-1.4674795
agm005263250,CsTaTe3,0.012400000000000001,3.371495246887207,0.5314621925354004,-0.60405344
agm002231099,Zn(ReO4)2,3.9937,0.0037403106689453125,3.9576711654663086,-2.102138
agm002252903,Mn(AlI4)2,1.7183000000000002,0.0018815994262695312,2.0445926189422607,-0.5980502999999999
agm005253079,Nb6Fe7,0.0,0.0031366348266601562,0.0061475336551666,-0.14063711
agm005867736,Al3V12Cr,0.0,0.0008945465087890625,-0.0040972381830215,-0.12347767500000001
agm003226790,KNaV2O6,3.2476,8.081806182861328,3.2570178508758545,-2.4136813
agm003247896,Y10Ga3Co7,0.0,0.001718759536743164,0.0038537681102752,-0.35011482
agm003248842,Cs4Hf3Se14,1.7237,2.9448275566101074,1.5339486598968506,-1.0557632
agm005257855,CoP4O11,3.0985,0.0003490447998046875,3.0071029663085938,-2.4382758
agm003206342,Cs2As2Pd,0.9523,0.0036703944206237793,0.9347951412200928,-0.5288934
agm005767264,ZrNbIr6,0.0,0.018411636352539062,0.004168014973402,-0.6696626999999999
agm004506670,La2Ga3GePt4,0.0,0.0004706382751464844,-0.0059245564043521,-0.9985065999999999
agm003202354,MnBe4Os,0.0,0.012518882751464844,0.0421780124306678,-0.35070455
agm004510068,LiLa2Ni4Ge3,0.0,0.007371425628662109,0.0053859241306781,-0.6067845
agm003648153,SrCa4Tl5,0.0,0.0008530616760253906,-0.0002976432442665,-0.43805104
agm005087187,ZnNiPbF6,4.2746,1.1594305038452148,4.048648834228516,-2.491829
agm004556467,Rb2Al2P2S,1.9281000000000001,0.0026254653930664062,2.0191264152526855,-0.8818328999999999
agm006048687,Rb(ZrS2)4,0.0,0.002184629440307617,0.6511222124099731,-1.9970264
agm005710393,Mg4Ge6Pd7,0.0,0.0007295608520507812,0.0320892855525016,-0.56633604
agm003206259,CsMgCl3,5.109,6.434936046600342,5.158225059509277,-2.3205054
agm004852960,Zn2InPN4,1.3273000000000001,0.007359027862548828,2.1651315689086914,-0.46419826000000003
agm003251775,NaAs4BrO6,3.0741,4.774984836578369,3.023165702819824,-1.6270264
agm002237610,Nb2PtS6,0.0,0.000179290771484375,0.0442166998982429,-1.2671115
agm003222595,YGePd,0.0,0.001251220703125,0.0041458755731582,-0.99606746
agm005774433,ScBe5Ni,0.0,0.007893800735473633,-0.0099378451704978,-0.30885019999999996
agm002133729,SrAl2Pt,0.0,0.0054100751876831055,0.0128616988658905,-0.814454
agm003264089,V3Sb,0.054900000000000004,0.012502908706665039,0.0053978413343429,-0.21752197
agm001116775,Ti2AlIn,0.0,0.0015681982040405273,0.0008940696716308,-0.28419864
agm005865186,V12Si3Ge,0.0,0.002199411392211914,-0.001819297671318,-0.43124759999999995
agm003213470,Ca2Pt3O8,0.9634,0.0025725364685058594,1.1185216903686523,-1.804204
agm005087878,BaNaTlF6,3.7721,9.678666114807129,3.8267884254455566,-3.047989
agm003137889,KCrS2,1.1654,0.020213842391967773,0.8271802663803101,-1.2680042
agm002241825,LaGaSi,0.0,0.011607646942138672,0.0113235265016555,-0.7267384
agm002389992,TiFeF6,1.8109000000000002,0.05434083938598633,1.5780013799667358,-3.4003942
agm003187123,ReTcRu2,0.0,0.031948089599609375,-0.0009178221225738,-0.077745035
agm003211133,Li2HfO3,4.5280000000000005,9.552603721618652,4.393219947814941,-3.16872
agm004874301,RbTl(SO4)2,2.3701,6.024517059326172,1.758509397506714,-1.9620144
agm005022872,CaMnP2Rh,0.0,0.3278384208679199,-0.0009029358625411,-0.8751838
agm002666807,Ta2CrOs,0.0,0.0039539337158203125,0.0078016407787799,-0.30981374
agm003244132,SrTa2O6,3.2299,8.289337158203125,3.223973274230957,-3.4943466
agm003283360,VIr,0.0,0.005223274230957031,0.0056571066379547,-0.5211323
agm003276879,TlPb8Br9O4,2.9547,4.2063798904418945,2.963019371032715,-1.1644951
agm005676750,SrCaSb,0.1665,0.49297988414764404,0.0287193208932876,-0.9318584
agm005912092,Sr2RuO4,0.0,0.0031751394271850586,-0.004398375749588,-2.4817064
agm002233221,MnPW,0.0,0.007243156433105469,-0.0056765079498291,-0.40795594
agm003250730,Li4Be3As3BrO12,3.9127,8.935893058776855,4.321648120880127,-2.310905
agm005719312,La11Tl9Ru4,0.0,0.000812143087387085,0.005502849817276,-0.39137393
agm005266453,Li5Mn5(SeO3)8,0.7693,0.0036334991455078125,0.8167170286178589,-1.7419859999999998
agm005696036,YIrRu,0.0,0.007563591003417969,-0.0015203356742858,-0.5612978
agm003202530,Zr2SiTe2As,0.0,0.0006134510040283203,-0.0115844011306762,-0.85010856
agm002141404,Ca(GePt)2,0.0,0.0019292831420898438,0.0039111226797103,-0.79401004
agm002178021,Rb4ZnP2,0.7358,0.0013114213943481445,0.7839157581329346,-0.36032143
agm002156260,Li2HfF6,7.5829,14.972233772277832,6.987876892089844,-3.787279
agm003297773,Ba4Rh,0.0,0.0008155107498168945,-0.0087327808141708,-0.15880612
agm003202646,La2Bi,0.0,0.011880278587341309,0.0186335816979408,-0.7486495
agm005989351,Zr3ScFe8,0.0,0.002499103546142578,0.0082023963332176,-0.29176843
agm003248898,Co4Cu3(NiSe6)2,0.0,0.0006809234619140625,0.0191088914871215,-0.29655042
agm003216291,Ag3P11,0.8281000000000001,0.0006475448608398438,0.8106615543365479,-0.021616293
agm003242582,Bi12Rh3Br2,0.0,0.0006268024444580078,0.002188965678215,-0.2592074
agm005901111,La2Si2Pb,0.0,0.00011754035949707031,0.0129961520433425,-0.69534594
agm003248245,Ga3Cl7,3.8622,5.326732635498047,3.7418429851531982,-1.4716128
agm003225758,Sc(FeSi)2,0.0,0.0033855438232421875,0.0167168080806732,-0.6819113
agm003229026,MgB9N,1.6731,1.7634057998657227,1.669006109237671,-0.42655519999999997
agm004925079,Cs2NaBiBr6,3.192,3.334117889404297,3.1525802612304688,-1.3696818
agm003062831,RbGaF3,4.6629000000000005,6.654223442077637,4.699864387512207,-2.8641624
agm002347122,La6Ga2NO,0.0,0.03261303901672363,0.0585127621889114,-1.2428683
agm003227106,As(IF2)3,1.343,3.66504168510437,1.3711748123168943,-1.7357216
agm002147631,GeF3,3.7108,5.252932548522949,3.950950145721435,-2.6229732
agm005239502,SrO10,0.1622,0.13979291915893555,0.1041111499071121,-1.0698155
agm003244897,Hf2Si4Mo3,0.0,0.0017042160034179688,-0.0001898556947708,-0.6759525
agm005949161,Nb(Al4Ir)2,0.0,0.0040361881256103516,0.0128600969910621,-0.62033045
agm003206424,BaNiO3,1.508,0.01889514923095703,1.4977225065231323,-1.7268349
agm002176947,BaTi2Sb2O,0.0,0.01137116551399231,0.0377919971942901,-1.488667
agm002176091,Sr2Br2O,3.3026,6.162541389465332,3.4862842559814453,-2.5442557
agm005230840,MgAg(PO3)3,3.3285,0.0009613037109375,3.3140556812286377,-2.5455503
agm003672025,Sc(BeCu2)4,0.0,0.002410888671875,-0.0024818778038024,-0.15744603000000001
agm005051123,CsSrVO4,4.0735,0.0009737014770507812,3.829566478729248,-2.752504
agm002363731,Sc3TlO,0.0,0.001730218529701233,0.0495394021272659,-1.5474687999999999
agm004934362,La6Sn2CO,0.0,0.0008796453475952148,0.0181716419756412,-1.1235285
agm003237580,La3PbI3,0.0,0.006205648183822632,0.0105978697538375,-1.1432505
agm002285182,Mg2GaPd,0.0,0.0017093420028686523,0.0089085698127746,-0.4986927
agm003187002,TiAl2Zn,0.0,0.0014801025390625,0.0016845762729644,-0.38552046
agm005948957,Sc3CoCl3,0.0,0.003374338150024414,0.0189903900027275,-1.6216428
agm003237323,K3BiSe3,2.0638,3.291344165802002,2.144141674041748,-0.96188986
agm005072395,CsMnMoF6,3.0649,0.002708911895751953,2.9154834747314453,-2.9942892
agm003267662,ZrGaRh,0.0,0.0028181076049804688,0.0059738457202911,-0.8302413
agm001057786,SbPRh,0.5034000000000001,0.004523277282714844,0.1542580276727676,-0.56281507
agm002179020,CsPAuSe3,1.0219,0.0022125244140625,1.2109572887420654,-0.510091
agm003437497,Sc3AlAg2,0.0,0.012029170989990234,0.0055657997727394,-0.34270114
agm005841978,Y2Fe3Os,0.0,0.0021021366119384766,0.0081556290388107,-0.15347284
agm002133281,Al2PdBr8,1.4796,0.26571643352508545,1.5247598886489868,-0.8922504
agm002139232,Cs2RuBr6,0.0,0.002913355827331543,0.2867295444011688,-0.9930144999999999
agm001310315,LiGaMoRu,0.0,0.0018053054809570312,0.0138088017702102,-0.2370396
agm002188610,ZrSiPt2,0.0,0.0010991096496582031,0.0233512222766876,-1.0682437
agm002137578,ScNiBC,0.0,0.0038008689880371094,0.0032500512897968,-0.5423761
agm002314807,SrScCuSe3,0.6893,0.0011851787567138672,0.9807443618774414,-1.4676367
agm002141667,CaPdPb,0.0,0.0015709400177001953,-0.0067804604768753,-0.62250787
agm003435650,Na2SnPt3,0.0,0.008548736572265625,0.0374212637543678,-0.45645905000000003
agm002191483,TiTe5,0.0,0.1120615005493164,0.0838803499937057,-0.36720705000000003
agm004878130,NbAg(PO4)2,1.6379000000000001,0.0019826889038085938,1.9673411846160889,-2.5322418
agm002142149,Cs2CdPb,0.219,0.0031262636184692383,0.1676925718784332,-0.18258765
agm006098579,Hf(BeAu)6,0.0,0.002288818359375,0.0081803575158119,-0.24270464
agm005892841,Y3CrC3,0.0,0.0035732388496398926,-0.0143954455852508,-0.3146618
agm004554865,La2Mn2Si2N,0.0,0.0009050369262695312,0.0054284930229187,-0.82468235
agm002343384,Ba(MgGa)2,0.0,0.0014843940734863281,0.0015011429786682,-0.33723384
agm002930264,Sr(LiP)2,0.0993,0.011349678039550781,0.7940937280654907,-0.8349628
agm002183095,Rb2SCl6,2.3202,1.852473258972168,0.1233643889427185,-1.4585481
agm003229107,Na5SrNbP4,1.3334000000000001,3.1500980854034424,1.121265172958374,-0.6070310999999999
agm003241662,La2HfS5,1.0969,6.704216957092285,0.0991408377885818,-2.4075089
agm003232215,La4MgCo,0.0,0.006181653589010239,-0.0013820230960845,-0.12070454
agm005266940,SrMnBiSbO6,2.395,0.002531707286834717,1.540881633758545,-2.2351027
agm005036677,CsMnBiTe3,0.5317000000000001,0.01307058334350586,0.4836027920246124,-0.47899237
agm002210853,ZrSnF6,4.2663,6.663218021392822,3.076968193054199,-3.5082057
agm003186413,ZrSc2Cd,0.0,0.010172128677368164,0.003097016364336,-0.17227526
agm002201631,Rb2NbBr6,0.0,0.005679011344909668,0.0441757142543792,-1.2935338
agm003267949,K2ReCl6,1.106,0.0037124454975128174,1.0584051609039309,-1.6727085
agm002281988,Cs3InSb2,0.51,0.0033807754516601562,0.4553431570529938,-0.43960553
agm003226780,LiLa2RuO6,0.375,0.0077207088470458984,0.4600705504417419,-2.86344
agm005532012,Tc5Ru2,0.0,0.0009622573852539062,0.002723604440689,-0.04899604
agm003228490,K6MgO4,1.6943000000000001,0.0004940032958984375,1.667542815208435,-1.5948639
agm003241536,RbSr2Br5,4.2784,5.986844539642334,4.450963497161865,-2.041657
agm003672330,Li8CaIr4,0.0,0.002404928207397461,0.0088662207126617,-0.2216329
agm002210760,TiMnF6,2.7843,0.012737274169921875,2.9170918464660645,-3.5094047
agm003278920,La21Fe8Sn7C12,0.0,0.000736534595489502,0.0014952905476093,-0.45872125
agm004804329,Ca4InPb2Au,0.0,0.0019017457962036133,-0.0020338259637355,-0.5988770999999999
agm005920944,Ta5B2P,0.0,0.0032949447631835938,0.0015662536025047,-0.7430942700000001
agm005097122,MgInGaF6,3.5375,5.481772422790527,3.615417957305908,-3.0413818
agm002178236,CaPIr,0.0,0.018372535705566406,0.0097415596246719,-0.9867364
agm004715646,La8Os3PdBr4,0.0,0.0022329092025756836,0.039783239364624,-0.93278605
agm003238453,Mn24Al5,0.0,0.002475738525390625,-0.0026953667402267,-0.15150192
agm003211538,VOF,1.6058,0.0072116851806640625,1.5903624296188354,-2.8271809
agm002908630,Sr(AlPt)2,0.0,0.004809379577636719,0.0198396369814872,-1.0100809
agm005238172,Ba3TaN3Cl2,1.9982000000000002,3.0019190311431885,2.2500176429748535,-1.8298358000000001
agm006057118,Sr(HfS2)4,0.0,0.0008776187896728516,1.145982265472412,-2.097111
agm003282826,BaLi2Ti6O14,2.8858,9.615642547607422,2.898454427719116,-3.3945704
agm005035915,RbMgSbTe3,1.2488000000000001,1.1165366172790527,0.9786102771759032,-0.654673
agm003208606,Ir3Se8,0.0,0.03757286071777344,-0.0024942308664321,-0.2915403
agm005964466,Fe(NF)2,3.4533,0.003760099411010742,3.2804059982299805,-1.7078285
agm002254124,Cs2RbAs,0.0,0.0009984970092773438,-0.0128686428070068,-0.26836684
agm002141591,CaInNi2,0.0,0.0010991096496582031,0.0145682692527771,-0.28030163
agm001954418,V2PdC,0.0,0.0023055076599121094,0.0009588077664375,-0.42541979999999996
agm005937108,Sc8OsAu2,0.0,0.0009829998016357422,0.0027728825807571,-0.490484
agm005989733,KSr3Pd8,0.0,0.006814002990722656,-0.0013620555400848,-0.51786613
agm005859157,K2CoBr4,0.7802,0.002529621124267578,0.8249040842056274,-1.1415871
agm005599801,Y6C3S2,0.0,0.012036919593811035,0.0303059965372085,-1.1468382
agm005786383,BaMnCl6,1.2784,0.022829055786132812,1.5280362367630005,-1.9325156
agm005001207,La2BeSiN,0.0,0.0024718046188354492,0.0249803066253662,-1.0001934
agm003248843,Cs2Te10Mo9,0.0,0.0017199516296386719,0.0070209242403507,-0.44473305
agm003454905,Hf4CoN2,0.0,0.0016446113586425781,0.0042439699172973,-1.324366
agm002697398,MgScAu2,0.0,0.0004315376281738281,0.0052414014935493,-0.74963343
agm004927472,Tl2GaAgF6,3.0923,0.0007471442222595215,1.854462504386902,-2.2941127
agm003216073,La(PdO2)2,0.0,0.006803035736083984,0.0483085513114929,-1.9774479
agm005846074,Y2SI2,0.0,0.0028922557830810547,0.0248840153217315,-1.7575029999999998
agm005537710,Zr5N6,0.0,0.008344948291778564,0.0588018000125885,-1.7599645
agm003300131,V8Ni,0.0,0.006720542907714844,-0.0008940622210502,-0.068715416
agm005272946,Co2TeCl2O3,2.5298,0.5394935607910156,2.380666732788086,-1.3718952
agm005945155,Na(Ge2Pt)2,0.0,0.004414558410644531,0.0230855047702789,-0.38135767
agm003570796,Ca3RuO6,0.0,0.007352709770202637,0.5097980499267578,-2.6089048
agm005274988,Ti(CoO2)2,1.1888,0.0025730133056640625,1.233452558517456,-2.264726
agm005280652,LiMnF4,1.8563,0.016336917877197266,1.8357077836990356,-2.9469469999999998
agm002197513,AlCu2S3,0.0,0.0010247230529785156,1.336862087249756,-0.9452550999999999
agm003228850,Mg(ClO4)2,5.2789,9.32567310333252,5.213779449462891,-1.0286677
agm004583322,Y2Hf(TlS3)2,1.6156000000000001,3.6241872310638428,1.4925220012664795,-1.8856758999999998
agm003131988,Ca3BiP,0.8458,1.9652678966522217,0.2970729470252991,-1.0317044
agm002137033,B2Mo,0.0,0.003243684768676758,0.0422139130532741,-0.46639606
agm002187156,CaSiNi,0.0,0.005316019058227539,-0.0136155784130096,-0.57261765
agm002140946,Ca2SnPt2,0.0,0.0007762908935546875,0.0091066099703311,-0.95404005
agm002273728,YFe3Ge2,0.0,0.009406089782714844,0.006017230451107,-0.40622949999999997
agm005545205,NO4,0.0917,2.334652900695801,0.5520275831222534,-0.65928245
agm005833503,Li4LaPt2,0.0,0.008177638053894043,0.0202626585960388,-0.6141282
agm005580416,Ca4Ni13C4,0.0,0.0003452301025390625,-0.0053271949291229,-0.14295829999999998
agm003248745,AlTlSiO4,4.0865,5.163095951080322,3.3880105018615723,-2.904988
agm002161356,MgSnPt,0.0,0.006501197814941406,0.0102447494864463,-0.6956304
agm003448444,Rb2BeCl4,5.1851,7.172079563140869,5.234856605529785,-2.135311
agm004596467,La6IrRu2Br3,0.0,0.0006098449230194092,0.0226142555475235,-1.0279863
agm002349525,Ca(NiP)2,0.0,0.002170085906982422,-0.007685400545597,-0.8514995999999999
agm006134299,Al6FeRh5,0.0,0.0027151107788085938,-0.005741074681282,-0.9793955999999999
agm002226587,YInNi4,0.0,0.005711555480957031,0.0170522928237915,-0.38165295
agm003213857,Ba2Cd2As3,0.0114,0.0001533031463623047,0.2404703497886657,-0.7755875600000001
agm003406689,Li2In2Pt,0.0,0.004533052444458008,0.0184580720961093,-0.5185337
agm005129445,Ti2Co5GeB2,0.0,0.0033788681030273438,0.0095033347606658,-0.5542785
agm003227451,Zr5P7Pd9,0.0,0.004791259765625,0.0059321522712707,-0.9304943
agm003272237,Si5P6O25,5.5974,9.843154907226562,5.638063430786133,-2.8738995
agm004777674,RbLa2AgSe4,1.4759,0.003622770309448242,1.423149585723877,-1.5860156
agm003229637,Zn4P6N12O,2.9645,0.022752761840820312,2.9816579818725586,-0.76157564
agm003234646,TiNb6Tl2O18,2.4675000000000002,5.904810905456543,2.4248318672180176,-2.9014077
agm002313935,ScInCo4,0.0,0.00333404541015625,0.0097443759441375,-0.20469113
agm001966950,La2RhI,0.0,0.012229979038238525,0.024359818547964,-1.0549625
agm005907994,Ba5Ge2Sb,0.0,0.006447315216064453,0.3271072804927826,-0.6813716
agm005971119,La2CdPb5,0.0,0.0007561445236206055,0.0072767734527587,-0.4500693
agm005587034,SnTeN,0.7213,0.0023717880249023438,0.7131383419036865,-0.27552864
agm003242240,Cs4Co3F10,2.9387,0.0018591880798339844,1.365543246269226,-2.7007234
agm003229111,Na2(TaS2)3,0.0,0.0012115240097045898,0.0621970519423484,-1.5683693
agm003145544,BaSiAu3,0.0,0.10313034057617188,0.030719555914402,-0.55282474
agm003248905,Zr6CoI14,0.0,0.000614166259765625,0.5715675354003906,-0.8892224400000001
agm003137766,TlInS2,1.5635,3.7573094367980957,1.3944556713104248,-0.8671757
agm003232218,La4MgIr,0.0,0.0010287761688232422,-0.0056495368480682,-0.38987014000000003
agm004934835,La6In2CO,0.0,0.0020070672035217285,0.0483921393752098,-0.9923694
agm003222905,Rb2Sn2Se5,0.8104,1.772557258605957,1.004027009010315,-0.7374959999999999
agm003064885,RbFeSe2,0.0,0.0017497539520263672,0.0032397210597991,-0.66311264
agm003215737,MnCr2O4,2.3852,0.0023021697998046875,2.353803873062134,-2.3223183
agm005943982,Nb2Si2Ni,0.0,0.007381439208984375,0.0159828960895538,-0.72874343
agm004755266,K2CaCdBi2,0.3976,0.0035600941628217697,0.4089891314506531,-0.5236921
agm005760429,Zr6CdIn,0.0,0.0062291622161865234,-0.009780466556549,-0.1679523
agm002175016,NaPdIO6,1.5725,0.0023698806762695312,1.1170352697372437,-1.0865132
agm002146848,CuSe2I,0.8941,0.002582550048828125,0.8857755661010742,-0.12827827
agm003238412,Sc6Co16Si7,0.0,0.007689476013183594,-0.0003384873270988,-0.6401646999999999
agm003247731,KMo3(PO7)2,2.1362,0.0061855316162109375,2.1938509941101074,-2.3469458
agm003378720,Rb3(InAu)4,0.0,0.0016906261444091797,-0.0135155543684959,-0.29294822
agm005068910,NaTaTeO6,2.3212,5.3891167640686035,2.9111685752868652,-2.3310373
agm003202341,BaTlPt4,0.0,0.09643745422363281,0.033651977777481,-0.48165169999999996
agm003294757,CsN2,0.0,0.0016450881958007812,3.973957300186157,-0.42105076
agm003285603,Ge2F13,0.0,0.000244140625,2.862368106842041,-1.8205084
agm005839378,K(OF)2,1.1558,4.5299530029296875e-05,1.2021523714065552,-1.6150951
agm002206699,Zr6CoPb2,0.0,0.0002925395965576172,0.0046237111091613,-0.25941179999999997
agm005230917,In5AgSe8,0.2233,1.4656487703323364,0.3211014568805694,-0.50129956
agm003241575,K5RbZn4Sn5S17,1.5912000000000002,0.0037494897842407227,1.7298041582107544,-1.1710573
agm003231682,LaP2,0.6321,3.7171263694763184,0.1028178334236145,-1.0982394
agm005256777,V2Pb(OF4)2,3.4155,6.263213157653809,3.1962647438049316,-2.7814354999999997
agm005088479,CsAlFeF6,3.9387,0.0009725093841552734,3.970355272293091,-3.3645415
agm004617964,La6CN2Cl3,0.0,0.0012547150254249573,0.0052982419729232,-1.645084
agm003157724,PbS,0.4586,2.4392735958099365,0.2992747128009796,-0.8700844600000001
agm002214776,TlGeBr3,2.2734,2.676893949508667,2.4185850620269775,-0.69023806
agm002171826,NaAsO3,3.0019,6.687121391296387,2.6749534606933594,-1.9044086
agm005538011,In6Rh5,0.0,0.006717205047607422,0.006707988679409,-0.40349385
agm005961573,Cs3BiBr6,3.6111,3.5467116832733154,3.1472816467285156,-1.4178798
agm003269606,Rb2MnTe2,0.967,0.0028683170676231384,1.0138914585113523,-0.7601751999999999
agm005710833,Tl(VBr3)2,0.0,0.0004050731658935547,0.5852844715118408,-0.8655438400000001
agm003250006,CsZr6MnCl14,1.2288000000000001,0.023395538330078125,0.99261474609375,-2.0510314
agm002139844,AlV2C,0.0,0.0065534114837646484,-0.0031517818570137,-0.52132165
agm003219695,Ca3Pd,0.0,0.0028545260429382324,0.0211685299873352,-0.44013035
agm005134836,Be2Nb2Ru5W,0.0,0.00577545166015625,-0.0066827870905399,-0.31975937
agm004964314,Ba2CrIrO6,0.0,0.001653432846069336,-0.0196450054645538,-2.3258786
agm005677633,Y2Ti3Si4,0.0,0.007823631167411804,0.0038110166788101,-0.8158112
agm005663183,La2P7Ru12,0.0,0.008090019226074219,-0.0009436383843421,-0.73519844
agm003330245,K3Tl3Pt2,0.0,0.0030536651611328125,0.0989440530538559,-0.19179355
agm003245814,Li15Pd4,0.0,0.00516076385974884,-0.0046764463186264,-0.26295096
agm001116324,TiBePd2,0.0,0.003932952880859375,0.0067566633224487,-0.57793486
agm002207315,CrNiAs,0.0,0.01100921630859375,-0.009900689125061,-0.23887856000000002
agm002935477,Na(AsPd)2,0.0,0.0033397674560546875,0.0196172446012496,-0.43840393
agm003237283,La3AsI3,0.0,0.002093493938446045,-0.0030471682548522,-1.4579004
agm005989356,ZrSc3Fe8,0.0,0.001605987548828125,-0.0010143369436264,-0.283227
agm005936013,Ca3Sn3Ir,0.0,0.0016064941883087158,-0.0059026926755905,-0.62967956
agm003215430,Ti2CuS4,0.0,0.0038700103759765625,0.0126517042517662,-1.5362225999999999
agm002175376,Ba2YSbO6,3.5538,4.633078575134277,3.52466344833374,-3.0826795
agm004872729,Mg2AlAgSe4,1.7546,0.008816719055175781,1.1299521923065186,-0.9420392
agm003215870,Te2Pd3Pb2,0.0,0.007618427276611328,0.0001521445810794,-0.37553614
agm003226508,Ba7Al4Ge9,0.0,0.013927698135375977,0.0134001374244689,-0.51734746
agm003241420,K2LiVS4,1.5011999999999999,6.0624284744262695,1.4796466827392578,-1.498027
agm003241412,Sr2PIO4,4.2362,5.733476161956787,4.1031999588012695,-3.0579166
agm003229098,NaSr3RuO6,0.5376000000000001,0.005558013916015625,0.4673243463039398,-2.541633
agm005967298,Mg3NbRh4,0.0,0.0035881996154785156,-0.0026787668466567,-0.5594237400000001
agm004945096,NaSb(CO3)2,3.7498,5.828774452209473,3.550936222076416,-1.8725507000000001
agm002170994,CaRhO3,0.0,0.008090019226074219,0.0033541023731231,-2.0974255
agm001960477,SrHfAs2,0.0,5.399456977844238,0.5803470611572266,-1.114821
agm003558386,Ca3TcN4,0.0,1.9371509552001953e-06,0.6195143461227417,-0.94492704
agm003239688,Mo2Os,0.0,0.0008683204650878906,0.0105332136154174,-0.024699511
agm003676118,Li6Cd5Pb,0.0,0.004141569137573242,-0.0004608929157257,-0.26462779999999997
agm004884795,HfS2ClO8,0.7666000000000001,0.00072479248046875,4.07351016998291,-2.2672737
agm006119809,Al4InIr5,0.0,0.005466461181640625,0.0046365596354007,-0.7801481
agm003271627,LaAs,0.0,5.166341781616211,0.0064304769039154,-1.5746155
agm003232408,Na3Ca2BiO6,1.5617,4.282656669616699,1.7783544063568115,-2.2866447
agm004532491,Sr2ZnGa3Pd4,0.0,0.005431175231933594,-0.0014776289463043,-0.6992103
agm003269265,BaBeSiO4,4.6199,9.331847190856934,4.602716445922852,-3.328387
agm003277462,Na4Mg3P4O15,4.7425,6.483488082885742,4.712396144866943,-2.8491394999999997
agm002180505,Ba(SnRh)2,0.0,0.0011935234069824219,0.0096093714237213,-0.6000133
agm003208527,Li5(NiN)3,0.0,0.005025386810302734,0.0078792870044708,-0.46673575
agm001028380,TaNbSe,0.0,0.005779266357421875,-0.0049646496772766,-0.5242528
agm002741453,Sr2CdIn,0.0,0.018518924713134766,0.0029297098517417,-0.39475337
agm003231512,NaHfCuSe3,0.3961,0.006742238998413086,0.4009163081645965,-1.0601006
agm003139906,HfS3,1.1365,5.739443778991699,1.1452770233154297,-1.6980027
agm002095110,LiPdAu,0.0,0.0013022422790527344,0.0082177519798278,-0.43226227
agm003275937,Zn2Si3Pb4SO15,3.4901,0.32674646377563477,3.558875799179077,-2.349275
agm005017183,LaMnGe2Os,0.0,0.005383968353271484,0.0133421495556831,-0.48267242
agm004936432,Rb2YInBr6,3.2341,4.400086402893066,3.2414088249206543,-1.6188067
agm003202503,Sr2BBrN2,2.4506,4.922127723693848,2.7345638275146484,-1.539021
agm002183823,TaSbOs,0.8512000000000001,0.0014386177062988281,0.7050522565841675,-0.24764447
agm003206885,K2NaFeF6,4.1188,0.0006861686706542969,4.134136199951172,-3.0218098
agm003194839,BaIn4,0.0,0.011842727661132812,-0.0033975690603256,-0.3521686
agm004544258,La2Ge2BOs2,0.0,0.0007476806640625,0.072255827486515,-0.6123697
agm005803354,KHfCl14,0.4768,2.193450927734375e-05,1.4980320930480957,-1.2942157
agm006135328,Sc6CS5,0.0,0.001963376998901367,-0.0036413669586181,-2.0042007
agm005529244,Cu2S13,0.0,0.3149418830871582,0.0955783873796463,-0.446051
agm003237712,Ag3Ge5P6,0.5691,0.0010058879852294922,0.6277955770492554,-0.02712447
agm003201555,NaGeAu,0.0,0.002160787582397461,0.0149221420288085,-0.30644596
agm003228605,Ba3NaBiO6,1.709,1.1370701789855957,1.9349114894866943,-2.4393203
agm006108560,Sr8Bi5I,0.5094000000000001,1.3492846488952637,0.0515818297863006,-1.0167582
agm005555817,Be3(CrB)2,0.0,0.000850677490234375,0.0243387520313262,-0.33259803
agm005578517,Li3Be2Pt3,0.0,0.0015001296997070312,0.0040058270096778,-0.6813842999999999
agm003237042,CaGaBO4,3.9728,8.054079055786133,4.0409369468688965,-2.911525
agm003215780,Ba4InSbO8,2.4002,3.761387825012207,1.9447081089019775,-2.6822317
agm003216008,K(SnAu)3,0.0,0.003426074981689453,0.0041758045554161,-0.28639773
agm002271023,Cs2TiF6,4.869,6.103515625e-05,4.3947978019714355,-3.5813613
agm003223298,Ga2TeO6,0.7425,3.429330825805664,0.6991342306137085,-1.930359
agm002195529,TiAl2Ga,0.0,0.001896500587463379,0.010054737329483,-0.4090682
agm002177497,CsGa(MoO4)2,3.9204,8.827948570251465,3.7964000701904297,-2.1862462
agm005916746,Ti3Co4Cu,0.0,0.0006647109985351562,0.0026092529296875,-0.33347243
agm005588246,Na2ReCl6,0.9588000000000001,0.0027635693550109863,1.3464618921279907,-1.5531929
agm003202347,LiBe4Cu,0.0,0.010260224342346191,0.0366460382938385,-0.08460516
agm004586578,K2Hf(ScS3)2,1.7134,6.6246442794799805,1.381734848022461,-2.1140127
agm005015736,LiYGe2Pt,0.0,0.0018334388732910156,-0.0091540515422821,-0.8215411300000001
agm003229909,Ti4CoNi,0.0,0.0013570785522460938,0.0078668594360351,-0.2939825
agm005830993,Zr3ZnC,0.0,0.005084991455078125,0.021963782608509,-0.5023004
agm004603325,Sc6CSe3S2,0.0,0.0009911060333251953,-0.0007838606834411,-1.7116668
agm002150229,FeCuI4,0.0049,0.023497581481933594,-0.0456488132476806,-0.18976759999999998
agm001416863,MgCd,0.0,0.0017495155334472656,0.0137200504541397,-0.110051885
agm006016877,Ta3Be8Ru,0.0,0.045775532722473145,-0.0099335610866546,-0.33821627
agm003227496,Ba2Ti6O13,0.0,0.000801384449005127,0.0054318681359291,-3.493319
agm003247971,Rb3W2N5,2.0582,2.795073986053467,1.876618504524231,-0.66080874
agm005588284,Na2ZrCl6,3.4809,8.37903118133545,3.633500099182129,-2.2178464
agm006011539,Rb(FeSb3)4,0.0,0.00507780909538269,0.1028160154819488,-0.07650494000000001
agm003239024,Ba3NiIrRuO9,0.0,0.0029230117797851562,-0.0053828358650207,-2.070208
agm002352166,Hf6RhPb2,0.0,0.00935053825378418,-0.0029900819063186,-0.26029179999999996
agm005550638,Ti2V2C3,0.0,0.0027141571044921875,0.0139572620391845,-0.6900769999999999
agm003246672,Li3VF6,2.4195,0.0007112026214599609,2.507625102996826,-3.2115486
agm003304555,K2B2Pt3,0.0,0.008554458618164062,0.0764275789260864,-0.29526964
agm001191395,YIn,0.0,0.045838117599487305,0.0072354674339294,-0.49891636
agm002325096,Sr2ZnPd2,0.0,0.0012121200561523438,0.0187256634235382,-0.6088462
agm003194284,La(CoB)2,0.0,0.013236045837402344,0.0152856260538101,-0.47990134
agm005715269,Mg3AgRh2,0.0,0.004942893981933594,-0.0109963193535804,-0.447555
agm003282697,Li6Y(BO3)3,4.7453,7.450878143310547,4.775862216949463,-2.816125
agm002195201,NbAl2Ga,0.0,0.025136113166809082,0.0227072238922119,-0.41944247
agm003213433,Tl4V2O7,2.6161,3.62060546875,2.632556200027466,-1.8272601
agm005078257,BaTePdO6,1.5266000000000002,0.0022640228271484375,1.1703935861587524,-1.8244988
agm001612349,Sr2CdIrN,0.0,0.010421991348266602,0.0418469756841659,-0.56858414
agm005241620,K(V3S4)2,0.0,0.005324363708496094,0.0510054230690002,-1.3931592
agm003206942,Ta(ICl)2,1.1547,0.4560263156890869,1.1608405113220217,-1.1319315
agm002223339,CaFeN3,0.0,0.028256654739379883,0.0871003568172454,-0.6060913
agm003157750,TlI,2.1655,3.7501609325408936,2.2128567695617676,-0.665558
agm003237048,CaLaGaO4,3.4898,8.036067962646484,3.474790096282959,-3.22868
agm005862897,Nb2TcW2,0.0,0.0016326904296875,-0.0082326233386993,-0.18448192
agm005594345,RbTl2Br3,3.1194,4.039030075073242,2.743116855621338,-1.1598383
agm003201032,ScNi2,0.0,0.0050811767578125,0.0189343839883804,-0.52225506
agm005751222,Li4GaPt,0.0,0.0059670256450772285,0.0134953260421752,-0.45751855
agm003191807,CaYPt2,0.0,0.004282236099243164,0.0029838308691978,-1.0886239
agm003242057,Y4Al23Ni6,0.0,0.000102996826171875,0.0054339356720447,-0.5197828
agm004762738,Na2AlInTe4,1.6506,3.2016735076904297,1.492930889129639,-0.63739425
agm001205314,HfGa2Au,0.0,0.007052898406982422,-0.0178217887878417,-0.43013397000000003
agm002171575,K2SeO3,4.3528,1.987992286682129,4.02457857131958,-1.8410856999999998
agm005149869,La2TiNiS5,0.0402,0.0005218982696533203,0.0328883603215217,-2.0417585
agm002143820,HfCo2,0.0,0.0016307830810546875,-0.0011060237884521,-0.37352183
agm003395858,La2InRu2,0.0,9.107589721679688e-05,0.0121728181838989,-0.33656567
agm003232170,Rb2SbCl3F2,3.0995,3.2624311447143555,3.09335994720459,-2.2969177
agm002237100,GePdS3,1.3932,0.0011548995971679688,1.341867446899414,-0.75388384
agm005731791,RbMoF6,2.1476,0.010912537574768066,2.3627634048461914,-2.9385019999999997
agm003258600,V3Se4,0.0,0.0020265579223632812,-0.0038122460246086,-0.7301768
agm005546833,PtCl6,0.48810000000000003,0.25281286239624023,1.5970678329467771,-0.66064835
agm003223204,K3(PtO2)2,0.0,0.0023665428161621094,0.0221015885472297,-1.3868648000000001
agm005769928,CaAs2Rh3,0.0,0.0009980201721191406,0.0060414224863052,-0.7422071
agm003273617,RbMoN2,0.0,0.003301262855529785,0.8147022724151611,-0.5979146
agm003278238,Cs2Sb4S7,1.6223,2.8279380798339844,1.5687289237976074,-0.9250001
agm001611066,La2RuAuC,0.0,0.0016977787017822266,0.0162181705236434,-0.46281666
agm005941902,Rb2MoF5,3.9318,0.011731147766113281,3.68900465965271,-3.0002363
agm003231786,PPdS,1.0942,0.0072765350341796875,1.0843322277069092,-0.6457472400000001
agm003236585,SbAsO5,1.7435,4.759305000305176,1.7626314163208008,-1.7363564999999999
agm003239512,Nb4Co4Si7,0.0,0.0015797615051269531,-0.0011913329362869,-0.69527507
agm003639247,ZnSi4Ru5,0.0,0.002315521240234375,0.0151721388101577,-0.5552382
agm005279120,Nb10Se40I3,0.12490000000000001,0.0002570152282714844,0.0745303109288215,-0.57247376
agm003094405,LiFeP,0.0,0.0007534027099609375,-0.0076896399259567,-0.65276873
agm003228697,Ti6Sn5,0.0,0.002358376979827881,0.002125471830368,-0.37296158
agm006066885,Li3TaPt4,0.0,0.0003075599670410156,-0.0086695700883865,-0.6644591
agm001830430,HfRh3,0.0,0.14961719512939453,0.0201332196593284,-0.7521707
agm004651414,La6Os2I3Cl,0.0601,0.0010853353887796402,0.0020053535699844,-1.0262
agm005680852,Fe3SiW2,0.0,0.012052536010742188,-0.0025249198079109,-0.2351702
agm002164213,Y3AlN,0.0,0.008101701736450195,-0.0043973252177238,-1.0078557
agm002230954,BaHf(PO4)2,4.91,9.318297386169434,4.96450138092041,-3.3538826
agm003597817,LaScPb,0.0,0.009143412113189697,0.0129587016999721,-0.48029158
agm002635955,ScAlRh2,0.0,0.0009565353393554688,-0.0049881413578987,-1.0965143
agm003242072,Rb8Ta6O19,3.5054,9.059906005859375e-05,3.4953203201293945,-2.944935
agm003215696,Li10BrN3,1.4134,3.255899429321289,1.3548529148101809,-0.6199289
agm001293684,TiAlTcIr,0.0,0.016693115234375,0.0058459341526031,-0.7685911
agm004514241,Y2AlSi3Pt4,0.0,0.002742767333984375,0.0045330449938774,-1.1343334999999999
agm004928155,K2MgVF6,2.6942,0.0044672489166259766,2.660003900527954,-3.3084338
agm005888503,KBaO4,0.0,0.0005407333374023438,0.1616235971450805,-1.7819302000000001
agm003244117,Hf2P,0.0,0.0011067390441894531,-0.0062770694494247,-1.0060608
agm003238403,Zr6Al16Pt7,0.0,0.003927469253540039,0.0114548206329345,-0.926001
agm003276701,BaV2SeO8,2.0976,7.731478691101074,2.018213987350464,-2.3208532
agm003186964,PIrBr2,1.6289,0.009526252746582031,0.8661253452301025,-0.43494859999999996
agm003211669,BaIn9Ir2,0.0,0.011556267738342285,0.0051320493221282,-0.25945032
agm005681037,La2Y3Ga4,0.0,0.0013823509216308594,-0.0002110973000526,-0.59898037
agm003221286,Y2(B2Rh3)3,0.0,0.0036096572875976562,-0.0031717345118522,-0.63831246
agm005628084,Na2(AlAu3)3,0.0,0.0006666183471679688,-0.002379473298788,-0.36897558
agm006106284,Sr8As5Cl,1.0738,3.3334341049194336,0.5312110185623169,-1.3406272
agm001938797,Ca2CdN,0.0,0.003830552101135254,0.0231605321168899,-0.7196589
agm002210845,ZrPbF6,5.4068,7.111098289489746,4.014188289642334,-3.5735826
agm002433306,ScRu3C,0.0,0.01422262191772461,0.0211006551980972,-0.27448323
agm004583720,K2Cr2SnSe6,0.5171,0.0029071569442749023,0.3131718933582306,-0.7475775
agm003212067,Ti4AlGe7,0.0,0.0074967145919799805,0.0110935866832733,-0.44914567
agm005250645,NaCa9Mg(PO4)7,5.156,7.686463356018066,5.160514831542969,-3.2799783
agm005768639,HfBe5Pt,0.0,0.005033373832702637,-0.01410973072052,-0.51828694
agm003160806,Hf2Pd,0.0,0.004364728927612305,0.0093494355678558,-0.5270403
agm002362665,KTaF6,6.3579,13.889913558959961,4.9920334815979,-3.6289074
agm003241376,Sr3TaAs3O,1.3269,3.7817115783691406,1.2293130159378052,-1.5615526
agm003202604,Li3LaAs2,0.6331,3.7185235023498535,0.4659021198749542,-1.0260946
agm005224035,NaAl6Sb7(TeCl3)8,1.5573000000000001,0.885066032409668,1.412534236907959,-1.365197
agm001295527,LiSiRuPt,0.0,0.06698036193847656,-0.0125545635819435,-0.6854165999999999
agm003223370,KLiSi2O5,4.697,8.353647232055664,4.591390132904053,-2.9814043
agm005135699,Y2MgBe2Pd5,0.0,0.004406452178955078,-0.0041591227054595,-0.7562568
agm003243997,YSi3Ni5,0.0,0.010471343994140625,-0.0065715014934539,-0.71581686
agm003216029,Sc5CCl8,0.0,6.949901580810547e-05,0.014503926038742,-2.161933
agm002213254,SrGa3Rh2,0.0,0.0019419193267822266,-0.0177471339702606,-0.67960036
agm004497609,Cs2MgZn3F12,0.0,0.0003666877746582031,4.0297346115112305,-2.7288005
agm006075231,Nb6Ru5Rh,0.0,0.0023436546325683594,0.0001542270183563,-0.2871142
agm005914461,Rb(ZrSe2)2,0.0,0.0010601021349430084,0.3275662064552307,-1.3987706
agm005673262,Rb5(NbSe3)2,0.213,0.0006821155548095703,1.5030821561813354,-1.056339
agm003201855,CsAu3S2,2.277,3.4332275390625e-05,2.2088499069213867,-0.7254586
agm006120115,Ti5MoC6,0.0,0.008353233337402344,-0.0033997595310211,-0.70233136
agm003194257,SrMg2N2,1.6959,2.1715402603149414,1.7027373313903809,-0.8530595
agm005957175,Sc3InIr4,0.0,0.009093761444091797,0.0070142596960067,-0.8269968999999999
agm003285042,Ge19(AsI)4,1.1795,3.841541290283203,1.0363490581512451,-0.08794912
agm005264843,Zr2Fe3Ge,0.0,0.0017852783203125,0.0106528401374816,-0.44931802
agm005973551,Mg2AlAu5,0.0,0.006071567535400391,0.013824239373207,-0.46553168
agm006013702,Y4Al12Pt,0.0,0.005403041839599609,-0.0064864009618759,-0.5807344
agm002185784,SnPtSe,0.4112,0.022861003875732422,0.2871096134185791,-0.5789428
agm003202669,Li3LaBi2,0.2511,1.5687315464019775,0.1411201655864715,-0.7365731
agm003503583,K2ReBr6,1.0113,0.002073347568511963,0.9999639987945556,-0.96738404
agm005786193,Be3IrPd2,0.0,0.009308815002441406,0.0033042803406715,-0.6371756
agm005807030,Mg4TlNi,0.0,0.00043372809886932373,0.0013664290308952,-0.11089834600000001
agm003276504,BaGa2(GeO4)2,3.3102,8.072871208190918,3.5157129764556885,-2.4589045
agm006030116,Na2LiO4,0.0634,0.001007080078125,0.6012246608734131,-1.4131318
agm003241026,K3TaS4,2.7493,5.599126815795898,2.753091812133789,-1.6121778
agm003229078,Rb4CdBr6,3.2055,0.008635357022285461,3.173680305480957,-1.5198342
agm005286171,Hf5ZrTe8,0.0,0.004088640213012695,0.0104745328426361,-0.80425876
agm003244548,RbNa3Li12Ti4O16,4.3838,4.283717155456543,4.2887139320373535,-2.6452076
agm006058714,Tl6SeI4,2.2133,2.9017252922058105,1.544947862625122,-0.5889487999999999
agm003601134,ScGaTc,0.0,0.001618504524230957,0.0186866670846939,-0.49134737
agm003211299,NaSnAu,0.0,0.0074462890625,0.0042156875133514,-0.365691
agm004497900,Cs2NaCr3F12,2.9179,0.0023124217987060547,2.860322952270508,-3.1154447
agm005947839,Sr(BePt)2,0.0,0.011968612670898438,0.0304255057126283,-0.75566417
agm003161103,VCl2,1.1819,0.008837699890136719,1.2644193172454834,-1.5253378
agm003219429,BaCu2SnSe4,0.4308,0.003378629684448242,0.4543036222457886,-0.74581623
agm003275504,Na2Te2O5,3.0267,4.561084747314453,2.961482524871826,-1.7475682
agm005778386,Nb14RePd,0.0,0.0060045719146728516,0.003648966550827,-0.12208658500000001
agm003251770,LiB(SO4)2,6.4315,11.329254150390625,6.398359298706055,-2.2322702
agm005927137,Ca5InGa2,0.0,0.0007212162017822266,0.0142086967825889,-0.4034371
agm002210772,TiTl2F6,3.8704,5.916579246520996,3.889918804168701,-3.0753527
agm003219394,K2SnBi,0.3039,0.016941070556640625,-0.0042231082916259,-0.35860416
agm005276095,K2Se2O5,3.5831,5.711421966552734,3.5520074367523193,-1.6772618
agm003236411,La3AsBr3,0.0,0.0011599063873291016,0.0626177042722702,-1.7000362999999998
agm002157271,SrLiAs,1.1022,3.6379928588867188,0.6946430206298828,-1.0297085
agm001291119,TiMnCoSi,0.2591,0.014221668243408203,0.0365431457757949,-0.6255857300000001
agm001967012,La2CoI,0.0,0.0005426406860351562,-0.000983715057373,-0.68531334
agm003211198,ZrSbPd,0.0,0.0023927688598632812,0.0140996575355529,-0.74566996
agm003529432,Sc8FeCu2,0.0,0.0006510019302368164,0.0027470886707305,-0.15377992000000001
agm006039988,MgTi3N4,0.0,0.012272357940673828,-0.0024527460336685,-1.7206256
agm002345599,HfMnRh2,0.0,0.003150463104248047,0.0068525895476341,-0.667272
agm005660902,TiSiTc,0.0,0.0049250125885009766,-0.0061844587326049,-0.8395922
agm003232264,Ba5Ta4O15,3.0631,2.3634681701660156,3.243666648864746,-3.4434392
agm003244578,Ta2CdO6,4.0217,0.000949859619140625,3.70547080039978,-2.9538703
agm002137269,Y(BRu)2,0.0,0.004161834716796875,0.0038045942783355,-0.543871
agm003248747,Sr5As3ClO12,3.8467000000000002,7.661431789398193,3.826866626739502,-2.7618313
agm003215653,Pt3O4,0.0,0.008020401000976562,-0.0024369359016418,-0.83018315
agm002632230,TaAlFe2,0.22540000000000002,0.004488468170166016,0.3107118904590606,-0.44706988000000003
agm003557163,Li3TaS4,2.8890000000000002,6.930490493774414,2.872307538986206,-1.5241989999999999
agm005731494,Sc11Ga9Rh4,0.0,0.0008817315101623535,-0.0003665164113044,-0.7515647999999999
agm006106316,Ba8As5Cl,1.0822,2.927412271499634,0.2367073893547058,-1.3147389
agm003223478,RbMgCoF6,1.7606000000000002,0.015001773834228516,1.0759212970733645,-3.0065966
agm005235488,NbO2,0.22130000000000002,0.0016775131225585938,0.1713419109582901,-2.9117708
agm003223345,Y5(GeSb)2,0.0,0.01187056303024292,-0.004518374800682,-1.0084866
agm005082335,BaBiIO6,2.4313000000000002,3.257984161376953,2.45660662651062,-1.6973264000000001
agm005846745,Zr2MnTc3,0.0,0.002068042755126953,0.03355073928833,-0.29100165
agm005990387,MgZr3Fe8,0.0,0.007693290710449219,-0.0041108205914497,-0.22517699
agm003267940,Sb2PbO6,2.1016,3.0897908210754395,1.9458889961242676,-1.9038594
agm002149450,CsTaF6,6.3236,10.681922912597656,5.509863376617432,-3.6367302
agm003311817,La2Al3Os2,0.0,0.0005730390548706055,-0.0054686591029167,-0.44094816000000003
agm005601649,Rb3(TcO4)2,0.0,0.012771248817443848,3.148829460144043,-2.1345587
agm005029703,KNaCO3,3.9768,6.919254302978516,3.5370845794677734,-2.1085618
agm004623767,Li3Ni2RuO6,0.38170000000000004,0.0015859603881835938,0.0822430253028869,-1.592848
agm004586722,Hf2Mn(TlS3)2,0.7879,0.002573847770690918,0.816339373588562,-1.4545335
agm003226353,P2WO7,3.1794000000000002,0.27959251403808594,3.1337642669677734,-2.5246644
agm003054866,CaLaTl,0.0251,0.002298593521118164,0.0109840482473373,-0.39829782
agm004533439,Ca2Ga4Ir3Pd,0.0,0.002111196517944336,0.0053209438920021,-0.6364993
agm002196312,SrAl4Rh,0.0,0.002264842391014099,0.0097342580556869,-0.5603972700000001
agm005557929,Mg2Al2Pt3,0.0,0.0006766319274902344,0.0288774073123931,-0.9416064
agm002137156,Ba2Sr(BO3)2,3.5932,0.000362396240234375,3.961545467376709,-3.1850948
agm003219926,AlICl6,2.2532,4.687169551849365,2.1417970657348633,-1.3046176
agm005804206,Y4InOs,0.0,0.003060758113861084,0.0034496188163757,-0.33454819999999996
agm003263785,V3Pt,0.0,0.008953094482421875,-0.0070900246500968,-0.43361056000000003
agm005034325,BaZrPdSe3,0.006,0.003801584243774414,0.319174200296402,-1.3870091
agm006066024,Be5GeRh6,0.0,0.000797271728515625,0.0141192600131034,-0.6471346
agm003160549,MnBeP,0.3033,0.004219532012939453,0.008703589439392,-0.46428564
agm003597834,CsTlAs,0.14200000000000002,0.7998132705688477,0.1764456331729889,-0.30843288
agm003215637,Na2SO4,5.0005,6.331109523773193,5.167752265930176,-2.3078418
agm003248919,Ba11Bi10,0.0,0.0038573741912841797,0.0048186406493186,-0.89198333
agm001954537,MgZr2C,0.0,0.02776193618774414,-0.0223042890429496,-0.47309914000000003
agm002245312,V2W,0.0,0.00043773651123046875,-0.0104415416717529,-0.06069129
agm005785567,AsS5Br,2.3686,4.550151348114014,2.324505090713501,-0.5669101
agm003277180,CsSi2Mo3P6O25,1.4754,0.0016717910766601562,1.9584461450576784,-2.6977422
agm003222667,PCl5,1.9017,10.27161693572998,1.8348731994628904,-1.0743768
agm002196801,AlSeCl,3.5919,6.021671772003174,2.28377366065979,-1.3734004
agm003264043,CsCNO,4.4998000000000005,0.00096893310546875,5.025286674499512,-1.255517
agm005578870,Mg3Sc3Pd2,0.0,0.0028437376022338867,0.008718267083168,-0.4896742
agm002165778,NaCrSe2,0.742,0.015555620193481445,0.5285623073577881,-0.81185514
agm005693937,Li2Ni3P,0.0,0.006015777587890625,0.0034583657979965,-0.42053363
agm003223906,Ta2Be17,0.0,0.00648045539855957,0.0083537101745605,-0.19508047
agm002134065,Sc2Al3Si2,0.0,0.004485726356506348,0.0113681405782699,-0.52079177
agm003224623,Nb3VSe6,0.0,0.005802154541015625,-0.0191844552755355,-0.9098219
agm004742553,LiCa(NiGe)2,0.0,0.008726119995117188,0.0149646550416946,-0.5160169
agm003206276,Y(BIr)2,0.0,0.007965087890625,0.004616230726242,-0.7344677
agm002365451,Sr2MgSbO6,0.0,0.0006618499755859375,2.503589630126953,-2.6822739
agm005595520,La3SbN2,0.0843,0.0008959770202636719,0.1145269721746444,-1.4687427
agm003277789,Rb2PS3,2.8493,4.620736122131348,2.785003423690796,-1.2811122
agm002282748,KTlAu,0.0,0.004140138626098633,0.028288185596466,-0.24703303000000001
agm003202374,LiCaPt4,0.0,0.03175830841064453,0.0061507746577262,-0.7470825
agm004579371,CdS2(O3F)2,4.2852,0.0006656646728515625,4.248499393463135,-2.0739384
agm003194475,Sr3As2,1.0312,2.4996118545532227,0.592003583908081,-1.1053281
agm002181660,Ga2SeS2,2.2695,5.148928165435791,1.6610665321350098,-0.9149404
agm003226389,La2Si5Rh3,0.0,0.0016984939575195312,0.0056440159678459,-0.967279
agm006067701,Zr(Ti2N3)2,0.0,0.012731790542602539,0.0005962252616882,-1.7710933999999998
agm003232004,Nb3Al2N,0.0,0.026579618453979492,0.0310169160366058,-0.74861455
agm004497765,Cs2LiIn3F12,4.1815,8.022590637207031,4.282011985778809,-2.9685926
agm002239911,Cs2Pd3Se4,1.0385,0.004690647125244141,1.0685309171676636,-0.7515474999999999
agm004544489,La2Mn(TeO)2,1.2698,0.0015804767608642578,0.9330862760543824,-2.4206877
agm005783011,SnGeF6,4.3057,6.727285385131836,3.9945435523986816,-2.7360415
agm004924878,Rb2NaScBr6,3.2447,5.846882343292236,3.650641918182373,-1.7258124
agm003258299,Al2Te5,1.0772,0.9781761169433594,1.0532830953598022,-0.32805002
agm002191036,TiFeAs,0.0,0.0026922225952148438,-0.0042047947645187,-0.6930004
agm003201806,Co2N,0.0,0.014432907104492188,0.010205715894699,-0.058994237000000005
agm003206293,BaBiIO2,2.9693,4.577191352844238,2.9566564559936523,-2.1047165
agm003223202,K2Ti(TeO4)3,1.5159,4.188116550445557,1.3164293766021729,-1.9918035
agm004584102,Rb2Hf(ScSe3)2,1.2589000000000001,5.1065802574157715,0.8959307670593262,-1.5658257
agm005814985,Sc2Be16Cu,0.0,0.0006227493286132812,-0.0095631815493106,-0.19331233
agm004754940,Sr2LiAlPt2,0.0,0.0017764568328857422,0.0551557540893554,-0.79083395
agm002158082,LiMgNiSn,0.0,0.009125709533691406,0.0134070664644241,-0.34998754
agm002256231,In2BPd6,0.0,0.00019073486328125,-0.0034957826137542,-0.49683604000000003
agm003241452,ZnSb2Cl2O3,3.7287,0.4788745045661926,3.1230199337005615,-1.6780130999999998
agm005746113,La2PRh6,0.0,0.0031833648681640625,-0.0037917047739028,-0.7548014
agm005220487,Sc4FeBr5,0.532,0.007955312728881836,0.025725781917572,-1.2623634
agm003231692,YPS,0.5414,2.8770434856414795,0.0813730657100677,-1.7847024
agm002189752,Ta3Pt,0.0,0.009244918823242188,0.0169495642185211,-0.41367954
agm005254847,Re3(SeCl)7,1.5993,7.295014381408691,1.464916706085205,-0.71580786
agm003221121,Y6RuI10,0.0,0.008717775344848633,-0.0244027823209762,-1.1979736
agm003437862,ZnGa2Ir3,0.0,0.0020208358764648438,0.0015045441687107,-0.37186822
agm005597189,Ta(TiB3)2,0.0,0.0009481906890869141,0.0181380808353424,-0.9669949
agm002225313,NaIrS2,1.1341,0.004816532135009766,1.263591766357422,-1.0194713
agm003213506,Ti4NiS8,0.0,0.0002918243408203125,0.0167212709784507,-1.6256477
agm006056768,Tl6SBr4,2.3592,3.3069770336151123,2.085008144378662,-0.7818391
agm005844179,Sr2Ir3Rh,0.0,0.00830841064453125,-0.0024518594145774,-0.26973949999999997
agm002175536,K2BaTa2O7,2.0197,1.26556396484375,2.1875674724578857,-3.133247
agm002358250,TiFe2Sn,0.0,0.0015654563903808594,0.0361011549830436,-0.26477619999999996
agm001115155,Ti2MnRu,0.0,0.009862422943115234,-0.0097796618938446,-0.5219935
agm005950487,NaNi5P3,0.0,0.0020456314086914062,0.0048360973596572,-0.5237049
agm003274557,KMn(SeO4)2,1.218,0.00040721893310546875,1.1750717163085938,-1.5139139
agm005547687,Al6Os,0.0,0.004793098196387291,0.0127158313989639,-0.28109643
agm003206450,BaTeO3,2.7128,6.161238670349121,2.713651657104492,-2.356382
agm005915009,Rb(HfS2)2,0.0,0.0014646053314208984,1.588315725326538,-1.9678336
agm002139337,Cs2HfBr6,3.2728,5.4635467529296875,2.986360549926758,-1.6785454
agm002213194,Y3Ga3Ge2Rh,0.0,0.004589855670928955,0.0105848684906959,-0.82859224
agm002165426,Na2ZnSn,0.0,0.009313583374023438,0.0198459029197692,-0.16940686
agm003239283,Ba3CaIr2O9,0.013300000000000001,0.00020837783813476562,-0.0067650936543941,-2.3754387
agm005073949,TlInPbCl6,3.0351,5.528958320617676,2.9601783752441406,-1.5144571999999998
agm003247843,KGa(SeO3)2,3.2321,5.679837226867676,3.085337400436402,-1.7068862
agm005072253,TlCoRhF6,1.6813,0.0029249191284179688,1.5829484462738037,-2.107821
agm002134045,Sc2Al3Pt,0.0,0.005358099937438965,0.0074128583073616,-0.8286806999999999
agm003216098,Sr3MnN3,0.0,0.0069637298583984375,0.0096637904644012,-0.90354407
agm003241786,MnAlSiO5,1.6554,0.007692813873291016,1.471246361732483,-2.9354652999999997
agm003316485,La5(BiPb)2,0.0,0.00798720121383667,0.0109121575951576,-0.80471855
agm003275043,Ca2NbFeO6,2.045,0.0022530555725097656,2.0446276664733887,-2.994283
agm003213589,Ag(TeMo)6,0.0,9.5367431640625e-05,0.0127867832779884,-0.22480148
agm003222606,HfSnRh,0.0,0.02405261993408203,0.0063660144805908,-0.7339353
agm004497213,Cs2Co3NiF12,0.0,0.0040493011474609375,0.064243197441101,-2.4874523
agm005237733,Sr5Re3IO15,1.0866,5.576562881469727,2.4403388500213623,-2.706087
agm002275138,Y3Ga3Ge2Os,0.0,0.01817787066102028,0.0018327012658119,-0.68901503
agm005727333,CsPtPb3,0.0,0.004358530044555664,0.0875516459345817,-0.2512339
agm005894513,La3GeCl3,0.0,0.0018929988145828247,0.0055380463600158,-1.9875273999999998
agm003605259,SrGaRh,0.0,0.010157346725463867,0.0452622771263122,-0.64271
agm004756250,Cs2KScBi2,0.7092,0.0010123252868652344,0.1318530440330505,-0.53038853
agm004837424,La4IrRhI2,0.0,0.005319833755493164,0.0489792861044406,-1.0833623000000001
agm005730632,Mg9Sc11Ni4,0.0,7.557868957519531e-05,-0.0021894387900829,-0.21319315
agm003188242,Tc2OsRu,0.0,0.05391979217529297,-0.0002835392951965,-0.077289015
agm002149003,SrPbF6,3.5902000000000003,9.838136672973633,2.81795072555542,-3.0653925
agm003605424,BaAlAu,0.0,0.0013206005096435547,0.021167304366827,-0.6161557400000001
agm005211839,LiCaSiPt,0.0,0.007706999778747559,0.0181469246745109,-0.77073663
agm002823089,GaCuSe2,0.0309,0.007280826568603516,0.0495103001594543,-0.48374817000000003
agm002269411,K2NiF4,4.4782,0.001516103744506836,4.774229049682617,-2.67273
agm003277144,Mo2P2PbO12,2.6934,5.500945091247559,2.7166762351989746,-2.2915275
agm003258467,Ca3AsCl3,1.8384,5.204715251922607,1.8533729314804075,-2.2581737
agm003265660,Y3Sc2(GaO4)3,3.6058,9.014666557312012,3.663185358047486,-3.3866465
agm003246392,K2Li3NiO4,1.804,0.0017093420028686523,1.7954587936401367,-1.6211314
agm005232735,BPb7Br3O7,1.9858,4.140789031982422,2.1655290126800537,-1.5907451
agm005905335,Sr2MoO4,1.3820000000000001,0.007156580686569214,1.4126956462860107,-2.8052456
agm005826225,K(GePt)2,0.0,0.0015931129455566406,0.0158894062042236,-0.5019728
agm002200647,Nb2BRu6,0.0,0.00296783447265625,0.0047357976436614,-0.29039833
agm005563996,Y5(AlTe)2,0.0,0.0031820833683013916,0.0142311751842498,-0.84031075
agm002349571,RbLa(CuP)2,0.0,0.02632284164428711,0.0935887321829795,-0.7092622
agm002174577,CaGeTeO6,2.9318,5.380440711975098,3.0164265632629395,-2.266249
agm001612078,Sc2CdFeC,0.0,0.01423501968383789,-0.0043940395116806,-0.38361839999999997
agm003280834,K4GeSe4,2.0218,4.990532398223877,1.875950813293457,-1.0230405
agm005643325,Y3Te2As,0.0,0.0003533363342285156,0.0244341343641281,-1.4561934
agm005051597,CsZnInBr4,3.417,0.007592439651489258,3.140882968902588,-1.1168725
agm005539620,TiF,0.0,0.004832029342651367,0.0315122902393341,-2.5131946
agm002911883,Na(BeAs)2,0.0,0.02247476577758789,0.4732730984687805,-0.2843323
agm003230610,FeMo3PdN,0.0,0.0029349327087402344,-0.0092480108141899,-0.24959615000000002
agm005708639,V3MoRu2,0.0,0.0037927627563476562,-0.0119205638766288,-0.26739207
agm003224377,CaLa3(FeO3)4,0.0,0.0013461112976074219,0.2327580451965332,-2.784573
agm003242590,Ba4Ti2PtO10,1.9774,0.008089423179626465,2.225677967071533,-3.0091178
agm002179389,Ba2InPd2,0.0,0.0005364418029785156,0.0334188565611839,-0.5823353
agm003220761,MgNi2P,0.0,0.0020303726196289062,-0.0035211145877838,-0.5652574300000001
agm003209270,HfGeTe4,0.4298,2.23043155670166,0.4297122061252594,-0.46451744
agm002203873,CaBiPd,0.0,0.00625300407409668,-0.0083119682967662,-0.7491078999999999
agm005022346,SrAs2IrRh,0.0,0.01016855239868164,-0.0051260292530059,-0.7128648999999999
agm003258450,HfGa5Co,0.0,0.0037731528282165527,0.0081124864518642,-0.35610443
agm002152874,YGeRh,0.0,0.007012844085693359,0.0030788034200668,-0.99049103
agm005069284,BaIrRhO6,0.0,0.013663768768310547,-0.0077100396156311,-1.7067759
agm005748087,TlFeI4,0.6381,7.152557373046875e-07,0.5947873592376709,-0.3376377
agm005535727,La7Rh3,0.0,0.00016200542449951172,0.0094424933195114,-0.5534996
agm005608120,BaNO,0.2243,0.9359283447265625,2.566683292388916,-1.9413407999999999
agm002148922,RbAuF6,2.007,0.009783744812011719,2.2152252197265625,-1.8486964
agm003345625,Ba2Ge5Au3,0.0,0.0054111480712890625,0.005592942237854,-0.47574089999999997
agm003223090,Y(BIr)4,0.0,0.0026655197143554688,0.0018438026309013,-0.5516463500000001
agm005279586,La21Fe8Bi7C12,0.0,0.0029599666595458984,-0.0018163174390792,-0.537148
agm006120412,La6As5Br,0.0,0.004681825637817383,-0.0037406831979751,-1.614618
agm003237648,Y2(Al3Pd)3,0.0,0.0035707950592041016,-0.0007775723934173,-0.6945163999999999
agm003286559,La2Mg17,0.0,0.0002536773681640625,0.0095133259892463,-0.079446815
agm005928984,ScBe9Re2,0.0,0.004704885184764862,-0.0072784796357154,-0.31283793
agm002143250,Rb2CrCl6,0.0,0.014482498168945312,0.7212899923324585,-1.8115337999999999
agm003307716,Cs2P2Pt3,0.3815,0.0010056495666503906,0.2963447272777557,-0.55235904
agm003232220,TaTe4Ir,0.0,0.0016336441040039062,0.0125859603285789,-0.36317679999999997
agm005130320,Hf2Be2Co5Ge,0.0,0.029895782470703125,-0.0070827826857566,-0.46320486
agm005748955,AlFe6Ge,0.0,0.004449367523193359,0.0125958174467086,-0.14960983
agm003250734,Cs2Sb8S13,1.5272999999999999,2.7128844261169434,1.6006577014923096,-0.81602615
agm002156402,Li2MgGe,0.0111,0.9735524654388428,0.0384160578250885,-0.32802835
agm003241574,La2TiO5,3.2871,7.405296325683594,3.3320353031158447,-3.858733
agm003213390,Ba3(PO4)2,5.2211,7.67542839050293,5.145064353942871,-3.2956865
agm002389763,SrNiF6,1.6368,0.0022678375244140625,1.6488397121429443,-2.5695581
agm004668050,Cs3Rb(TeO4)2,2.8236,5.171018600463867,2.746551036834717,-1.8106049
agm005888719,CsS3F,2.2473,2.5170159339904785,1.928330659866333,-1.4769600999999999
agm003234097,Na9Sn4,0.0,0.002036571502685547,0.012152075767517,-0.18463778
agm003267866,YMgTl,0.0,0.0012736320495605469,0.0125425457954406,-0.35153964
agm001610794,Sr2AgRhN,0.0,0.11882781982421875,0.0120003074407577,-0.5510281
agm003226579,Mg2TiB2Ir5,0.0,0.00054168701171875,0.0034683309495449,-0.5866064999999999
agm005254145,Ba2GaSe4,1.205,4.014532089233398,1.637750267982483,-1.4345435
agm005693238,Na2ZnPt3,0.0,0.0041904449462890625,0.0014578551054,-0.42493123
agm004769744,Cs2NbCuTe4,0.8889,3.4689903259277344e-05,1.2366011142730713,-0.69456035
agm005143516,Ca2MgBe2Pd5,0.0,0.0028977394104003906,-0.0019772388041019,-0.66338134
agm003223275,S(IO3)2,1.8662,3.8543269634246826,1.9122618436813352,-1.2070807
agm005624970,GaSBr,2.0852,5.077016830444336,2.6340324878692627,-0.9699158999999999
agm002285720,MgGaRh2,0.0,0.0007619857788085938,-0.0032718777656555,-0.6987272
agm002152934,Sr3(GePd)4,0.0,0.0016050338745117188,0.006386861205101,-0.7347303
agm003275396,NaTiPO5,2.8698,6.873439311981201,2.8640222549438477,-3.0037875
agm002165384,Na2PdSe2,0.662,0.003974437713623047,0.6766794919967651,-0.8126205999999999
agm005258142,La2Al(BOs)2,0.0,0.0006271600723266602,0.0302703604102134,-0.47021088
agm005134226,Hf2MgB2Ru5,0.0,0.0033354759216308594,-0.0107433646917343,-0.5235984300000001
agm005838742,Sc3TeP2,0.0,0.008225083351135254,0.0244339406490325,-1.465133
agm003187084,La2TeSe,0.0,0.0006406307220458984,0.15426766872406,-1.8059552
agm005580758,Sc4Fe4Ge7,0.0,0.0015726089477539062,0.003592811524868,-0.5662936
agm005955876,Li3BiPd4,0.0,0.003245830535888672,-0.0014951154589653,-0.44515859999999996
agm003220192,PdSe2O5,0.9299000000000001,2.2225732803344727,0.9887477159500122,-1.081496
agm005757458,ZnSeO4,2.9667,0.860966682434082,2.9589591026306152,-1.3745451
agm002385344,Zr6ReBi2,0.0,0.0026775598526000977,0.0241896510124206,-0.28908393
agm003251041,Tl2GeTe3,0.4693,1.3980202674865723,0.4749190509319305,-0.21113046
agm005696777,TlBiN2,0.0,0.017116308212280273,0.1486710608005523,-0.12588917
agm005029780,BaSrReN3,2.314,0.036854445934295654,1.3221681118011477,-0.9375154
agm003223281,Hf(PS3)2,2.3457,7.67213773727417,2.005093574523926,-1.1281887
agm003201438,YSiAu,0.0,0.0027146339416503906,0.0090019330382347,-0.8272201
agm002163330,BaTiN2,0.5963,0.00011873245239257812,0.8004297018051147,-1.444374
agm002333081,LaCoGe3,0.0,0.007885336875915527,0.0051325783133506,-0.62339693
agm005680817,Y2Sc3Sn4,0.0,0.002037644386291504,0.0120299160480499,-0.7639249
agm003225771,Sr2CaSbO6,0.0,0.0003910064697265625,3.4065914154052734,-2.7463129
agm003226383,SbP(OF3)2,4.4281,7.328242778778076,3.92561936378479,-2.698339
agm003206775,Ba2ZrSnO6,3.8645,5.290533065795898,2.3305325508117676,-3.1414542
agm005870323,RhPb2F8,0.0,0.0014826059341430664,0.2826696336269378,-2.3446019
agm005068915,CsTeWO6,0.0,2.384185791015625e-06,0.140555202960968,-1.9571257
agm005071678,RbMgRhF6,1.1543,0.001398324966430664,2.0301527976989746,-2.8345785
agm005735537,GeClF3,4.5773,12.344331741333008,4.7876973152160645,-2.3852298
agm003240946,SrMgSi2,0.0,0.004167318344116211,0.0052068680524826,-0.35487983
agm003237157,CsSiBiS4,2.4402,3.8738560676574707,2.0691938400268555,-1.204499
agm003670754,Cs(TaSe2)4,0.0,0.006968498229980469,0.004163920879364,-0.88439685
agm002214315,SrGe2Rh3,0.0,0.032950401306152344,0.010895550251007,-0.7219568
agm003208576,La4Se3O4,1.9945,2.2943968772888184,1.327497959136963,-3.1373613
agm003217710,La3Ge3Br2,0.0,0.0005946755409240723,-0.0076474994421005,-1.2480944
agm003228966,Rb2W2O7,2.3891,0.0023813247680664062,2.5179293155670166,-2.2665395999999998
agm005967241,Hf5BSb3,0.0,0.004770040512084961,0.0081393718719482,-0.61324567
agm001850800,VW2,0.0,0.015416622161865234,0.005814753472805,-0.09422141
agm002152913,La(GePd)2,0.0,0.003086090087890625,0.014721468091011,-0.8572392
agm002694926,LiGa2Pt,0.0,0.006554126739501953,0.0091446340084075,-0.6231401
agm004497899,Cs2NaV3F12,1.9463,0.01712357997894287,2.488190174102783,-3.2313907
agm003222617,HfSiRu,0.0,0.007901668548583984,0.0077089965343475,-0.95538676
agm002149210,BaCu2F8,0.8542000000000001,0.003924369812011719,0.5533338785171509,-2.416315
agm003220280,Hf5Ga3,0.0,0.004135310649871826,-0.0062464177608489,-0.44470164
agm002187955,BaSiPd,0.0,0.006967067718505859,-0.0118487253785133,-0.7215239999999999
agm003229872,CaGe(PO4)2,4.0268,9.240077018737793,3.960582733154297,-2.7714252
agm004571373,Cs2Na(CO3)2,0.0,0.000247955322265625,4.412259101867676,-1.9843215
agm005541535,Rb2Cd,0.0,0.00894397497177124,-0.0106916055083274,-0.040259182000000004
agm002185263,TaPbSe2,0.0,0.0020695924758911133,0.0044695287942886,-0.666507
agm003275537,Mn3V2O8,1.8688,0.003043651580810547,1.9297144412994385,-2.2852402
agm005596085,ZrBeGa,0.0,0.022070646286010742,-0.0080675184726715,-0.487382
agm003675453,Ba6Se5Br,0.0,0.0006567239761352539,1.9857877492904663,-1.9998114
agm003017871,Hf2Si2Os,0.0,0.006811618804931641,-0.010689228773117,-0.84458214
agm003495561,La6In2Co,0.0,0.0018293261528015137,0.0230077058076858,-0.2985565
agm006058980,Y5PS5,0.0,0.007012128829956055,0.0072313994169235,-2.3239715
agm006132745,Tl4WO5,1.9107,3.4535677433013916,1.9526201486587524,-1.4561267
agm002187169,CaSiRh2,0.0,0.0015697479248046875,-0.0003440529108047,-0.8258314
agm006115172,Zr6ReOs5,0.0,0.002731800079345703,-0.0179751440882682,-0.48887414
agm003208504,Ca2As2O7,3.3321,9.009843826293945,3.326531410217285,-2.5133045
agm005959351,Sb(PbN)2,0.0,0.0005049705505371094,0.0733965039253234,-0.060699817
agm004567019,Y2B(Pd2Pt)2,0.0,0.005726814270019531,-0.0045258253812789,-0.9091511999999999
agm004953623,Sr2InBiO6,0.9653,2.7654566764831543,0.8660688400268555,-2.3451316
agm002390135,Cs2AuF6,0.626,0.003939628601074219,2.337474822998047,-2.185397
agm003455237,Li2ZnCl4,4.8668,0.0029439926147460938,4.2966814041137695,-1.8746125999999999
agm003186617,YMgTl2,0.0,0.003056049346923828,0.0040033236145973,-0.27650407
agm005576358,Na3P2Pd3,0.0,0.002102375030517578,0.2764604687690735,-0.48234966
agm002195075,Al2PdCl8,1.6223,0.5626940727233887,1.6193748712539673,-1.6605400000000001
agm006109470,Be5AsRh6,0.0,0.007969856262207031,0.0096865855157375,-0.6275377999999999
agm004530236,K2AgSb4Au3,0.0,0.0041217803955078125,0.1080915257334709,-0.273853
agm004563464,Cs2Ca(ZnSe2)2,1.8924,0.0003936290740966797,1.9421690702438352,-1.1999211
agm006034247,Cs3MnS4,0.7368,0.008394300937652588,1.4216010570526123,-1.3017526
agm002327984,TiAlPd2,0.0,0.0008311271667480469,0.0122143924236297,-0.7528731
agm002157147,Li5Si2,0.0,0.0011281967163085938,0.0686199516057968,-0.26348847000000003
agm005134141,Zr2B2Ru5W,0.0,0.0036897659301757812,-0.0092517733573913,-0.5577319
agm002213636,GaPt,0.0,0.0021262168884277344,-0.005033403635025,-0.66861945
agm003247360,TaTlO3,1.0271,2.1127405166625977,1.0056637525558472,-2.6910675
agm003229627,Bi7O5F11,3.8923,5.096214294433594,3.3628969192504883,-2.4426632
agm002192816,CsYTe2,1.3423,1.6351606845855713,1.4439725875854492,-1.4029726999999999
agm006028487,K2NaO8,0.0,0.003605365753173828,0.1549376845359802,-1.1920766
agm005832092,Rb(BiPd)2,0.0,0.0013692378997802734,-0.0074688307940959,-0.3432232
agm003248881,K2SrVB5O12,3.9045,7.3564863204956055,3.753763198852539,-2.8388596
agm003237161,Ca3InP3,1.0068,3.19958758354187,0.96554434299469,-0.95956516
agm004922216,Ba2TiSnO6,2.5695,0.00014781951904296875,1.4814964532852173,-3.0423427
agm005272618,Cs3GaP2,0.9706,0.0012483596801757812,0.9865998029708862,-0.42133588
agm004497932,Cs2ScV3F12,0.2033,0.010683536529541016,2.2218823432922363,-3.403493
agm003250128,KInP2O7,3.8598,5.5794243812561035,3.865431785583496,-2.6186492
agm003219870,Sr2(PPd)3,0.0,0.002910614013671875,-0.0114659890532493,-0.90499973
agm002184448,ScGa2Pt,0.0,0.001607656478881836,-0.0075307451188564,-0.8827483700000001
agm003210854,BaAsPt,0.0,0.00031757354736328125,0.0091546401381492,-1.0063511
agm003231631,InI2,1.7824,3.3784351348876953,1.749983549118042,-0.49861854
agm003217314,CaCr2F12,1.3512,1.0350947380065918,1.4095101356506348,-2.7401862
agm004717185,La8SiP3Cl4,0.0,0.0039046108722686768,-0.007337637245655,-1.7581319999999998
agm005137869,Mg2GaCo5B2,0.0,0.0013418197631835938,-0.007829301059246,-0.29914838
agm003265518,Zn3Cd3(TeO6)2,0.9275,0.003208160400390625,1.155741572380066,-1.6326483
agm003232521,CsFeBr4,1.0252,0.005327582359313965,0.902146816253662,-0.9953715999999999
agm005962887,K3YCl6,5.3607,8.117936134338379,4.922057628631592,-2.4929814
agm004584842,Hf2Mn(TlSe3)2,0.6535000000000001,0.0014612078666687012,0.3323957026004791,-0.93543184
agm005221444,Ni11As8,0.0,0.00099945068359375,0.0047824084758758,-0.30671972000000003
agm002202809,Y2Si2Ru2C,0.0,0.0008797645568847656,-0.0041951276361942,-0.7752352
agm005668654,Y10(InBi)3,0.0,0.0019644498825073242,0.0086936503648757,-0.60845923
agm003278861,La2SiC(NO2)2,3.6732,7.308369159698486,3.629136562347412,-2.7331731
agm003237456,Sr(RhO2)2,1.2382,0.005336761474609375,1.2924977540969849,-1.7549896
agm001006742,MgTiSb,0.0,0.008584022521972656,0.0156810879707336,-0.44635117
agm005652695,LiNb2N3,0.0,0.0028748512268066406,0.0303261205554008,-1.1992074
agm003217137,Y6C2I7,0.0,0.00048828125,0.0418636500835418,-1.087354
agm001312137,ZrInIrRu,0.0,0.005007266998291016,-0.0078956186771392,-0.5387261
agm003093747,LiCuO2,0.3855,0.0005712509155273438,0.4259946644306183,-1.4437621
agm003278493,TiAlPt,0.0,0.015113353729248047,-0.0012148320674896,-0.9382750400000001
agm005265583,Y4RuBr5,0.30010000000000003,0.0015909373760223389,0.1136608570814132,-1.4006108
agm005576665,Mg2(ScPt)3,0.0,0.0005693435668945312,0.0003762654960155,-0.9945533
agm002284047,CsLiZnTe2,1.4697,0.003924131393432617,1.6488268375396729,-0.88945526
agm003264158,BaCuSeF,1.4298,0.0036783218383789062,1.4214601516723633,-2.1304233
agm005233821,Li2CrP2O7,3.6395,0.0005668401718139648,3.761212110519409,-2.6599746
agm005134866,Zr2TaBe2Ru5,0.0,0.005929470062255859,-0.0059440992772579,-0.53301334
agm005246941,Ge2S5,1.8693,4.732950210571289,2.2573728561401367,-0.7086553
agm002140087,Hf2PbC,0.0,0.0017870068550109863,-0.0001373961567878,-0.63408357
agm005628939,Ca2(Al3Ir)3,0.0,0.000217437744140625,0.0091267600655555,-0.73694503
agm003287938,K2Cd3,0.0,0.018029212951660156,0.0589784234762191,-0.09795314000000001
agm006105308,Sr8As5Au,1.0191,0.001396670937538147,0.4310499131679535,-1.1004614
agm006110945,Mg5TaRh6,0.0,0.0007691383361816406,0.0005521476268768,-0.6104071999999999
agm003202850,HfGaTc,0.0,0.0005991458892822266,0.0012141913175582,-0.4613739
agm002365291,K2Cd2TeO6,1.5859999999999999,0.001619577407836914,1.5426756143569946,-1.6990205
agm005209840,LaBePdN,0.0,0.001758575439453125,0.0200825631618499,-1.1384087
agm005648088,Na5(TiS3)2,0.7142000000000001,0.0022461414337158203,2.081243991851806,-1.5594816
agm005062429,LiInPbO4,1.168,3.8075976371765137,0.5843448638916016,-1.7748824
agm003440457,Cs2PdF4,1.6482999999999999,0.004344344139099121,1.9038724899291992,-2.4378958
agm001361146,LiNbGaCo,0.9409000000000001,2.384185791015625e-06,-0.001901239156723,-0.33310193
agm003234377,Li8Ag5,0.0,0.009786605834960938,-0.0080010294914245,-0.19267774000000001
agm005221473,CaCrF4,3.5906000000000002,0.002227306365966797,3.4007010459899902,-3.5541706
agm006073682,HfGa5Ru6,0.0,0.006091594696044922,0.0309750810265541,-0.4323122
agm003192593,KMgTl2,0.0,0.003133058547973633,0.0242039412260055,-0.10570453
agm002262569,CsAgCl3,0.0,0.019617080688476562,-0.0104767233133316,-1.4412905999999999
agm003435649,Na2SiPt3,0.0,0.019524097442626953,0.0409578792750835,-0.55325663
agm003247658,Y2Fe3Si5,0.0,0.002834320068359375,0.0040848180651664,-0.69543046
agm005956768,Be3CdAs3,0.0,0.005931258201599121,0.5810003280639648,-0.04664902
agm006132403,Sc6InRu5,0.0,0.000827789306640625,0.0080503299832344,-0.56781036
agm002187145,CaGaSi,0.0,0.00571894645690918,0.0014023035764694,-0.4561693
agm003625698,Sr2ZnPd,0.0,0.0004801750183105469,-0.004627875983715,-0.47351849999999995
agm002211148,RbPdF6,0.0,0.013205528259277344,2.0302894115448,-1.9515761
agm005829232,CaLaGa3,0.0,0.0037834644317626953,-0.0029471293091773,-0.6108776300000001
agm002152555,HfGeMo,0.0,0.0037941932678222656,0.0029574334621429,-0.55646175
agm005856027,Ba(AlI4)2,3.3634,6.499073505401611,2.9700827598571777,-0.9999045
agm005553261,Li2Y2Ge3,0.0,0.001337885856628418,0.0165333896875381,-0.6886401
agm001224323,ScZn2Ge,0.0,0.024728775024414062,0.0016892626881599,-0.42442828
agm003236880,Tl2(IO3)3,1.903,4.233719348907471,2.025020122528076,-0.9331476999999999
agm004684317,La8Ir3PtBr3,0.0,0.0017032623291015625,0.0415894612669944,-1.1902664
agm004973266,LiSc(CO3)2,3.9259,7.939419746398926,4.53458309173584,-2.5006673
agm005773295,Be2NbPt3,0.0,0.0018062591552734375,0.0018773823976516,-0.7721821999999999
agm004796228,Ca4MgCdIn2,0.0,0.0022754669189453125,-0.0084962472319602,-0.37798938
agm002349677,Y(NiP)2,0.0,0.005789756774902344,-0.0015756636857986,-1.0093657
agm004813908,La4IrRhBr2,0.0,0.0015435218811035156,0.0710709542036056,-1.2171711
agm002139115,YBr3,4.1143,8.309579849243164,4.068085193634033,-1.8893973
agm003752622,LiBrF4,3.3452,6.116491794586182,2.997133731842041,-1.9130789
agm001227070,SrTlBi2,0.0,0.011859893798828125,0.0154672265052795,-0.4579393
agm003234219,K4Rb2Co2O5,1.0938,0.0008785128593444824,1.214970588684082,-1.4396586
agm006097672,Ba(Ge2Rh3)2,0.0,0.006056785583496094,0.0122444331645965,-0.5968935
agm002366189,Ba2TiMoO6,0.0737,0.09766721725463867,0.3389617204666137,-3.0632591
agm003232494,La3CuGeSe7,1.221,0.0009453296661376953,1.2207937240600586,-1.4218142999999999
agm003274287,Co(AsO3)2,2.0189,0.0029239654541015625,2.0192999839782715,-1.63754
agm003277162,Rb4BaV6O18,3.0391,7.9170379638671875,2.9379515647888184,-2.5192702000000002
agm005670284,Sc2CO,0.0553,1.9562556743621826,0.0307854562997818,-2.0811427
agm005262309,AuClO2,0.2511,3.857351303100586,0.4225537478923797,-0.56878245
agm003277255,RbTa3(TeO6)2,2.8524000000000003,5.703014373779297,3.0003108978271484,-2.6862779999999997
agm005693255,Li2PPt3,0.0,0.004055500030517578,0.0023420006036758,-0.65302724
agm005227610,Na2Sr2Al2PO4F9,5.8093,8.087104797363281,5.797694206237793,-3.621722
agm005897685,Ba5Sb2As,0.0,0.001413106918334961,0.1883883476257324,-1.0166035
agm003770263,BaAlF6,0.0,0.0014181137084960938,7.200869560241699,-3.5684803
agm002218651,LiCdInPt,0.0,0.023040771484375,-0.0027287304401397,-0.49482483
agm002241950,Mn3Si,0.0,0.00563812255859375,0.0140315517783164,-0.31306747
agm003222527,La5PPb3,0.0,1.1322691440582275,0.0045181810855865,-0.8696001
agm003278772,Na2VAsCO7,2.1412,0.0012009739875793457,2.1405253410339355,-2.108896
agm005574858,Li3Sn2Pd3,0.0,0.005807638168334961,0.012697622179985,-0.6228779
agm004681931,Na3In3PtO8,1.8188,0.055185556411743164,1.4942272901535034,-1.8255474999999999
agm005956929,Rb(FeN)2,0.0,0.0032291412353515625,0.8099967241287231,-0.2923657
agm003273144,ZrSc2,0.0,0.0002167820930480957,-0.0019431486725807,-0.024683403000000003
agm002196603,Y3Al7Cu2,0.0,0.0034319162368774414,0.0072267241775989,-0.49505479999999996
agm003043138,BeCoTc,0.0,0.0016632080078125,0.0229473114013671,-0.23722722000000002
agm003202784,Sr2PdO3,0.13770000000000002,0.005196571350097656,0.2348900884389877,-2.3948407
agm005829536,K2Ga2Pt,0.0,0.0018173158168792725,0.267456442117691,-0.3605254
agm005235422,Y(GaFe)6,0.0,0.003347635269165039,0.0089196488261222,-0.3139476
agm004769654,Cs2HfMnSe4,1.0277,0.0018197298049926758,1.3504064083099363,-1.1649839
agm005574698,K3In2Au3,0.0,0.004412651062011719,0.0702955275774002,-0.31713519
agm003202898,ZrSiS,0.1545,0.11197924613952637,-0.0174141079187393,-1.4250859
agm004814651,Y4SiTe2Se,0.0,0.0023674964904785156,-0.0015098229050636,-1.3960671
agm005221761,Sr2VP2O9,1.4986000000000002,0.006900429725646973,1.8564867973327637,-3.0746765
agm002330637,Ca2Si2Os2C,0.0,0.0005216598510742188,0.0456133261322975,-0.4934617
agm005722981,Sc2NbOs3,0.0,0.0021507740020751953,0.0004579499363899,-0.43332696
agm003687706,Bi6TeO12,2.0534,3.332386016845703,1.8158490657806396,-1.6565514000000001
agm005585986,Na2ZrBr6,2.7199999999999998,5.8088483810424805,3.092237949371338,-1.4595082
agm002224938,K2NaAlBi2,0.4218,0.8858869075775146,0.3862062990665436,-0.3621913
agm003263143,MgGaAu2,0.0,0.0008258819580078125,0.0160991847515106,-0.42810628
agm002221341,Cs2MgTe2,2.1646,3.899886131286621,1.941347360610962,-1.0863359
agm003247603,SnI4,1.9736,6.747050762176514,1.868732452392578,-0.34992805
agm001301294,LiAlPtRh,0.0,0.017391681671142578,0.0148753523826599,-0.88768667
agm003228025,Na2GaNiF7,4.3347,0.003206491470336914,4.327164649963379,-2.7950418
agm005071924,CsZnRhF6,1.0257,0.0033721923828125,1.806248426437378,-2.445439
agm005628707,LaSnO,0.0,0.0006718635559082031,0.0352132655680179,-2.443353
agm005003163,LaAlGa2Pt,0.0,0.035117387771606445,-0.0131380856037139,-0.8761675999999999
agm005768155,HfFeCo2,0.0,0.0063991546630859375,-0.0203566402196884,-0.29426444
agm003238503,Ti6Be15Cu8,0.0,0.0004100799560546875,0.0104610919952392,-0.23339953
agm004944484,NaY(CO3)2,4.0392,7.381251811981201,4.638617038726807,-2.5284765
agm003604851,RbAsPt,0.0,0.009660482406616211,0.1263268440961837,-0.5378817300000001
agm004755878,Rb2CaBi2Pb,0.36970000000000003,0.6652259826660156,0.1003822535276413,-0.48164229999999997
agm002389825,RbTaF6,6.3727,11.473588943481445,4.697055816650391,-3.626653
agm003201852,RbSb2,0.4425,0.9823110103607178,0.2939471900463104,-0.29985797000000003
agm005062217,VZnNiO4,1.6122,0.008788108825683594,1.4919273853302002,-1.868822
agm006047270,Sr(PtO2)2,0.0,0.0014619827270507812,0.0924163609743118,-1.6584371
agm004745586,NaLi2LaBi2,0.3315,1.4402685165405273,0.2296663522720337,-0.7012189999999999
agm005133820,Y2SnB2Ru5,0.0,0.0067729949951171875,0.0015727877616882,-0.45665732000000003
agm005972612,Mg2GaPd5,0.0,0.0025453567504882812,0.0020312443375587,-0.70688474
agm005946791,MgGa3Rh4,0.0,0.0033111572265625,0.0082890540361404,-0.7239178
agm003202688,LaNi2B2C,0.0,0.0025954246520996094,-0.0044086277484893,-0.44395643
agm002327703,LaAlGe,0.0,0.0027495622634887695,-0.0058932602405548,-0.7199491
agm002181461,Zr(SCl)2,1.4848,6.541065692901611,1.9122529029846191,-1.8775841999999998
agm002172837,Cs2ZrO3,3.8532,0.00041484832763671875,3.904887199401855,-2.7494578
agm003236826,Rb3SbO3,3.2063,3.235416889190674,2.6911988258361816,-1.7897409999999998
agm002174385,Ba(AsO3)2,3.2106,7.74918270111084,2.9921891689300537,-2.2095246
agm002300745,CsKO2,1.9863,0.00039577484130859375,1.855526328086853,-1.3592325
agm005246387,CsSb2F11,4.4356,9.286592483520508,4.441860675811768,-2.815391
agm001291096,TiSiTcIr,0.0,4.9591064453125e-05,0.0085690021514892,-0.8180854999999999
agm002179233,ZrPIr,0.0,0.003337860107421875,-0.0171009227633476,-1.1496009
agm003276241,In2Cu3(PO4)4,0.0746,0.0010614395141601562,0.1530141532421112,-2.1580496
agm002166344,NaSiAu,0.0,0.002378702163696289,0.0802046507596969,-0.26439354
agm003282442,Li2NiGe3O8,3.0428,0.003985166549682617,3.3261003494262695,-2.0742753
agm002139645,Ti3InC2,0.0,0.021170854568481445,0.0064042806625366,-0.7449333
agm003207082,NaTl2MoF6,3.1281,0.0011341571807861328,2.9713120460510254,-2.6108572
agm005584861,Na14Mg2Te9,2.1371,3.635160207748413,1.925251603126526,-0.9262417
agm006096098,Li6CaCu6,0.0,0.0007314682006835938,0.0183536931872367,-0.076072715
agm002362366,ZrCoF6,3.0608,0.004109382629394531,-0.0384647548198699,-3.4414523
agm004484993,Rb2MnAgF6,0.3013,0.041277408599853516,0.298531711101532,-2.639377
agm003264368,Zr3O,0.0,0.0028047561645507812,0.0057422220706939,-1.5467300000000002
agm005848744,Hf2V3Fe,0.0,0.002470731735229492,0.0032261461019515,-0.18099017
agm005920010,Al(GaNi)2,0.0,0.034834861755371094,0.0060176849365234,-0.48579669999999997
agm002236676,KBiS2,1.4417,3.4715116024017334,1.2628540992736816,-1.1342037999999999
agm003215434,Sr(InTe2)2,1.0236,3.5923080444335938,0.8963977098464966,-0.7325263
agm003208464,Hf3(NiGe)4,0.0,0.0004024505615234375,-0.0006814002990722,-0.6697255400000001
agm003234247,BaYZn3GaO7,2.1965,0.0004162788391113281,2.391092300415039,-2.536575
agm003210867,CaGaAu,0.0,0.001445770263671875,0.0104903727769851,-0.7116778500000001
agm003484618,Na6P2Pd,0.1336,0.0015245676040649414,0.4315432012081146,-0.35911825
agm002184354,ScInCu,0.0,0.0022885799407958984,-0.0024124085903167,-0.36516368
agm002210727,SrHfF6,7.1865,13.655011177062988,6.4372406005859375,-4.274475
agm003210625,Al5W,0.0,0.006657779216766357,0.0074198730289936,-0.16340244
agm002359438,YRh2Pb,0.0,0.004978179931640625,0.0044480636715888,-0.5629875
agm003186971,KInBr2,2.0391,3.5608108043670654,2.3084678649902344,-1.2054337
agm006018520,La4TlPd12,0.0,0.005400657653808594,-0.0031799674034118,-0.7548425
agm006044920,Rb6PbSe4,1.7629000000000001,2.678025484085083,1.995269536972046,-1.0066463
agm005619200,Ca2In5Au3,0.0,0.0035390853881835938,-0.0003701075911521,-0.48763969999999995
agm003270254,CsAsRu,0.0,0.0001404285430908203,0.2376526892185211,-0.3802078
agm002371147,RbLa(CuAs)2,0.0,0.0025959014892578125,0.1220272183418273,-0.69197613
agm003276745,Zr2Mo(PO6)2,3.1775,11.78775691986084,3.249413013458252,-3.0217643
agm005864512,TiI3Cl,1.9981,9.86429214477539,2.141408920288086,-1.0715071
agm004967101,La2TiMnS6,0.1579,0.0018880367279052734,0.0679903700947761,-2.0141938
agm005960798,Ca(PdPb2)2,0.0,0.0027719736099243164,0.0349575281143188,-0.36627519999999997
agm005802467,Ba3SrTl,0.0,0.02022719383239746,-0.0017313361167907,-0.19025211
agm005979160,SrCa3Pt8,0.0,0.0009660720825195312,0.0051828473806381,-0.9282779
agm005068659,BaRuPtO6,0.0,0.44307851791381836,0.2681386470794678,-1.6988778999999998
agm002300497,SrZnTeO,1.8215,0.017136096954345703,1.486811280250549,-1.8119496
agm005710940,Cs(VBr3)2,0.0,0.0017606019973754883,0.2638459503650665,-1.0880848
agm005047710,LaMoClO4,3.0059,11.265725135803223,3.406362295150757,-2.7779309999999997
agm005912507,TiAlTc4,0.0,0.005056858062744141,0.0062731206417083,-0.42970058
agm004939719,Rb2TlInCl6,2.939,5.193858623504639,2.74192214012146,-1.8302534
agm004927194,Tl2CdNiF6,3.4031000000000002,0.00011587142944335938,3.679063320159912,-2.2042825
agm002188250,ScSiPd2,0.0,0.0007686614990234375,0.0052657648921012,-0.92577994
agm006009258,Ta3TiC4,0.0,0.012574195861816406,0.0015927851200103,-0.7010508999999999
agm003225781,CsBSe3,1.6926,3.516354560852051,1.6867468357086182,-0.58679736
agm005542374,Ti3Tl,0.0,0.005315899848937988,0.0234762728214263,-0.015153546
agm005227105,Ca11Sn3C8,0.7716000000000001,1.6251704692840576,0.2777527868747711,-0.35262513
agm002183884,Sc2Au,0.0,0.0042040348052978516,0.0111747756600379,-0.6495231
agm003282657,Li2Mg2(SO4)3,5.6317,9.336015701293945,5.626297950744629,-2.4895576999999998
agm005619097,Sc2Al5Au3,0.0,0.0014336109161376953,0.0092499107122421,-0.6126015
agm003477099,Nb5GeB2,0.0,0.001905202865600586,0.0125201046466827,-0.6129216
agm003211585,TcO2,0.0,1.621246337890625e-05,0.0119004547595977,-1.882498
agm003226740,Y2ReC2,0.0,0.0008750557899475098,-0.0072355046868324,-0.41835829999999996
agm005846827,Cs2MoF7,2.1147,0.003317955881357193,2.3329708576202393,-2.9575307
agm002158980,LiHfSe2,0.0,0.009035587310791016,0.4597463309764862,-1.3013501
agm003242074,Cs2PtS6(O3F)6,2.1728,0.0043795108795166016,2.2367069721221924,-2.0571256
agm003241451,Co2PClO4,2.5806,0.00087738037109375,2.621863842010498,-1.990125
agm006126451,Ba(BRh2)6,0.0,0.0035943984985351562,-0.0003016553819179,-0.33228949999999996
agm005272718,Cs2Mn2(MoO4)3,3.2053,0.2869908809661865,2.9781579971313477,-2.2092528
agm003237218,Li3BO3,5.1491,7.520159721374512,5.187513828277588,-2.5544466999999997
agm005060409,LiCuIrO4,0.0,0.014282703399658203,-0.0062414295971393,-1.3749263
agm001191536,LaZn,0.0,0.044180870056152344,0.0033782422542572,-0.30868345
agm003558387,Ba3TcN4,0.0,0.0025551319122314453,0.8540860414505005,-0.73674846
agm002167537,Y2ZnNi2,0.0,0.008051872253417969,0.0089069381356239,-0.45230293
agm003210979,NiP2,0.038,0.0023097991943359375,-0.0142379403114318,-0.37603095000000003
agm003144835,CsNbSe3,0.93,4.603074550628662,0.3729754984378814,-0.9869815999999999
agm001196601,Al2VCu,0.0,0.013009071350097656,-0.0021273344755172,-0.25931168
agm003251777,KNaZnP2O7,4.2261,0.0042629241943359375,4.250569820404053,-2.587703
agm003273751,CsZr(NO3)5,3.4474,5.706910133361816,3.428652763366699,-1.4368653
agm006132322,Sc6SnRu5,0.0,0.0019686222076416016,0.010148175060749,-0.6002516
agm002152681,HfGeRu2,0.0,0.004252910614013672,0.0456908196210861,-0.66093653
agm003283712,NbB2,0.0,0.0009717345237731934,0.0077929198741912,-0.6978149
agm002746722,TiRe2W,0.0,0.009388923645019531,0.0058989375829696,-0.340617
agm003220219,Sr2LiReN4,1.8013,2.380303382873535,1.803925395011902,-1.0165299
agm003276666,K4Nb8Si(P2O17)2,1.8866,9.14827823638916,1.8749865293502808,-2.9530453999999997
agm002179960,Sn4Pd2Au,0.0,0.009563922882080078,0.0127725899219512,-0.37389705
agm005961491,TaBe3Rh4,0.0,0.005257606506347656,0.0062278881669044,-0.6584746
agm002278563,Sr2Ge3Au,0.0,0.00018036365509033203,-0.0087897479534149,-0.63671565
agm002540284,Sc3CdN,0.0,1.1920928955078125e-06,0.0292219370603561,-1.0642923
agm005816483,Sc3TlO2,0.0,7.510185241699219e-06,0.0880753695964813,-2.3512046
agm005053931,RbSrAsS4,2.0027,4.237810134887695,1.9021692276000977,-1.4007593
agm005753863,TiVRh6,0.0,0.05284881591796875,-0.0053821057081222,-0.51103127
agm003228789,La3TaO7,3.4739,7.009746074676514,3.600106954574585,-3.8318405
agm005753606,LiTiAl6,0.0,0.0024989843368530273,0.0255537033081054,-0.2620491
agm001633217,In2SnIrBr,0.026600000000000002,0.002922654151916504,0.1711185127496719,-0.41178364
agm002177965,Sn(PSe3)2,0.7057,3.0739965438842773,1.0135185718536377,-0.1689307
agm001284710,LiVGeRu,0.20350000000000001,0.03546547889709473,-0.0096720308065414,-0.38236547
agm003225981,RbPbI3,2.5149,3.848656177520752,2.487603664398194,-0.9958931999999999
agm003247913,Cs8Ga11Cl,0.9894000000000001,0.0011501312255859375,0.3875340521335602,-0.38972613
agm002219666,CsLiZnSe2,1.8643,0.0016376972198486328,2.2484569549560547,-1.0946676
agm005786793,CsAsO3,3.1038,7.3248677253723145,3.1611242294311523,-1.9469463999999999
agm003277502,Ba2V3BiO11,3.1218,5.240687370300293,3.084135055541992,-2.657296
agm005534972,Sc5Ir3,0.0,0.0015490055084228516,0.0093211680650711,-0.8443037999999999
agm001230967,YCd2Sn,0.0,0.0664052963256836,-0.0013042092323303,-0.43548977
agm002242589,SrSiRh,0.0,0.008045196533203125,-0.0104884505271911,-0.7832648
agm003456890,Li4LaAu2,0.0,0.001119375228881836,0.0126928091049194,-0.48117238
agm005151428,CaTl2AgBr5,2.8829000000000002,0.004469394683837891,2.358802318572998,-1.1440778
agm005775958,CsRbO4,0.0,0.00016689300537109375,0.0757218673825264,-1.3164632
agm003221306,Y4Ga12Pd,0.0,0.0019297599792480469,-0.0081288516521453,-0.6167511999999999
agm003278936,Na5Y(CO3)4,4.2254,6.476851463317871,4.233735084533691,-2.3034298
agm002183560,CsPt2S3,1.3692,0.00719451904296875,1.4349310398101809,-1.0362688
agm002185237,TlSbSe2,0.1129,0.9225482940673828,0.4634272456169128,-0.35695475
agm005241503,LiCoNiF6,1.7714,0.0020227432250976562,1.0890437364578247,-2.4277475
agm005611938,Rb3Sc2Cl9,3.8884,7.679009914398193,3.756801128387451,-2.4803562
agm006136287,TiMn6V5,0.0,0.005111217498779297,-0.0144358724355697,-0.27927965
agm002383710,TiGaRuRh,0.0,0.004751682281494141,-0.0061942338943481,-0.8151257
agm003764051,RbCuF6,0.5753,0.004091739654541016,0.9724955558776855,-1.7924014
agm002236354,Hf6Sb2Ru,0.0,0.0019544363021850586,0.0008242130279541,-0.4959048
agm006132525,Hf5ZrRu6,0.0,0.0010056495666503906,-0.0004356205463409,-0.78821343
agm002227921,CdBiIO2,2.0127,0.0039958953857421875,2.0701470375061035,-1.3157281
agm005284558,YFeCo3B,0.0,0.007457733154296875,0.0001175068318843,-0.3167481
agm003226548,Na3SrTa4O12,0.0,0.002717256546020508,2.302265167236328,-3.1524682
agm005018489,ZrCuSi2Ni,0.0,0.00714111328125,-0.0010816194117069,-0.6677856
agm005740187,SnPtS4,1.2419,8.988380432128906e-05,0.9671039581298828,-0.83201987
agm005711034,InIN2,0.0999,0.000141143798828125,2.8416590690612793,-0.3209225
agm003485420,Na2CuF6,0.0523,0.0015025138854980469,0.6203418970108032,-2.204968
agm002210896,Rb3HfF7,5.8044,8.597085952758789,6.121397018432617,-3.6204693
agm005697327,Y6InCu2,0.0,0.0010613203048706055,0.0068303681910037,-0.24796483
agm003628974,Sc2GaSi,0.0,0.01330864429473877,0.0043604969978332,-0.73096836
agm005191666,NaAsSeS,0.7311000000000001,1.0060756206512451,1.0410875082015991,-0.7537332
agm005917786,Sr5CdGa2,0.0,0.0012213140726089478,-0.0018250644207,-0.30627263
agm002358710,RbTiTe3Pd,0.0,0.00044083595275878906,0.170880526304245,-0.7346231999999999
agm005277387,La2SiO5,4.4847,8.998717308044434,4.501305103302002,-3.7828293
agm003219253,Y3Tl5,0.0,0.006519794464111328,0.0245932266116142,-0.31544885
agm005235971,Ba2Mg(PO4)2,4.7279,8.395207405090332,4.719638824462891,-3.2351756
agm005583248,K2AgF6,0.3809,0.007417201995849609,1.1307436227798462,-2.1183295
agm003221392,Sc4Ge6Rh7,0.0,0.038503170013427734,0.0087806917726993,-0.9302490999999999
agm003244297,YPtF7,2.1304,0.008326530456542969,2.240133047103882,-2.924051
agm006020325,Be8V3Re,0.0,0.0020275115966796875,-0.0086583420634269,-0.33163416
agm003211212,K3BP2,1.7172,2.1940696239471436,1.6698442697525024,-0.4027865
agm003276936,Rb2V(PO4)2,2.8801,0.001329183578491211,2.9024784564971924,-2.6724725
agm004625364,Na3Ca2SbO6,2.6379,4.321005344390869,2.8728814125061035,-2.4691813
agm004581985,Na2Mg(PdO3)2,1.479,0.005074262619018555,0.2036888897418975,-1.6208938
agm005132897,Sc2Si2SnIr5,0.0,0.007321357727050781,-0.004651516675949,-0.8215625
agm002220252,LaMgCd,0.0,0.0053768157958984375,-0.000953271985054,-0.27606335
agm001061014,FeTcP,0.0,0.0010242462158203125,-0.0172858610749244,-0.5793678
agm003224273,LaFe3(BO3)4,2.2871,0.0018525123596191406,2.3058066368103027,-2.6601717
agm005930284,Sc3FeSi3,0.0,0.000532984733581543,0.0004117786884307,-0.79483235
agm003215620,Mg(ScS2)2,1.5612,7.589521884918213,1.557622313499451,-2.1670072
agm002152420,CsGeBr3,1.3636,1.9160652160644531,1.4542073011398315,-1.1152209
agm004567865,Zr2Ni2BRh4,0.0,0.02345752716064453,0.0023661702871322,-0.7412344
agm003242528,Ta9(FeS3)2,0.0183,0.0002193450927734375,0.008023127913475,-0.98504776
agm005588207,Ta2ReMo,0.0,0.003215312957763672,-0.0037034302949905,-0.34759249999999997
agm005766267,InPt2Pb,0.0,0.0018620491027832031,0.0148701071739196,-0.38560659999999997
agm002184498,ScGePt,0.0,0.0004553794860839844,0.0076032876968383,-1.0775969
agm003278878,Na3CoC2ClO6,2.5846,0.009100407361984253,2.614152431488037,-1.9440229
agm002203344,CaAsPt,0.0,0.004973173141479492,-0.0047016665339469,-1.0348679
agm003276480,K4TiSn3(PO5)4,3.2419000000000002,5.289661407470703,2.827335834503174,-2.648698
agm005848191,Hf2V3Co,0.0,0.0049359798431396484,0.0009489730000495,-0.19379159999999998
agm003436343,Hf3TcRu2,0.0,0.009937763214111328,0.000867486000061,-0.73200345
agm003202029,ReN,0.0,0.0058498382568359375,0.0012233853340148,-0.1424886
agm005071738,RbVCoF6,2.4399,0.01857137680053711,2.252370834350586,-2.9417676999999998
agm002941181,Rb(InBi)2,0.0,0.035895347595214844,0.1039190739393234,-0.21266466
agm002329557,ScAlIr,0.0,0.008113861083984375,0.0009299516677856,-0.9672501
agm003617467,SrSn2Pd,0.0,0.0020072460174560547,0.0400023758411407,-0.6809267999999999
agm003211852,Cs3BAs2,1.4858,0.5996770858764648,1.520013451576233,-0.37033659999999996
agm004924100,Sr2CrOsO6,0.3099,0.01156008243560791,0.0392112955451011,-2.4919302
agm003257733,Li(TiTe2)2,0.0,0.0017126798629760742,0.004199706017971,-0.78404987
agm003276189,BaCd(PO3)4,4.4232,0.5630319118499756,4.60722541809082,-2.7219160000000002
agm004797711,Sc4GaCu2Rh,0.0,0.00040149688720703125,0.0054667927324771,-0.5697845
agm005072264,MnAlTlF6,4.4805,0.000832676887512207,3.6784396171569824,-3.2007267
agm004786935,LiMg2ReN4,2.7654,5.170053482055664,2.3273119926452637,-0.8484817
agm003232659,Na2LiBe2F7,6.9589,10.052145957946777,6.989511013031006,-3.3521457
agm005191071,CuGeAsSe,0.0,0.0293731689453125,-0.011025071144104,-0.15964942000000001
agm001620198,Sc2ZnFeC,0.0,0.005985260009765625,0.0005719885230064,-0.43003306
agm005785408,SrCuSn3,0.0,0.002247452735900879,0.0044992268085479,-0.34236544
agm002163450,SrCoN3,0.0,0.002214193344116211,0.120385468006134,-0.5834644
agm003060998,BaCuAs,0.0,0.006604671478271484,0.0151533782482147,-0.7544244
agm005585670,Cr21(OsC3)2,0.0,0.004248619079589844,0.006064549088478,-0.12069587400000001
agm003245665,Ca4As7Ir8,0.0,0.0023283958435058594,0.0019417591392993,-0.6344042400000001
agm005825619,Zr2BeB3,0.0,0.0007643699645996094,-0.0032504200935363,-0.8049714
agm005614582,Ca3Si2Ni7,0.0,0.0040683746337890625,-0.0025284588336944,-0.41865987
agm004529558,Sr2CuSb3Rh4,0.0,0.002945423126220703,0.0059877932071685,-0.6152354999999999
agm004514710,Ca2Si4IrPt3,0.0,0.0008816719055175781,-0.0160067975521087,-0.95880675
agm001085230,Rb2FeF4,3.0188,0.0010259151458740234,0.2021118998527526,-2.9045935
agm003263635,CoSi,0.0,0.0008516311645507812,0.0058375671505928,-0.6174744999999999
agm002133234,CsHfAgTe3,0.367,0.0050394535064697266,0.8059453964233398,-0.78634304
agm004750923,Cs2LiInBi2,0.21580000000000002,0.29297828674316406,0.3864915668964386,-0.4219651
agm005074363,MnGeTeO6,1.4633,0.0052487850189208984,1.8041088581085205,-1.8650419
agm003186198,AlFe2Si,0.0,0.002823352813720703,0.0549266040325164,-0.46763542
agm005754998,Y2AlTe,0.0,0.012141704559326172,0.0230151023715734,-0.9312966500000001
agm004625315,Na3Mg2PdO6,0.0,0.0006361007690429688,1.5310224294662476,-1.959194
agm005637840,HfNbCu,0.0,0.0005440711975097656,0.0080495178699493,-0.11991779
agm006040592,Rb(InAu)4,0.0,0.0014681816101074219,0.0121740475296974,-0.27420839999999996
agm005845266,Ta2V3Re,0.0,0.0012507438659667969,-0.0004613995552062,-0.2854298
agm006013792,LiLa3Se4,0.0,0.0009329020977020264,0.4463709890842438,-1.8791126999999999
agm002196539,LaAl6Pt,0.0,0.0029174797236919403,0.0083848796784877,-0.6063008999999999
agm002164309,CaInN,0.0,0.029868125915527344,0.0144003331661224,-0.6483487
agm005676007,Hf2Ti3Ge4,0.0,0.0016634464263916016,0.0039558410644531,-0.7613205
agm005825795,YB4W,0.3377,0.0017950832843780518,0.2436852157115936,-0.58671397
agm003278560,CsAlCl4,5.3657,7.598989963531494,5.474489212036133,-2.2089005
agm003226821,Ta3S2,0.010400000000000001,0.006224155426025391,-0.0001355819404125,-1.0295565
agm002186378,Ba(SiPd)2,0.0,0.005513668060302734,0.0166953243315219,-0.6952834
agm003229140,K2(NbS2)3,0.0,0.0020516514778137207,0.1012656092643737,-1.6053997999999998
agm002201532,Sr3SbBr3,1.5671,4.652636528015137,2.0926973819732666,-1.7626157999999998
agm005277902,CsCrNiF6,2.5599,0.0005693435668945312,3.093832731246948,-5.719254
agm003215989,Ba4Bi3,0.0,0.0010418891906738281,0.0113025307655334,-0.91493714
agm003243347,NaLiNiPO4F,4.2468,0.00159454345703125,3.939741849899292,-2.444947
agm006031823,Ba4PbI4,0.2979,1.6175707578659058,1.63812255859375,-1.3903604999999999
agm003263340,InSe,0.5753,2.5009098052978516,1.74755859375,-0.5212114999999999
agm003202141,TaBe4Ru,0.0,0.003205418586730957,-0.0243300944566726,-0.42578918
agm005091064,NaVCrCl6,0.3286,0.4071049690246582,1.0935893058776855,-1.6939285
agm002327780,MnAlCo2,0.0,0.0030260086059570312,-0.0049414783716201,-0.3544892
agm003241447,NbP2NCl12,2.4581,12.668991088867188,2.299403190612793,-1.3427068
agm005244524,Na5Y(MoO4)4,3.9349,6.819621562957764,3.967693328857422,-2.3877568
agm005661299,Y2Si7Rh12,0.0,0.000957489013671875,0.0008192285895347,-0.9679175
agm003764395,KTcF6,0.0,0.6953880786895752,0.953212022781372,-2.6941495
agm004940955,Na2CaOsO6,1.0607,7.705390930175781,0.174734964966774,-2.068392
agm001116217,TaTi2In,0.0,0.003490269184112549,0.0152145624160766,-0.13031048
agm003278578,Al13Ru4,0.0,0.0017135143280029297,0.0082945749163627,-0.5382376999999999
agm004635108,Na3Ta(SnSe3)2,0.4757,2.242831230163574,0.3552809655666351,-0.81460327
agm003251749,K2OsO5,1.7216,7.158224582672119,1.5563373565673828,-1.8195869999999998
agm005537657,Sc6S5,0.0,0.18606775999069214,-0.0202546566724777,-2.0215962
agm005794840,LiY3Ir2,0.0,0.007445931434631348,0.0054565966129302,-0.6560568
agm002238612,Sc3CdRu2,0.0,0.0044574737548828125,0.0049098655581474,-0.5398227
agm005585639,Mn21(CrC3)2,0.0,0.009554862976074219,-0.0256973952054977,-0.090800166
agm002186591,Sr(SiRh)2,0.0,0.011462211608886719,-0.0164294838905334,-0.9186466999999999
agm002321850,Ti3CrSe6,0.0,0.0013680458068847656,-0.0237005949020385,-1.030882
agm003275764,NaMo(PO4)2,2.5435,0.0020450353622436523,2.49973201751709,-2.514133
agm005645504,Cs2Pd3O4,0.835,6.103515625e-05,0.2814095914363861,-1.0862674
agm003247309,Ba2Sb3,0.3062,1.6025638580322266,0.2848800718784332,-0.84967387
agm004884651,TlFe(SeO4)2,2.2694,0.001007080078125,2.1533703804016113,-1.3288604
agm003247885,AuN5O14,1.3418,0.9863934516906738,1.7432453632354736,-0.7777847
agm003241619,Ga5Ir3,0.0,0.002140522003173828,0.0266208872199058,-0.47438067
agm003606057,MgScAu,0.0,0.0028679370880126953,0.0070225968956947,-0.61526954
agm001612287,Ba2CdRhN,0.0,0.02189040184020996,0.0838004797697067,-0.47140092
agm006131700,TaTi5Ir6,0.0,0.004014015197753906,0.0087638795375823,-0.8333341999999999
agm005544685,V4Tc,0.0,0.0006933212280273438,-0.0080488100647926,-0.22169764
agm003412539,Sc2B3C,0.0,0.012232065200805664,-0.0129063725471496,-0.74214804
agm003625670,Ba2GaRh,0.0,0.0026907622814178467,0.0216830074787139,-0.4411428
agm005796073,CuPdO3,0.0,0.5357465744018555,0.0192690193653106,-0.8585589
agm002214413,BaGe3Pt,0.0,0.01004183292388916,0.0071734488010406,-0.6389277600000001
agm005260171,NaMn3F10,1.4285,0.001636505126953125,1.3300411701202393,-2.8405855
agm003209289,KNa2,0.0,0.003549814224243164,-0.0135007128119468,-0.0032071178
agm005133829,Y2NbB2Ru5,0.0,0.0011935234069824219,0.0006594657897949,-0.4644717
agm003277637,K4Ge9O20,3.0259,7.967613697052002,1.550334334373474,-2.1861823
agm002305762,CsPRu,0.0,0.02401566505432129,-0.00082229077816,-0.5570029
agm002634253,AlFeRh2,0.0,0.04944896697998047,0.004257895052433,-0.6006598
agm003236361,Ta3In2Cl9,1.3597000000000001,0.0007474422454833984,1.3786568641662598,-1.5334661
agm003450007,Ba(GaTe2)2,0.7565000000000001,1.9315564632415771,0.6261352300643921,-0.7918653
agm003013438,Sc2Ga2Au,0.0,0.011165142059326172,0.0012103840708732,-0.6858749
agm005022584,KMnCoAs2,0.0,0.0022783279418945312,0.0046749487519264,-0.38667219999999997
agm005848534,Na2TeO4,1.9826000000000001,3.9946212768554688,1.7466390132904053,-1.8253393
agm005229249,Cs(TeMo)3,0.0,0.003942728042602539,0.0324985682964324,-0.5159815999999999
agm003248223,BaZnCuF7,0.6934,0.0056858062744140625,0.5663579702377319,-2.7547922
agm005244828,RbSO3F,5.1221,8.062353134155273,5.122808456420898,-2.3812976
agm003201099,SrIF,4.3104,7.148303031921387,3.6531057357788086,-3.0022786
agm005894713,Nb3Zn2N,0.0669,1.9073486328125e-06,0.001117430627346,-0.6298457
agm003272750,Zr7P4,0.0,0.003511667251586914,0.0025828927755355,-1.1677762
agm005072480,CsMnInF6,1.7384,0.007968902587890625,2.9937572479248047,-2.9900608
agm003267779,CaCdGe,0.0,0.0037679672241210938,0.0019875764846801,-0.49904168
agm005758679,SrYPb6,0.0,0.0008051395416259766,0.0014189295470714,-0.32902184
agm003438188,Al2ZnRh3,0.0,0.0051784515380859375,0.005921833217144,-0.91549146
agm005072482,CsMnAlF6,3.7868,0.005869865417480469,4.018904685974121,-3.472565
agm002245750,YAgBi2,0.0,0.0017538070678710938,0.0197009891271591,-0.45342889999999997
agm003263653,Ti3Sn,0.0,0.0021860599517822266,0.002831608057022,-0.30149149999999997
agm003202603,BaTi2As2O,0.0,0.009293913841247559,0.0108592733740806,-1.7006793999999998
agm002183792,LaSbPt,0.0,0.0010285377502441406,-0.0060056447982788,-1.2027700000000001
agm003263159,Li2PAu,0.0001,0.0031478404998779297,0.7532281875610352,-0.5963446
agm005775256,Sr(S3F)2,1.8819,4.99505615234375,1.697892665863037,-1.6388687
agm005751675,Ba3Bi2Pd,0.048100000000000004,0.001917123794555664,0.0091469585895538,-0.8657022
agm002184038,Sc2InPd2,0.0,0.0027539730072021484,-0.0011582635343074,-0.8230662
agm003201960,BAsO4,4.289,12.034356117248535,4.290666580200195,-2.1326418
agm003269924,SnF4,3.125,8.148527145385742,3.0695433616638184,-2.7305631999999997
agm005929953,Ba5InAu2,0.0,0.0007725358009338379,0.0134093984961509,-0.49695712000000003
agm005748706,NaAuCl6,1.8167,0.192496657371521,1.8145897388458252,-1.0323327
agm001308958,NbTcSnRu,0.0,0.021987438201904297,-0.0030411481857299,-0.2793487
agm005572255,Tl2Ir2O7,0.0,0.0002186298370361328,-0.0175376534461975,-1.2398119
agm003277134,Sb8Br2O11,2.6945,5.2715253829956055,2.750875473022461,-1.6345163999999999
agm003277374,Ga(PO3)3,4.8997,9.165371894836426,4.922962188720703,-2.5692165
agm006097593,Sc(Ge2Rh3)2,0.0,0.0048122406005859375,0.0146902538836002,-0.6847981
agm005580928,Mn22NiC6,0.0,0.013691902160644531,-0.0173271149396896,-0.09813385000000001
agm005053010,BaNaTaSe4,1.8045,4.1536784172058105,1.9823510646820068,-1.2233654
agm005247521,Fe4(P2O7)3,2.3578,0.00162506103515625,2.322429895401001,-2.4550464
agm005181250,TiGaIrPt,0.0,0.0056324005126953125,-0.005172923207283,-0.81539077
agm003160584,MnAlSi,0.49310000000000004,0.023984670639038086,0.0395547449588775,-0.40267238
agm003288272,Y5Rh2,0.0,0.0014896392822265625,0.0102617926895618,-0.58008677
agm003194235,Ba(CdAs)2,0.1733,0.0008478164672851562,0.1650872230529785,-0.64142174
agm002988799,Li2CoP2,0.0,0.008990287780761719,0.0204342231154441,-0.65040463
agm005283113,Re3Te8Cl3,0.8909,0.05457472801208496,0.8866274356842041,-0.42187378000000003
agm003082671,InSnAu,0.0,0.0004818439483642578,0.0103267729282379,-0.18553305
agm006066494,Ti6ReRu5,0.0,0.0018486976623535156,0.0003194212913513,-0.7150858
agm004672323,Sr3MgRu2O9,0.0,0.010018706321716309,0.0115484222769737,-2.4390112999999998
agm005582440,Rb2HfBr6,3.2989,5.544475078582764,3.528111457824707,-1.6310866
agm005230239,Ni3BO5,0.0,0.005436897277832031,0.0624698400497436,-1.4527714
agm005866531,V12Sn3W,0.0,0.001329183578491211,-0.0041111633181571,-0.0638953
agm006114622,ZrIn5Rh6,0.0,0.00033092498779296875,0.005216609686613,-0.53874195
agm004539805,Sc2Cr2Ge2C,0.0,0.003390073776245117,-0.0018183887004852,-0.53000104
agm003436027,Ti3AlTc2,0.0,0.004000067710876465,0.0016341805458068,-0.5341075
agm003241663,Hf2(NiP)3,0.0,0.0032548904418945312,0.0059531927108764,-0.9999819999999999
agm002294735,Cs(NiAs)2,0.0,0.001018524169921875,0.0628300979733467,-0.4171013
agm003228892,YMo2O7F,3.0814,12.527463912963867,2.630941390991211,-2.682629
agm003485529,Li2TcF6,1.7091,0.0006251335144042969,0.7176868915557861,-2.8472404
agm005621831,Ba3In2Rh7,0.0,0.00182342529296875,-0.0126102566719055,-0.2506004
agm006063042,Cs4SrI6,3.8171,5.077138900756836,3.92220139503479,-1.610822
agm005273643,CsLa6FeI10,0.0228,0.0004792995750904083,0.0892266035079956,-1.2775702
agm003226240,Na3AlF6,6.7278,9.901158332824707,6.944635391235352,-3.4113605
agm003160796,LiZnAs,0.5545,0.005321025848388672,0.5763591527938843,-0.51837826
agm003277732,InNi2P,0.0,0.013640403747558594,0.0201646238565444,-0.38448852
agm003222763,Li4SiO4,4.8118,7.540151119232178,4.90134334564209,-2.6748993
agm005258251,LiC12,0.0,0.005051136016845703,0.0029720366001129,-0.009455109
agm001418065,LaGa,0.0,0.03460860252380371,0.0039001628756523,-0.5964842
agm002262102,Cs2OsCl6,0.0,0.9327224493026733,0.1286737024784088,-1.6051647999999998
agm005559332,Li3(SiPd)2,0.0,0.002418994903564453,-0.0072031244635581,-0.5761546
agm002261558,LaCd,0.0,0.047650814056396484,-0.0032563731074333,-0.33019996
agm005733807,TlOsCl6,0.5585,0.0002689361572265625,0.2854814231395721,-1.0357453
agm005071465,NaZnGaF6,4.8333,0.000568389892578125,4.636285781860352,-2.8979714
agm003238417,Sc6Si7Ni16,0.0,0.004375457763671875,0.0042746067047119,-0.76163346
agm005257845,Mn(PO3)2,3.8907,0.00156402587890625,3.8993983268737793,-2.5979612
agm005834196,Sr2CdRh2,0.0,0.0031671524047851562,0.0328644886612892,-0.32304928
agm002151134,YGa2Pt,0.0,0.0002505779266357422,0.003756046295166,-0.9401107400000001
agm002254748,TaFeB3,0.0,0.004711627960205078,0.006606139242649,-0.57503366
agm002189128,LaSnAu,0.0,0.008605003356933594,0.0075746476650238,-0.87334394
agm004715668,Ba8Sb3I4Br,0.0,0.00021266937255859375,0.7328181266784668,-1.4578403
agm004774509,NaLi2AsS4,2.0291,4.265499591827393,2.004480361938477,-1.143392
agm004559151,Rb2Sn2Te4Pb,0.7984,0.6864480972290039,0.8100242614746094,-0.5825106
agm003232203,AsCl2F3,2.8316,6.233153343200684,3.0517516136169434,-1.8916643999999998
agm003061104,CuTe2Br,0.745,0.36806273460388184,0.75750732421875,-0.19377899999999998
agm003486534,Li2PdCl6,1.4097,0.0016552209854125977,1.3806240558624268,-1.3925822
agm003338398,Y3(Ga2Co)2,0.0,0.0006132125854492188,0.0010209903120994,-0.54755634
agm005543456,Zr3Ir,0.0,0.002904176712036133,-0.0001279264688491,-0.5208912
agm003267682,LaInAu,0.0,0.005238533020019531,0.0065383464097976,-0.7617775
agm005885693,Tl2BiF5,3.8821,4.182638168334961,3.384164810180664,-2.4217653
agm003247766,SbI(ClF3)2,1.8611,4.700747489929199,1.883939504623413,-2.0227263
agm003250668,Li4Be3As3ClO12,4.447,8.721117973327637,4.615267753601074,-2.357961
agm004878420,RbScCr2O8,2.362,8.28184986114502,2.517730951309204,-2.3160431
agm003238467,Ti6Si7Ni16,0.0,0.0028142929077148438,0.010288655757904,-0.70037335
agm003194254,Rb(CoS)2,0.0,0.0004963874816894531,0.0211222693324089,-0.8813306999999999
agm003194443,La2SO2,3.0762,6.861250877380371,3.100898265838623,-3.5975159999999997
agm004542457,K2Sc2Sb2S,0.0,2.5211777687072754,0.2478298842906952,-1.1420233
agm003247485,Y3Ga2,0.0,0.0023348331451416016,-0.0132500305771827,-0.5762908999999999
agm003248816,Sr5As3O12F,3.9139,8.368014335632324,3.9251937866210938,-2.8577779999999997
agm005792768,BePbF4,5.0807,5.713565826416016,5.319641590118408,-3.1429653
agm003223133,Tl2Au4S3,1.111,0.041751861572265625,1.1593559980392456,-0.46165228
agm003194648,CrGa4,0.0,0.011200428009033203,0.023788496851921,-0.16206999
agm003264344,Re3Pt,0.0,0.009197235107421875,0.0010634511709213,-0.24280949999999998
agm005711933,Ca2SnI6,2.9863,2.769181966781616,2.881680965423584,-1.2554915
agm002172919,TlAsO4,0.46690000000000004,4.475735187530518,0.8178008794784546,-1.4477552999999999
agm004517780,La2Ga4Pt3Rh,0.0,0.0036172866821289062,0.0013279393315315,-0.9772341999999999
agm001302176,MgScPtRh,0.0,0.009917259216308594,-0.0041642524302005,-0.96596086
agm005255033,K4(BSe)9,2.2936,3.4466710090637207,2.215723991394043,-0.57917076
agm003210174,KS,1.6487,2.740967273712158,1.470826268196106,-1.2714448
agm003251815,ReSb(OF4)2,3.7235,8.096293449401855,3.792303323745727,-2.52823
agm003212192,P2Rh,0.40280000000000005,0.04593944549560547,0.3699456453323364,-0.64634913
agm005130362,Ca2InGe2Rh5,0.0,0.024324417114257812,0.0112759321928024,-0.6425713
agm004768790,Cs2MgSiSe4,2.3447,4.135845184326172,2.507176637649536,-1.0804179999999999
agm006033279,Cs3NbO4,3.6673999999999998,0.0001220703125,3.4772956371307373,-2.4895108
agm001620207,Sc2ZnOsC,0.0,0.007327079772949219,0.0137759000062942,-0.45592186
agm003201455,YTiGe,0.0,0.006034791469573975,0.0141324400901794,-0.7120421
agm005964073,Sc(InCl2)3,2.7076000000000002,3.7770049571990967,2.2704110145568848,-1.7072668
agm002283689,KLiCdTe2,1.3407,0.00846487283706665,1.739749789237976,-0.8571192
agm003250816,Li4Ga3Si3IO12,3.4109,6.963698387145996,3.4525866508483887,-2.6657245
agm001015293,SiTeIr,0.9778,0.016943931579589844,0.7214922904968262,-0.49820933
agm002167127,GaNi2,0.0,0.017823219299316406,0.0147267878055572,-0.34896013000000004
agm002329157,LaAl9Co2,0.0,0.005063474178314209,0.0080859959125518,-0.43145135
agm003739447,RbBiCl4,3.9025,5.648581027984619,3.30552077293396,-1.750439
agm003284694,TiF4,4.1404,20.549537658691406,4.193591594696045,-3.7089553
agm002282704,K2HfTe3,1.3075,4.160920143127441,0.8925687074661255,-0.98455644
agm005239345,ZnSeO5,2.0833,0.005896091461181641,0.5275113582611084,-1.2352645
agm003239714,W(S4Cl3)2,0.6728000000000001,6.147073745727539,0.7070966958999634,-0.9911452
agm002141007,Ca3(GaNi2)2,0.0,0.0004119873046875,0.0136391073465347,-0.38282034
agm005209005,LaCuGeN,0.0,0.0010800361633300781,0.0880640968680381,-0.844198
agm003219239,LiSiNO,5.3068,6.1364264488220215,5.6317338943481445,-2.1267319
agm003052406,Ti3GaC,0.0,0.0005310773849487305,0.0063909590244293,-0.6297039999999999
agm003236918,Zr3N4,0.9971000000000001,5.806159019470215,0.846412181854248,-1.6932764
agm003161041,PRuPt,0.0,0.02951812744140625,0.0323359370231628,-0.47926039000000004
agm002169359,MnBiClO2,2.4886,0.005645722150802612,1.8382492065429688,-1.8147948
agm006120999,Y6BS5,0.0,0.008975744247436523,0.0124444514513015,-2.070262
agm002156695,Li2SnPd,0.0,0.014999151229858398,0.0069143027067184,-0.5826994
agm003245809,Te(S2O7)2,3.3212,7.150607109069824,3.341857671737671,-1.7503856
agm005237284,TlFeBr4,1.0289,0.0010840892791748047,1.083900809288025,-0.6460079
agm006070296,Y6GaS4,0.0,0.0037173032760620117,-0.0233456343412399,-1.8489007
agm003160930,MoS2,1.5726,0.013077735900878906,1.388549566268921,-1.3168669
agm005034510,KCrCoSe3,0.0,0.002044677734375,0.0551218315958976,-0.6500433999999999
agm005857388,La9InSn2,0.0,0.01056969165802002,0.0070954374969005,-0.43119705
agm002275040,SrGa2Ir3,0.0,0.011512279510498047,-0.0130707621574401,-0.48099038
agm002353844,RbScMnS3,0.0902,0.0027916431427001953,0.7723015546798706,-1.6915304999999998
agm005546512,NiF5,1.4941,0.009429931640625,-0.0061443448066711,-1.2101855
agm005025988,RbHfNiS3,0.0,0.005499601364135742,0.0694102272391319,-1.5868042999999998
agm003222689,P10Au7I,0.581,0.00392913818359375,0.4867964088916778,-0.13555837
agm002338476,BaGa5Pt2,0.0,0.00116729736328125,0.0149137377738952,-0.63951755
agm005289200,Na3VP8O23,2.3768000000000002,0.007917702198028564,2.451186180114746,-2.6237094
agm003523002,Fe2PtBr8,0.7708,0.10968399047851562,0.447037935256958,-0.38796934
agm005090001,RbScPbCl6,3.6607000000000003,5.673555850982666,3.5666494369506836,-2.1939986
agm006055817,Rb3ClO4,0.0,7.152557373046875e-06,0.1945007592439651,-1.5219575
agm005792780,La3IrPb,0.0,0.003496527671813965,0.002103216946125,-0.6869839999999999
agm003245666,Ca4P7Ir8,0.0,0.0009756088256835938,0.0045952349901199,-0.88273174
agm005967302,Hf3NbTc4,0.0,0.0019316673278808594,-0.001222550868988,-0.46687029999999996
agm006067199,CaAl7Cu5,0.0,0.0005278587341308594,-0.0002599880099296,-0.28879958
agm002170288,RbPdO2,0.0,0.0016968250274658203,1.114431381225586,-1.201118
agm004625519,Na3Ca2OsO6,0.8260000000000001,0.0002607107162475586,0.3792942762374878,-2.281682
agm003239303,RbPSe3,1.2651,3.821120262145996,1.119882583618164,-0.53139967
agm003220296,CsTaI6,1.1369,5.836674213409424,1.7923942804336548,-0.7259633999999999
agm005087441,RbAlFeF6,3.9499,0.0028886795043945312,3.9784398078918457,-3.362689
agm005791339,TcNiBr6,0.5181,0.0013332366943359375,0.4216512143611908,-0.36418366
agm002172349,Cs2SnO3,2.3352,1.44899320602417,2.4279122352600098,-1.9168341
agm003226445,NaCr(GeO3)2,2.675,0.0025937557220458984,2.6983468532562256,-2.2069402
agm003160966,Mg2Si,0.3425,1.1186590194702148,0.1796914935111999,-0.15701912
agm005698872,Tl2SeO3,2.4829,3.4181947708129883,2.692807674407959,-1.2127526
agm005007730,LaFe2GeN,0.0,0.00710296630859375,0.0119608491659164,-0.6871284
agm004669167,Cs3LaV2O8,3.4905,0.000988006591796875,3.621816873550415,-2.7175345
agm003606290,YFeB,0.0,0.0009918212890625,0.0040769800543785,-0.37459746
agm003232441,TiTl2O3,1.9442,3.899968385696411,2.076091766357422,-2.2576253
agm005672712,Sc5(Tl2Ni)2,0.0,0.0005127191543579102,0.0034496113657951,-0.37629718
agm004638523,Ba6PbSe2I3,0.0,0.0025272369384765625,1.6489222049713137,-1.504889
agm005694758,YTcB2,0.1254,0.011108756065368652,0.0019968077540397,-0.5636186
agm005550755,Sc2Mn2C3,0.0,0.00031256675720214844,0.0149477794766426,-0.38058677
agm003232280,Na3Ca2TaO6,4.2356,6.113337516784668,4.268861770629883,-2.885214
agm005813112,Nb3MoRu,0.0,0.002361297607421875,0.0038056075572967,-0.22597335000000002
agm005835170,Ca(AsPd2)2,0.0,0.01735687255859375,-0.0006200969219207,-0.66548914
agm005541807,TcSn2,0.0,0.0037780404090881348,-0.0047000050544738,-0.011014836
agm003277547,K4Hf3Mn(PO4)6,3.992,0.0012333393096923828,3.841942310333252,-3.0852754
agm005748030,Y2GaS,0.0,0.0006160140037536621,-0.0096107795834541,-1.5230063
agm003222664,Mg(SbO3)2,1.0417,3.358720302581787,0.9855055809020996,-2.2308276
agm005922265,MgNb3Ru4,0.0,0.0060825347900390625,-0.0092569589614868,-0.31357145000000003
agm003249905,Na2Mo2O7,3.2074,7.529776573181152,3.2701480388641357,-2.1737437
agm005245363,BaP4O11,5.2028,9.849461555480957,5.240370750427246,-2.7780964
agm002169876,KPtO2,0.0,0.0019652843475341797,1.3687351942062378,-1.311388
agm005009818,LaFe2PN,0.0,0.0010123252868652344,0.0006912425160408,-0.91309345
agm001291114,TiSiTcRh,0.0281,0.008282184600830078,0.0121699571609497,-0.83112115
agm003247939,BaLa(SbSe3)2,0.5381,2.3915767669677734,0.6116149425506592,-1.1028862
agm005627548,Cs2SnS3,1.6909,4.7121758460998535,1.9457473754882812,-1.2785366
agm005972117,Ba2Cu2Br,0.0,0.009582281112670898,0.4209972321987152,-0.7139213999999999
agm004746968,BaMn2AsN2,0.0,0.002540111541748047,0.1089935004711151,-0.69707805
agm005781147,ScB4Mo,0.0,0.01952540874481201,-0.0117397233843803,-0.70884097
agm005614244,Ba2MgIn,0.0,0.0007717609405517578,-0.0031218342483043,-0.27495217
agm003311523,Sr2Al3Pd2,0.0,0.0023250579833984375,0.0078139379620552,-0.63612676
agm005657103,Rb4As2S5,2.1499,4.155531883239746,2.0912747383117676,-1.1333668000000001
agm003221350,Nb10Ge6C,0.0,0.005605936050415039,-0.0031375586986541,-0.5528272
agm005754163,RbFeCl4,1.4013,0.004145622253417969,1.2132456302642822,-1.6411891
agm003245255,Rb2Pd(S4O13)2,1.4604,0.0019654035568237305,1.788824200630188,-1.8846135
agm003760893,BaPdCl5,1.0044,0.006577491760253906,0.7588793039321899,-1.7422993999999998
agm003655640,La4SiBr5,0.0,0.000102996826171875,0.0210024565458297,-1.5985581999999998
agm005684362,Hf2GaFe3,0.0,0.0010099411010742188,-0.0041309371590614,-0.41517046
agm003204858,SrLa(FeO3)2,0.0,0.005634307861328125,0.0097538381814956,-2.632018
agm005543522,CsPt3,0.0,0.010676383972167969,0.0776905640959739,-0.15741247
agm005272250,BCl(OF2)2,2.0006,3.163527488708496,1.902960181236267,-2.035223
agm003485414,K2SeF6,3.9968,4.17884635925293,4.599272727966309,-2.5795975
agm005135938,Cd2GaB2Ir5,0.0,0.0069446563720703125,0.0096770524978637,-0.18927157
agm003241585,Rb2LiTaS4,2.7814,5.802364349365234,2.7145371437072754,-1.6038476
agm002241213,La3(SiNi)4,0.0,0.0005507469177246094,0.0073915868997573,-0.75848347
agm002202410,Y2Co2Ge2C,0.0,0.00084686279296875,0.0247786529362201,-0.62825215
agm006113203,Nb6ReTc5,0.0,0.01125192642211914,0.0021155178546905,-0.33670333
agm002390189,Rb2MoF6,2.4053,0.003374755382537842,2.231579542160034,-3.0375743
agm002698164,Mg2PdPt,0.0,0.01380300521850586,-0.0071282535791397,-0.81333333
agm003220178,Na3PSO3,3.8923,4.678998947143555,3.876588821411133,-2.2264829
agm004695805,HfTl3Bi3S8,0.902,2.0953595638275146,0.6345205307006836,-1.0087214
agm004548341,BaLi2(CdSn)2,0.0,0.004489421844482422,0.0106591135263443,-0.44061404
agm005842301,Na2CuPd3,0.0,0.0007348060607910156,0.0079274177551269,-0.1539854
agm003281603,LiCoSbO4,1.3091,0.003847837448120117,1.2131229639053345,-1.9130608
agm003229977,NaFe(MoO4)2,2.5446,0.0004038810729980469,2.241560935974121,-2.0770278
agm005957782,Al4Ir3Os,0.0,0.0008525848388671875,0.0165028125047683,-0.8498465
agm005869456,ScGa3Rh,0.0,0.0025588274002075195,-0.0059928558766841,-0.68848646
agm003232717,Sr2BIN2,2.5586,4.770998477935791,2.547539472579956,-1.4265515
agm002163229,RuN2,0.0,0.045096397399902344,0.0183065235614776,-0.04029178
agm003278067,BiSI,1.6858,3.569819450378418,1.6704041957855225,-0.63912183
agm002166071,Na(SnP)2,0.0,0.0005543231964111328,0.4184476137161255,-0.22045697
agm006096586,La(AlCu)6,0.0,0.0021839141845703125,0.0078428536653518,-0.3374852
agm003186582,Li2ZnPt,0.0,0.006724834442138672,0.0031076185405254,-0.5484713
agm003439802,Zr3AlTc2,0.0,0.0016865730285644531,0.0008693486452102,-0.44563532
agm003236360,Cs3AlTe3,2.1819,3.888587474822998,1.878216028213501,-0.98413986
agm006071235,Sc6PtRh5,0.0,0.0021479129791259766,-0.0077053755521774,-1.0594699
agm005973440,Rb(AsPt2)2,0.0,0.0016336441040039062,0.0309839248657226,-0.3932747
agm001611096,Y2IrAuC,0.0,0.00498199462890625,-0.0013393908739089,-0.6973569
agm003237717,KNb2Cl11,2.2423,7.727602958679199,2.1677420139312744,-1.8256606999999998
agm003054358,CaLaGa,0.0032,0.10916447639465332,0.0187519416213035,-0.44363874000000003
agm003220507,CoP3,0.0,5.074275493621826,0.2994037568569183,-0.49466434000000004
agm003286132,Tc2Cl13,0.0,0.0002574920654296875,0.722785234451294,-0.9262392500000001
agm003283858,Na3La9B8O27,4.0292,7.119271278381348,4.047278881072998,-3.3923275
agm005990574,Sr3LaRh8,0.0,0.016687393188476562,0.0061434060335159,-0.3812674
agm006074305,Al5AsRu6,0.0,0.0030431747436523438,0.0106675699353218,-0.61470526
agm003226384,KSb(PSe3)2,1.8256000000000001,3.60697865486145,1.8065900802612305,-0.3678178
agm005055180,RbMnInCl4,2.7149,0.00376284122467041,1.8668277263641355,-1.6219766
agm005857432,Sc(Ni2P)2,0.0,0.016867637634277344,-0.0052501000463962,-0.8232652500000001
agm004672395,K3YOs2O9,0.0,0.03347107768058777,0.1075482368469238,-2.1422906
agm005060333,MgNiSnO4,1.6264,0.003791332244873047,2.0469377040863037,-2.065254
agm002266994,ZrInCu2,0.0,0.0058727264404296875,0.0109973400831222,-0.229764
agm004580630,K2Tl2PtO6,1.1852,0.0013655424118041992,1.3818055391311646,-1.3613397
agm005022348,KAs2IrRh,0.0,0.006848335266113281,0.0441361665725708,-0.5470366
agm004744741,SrLa(NiSb)2,0.0,0.018372058868408203,0.0160661041736602,-0.7768585
agm003227434,NaMo2(P2O7)2,1.2264,0.004135727882385254,1.4743800163269043,-2.5777984
agm005237441,Ge3Pb3O10,0.6922,0.0013556480407714844,0.5951917171478271,-1.8550534
agm003228557,Ga2CuCl8,0.6871,0.0011682510375976562,0.6799951791763306,-1.3818293
agm003395842,B2RuW2,0.0,0.0029311180114746094,0.0267194062471389,-0.3092377
agm005797335,CsNaO4,0.0,0.0008196830749511719,0.1990982890129089,-1.2636889
agm003244696,As2Pb2O5,2.9449,4.030045509338379,2.8595077991485596,-1.6457264
agm004733031,Ba8SbTe3I4,0.0,0.0010275840759277344,1.4925609827041626,-1.545061
agm003210462,Li2MoO3,1.5801,0.0003230571746826172,1.3195546865463257,-2.205795
agm003220156,K3Ge4Au,0.8909,0.00749814510345459,0.8537579774856567,-0.280762
agm002226429,ZrInNi2,0.0,0.004492759704589844,-0.0142000615596771,-0.40678546
agm003276896,CsNaSi2O5,4.4247,6.73921012878418,4.509304523468018,-2.9158678
agm006073689,ZrGa5Ru6,0.0,0.0014014244079589844,0.0332537926733493,-0.4068538
agm005541701,BiN2,0.0,0.23768043518066406,0.0222574919462203,-0.026431238000000003
agm005185712,ZrGaIrRh,0.0,0.0023260116577148438,-0.0063792541623115,-0.8144819
agm005915667,La5Ru2Pb,0.0,0.003149062395095825,0.0022297576069831,-0.40906474
agm003237289,TlBi3F10,4.4351,4.763302803039551,4.152875900268555,-2.7106645
agm002345988,MnNb2Co3,0.0,0.0013761520385742188,0.0145114660263061,-0.17867126
agm002140868,Ca2GeIr2,0.0,0.0024199485778808594,0.0072502642869949,-0.64006734
agm002107662,SN,0.0,0.08580398559570312,0.1015374809503555,-0.37742344
agm005265638,KAgTeS3,1.8237,0.0038526058197021484,1.5145374536514282,-0.7290981
agm003748072,KTl4Pt,0.0,0.002444624900817871,-0.0065781585872173,-0.1269042
agm005917108,Mo(NF2)2,2.1887,0.0007688999176025391,2.1111276149749756,-2.0250232
agm005532397,Li7Pt2,0.0,0.0009871125221252441,-0.0214425325393676,-0.39513975
agm004928017,K2NaTlF6,3.6785,9.355030059814453,3.621608257293701,-2.742387
agm006083967,SrZr5N7,0.0,0.0027136802673339844,0.7117859125137329,-1.7052732
agm002691451,LiHfIr2,0.0,0.0018281936645507812,-0.0004044920206069,-0.67962164
agm002270604,NaPdF4,0.0,0.0026159286499023438,1.3772914409637451,-2.1235206
agm005538917,Na6Pd7,0.0,0.0015513896942138672,-0.0083328336477279,-0.14514968
agm003241347,CsYSeCl2O3,4.3633,5.593594074249268,4.437509536743164,-2.4312177
agm005160894,Rb2SrAgI5,2.7122,0.004346013069152832,2.774646282196045,-1.3017749
agm005543182,TeS3,0.8658,0.775120735168457,1.709223747253418,-0.36810887000000003
agm002251508,Ta2Al3Os,0.0,0.0047283172607421875,0.0048420801758766,-0.4100624
agm005721346,Y11In9Pd4,0.0,0.0007416605949401855,0.0045146197080612,-0.69242656
agm003229120,Ti3PbO7,2.0271,5.40034294128418,1.994612455368042,-3.156677
agm001191526,CsRb,0.0,0.008151769638061523,-0.0354340970516204,-0.0005725950000000001
agm003186174,Sc2TcAg,0.0,0.021834373474121094,0.0071803219616413,-0.31309566
agm005546834,RuF6,0.0,0.009765625,0.87267005443573,-1.9355143
agm003205256,Cr3AsN,0.0,0.014050483703613281,0.0055112391710281,-0.40339455
agm003228665,Nb3TeI7,0.5017,0.171295166015625,0.5339158773422241,-0.5328409
agm005842211,Ca2CuNi3,0.0,0.006114006042480469,-0.0027932971715927,-0.17822826
agm003461471,Y(Tc2P)2,0.0,0.00749969482421875,0.0068724602460861,-0.71042234
agm006104786,Ba8AgBi5,0.7442000000000001,0.001561880111694336,0.0055681020021438,-0.85691726
agm002362359,SrCoF6,1.3782,0.0011348724365234375,1.2981774806976318,-2.8186907999999997
agm002137138,MgB2PbO6,1.774,4.40287971496582,1.3044681549072266,-2.477908
agm004951721,NaCa2OsO6,0.0,0.0019637346267700195,0.1533044874668121,-2.3985162
agm006110785,Ta6OsW5,0.0,0.003268718719482422,0.0003405809402465,-0.19205268
agm003267736,LaSnPd,0.0,0.004629611968994141,0.0096855759620666,-0.9473161
agm006018782,La4In12Pd,0.0,1.430511474609375e-06,0.0212849676609039,-0.5190572
agm004745952,BaNa(TlPd)2,0.0,0.0032014846801757812,0.014039322733879,-0.36744192000000003
agm004769999,Rb2VCoS4,0.0981,0.006410360336303711,0.7452192306518555,-1.3502578
agm006133590,Hf6ZnTc5,0.0,0.003008604049682617,0.0049303174018859,-0.47100487
agm005051338,KRbCdBr4,3.2561,0.0017539262771606445,3.076443672180176,-1.380822
agm004923956,Ba2MgTcO6,0.0,0.040056467056274414,0.2966166138648987,-2.7384589999999998
agm003157588,NaI,3.5795,4.980437278747559,3.5793120861053467,-1.2587687
agm005221475,KMoCl4O,2.8495,0.4458029568195343,2.6809966564178467,-1.7507848
agm006107686,Li5PPd6,0.0,0.0005688667297363281,0.0001383796334266,-0.5154757
agm002331515,Ca3In3Sn2Pt,0.0,0.010327398777008057,0.008340299129486,-0.6252257
agm003346467,La2Ga5Rh3,0.0,0.0016474723815917969,-0.0034489333629608,-0.81123585
agm004596561,Y6C3S2Br,0.0,0.0003865957260131836,-0.0089665353298187,-1.2925408
agm003022997,Ti2Ge2Mo,0.0,0.009858846664428711,0.002351552248001,-0.55341214
agm005219140,Li14Be6(BO3)9,0.0078000000000000005,0.004378318786621094,5.395956993103027,-2.7466812
agm005688194,RbInTe2,1.2609,3.2732322216033936,1.2754971981048584,-0.71095896
agm003202112,Li3LaP2,0.7299,4.20781946182251,0.5905728340148926,-1.0111837
agm002347146,Y6In2NO,0.0,0.0024701952934265137,0.0478269904851913,-1.344908
agm005078247,MnTePdO6,1.2679,3.7670135498046875e-05,0.4747222065925598,-1.4406252
agm002161456,MgTl,0.0,0.010452985763549805,0.0229039192199707,-0.033483464000000004
agm001014654,PRuS,0.9413,0.005199432373046875,0.8331329822540283,-0.8292484999999999
agm003440345,K2OsO4,1.1788,0.001132965087890625,0.9004091024398804,-1.7757037
agm003619888,BaSiPd2,0.0,0.003943920135498047,0.0030342787504196,-0.7040413600000001
agm002231219,TaCl3O,3.0637,15.81733512878418,2.5343761444091797,-2.2823644
agm002169850,KFeO2,2.0663,0.019207239151000977,2.200222969055176,-1.8618635000000001
agm002142751,CsGeCl3,3.8823,6.129138946533203,3.597219944000244,-1.7122362999999998
agm005678976,La2Sc3Si4,0.0,0.0034068822860717773,0.0099881738424301,-0.7884017
agm002180713,RhI3,1.0457,0.01755523681640625,0.8745461702346802,-0.26445
agm005068945,BaTeRhO6,0.0,0.04303765296936035,1.31927752494812,-1.9096633
agm002239618,WSe4Br,1.5168,0.221155047416687,1.2207088470458984,-0.34096175
agm003264107,GaMo3,0.0,0.003087282180786133,0.006931334733963,-0.17639072
agm005962112,Rb3MoF6,3.7141,0.0014451555907726288,3.9026947021484375,-3.0184665
agm003544832,Rb3ScS3,2.6021,4.738846302032471,2.288766384124756,-1.7358867999999998
agm004756214,Cs2NaScBi2,0.8346,1.7413482666015625,0.2777003049850464,-0.5550669
agm005841833,Y2NbOs3,0.0,0.0012679100036621094,-0.0031483694911003,-0.2838641
agm003221396,Sc4Ge6Ir7,0.0,0.0023136138916015625,0.0106473565101623,-0.8534225
agm006120107,Ti5WC6,0.0,0.0054552555084228516,0.0050645470619201,-0.7207245
agm005080782,SrScReO6,2.3077,9.467902183532715,2.5375308990478516,-2.96887
agm006056625,K4CdBr6,3.2016,0.0025881528854370117,3.2379136085510254,-1.5073899
agm002275041,SrGa2Pd3,0.0,0.0006375312805175781,-0.0138482749462127,-0.77291024
agm001292485,LiTiAlNi,0.7731,0.020956993103027344,0.0248062014579772,-0.45777437
agm002148356,Rb2CuF6,0.0,0.00047659873962402344,0.6223946809768677,-2.2908486999999997
agm003244954,K10NbInAs6,0.9411,1.6424059867858887,0.9309135675430298,-0.47501004
agm005833734,Li(YIr)2,0.0,0.003631114959716797,0.0044212937355041,-0.6588755
agm003153123,LaZnGa,0.0,0.021309375762939453,-0.0014767199754714,-0.5589537
agm002199496,Y3Co2B2N3,0.0,0.0016617774963378906,0.0440074950456619,-1.3210622
agm003239362,Ca2Si5N8,3.3686,5.193025588989258,3.377967119216919,-1.4205793
agm003242636,Na3Si3SnO9F,3.827,5.2036638259887695,3.798158884048462,-2.8587694
agm005749250,GePRh2,0.0,0.00164794921875,0.0152942836284637,-0.66317034
agm003223896,Sr8Co3N8,0.0,0.0005628764629364014,0.0042081549763679,-0.6857499
agm002237323,BaScCuS3,0.8344,0.0013728141784667969,1.010119080543518,-1.9575766
agm005817522,CrWF6,2.3009,0.048272132873535156,2.23831558227539,-2.8133779
agm002207310,CrNi3Se4,0.0,2.47955322265625e-05,-0.0091177076101303,-0.38609186
agm003202476,NaSn2Pd3,0.0,0.0015282630920410156,-0.0047544315457344,-0.48197353
agm003123475,CsGaO2,2.9533,0.0013370513916015625,2.970937013626098,-2.1152613
agm003215669,MnAl6,0.0,0.007024705410003662,-0.0073122046887874,-0.17604674
agm001116647,CaTiRh2,0.0,0.0017871856689453125,0.0041804462671279,-0.6417301999999999
agm003276060,Ba2Ni(PO4)2,3.8535,0.013177871704101562,3.834817886352539,-2.872315
agm003415724,Sc3As2S,0.0,0.004250049591064453,0.0183300822973251,-1.6795354
agm001307016,MnSiTcIr,0.0,0.036762237548828125,0.0024061203002929,-0.4440711
agm003248190,Rb3AsSe16,0.9172,4.243916034698486,0.908982753753662,-0.33779225
agm003278322,Cs2CdGe3S8,2.3721,0.0769694447517395,2.108997344970703,-1.0887482
agm003284768,Y2Au5F21,1.6644999999999999,0.013706207275390625,1.742296814918518,-2.2365913
agm002231174,YBrO,3.7284,7.940281867980957,3.653217077255249,-3.1337678
agm001121422,HfScRu2,0.0,0.02398681640625,0.0060587227344512,-0.7296163
agm005117517,V2GaN,0.0,0.0008454322814941406,-0.0080595798790454,-0.8576828999999999
agm004923772,Sr2NbMoO6,1.3747,0.005976676940917969,2.050365924835205,-3.0259044
agm005574870,Li3Al2Ag3,0.0,0.4094562530517578,-0.0029318407177925,-0.24011165
agm004755845,Rb2NaBi2Pb,0.0,0.0063495635986328125,0.0701656639575958,-0.33033657
agm004594037,La6Ge2AsBr3,0.0,0.010348200798034668,0.0026332139968872,-1.3405232
agm003572985,K3SbCl6,3.5526,3.2077219486236572,3.33529281616211,-1.9118433
agm003274184,LaOF,4.6091,8.042155265808105,4.619682788848877,-4.2709846
agm002155833,KBiSe2,1.123,1.989380121231079,0.8652701377868652,-0.80647177
agm003215493,Cd(GaO2)2,1.585,0.0009105205535888672,0.539139986038208,-2.0390346
agm002148167,Cs2AlF5,5.7617,0.0009088516235351562,6.577986240386963,-3.521562
agm002242654,HfTiSi,0.0,0.0022802352905273438,0.0010806694626808,-0.7585386
agm005818247,MnV3Cr,0.0,0.00244903564453125,-0.0086676776409149,-0.17442928
agm005260582,Sc5OsCl9,0.0,0.00011920928955078125,0.0648495852947235,-2.1598902
agm002159153,LiSnPt,0.0,0.009190082550048828,0.0031105279922485,-0.6593300000000001
agm005681222,La2Y3Pb4,0.0,0.0033419132232666016,-0.0079715177416801,-0.6496008
agm003157553,Bi,0.0,0.01313638687133789,0.0064786672592163,0.0
agm005053966,RbBaNbS4,2.2512,5.09575891494751,2.2808613777160645,-1.8178312
agm004924132,Sr2CoTcO6,0.0,1.1920928955078125e-05,0.4107474386692047,-2.411466
agm002042447,Br,1.6417000000000002,2.105466842651367,1.111544489860535,0.0
agm005003853,BaGa2SnAu,0.0,0.0022224783897399902,-0.0031733363866806,-0.5325275700000001
agm005848990,CaY2In9,0.0,0.00873255729675293,0.0058603137731552,-0.39303154
agm001828751,ScIn3,0.0,0.00674128532409668,0.0050615072250366,-0.30474854
agm006075647,MnV5Ru6,0.0,0.001728057861328125,-0.0017650425434112,-0.22952439
agm004873975,NaGa(SeO4)2,2.8246,6.277356147766113,2.746495246887207,-1.4899182
agm002238434,Sc2TlCu2,0.0,0.004001617431640625,0.0089761167764663,-0.28370583
agm003276005,KSiSbO5,2.8272,4.618663787841797,3.0795164108276367,-2.543902
agm005843649,Rb2BiPb3,0.0,0.004144191741943359,0.0018509551882743,-0.21591608
agm005057209,KBaBiO4,0.7183,3.0978689193725586,0.3971449732780456,-2.0397887
agm005073716,RbCaBiCl6,4.2094,5.707706928253174,4.112453460693359,-2.1152623
agm002297662,Mg(OF)2,1.4842,0.000217437744140625,1.1688967943191528,-2.497667
agm005894105,Ti3Ga2O,0.0,0.0013200044631958008,0.0180753767490386,-1.3252145
agm002159054,Li(SiRu)2,0.0,0.008485078811645508,0.0058638304471969,-0.5873595500000001
agm003756942,Ta4GaSi,0.0,0.00308990478515625,0.0135970748960971,-0.40460077
agm002165523,Na3AsS4,1.775,3.7515580654144287,1.9747401475906372,-1.0862118
agm002250836,HfAlCu2,0.0,0.027490615844726562,0.016303077340126,-0.33647823
agm002254714,SrZr(BO3)2,4.5182,8.037774085998535,4.22592830657959,-3.3389702
agm003244671,Sr3(GeAs2)2,0.7786000000000001,3.133523464202881,0.789785623550415,-0.8040021700000001
agm002168215,SrNiGe,0.0,0.010319709777832031,0.0022080652415752,-0.5201219
agm002179760,LaPdPb,0.0,0.0038309097290039062,0.0083282142877578,-0.7705139999999999
agm006055593,Li(HfSe2)4,0.0,0.003299236297607422,0.695533037185669,-1.3531897
agm005026512,RbMgBiTe3,1.5543,2.493795871734619,1.2350616455078125,-0.7113731
agm005556442,Rb3(GaSb)2,0.0,0.00929403305053711,0.5359755754470825,-0.36738575
agm004945158,KMn(CO3)2,0.0,1.5071967840194702,0.0771789848804473,-1.9669051999999998
agm005584780,Ca2GeBr6,3.6087,3.4260826110839844,3.0473124980926514,-1.5490959
agm004583330,Cs2Y2HfS6,2.1581,3.777466058731079,1.8128318786621096,-2.1725292
agm003221236,Al13Os4,0.0,0.00014019012451171875,0.0133265554904937,-0.44963765
agm002386248,LiLa(PAu)2,0.0,0.00039005279541015625,-0.0030610263347625,-0.7944365
agm004999605,BaMnIO2,2.064,0.007745623588562012,1.4916253089904783,-2.2210307
agm003201740,YGaBr,0.0,1.2444627285003662,0.2280390262603759,-1.2327739
agm002141827,CaSnIr,0.0,0.0017795562744140625,-0.0032886713743209,-0.5850445
agm002184192,Sc6ReTe2,0.0,0.007005542516708374,0.0192474573850631,-0.6370059
agm002175381,Zn(AsO3)2,1.9114,0.004088401794433594,2.113081932067871,-1.7075602
agm003277174,Zr4Ni(PO4)6,3.1354,0.035936832427978516,3.0850744247436523,-3.0687792
agm002321988,TiGaPd2,0.0,0.005374908447265625,0.0058465003967285,-0.6507875
agm006006589,La5RhPb2,0.0,0.0036174841225147247,-0.0083064436912536,-0.6175976
agm005855850,Ca(GaCl4)2,4.2974,6.6405205726623535,4.1950531005859375,-1.9135273
agm002759486,CsBrCl2,2.5059,3.6057729721069336,2.195528984069824,-1.370113
agm005597878,LiLaPb,0.0,1.2456181049346924,0.0160099081695079,-0.5626552
agm003232734,Ca7TlN4,0.0,0.04310202598571777,0.0223948806524276,-0.88325256
agm002430952,Ti3AuC,0.0,0.0032744407653808594,0.014481633901596,-0.6215125300000001
agm003272787,Sc5Re24,0.0,0.0007877349853515625,0.0042268261313438,-0.22028872
agm006037674,K4SiSe4,2.1302,3.731518268585205,2.334893226623535,-1.0775204
agm005580686,Rb12Au5O3,0.0,0.0003680884838104248,0.4767511785030365,-0.6952889999999999
agm002145898,HfCu2Se3,0.5746,0.0006046295166015625,0.3928678631782532,-0.7413719
agm005969827,V2SiRu5,0.0,0.011147499084472656,0.0006862878799438,-0.38784435
agm004497308,Rb2ScZn3F12,0.0,0.0019040107727050781,4.279466152191162,-3.0068614
agm002181567,GaCuS2,0.6937,0.015437126159667969,0.7147717475891113,-0.9136149
agm005607723,Rb2Nb3F9,1.4479,0.0025377273559570312,0.4344631433486938,-3.0536866
agm004740705,K2BaSb2Pb,0.3039,1.1990768909454346,0.4145985841751098,-0.5793737999999999
agm002177952,CsInP2S7,2.0855,5.5212812423706055,1.888425588607788,-0.95895106
agm002176218,TiCl3O,1.5521,6.425622940063477,1.3130943775177002,-2.1916556
agm003440316,Rb2TcO4,0.0027,0.005007743835449219,2.7342400550842285,-2.0410247
agm005707806,CsBS2,2.9262,3.950465679168701,2.6415812969207764,-1.2193661
agm005601531,K2(ZrSe2)3,0.0,0.0024878978729248047,0.2795947790145874,-1.3959616
agm005283864,K2ZnCl4,4.5413,0.001968860626220703,4.505918502807617,-1.9907577
agm003275886,CaS3O10,4.9838000000000005,9.662185668945312,5.105848789215088,-2.2315624
agm004564825,Cs2Ru(OF2)2,0.9965,0.0040285587310791016,1.012283444404602,-2.319371
agm003223081,La5Sn3Cl,0.0,0.0009911060333251953,-0.0046123564243316,-1.1134176
agm005784893,FeReF6,1.5893000000000002,0.00357818603515625,0.1198497116565704,-2.5140095000000002
agm006074207,Al6IrRu5,0.0,0.015140533447265625,-0.0002694278955459,-0.73313075
agm003206954,Cs2NaScCl6,3.9068,6.2297844886779785,4.011080741882324,-2.4312656
agm005550640,Rb2Sn2O3,1.5089000000000001,2.996525764465332,1.3201186656951904,-1.7300838
agm003238529,Mn23C6,0.0,0.007252693176269531,-0.0167011991143226,-0.08281283
agm005840062,Y2TiAl3,0.0,0.001896202564239502,0.032706081867218,-0.44914782000000003
agm001360964,LiNbGaIr,0.5737,0.0022525787353515625,0.0025854967534542,-0.58533615
agm003330544,Rb3Cd3Au2,0.0,0.0004115104675292969,0.0044039860367774,-0.20295388
agm003237193,LaHf2F11,6.2085,16.69256019592285,5.762696266174316,-4.297978
agm005678831,Y2Zr3Si4,0.0,0.018746554851531982,-0.0052242428064346,-0.89297426
agm004940103,NaTl2InCl6,3.0099,5.381161689758301,3.084371566772461,-1.5884247999999999
agm002238125,CoSCl,0.7261000000000001,0.0034351348876953125,0.365032821893692,-0.9246445
agm003404647,Rb2BeO2,2.1257,9.72747802734375e-05,2.030972957611084,-2.0646431
agm003710076,SrHfS3,0.7173,7.187909126281738,0.9939727783203124,-2.2167177
agm005564638,Hf5(GaBi)2,0.0,0.003299891948699951,-0.007839024066925,-0.33923224
agm002271062,VCuF6,0.4778,2.338764190673828,0.1114000752568245,-2.579233
agm003207315,W(OF)2,1.9055,18.702648162841797,2.3438754081726074,-2.484537
agm002163036,Ca(ZnN)2,0.6305000000000001,0.03269672393798828,1.1018266677856443,-0.5260829
agm003269486,Cs3GaF6,5.8393,8.829366683959961,5.871270179748535,-3.0642557
agm003248644,Na4MgFe(PO4)3,2.2554,0.0037925243377685547,2.122385025024414,-2.6449778
agm005544129,BaN4,0.0,0.0008304119110107422,0.6670546531677246,-0.5944904999999999
agm002182612,Cs2ZrS3,1.8059,4.2040839195251465,2.131448745727539,-1.8393359999999999
agm003268271,Ta5As4,0.0,0.0012569427490234375,0.0006294548511505,-0.5201591999999999
agm002291039,YZrN2,0.0,0.0029894113540649414,0.1213278472423553,-1.9059789
agm003598116,BeNbPt,0.0,0.00568389892578125,0.0083202719688415,-0.6336282999999999
agm002357014,BaSiNi2,0.0,0.0038704872131347656,0.0287336520850658,-0.44432765
agm003215859,Hf(Ni2As)2,0.0,0.0054645538330078125,0.0129264593124389,-0.49567655
agm003236942,Hf9AsW4,0.0,0.002845287322998047,-0.0031323730945587,-0.26163772
agm003239713,Na5Ca4P4O16F,4.7641,6.028820037841797,4.794498443603516,-3.0383513
agm004804776,LiZr2ScRh4,0.0,0.0023584365844726562,-0.0175764337182045,-0.79620737
agm003229299,K4CdCl6,4.0042,0.009461164474487305,3.9659388065338135,-2.057195
agm004923960,La6Mg2NO,0.0,0.01459360122680664,0.013392299413681,-1.0378133
agm002313683,Sc2Ni2Pb,0.0,0.004384040832519531,0.0143852531909942,-0.4827938
agm002333359,Y2Co2I,0.0,0.0048291683197021484,0.0042089112102985,-0.58453417
agm004544647,Y2Si2BRu2,0.0,0.0039014816284179688,-0.0004281215369701,-0.8303337
agm005603227,K2(HfS2)3,0.0,0.0006034225225448608,1.391669511795044,-1.9328669
agm005775881,Sr(S3I)2,2.2774,5.423579692840576,2.3689188957214355,-0.9300965
agm003247991,KLa(PSe3)2,1.9562,4.618939399719238,1.965465188026428,-0.86087084
agm003258555,V3B4,0.0,0.02031683921813965,0.0037716999650001,-0.8180455600000001
agm002210540,Rb2OsF6,0.0,0.0027539730072021484,0.3062677085399627,-2.5635543
agm005726369,RbGeCl3,3.7486,6.137526988983154,3.643249988555908,-1.6832913999999999
agm005223020,Mn3ZnO10,1.6619000000000002,0.002841949462890625,0.2087600976228714,-1.5098667
agm003263037,K2AgAs,1.143,0.0019675493240356445,1.1052558422088623,-0.40285516
agm002978733,Hf2Ga2Tc,0.0,0.0027179718017578125,-0.0028692185878753,-0.49855638
agm003161289,Ta2C,0.0,0.05197596549987793,0.001880720257759,-0.59985876
agm005072783,RbYCdCl6,4.1266,0.0019273757934570312,3.769478321075439,-2.2430217
agm005658218,SnNO,2.1151,4.21692419052124,1.6459795236587524,-1.1208798
agm002345870,Mn3Nb2Ir,0.0,0.009250164031982422,0.0050234496593475,-0.3001272
agm003248779,Mg(GaS2)2,2.0077,3.7627031803131104,1.998151183128357,-1.2843617
agm005741355,Ca(Al5Ru)2,0.0,0.0069361403584480286,-0.0080985128879547,-0.46000966
agm003283136,Ba13Si6(Sn4As11)2,0.8481000000000001,2.246372938156128,0.4371413290500641,-0.6863874
agm002160250,BaMgBi2,0.0,0.006999969482421875,-0.0142901539802551,-0.6357509
agm003225867,Ba(GeAs)2,0.031400000000000004,2.6322784423828125,0.6612181663513184,-0.5081205999999999
agm005062694,CrAgSnSe4,0.0,0.06302165985107422,0.2028465270996093,-0.39429045
agm005739857,MgVBr4,1.1523,0.0013606548309326172,1.1523644924163818,-1.1482426000000001
agm002207263,CrI3,1.1431,0.004255771636962891,0.1693570017814636,-0.41359085
agm006120109,TaTi5C6,0.0,0.0012565851211547852,-0.0072993338108062,-0.8141841999999999
agm005850320,Na2SN2,1.2075,4.108004093170166,2.9463868141174316,-0.82636434
agm002161181,MgBiS2Br,2.2705,4.202213287353516,1.869140386581421,-1.1832628
agm002134016,Hf2Al3Ru,0.0,0.004194736480712891,0.0005315840244293,-0.59381247
agm003239505,La6Mg23Sb,0.0,0.012164115905761719,0.0072978138923645,-0.19400395
agm003215687,Sc3Pt4,0.0,0.0012936592102050781,-0.0071828439831733,-1.2080353
agm005654265,BiAsRh,0.0,0.0063571929931640625,0.0256877094507217,-0.3770804
agm003229406,Na2MgVF7,2.364,0.026364348828792572,2.5657958984375,-3.34637
agm003234193,Tl2V3O8,2.0509,0.00523066520690918,2.023862600326538,-2.1406586
agm003439035,TaAl2Rh3,0.0,0.00020837783813476562,0.0054263919591903,-0.91737187
agm003239518,Cs2Mo3O10,3.4238,8.109782218933105,3.220518112182617,-2.1972222
agm005071388,BaNaNiF6,2.3477,0.041698455810546875,1.092579364776611,-2.8935888
agm005839343,Be2Co3P,0.0,0.000225067138671875,-0.0030533745884895,-0.5031516
agm005827464,K(CdBi)2,0.0,0.0009617805480957031,0.0083318725228309,-0.20757869999999998
agm005592284,Cs2Rb3Au4,0.0,0.001176595687866211,0.2164725661277771,-0.2992623
agm003337649,Li3(GeAu2)2,0.0,0.01872730255126953,-0.0096881762146949,-0.38845414
agm003194236,Na(SnAs)2,0.0,0.08128499984741211,0.17642442882061,-0.25312665
agm002173423,MnSbO4,0.9531000000000001,0.002476930618286133,0.5585516691207886,-1.9578044000000001
agm002179012,Zr2PSe2,0.0,0.009360790252685547,0.0894616842269897,-1.3534127
agm003278577,Al12Co4Cu,0.0,0.0010225772857666016,0.0080136097967624,-0.41785684
agm005930593,Li2SeN2,1.2745,3.5926451683044434,2.4854836463928223,-0.8341014999999999
agm005246115,K3B(SO4)3,5.2455,8.855169296264648,5.363874912261963,-2.3235803
agm005846037,Rb2TcF7,1.3414000000000001,0.026868073269724846,1.6279399394989014,-2.755408
agm006057228,La(HfS2)4,0.0,0.0057184696197509766,0.1608598530292511,-2.1185575
agm002387545,K3PtO4,0.2777,0.023710131645202637,1.381486415863037,-1.4452829999999999
agm005277544,Sr5Pb3F,0.0,0.0013141632080078125,0.0597790032625198,-1.1707159
agm003226470,LiCaAlN2,2.7761,2.639291286468506,2.7868926525115967,-1.1917583
agm006120316,Y6P5Br,0.0,0.0011813640594482422,0.0411042720079422,-1.6194444
agm003265510,Y3Cr2(GaO4)3,3.1925,0.008294105529785156,2.8093676567077637,-2.9956085999999997
agm006090745,K3Pb4Au,0.43810000000000004,0.005892157554626465,0.3284544348716736,-0.26446402
agm003244814,La5Sn4,0.0,7.987022399902344e-06,0.0079300701618194,-0.7924003
agm005801060,Sb6OsPt,0.2054,1.2572296857833862,0.0290538668632507,-0.23508783
agm003186236,Tl2AsAu,0.0,0.0041565001010894775,0.0015096366405487,-0.06683876
agm005732101,TaAlGa2,0.0,0.0035283565521240234,0.0107733607292175,-0.24892886
agm005841508,Li2SnPd5,0.0,0.005101680755615234,0.0035618506371974,-0.48574328
agm002206548,Hf6CoSn2,0.0,0.0010807514190673828,0.0004253685474395,-0.38134379999999996
agm005002482,Ba2ZnSbN,0.4444,0.0034083127975463867,0.290427565574646,-0.77125126
agm002155541,K(Tl3Au2)2,0.0,0.0019073486328125,-0.0222129225730896,-0.11364908500000001
agm005035549,KCrFeS3,0.0,0.002104043960571289,0.0800423920154571,-1.1303623
agm005229353,HfTlCdF7,4.9347,0.16118931770324707,2.630859375,-3.3023329
agm003222927,In6Ge2PtO9,1.3425,0.0014702677726745605,1.775668382644653,-1.7624697999999999
agm005289429,Sb2ClF17,0.3068,9.050448417663574,0.2767556309700012,-1.9490101
agm005268658,BaSr2Mg(SiO4)2,4.7819,0.0014400482177734375,4.775125503540039,-3.3828266
agm001341153,LiScGaCu,0.0516,0.001438140869140625,0.005289789289236,-0.40530625000000003
agm004668434,Cs3Rb(TcO4)2,0.0,0.0026241540908813477,2.607957124710083,-2.0807073
agm004567906,Zr2B(IrRh2)2,0.0,0.00618743896484375,-0.0044829584658145,-0.8153502300000001
agm002183839,SbTeI,0.9490000000000001,0.4541451930999756,0.9017188549041748,-0.24132898
agm003290414,Nb5Mo3,0.0,0.015022993087768555,0.0025354027748107,-0.12232489
agm005258386,RbTa(BO3)2,3.4696,6.640455722808838,3.616605043411255,-3.0155036
agm002325745,BaZnGe,0.0,0.010615825653076172,0.0063236057758331,-0.48828092
agm005682216,Y2GaRh3,0.0,0.015338420867919922,-0.0018332675099372,-0.8602968999999999
agm006051830,Ta4Nb4Os,0.0,0.004457950592041016,0.0086744725704193,-0.16462116000000002
agm003160775,CaBiAu,0.0,0.002010345458984375,0.0085379183292388,-0.7249985999999999
agm002186196,TaFeSi2,0.0,0.0008025169372558594,0.0261468738317489,-0.5514631
agm005249520,Sr5Mn4CO13,0.5847,0.011089801788330078,0.3648142516613006,-2.6010542
agm004874004,RbFe(SeO4)2,2.4775,0.00063323974609375,2.217833995819092,-1.5064756
agm003276142,K2CoP2WO10,2.6849,0.0016117095947265625,2.5922017097473145,-2.4447658
agm005581040,Na5Zn3F12,0.0,0.0011873245239257812,4.583111763000488,-2.7155716
agm004625547,Na3Ca2TcO6,0.0,0.007260560989379883,0.7097475528717041,-2.3788607
agm005019953,CaNiB2Ru,0.0,0.012428760528564453,0.0155890733003616,-0.39153849999999996
agm004623644,K3Cd2PtO6,0.0,0.00039005279541015625,1.6925077438354492,-1.4224018
agm002176547,Hf3O,0.0,0.001987457275390625,-0.0179827511310577,-1.5446014
agm005031479,CsGeBiTe3,0.7835000000000001,2.029454231262207,0.9206373691558838,-0.45191476
agm003286520,Sc2Be17,0.0,0.005428314208984375,0.0091427490115165,-0.18935964
agm001606005,BaScS2F,1.5,6.585111141204834,1.5455729961395264,-2.9257746
agm004577344,K2Sr(PO3)2,4.7804,6.497032642364502,4.565330505371094,-2.8214107
agm003225989,BaZrSe3,0.3572,4.865738391876221,0.3499399721622467,-1.6424134000000001
agm002213218,BaGa3Rh2,0.0,0.002487659454345703,-0.0168186426162719,-0.6559366600000001
agm005631376,Rb2Rh3O8,0.0,0.002090930938720703,0.0189337581396102,-1.347957
agm004950280,InNi2BiO6,0.1029,0.002149820327758789,0.465006023645401,-1.3364931
agm003258495,La2ZnSb4,0.0,0.0003273487091064453,0.0190419405698776,-0.801044
agm003276763,YP5O14,5.2612,11.292316436767578,5.313319206237793,-2.8285608
agm003237186,Cs3Sc2Br9,2.9862,5.494790077209473,3.041886568069458,-1.8136747
agm005988739,NaSr3Pd8,0.0,0.004078388214111328,-0.0085376948118209,-0.5536709
agm003568631,K3InF6,5.3321,8.641548156738281,5.076229572296143,-3.033032
agm005651273,HfTiRe,0.0,0.0013027191162109375,0.0139904618263244,-0.35612859999999996
agm005820041,Na2TeN2,1.2754,3.2509288787841797,0.8466585874557495,-0.6300557
agm005631020,Li2AsAu,0.0,0.001367807388305664,0.0838203132152557,-0.5751796
agm003275966,Ta2Mn(P2O7)3,2.1698,0.0010547637939453125,2.217616319656372,-2.8346355
agm003241547,Na3Y(CO3)3,5.0498,7.495256423950195,4.454468250274658,-2.3818603
agm004877373,RbAl(SeO4)2,3.3836,7.502586841583252,3.0266590118408203,-1.8224189
agm002932039,Sr(MgAu)2,0.0,0.0031020641326904297,0.001138150691986,-0.64351624
agm005791237,AlV4Sn,0.0,0.0028908252716064453,-0.0003112852573394,-0.14702675
agm005697296,Y3Zn7Ga4,0.0,0.00024175643920898438,0.0041526705026626,-0.4407218
agm003239439,Cs2Ti(GeO3)3,2.9567,8.712492942810059,2.986283779144287,-2.443775
agm002221128,MgSc,0.0,0.002163410186767578,-0.0049871057271957,-0.04557609
agm003263186,LaGa2Ni,0.0,0.003286600112915039,0.0015365704894065,-0.637135
agm002946644,La(MnSi)2,0.0,0.004657745361328125,-0.0083124116063117,-0.5406489999999999
agm005880802,Rb3CoO3,1.6407,0.002669036388397217,1.2009888887405396,-1.5270291999999999
agm001010901,BeAsBr,1.4659,2.708578109741211,1.5869407653808594,-0.5551474
agm003499414,BeV2O6,2.4737999999999998,14.439981460571289,2.469113349914551,-2.5018759
agm003238546,Ti5Re24,0.0,0.0067539215087890625,0.0042263343930244,-0.21931592
agm006013873,Sc4As3Se,0.0,0.007542252540588379,0.0027496144175529,-1.4803993
agm006109180,Ca8P5Cl,1.6098,3.4945261478424072,1.1058447360992432,-1.3332861999999999
agm002150086,FeAs2,0.2692,0.004584312438964844,0.2936566472053528,-0.26580557
agm006108760,Sc6IrRh5,0.0,0.003731966018676758,-0.0048659816384315,-1.0302325
agm002162777,Sr(MnAs)2,0.0,0.006330013275146484,0.0092823207378387,-0.5546800000000001
agm003638395,Ti5OsRu4,0.0,0.0030083656311035156,0.0031803250312805,-0.7538496
agm003249055,K3Sn2S3ClO12,4.0854,5.032075881958008,3.7892680168151855,-2.1495981
agm005980776,Ta3TiRe4,0.0,0.014080524444580078,-0.0043277442455291,-0.4378682
agm004998543,MnBiO2F,2.1585,0.005648553371429443,1.075225591659546,-2.129428
agm005964194,Tl3RhCl6,1.3231,0.002186894416809082,1.2995346784591677,-1.216626
agm001611069,Sc2CoAuC,0.0,0.0011653900146484375,0.0327000021934509,-0.5977874
agm003244112,Ba(PO3)2,5.3021,9.58891773223877,5.438741683959961,-2.982692
agm006033416,Cs3MnO4,1.8811,0.006802082061767578,1.4399470090866089,-1.7873584
agm003435961,Ti3Tc2Rh,0.0,0.008024215698242188,0.0025400519371032,-0.6662538
agm003460915,Li4ZnN2,1.3916,0.0032666921615600586,1.9923064708709717,-0.49060598
agm002151165,HfGa3,0.0,0.006453275680541992,-0.0070621073246002,-0.3864859
agm002148093,NaBiF4,4.6997,5.521172046661377,4.2680768966674805,-2.89746
agm005003891,BaIn2SnAu,0.0,0.004498004913330078,0.0021278858184814,-0.5022148
agm002253450,Cs2AsPt,0.21180000000000002,0.0005539730191230774,0.7444682121276855,-0.42093834
agm003213418,Si7(Ni2Au)2,0.0,0.000370025634765625,-0.0061540305614471,-0.33616972
agm005877725,Pt(SeCl)2,0.8629,0.0017719268798828125,1.0711325407028198,-0.6600678999999999
agm003264908,K2CuSb,1.1585,0.0008407235145568848,1.122905731201172,-0.32217893000000003
agm002250866,HfAlCuNi,0.0,0.027625083923339844,0.0011179149150848,-0.49850366
agm005891076,Cd(NF)2,4.0273,0.0006747245788574219,3.09932804107666,-1.6008092999999999
agm002345700,ZrMnRh2,0.0,0.003101348876953125,0.0186036527156829,-0.58246386
agm002204919,RbInCl4,3.6199,7.504378795623779,3.3705809116363525,-1.8289447
agm005266624,Sr2CrO4,1.9612,0.001782923936843872,2.069572925567627,-2.7868626
agm005262308,Zr2InPd2,0.0,0.0051670074462890625,0.0037581212818622,-0.6569687
agm005025279,KTaNiSe3,0.1252,0.006045818328857422,0.0577945597469806,-0.8479953
agm005607931,KInAs,0.43470000000000003,1.2761626243591309,0.3587962687015533,-0.42956635
agm003215991,Ba8P5Br,1.1582,3.612541675567627,0.8424290418624878,-1.1593034
agm003272791,La10Se19,0.6023000000000001,2.164344549179077,0.5891108512878418,-1.8216275
agm005666925,TiBePd,0.0,0.0018200874328613281,-0.012311652302742,-0.47279069999999995
agm005773327,MnBe2Pt3,0.0,0.009255409240722656,0.0105329602956771,-0.6520751
agm005137552,Zr2Be2SnRh5,0.0,6.67572021484375e-06,-0.0056980177760124,-0.80863374
agm005148373,Na5AuSeO2,1.8571,0.007382392883300781,1.2867270708084106,-1.2488031
agm003275012,Ca4Al6SO16,4.4767,8.559659004211426,4.4770355224609375,-3.323668
agm003244530,NaScB2O5,4.8723,7.4042487144470215,4.664945602416992,-3.0988078
agm005915006,La5Ru2Au,0.0,0.008858799934387207,-0.0100978463888168,-0.43879718
agm002232736,CaNiP,0.0,0.0006175041198730469,0.0079063326120376,-0.93546146
agm003248046,HfV2O7,2.675,15.110620498657227,2.735107421875,-2.8920069
agm003206589,Sn4Pt,0.0,0.005138896405696869,-0.0066167712211608,-0.28613186
agm003420588,Ba2AgO3,0.0,0.009146451950073242,0.0078387856483459,-2.1618009
agm003237100,RbMnPO4,2.8095,0.00025081634521484375,2.991102457046509,-2.59607
agm003274484,K2Mn(SeO3)2,3.6702,0.001316070556640625,3.6844522953033447,-1.7701848
agm003248166,TcBr4,0.6354000000000001,0.0011401176452636719,0.471623420715332,-0.367511
agm005544905,CaCl4,2.7418,6.548986911773682,2.847290515899658,-1.8964330999999999
agm005966268,Sn2GeRh5,0.0,0.0013561248779296875,0.0091267824172973,-0.4441136
agm005624073,Rb2Pt3O8,0.0049,0.0010900497436523438,1.2984426021575928,-1.2121024
agm002159218,CsLiTe,2.246,3.8690874576568604,2.26762056350708,-1.0655079
agm005529218,Rb2F13,0.0449,0.0008058547973632812,1.5569605827331543,-1.1443132
agm003230558,NaVF4,1.9788999999999999,0.6772788763046265,2.04439640045166,-3.1865718
agm002170809,Ba2PtO3,0.0,0.0005908012390136719,0.3512901663780212,-2.2665305
agm003228910,Ca5(GaN2)2,0.0,0.0012984275817871094,-0.0078473836183547,-0.91193897
agm005738606,TaCo2P,0.0,1.9073486328125e-05,0.0003331042826175,-0.646921
agm003397064,Rb2AuO2,0.0,0.0004780292510986328,1.8721858263015747,-1.2097994
agm003244611,OsSeS3Cl4,1.4145,0.05003729462623596,0.3694209158420563,-0.7961859
agm003128429,KTcO3,0.5802,0.004780828952789307,1.0920398235321045,-2.0374072
agm005988757,NaCa3Pd8,0.0,0.005219936370849609,0.0027387514710426,-0.59297395
agm003201146,TiGaPt,0.0,0.0033135414123535156,0.0036534070968627,-0.83962333
agm003284208,KBe(PO3)3,5.5639,9.453600883483887,5.513988494873047,-2.7596233
agm003212164,Li2Ca,0.0,0.0024547576904296875,0.0096369832754135,-0.011236932000000002
agm003226902,Na5InS4,2.0222,4.056856632232666,1.9885048866271973,-1.2850403
agm001610615,Y2AgRuC,0.0,0.002266407012939453,-0.0033076852560043,-0.38677245
agm005026041,KHfNiS3,0.0,0.001369476318359375,0.1081019341945648,-1.5955317999999998
agm003600788,TiNbCu,0.0,0.02019643783569336,0.0095762908458709,-0.09349715
agm005995315,Au(OF2)2,0.388,0.00510406494140625,0.1639810651540756,-1.1331077
agm002159382,SrLi2(MgSi)2,0.0,1.500345230102539,0.0184180326759815,-0.31837732
agm004507112,Ca2Ge4PdPt3,0.0,0.0020656585693359375,0.0029569715261459,-0.7877249
agm003267551,Au(OF3)2,0.191,0.00081634521484375,0.2943567931652069,-1.0936694
agm003229929,Li2CrFeO4,2.3897,0.0005445480346679688,1.9883562326431272,-2.2326872
agm003267953,Cs2TeI6,1.4625,1.7355377674102783,1.646939039230347,-0.8117448700000001
agm003231836,NbF5,4.5626999999999995,21.461517333984375,4.616790294647217,-3.3849916
agm005945187,Li(CaPd)3,0.0,0.0003821849822998047,0.0036270171403884,-0.63420856
agm003275010,Ca4Al6MoO16,3.6973000000000003,8.87912654876709,3.7839877605438232,-3.2933404
agm002366244,Ba2TaVO6,0.8965000000000001,0.07840323448181152,0.535341739654541,-3.223576
agm003210698,KBeAs,1.4929000000000001,0.0016393661499023438,1.0618648529052734,-0.42491964
agm003249811,As2Cl3OF5,3.3021000000000003,7.48325252532959,3.35670804977417,-1.9009306
agm003215634,Na2MoO4,4.3977,7.065145492553711,4.3932695388793945,-2.2068226
agm004594354,Y6Ge2BiTe3,0.0,0.00019663572311401367,0.0790775418281555,-1.2006414
agm005206968,TaBeNbB,0.0,0.0005010366439819336,-0.0083880648016929,-0.55949724
agm002217574,K2CdSe2,1.7523,0.00035881996154785156,1.9232150316238403,-1.0039409
agm002536183,Ca3SnN,0.0,0.021099090576171875,0.0465793013572692,-0.8860604
agm005625281,Na2Pt3O8,0.12150000000000001,2.1005759239196777,0.2224909365177154,-1.2128786
agm002292143,Ti3SnN,0.0,0.0008196830749511719,-0.0009187161922454,-1.0610739
agm003274335,TiCoO3,2.1559,0.003299713134765625,1.8253031969070437,-2.6462437999999997
agm005648651,ZrBeTe,0.0,0.013018995523452759,0.0968072414398193,-0.66094464
agm004581472,Rb2Tl2IrO6,0.0,0.0032732486724853516,0.0894298404455185,-1.3812468
agm003185695,Li3Ag,0.0,0.003001570701599121,0.0041582137346267,-0.14649089
agm005917960,Ca5Zn2Cd,0.0,0.003557443618774414,0.0035442262887954,-0.23348089
agm002232361,KRb2InP2,0.7202000000000001,0.006642341613769531,0.7207398414611816,-0.36502087
agm003161520,ZrAlZn,0.0,0.010037422180175781,0.007441259920597,-0.44619817
agm004555718,KLi2(ZnBi)2,0.0,0.005800604820251465,0.4712101817131042,-0.3364335
agm003215592,Ti5InS8,0.0,0.00028765201568603516,-0.0113026201725006,-1.6807145000000001
agm002342351,LiMgAlAg,0.0,0.019435882568359375,-0.007273256778717,-0.22225304
agm003236656,Co2SiO4,2.3804,0.0005145072937011719,2.4456262588500977,-2.1630645
agm003244528,Cs2Mo3SeO12,2.4914,6.489142417907715,2.2538695335388184,-2.0331218
agm003276730,K2Mo2P2O11,1.9277000000000002,0.000896453857421875,1.56886625289917,-2.4830132
agm006001068,Rh(ClF4)2,0.0,0.0011880993843078613,0.2637977302074432,-1.3927256
agm003202892,VP2,0.1778,2.7372992038726807,-0.0037923753261566,-0.61404693
agm006048743,Ba(IrS2)4,1.0051,7.05718994140625e-05,0.4665312767028808,-1.0740665
agm003223211,K2Sn2Se5,0.8358,2.0434484481811523,0.8159297704696655,-0.7338794
agm002245620,Hf(VGa2)2,0.0,0.0028766989707946777,0.0028507709503173,-0.33819848
agm004739162,CaTl2CdSb2,0.051500000000000004,0.0062222108244895935,0.1027914509177208,-0.35838932
agm005133959,Hf2SnB2Ru5,0.0,0.004220485687255859,0.0064013004302978,-0.62291104
agm002209957,KClF6,3.2589,6.749702453613281,3.6336441040039062,-1.6261643000000001
agm003317714,Ag2P2O7,0.0,0.8371238708496094,0.0047860592603683,-1.8439828
agm003277867,Cu3P8(S2Cl)3,1.792,0.007340908050537109,1.741159200668335,-0.587565
agm003277237,K2Mg2(SO4)3,5.5687,9.218682289123535,5.542466163635254,-2.4976397
agm005242849,Co8RhS8,0.0,0.020029067993164062,-0.0027458667755126,-0.8250054
agm005130264,Ca2TlGe2Rh5,0.0,0.000789642333984375,0.0035734772682189,-0.56487244
agm004928231,Cs2KLaF6,6.2909,6.539787292480469,4.233627796173096,-3.5992100000000002
agm003231474,PAuCl4,2.5674,1.253100872039795,2.475856065750122,-0.9888446
agm002143678,Cs2KInCl6,3.4957000000000003,6.3113484382629395,3.453245162963867,-2.042591
agm003215717,Cs2Au2Se3,1.4463,0.004731178283691406,1.336886286735535,-0.6892754
agm004988521,InPbBr2Cl,2.3581,3.757636070251465,2.4602508544921875,-1.0074024
agm005272058,K2Zn(Si2O5)2,4.2769,0.0036308765411376953,4.1557698249816895,-2.9518329999999997
agm003620715,ZrTi2N,0.0,0.008921265602111816,-0.0201644897460937,-1.0866954
agm006079508,Ca5YTl6,0.0,0.0005066394805908203,-0.0097125619649887,-0.43048736
agm005051574,KRbMnBr4,2.48,0.0029068589210510254,2.204899311065674,-1.3664733
agm001299533,LiScGaPt,0.0,0.011319637298583984,-0.0173339694738388,-0.8463378500000001
agm005284730,Mo(NO4)2,2.7818,5.7863874435424805,2.338146686553955,-1.2552373000000001
agm003207125,K2Ga3,0.3403,0.12223386764526367,0.1756773293018341,-0.16220985000000002
agm002176626,MgO,4.4473,5.615922927856445,4.76674747467041,-3.0587094
agm003238466,Hf6Ni16Ge7,0.0,0.00115203857421875,0.0022948831319808,-0.5893757
agm003250085,Na2(ReSe2)3,1.2487,0.0009286403656005859,1.1557376384735107,-0.6069377
agm005560420,Ca3(GePd)2,0.0,0.0019638538360595703,0.012826070189476,-0.7814455
agm005589462,NaGePd,0.0,0.000896453857421875,0.0885139927268028,-0.3816577
agm002217664,K3TaTe4,1.4022000000000001,4.7728271484375,1.6376991271972656,-0.7744116999999999
agm002375614,MgInRh2,0.0,0.0010557174682617188,-0.0024544149637222,-0.5504797
agm005770250,MnNiTe2,0.0,0.0076236724853515625,-0.0222495794296264,-0.21980254000000002
agm005890927,Cs3AlSe3,2.1854,4.233839988708496,2.1747450828552246,-1.2054422
agm003221072,La4Cu5As8,0.0,0.0006427764892578125,0.0044896006584167,-0.8313594
agm002136433,RbAsSe2,1.6788,3.177947998046875,1.5284600257873535,-0.63016963
agm003236837,RbPPbS4,2.488,4.166820526123047,2.4264144897460938,-1.0704937
agm006113275,Mg5SbRh6,0.0,0.0027723312377929688,0.0046933591365814,-0.59355766
agm003244388,Ca3(GeP2)2,0.732,2.726142406463623,0.923543095588684,-0.7954699
agm004516221,Sr2Sn4Pt3Au,0.0,0.0027074813842773438,0.0142448842525482,-0.7435564
agm003249001,P3Pb5BrO12,3.3726000000000003,4.973898410797119,3.1888723373413086,-2.2462573
agm005909622,Mg12TlPb3,0.0,0.006911754608154297,0.0011268630623817,-0.051845346
agm005133826,Y2B2Ru5W,0.0,0.006192207336425781,-0.0058999210596084,-0.41903007000000003
agm003244068,Y2MoO6,2.2057,9.816048622131348,2.238729476928711,-3.2048602
agm005575031,Sn3Rh2S3,0.37620000000000003,4.8620195388793945,0.0836788117885589,-0.8027333
agm004496948,Cs2Fe3CuF12,0.1376,0.0018172264099121094,0.0604203790426254,-2.7307215
agm003263202,RbAgO2,0.9959,0.01674175262451172,1.038057565689087,-1.0088865
agm006014456,Y4Ga12Ni,0.0,0.02541828155517578,0.0013250112533569,-0.5756008
agm003244978,RbMoIO6,2.5582000000000003,6.24702262878418,2.552091598510742,-1.6738319
agm005008341,YBeRu2C,0.0,0.007898330688476562,0.0096277818083763,-0.35024184
agm005132590,Hf2GaSi2Ru5,0.0,0.006351470947265625,0.0052142292261123,-0.71365464
agm003241297,PW4Cl11,0.5911000000000001,0.0013780593872070312,0.3584414720535278,-1.1903405
agm003232919,Na2GeS3,2.4615,4.152185440063477,2.4962992668151855,-1.1771585
agm005734604,Sc11Tl9Au4,0.0,0.0001392364501953125,0.0003058761358261,-0.4298614
agm003284771,BaTaF7,5.6485,14.089664459228516,5.688412189483643,-3.8865607
agm003629604,La2IrPd,0.0,0.00042700767517089844,0.009831503033638,-0.80879915
agm005611846,La9In3C2,0.0,0.008535981178283691,0.0123298466205596,-0.35563829999999996
agm003210843,AlPd2,0.0,0.005293846130371094,-0.0005773603916168,-0.8194868
agm004924480,Rb2YTlBr6,3.8266999999999998,4.768166542053223,3.434800148010254,-1.6621112
agm003226206,Bi2S3,1.3885,3.258265256881714,1.4283279180526731,-0.74785894
agm001258548,CsGaGe,0.0,0.0011763572692871094,0.1500480473041534,-0.18054105
agm003186963,PIrCl2,2.3016,0.0063533782958984375,0.7120177745819092,-0.95882076
agm003249901,Sr3Li6Nb2O11,3.4384,6.282898902893066,2.9985809326171875,-2.8439193
agm002713244,Nb2ReTc,0.0,0.006381034851074219,0.0041207671165466,-0.31463155
agm002354406,Sc3Pt2Au,0.0,0.004389762878417969,0.0096009746193885,-1.0962247999999999
agm002165041,Zr3InN,0.0,0.0024341344833374023,0.0053693726658821,-0.9840015999999999
agm002237415,Zr(S2Cl3)2,1.3058,2.4128828048706055,1.9557487964630127,-1.4118184999999999
agm005911939,Ba2Na2Tl,0.0,0.005128622055053711,0.0017809048295021,-0.19573288
agm004582528,K2Mn2SbO6,0.0707,0.00032830238342285156,0.1705944836139679,-2.0032215
agm003225832,NbTeI3,0.5227,5.441336154937744,0.3329056203365326,-0.4493531
agm003207148,Cs2TlGaF6,4.8303,0.004933834075927734,4.838024139404297,-2.8807603999999998
agm002181175,LaIn2Ru,0.0,0.00552976131439209,0.0113321095705032,-0.40979928
agm003186536,Re2IrOs,0.0,0.0027904510498046875,0.0013374611735343,-0.19451377
agm002917283,La(CoGe)2,0.0,0.013538837432861328,-0.0069157928228378,-0.5935619999999999
agm003241516,Ba2SnTe5,0.0,2.0750274658203125,0.0322809070348739,-0.9713824400000001
agm003670615,Ti4TlSe8,0.0,0.0016901493072509766,0.0247788727283477,-1.0805415
agm005160759,Ba2InBiTe5,0.774,2.484658718109131,0.9224483966827391,-0.9732573999999999
agm002198400,La(AsRu)2,0.0,0.007564544677734375,0.0093579702079296,-0.78352696
agm003267574,ZrAlNi,0.0,0.0033082962036132812,0.0180373191833496,-0.6448918
agm002327370,Ca2Al3Ir2,0.0,0.0018095970153808594,-0.0046649873256683,-0.7031459
agm005711793,Hf4Co7Si6,0.0,0.015080451965332031,0.0046302378177642,-0.7974921500000001
agm003222376,Nb5Ga13,0.0,0.0012755393981933594,0.0127737820148468,-0.32792652
agm005274136,CsSi2BO6,5.2641,9.089579582214355,5.243654251098633,-3.0601182
agm003265052,Sc2Cd3(GeO4)3,2.3201,0.14259099960327148,2.320824384689331,-2.4186465999999998
agm004764469,Cs2RbReO4,1.7052,0.01673603057861328,2.191108465194702,-1.9747624
agm006011507,Rb(Bi3Ir)4,0.0,0.001115560531616211,0.0332674905657768,-0.08673811000000001
agm003212388,Zr2Pb,0.0,0.0004953145980834961,0.0136246234178543,-0.22891566
agm002363330,Co(OF)2,1.5064000000000002,0.039010047912597656,0.8632270097732544,-1.657643
agm002138712,Rb4BeP2,0.9026000000000001,0.003681182861328125,0.8145051002502441,-0.33612216
agm005626984,Sc2(Ga3Co)3,0.0,0.0025174617767333984,-0.0041876137256622,-0.45996505
agm003194484,CaGa4,0.0,0.013772249221801758,-0.0165375843644142,-0.364201
agm003186569,LaTlPb2,0.0,0.03093123435974121,-0.0037222653627395,-0.430353
agm003485488,Na2NiF6,2.3109,0.0018734931945800781,2.0101871490478516,-2.2671878
agm004770229,Cs2CrCoS4,0.0,0.0008907318115234375,0.2296338975429535,-1.2373308
agm004522991,Y2P4Ir3Ru,0.0,0.002765178680419922,0.0121057219803333,-1.0080554
agm003157764,SrTe,1.7555,5.740592956542969,1.7669395208358765,-1.7473812
agm005279095,Li2Co(SO4)2,2.9805,0.001300811767578125,2.7667946815490723,-2.1587477
agm002202379,La4CCl5,0.0,0.0013954639434814453,-0.0036581605672836,-2.0378118
agm005934274,Zr4AgPd,0.0,0.008502006530761719,0.0102173686027526,-0.2949772
agm005132833,Y2Si2Rh5Pb,0.0,0.005682468414306641,-0.0107195898890495,-0.8703149
agm002248935,Y3Al3Si2Ru,0.0,0.021655142307281494,-0.0002232417464256,-0.7629188
agm005745001,Y2Rh6C,0.0,8.58306884765625e-06,0.0052715167403221,-0.5645491
agm003223100,Ta5Ge3B,0.0,0.0005886554718017578,0.0009977668523788,-0.44900557
agm003244567,K2Ge2S5,2.4362,4.960157871246338,2.268683433532715,-1.1468875
agm005259103,MgZr3Tl10(MoO4)12,3.0212,4.933727264404297,3.251969337463379,-2.1499841
agm002230065,Ba2MnWO6,2.2181,0.002370119094848633,2.3393101692199707,-2.7404406
agm001373062,LiScInAu,0.1628,0.0025615692138671875,0.00057103484869,-0.6005457
agm005875700,Hf4FeBi2,0.0,0.0031241178512573242,0.0027038007974624,-0.2998163
agm003202066,BeCl5,0.0,0.00021076202392578125,1.2925622463226318,-1.0178467
agm005892498,K3TcO3,0.8588,0.0007817745208740234,1.2174320220947266,-1.6618439
agm006091733,Zr(GaCu)6,0.0,0.003571033477783203,0.0212099254131317,-0.25569797
agm005226898,Al2Pb3F12,5.23,6.125157833099365,5.251363277435303,-3.2682366
agm005736009,TcBr3Cl,0.7132000000000001,0.01480865478515625,0.4817473590373993,-0.5616635
agm003263044,Ca2IN,2.3472,3.536466121673584,2.39538049697876,-1.2636364
agm003579463,Y(TlBr2)3,3.4519,4.292222023010254,3.0105466842651367,-1.2865915
agm002224433,Zr2AuN,0.0,0.0013360977172851562,-0.0114516913890838,-1.2661307
agm005071272,CsAgIrF6,0.0,0.0007419586181640625,0.0413804352283477,-2.0637836
agm003232213,Y4CdNi,0.0211,0.007054805755615234,-0.004937820136547,-0.30123693
agm002259830,Ca2SnPd3,0.0,0.002048969268798828,-0.0004401504993438,-0.7851699600000001
agm003210787,YAsSe,0.5474,0.002394437789916992,0.0719640925526619,-1.4467974
agm003282587,KNaLi2(SO4)2,5.384,7.4628705978393555,5.275547981262207,-2.385066
agm003521585,Ba(AuCl4)2,1.425,1.5079388618469238,1.7982503175735474,-1.3237344
agm003194355,Al3Ni2,0.0,0.0014405250549316406,0.006080612540245,-0.61281896
agm006045622,K6MgTe4,1.951,3.692228317260742,1.894612431526184,-1.054895
agm005912346,Zr2TiCo2,0.0,0.003009319305419922,0.0175698548555374,-0.32950209999999996
agm003248855,LiZnAsO4,2.9413,0.005065441131591797,3.1149871349334717,-1.9987537999999998
agm003232726,PAuClF3,3.5482,0.21999263763427734,3.2713398933410645,-2.0463881
agm005285328,Sr4Fe3MoO12,0.0228,0.00859379768371582,0.1748061180114746,-2.523145
agm005599398,BaSbPd2,0.0,0.006969451904296875,-0.0126716792583465,-0.7440736
agm003278898,Na6V2C4SO16,2.7402,0.0013387799263000488,2.360659122467041,-2.132536
agm004769880,Cs2MnNiS4,0.0,0.0032646656036376953,0.5211304426193237,-1.1744392
agm003535068,BaBi2F8,4.4132,4.975034713745117,5.03487491607666,-3.2012506
agm004463382,MnSe,0.0048000000000000004,0.00142669677734375,-0.0212770327925682,-0.41025249999999996
agm003204075,TlPb5,0.0,0.0030279159545898438,0.000928983092308,-0.01175987
agm003186728,Ba2BrN,1.1344,1.4261412620544434,1.1477230787277222,-1.2725277
agm004577132,Cs2Pd(CO3)2,0.7906000000000001,0.0003057122230529785,1.827661395072937,-1.7926782
agm005858986,Ba4TlCd,0.0,0.002956092357635498,-0.0036312937736511,-0.2738567
agm005648689,CsAsS2,1.9017,3.9377753734588623,2.098724842071533,-1.0061653
agm002386686,Y2PtN2,0.0,0.0012946128845214844,0.0400680899620056,-1.5651570000000001
agm002289852,MnNb2Fe3,0.0,0.0024852752685546875,0.0164552181959152,-0.15023287
agm005143375,Ta2Be2AlCo5,0.0,0.012083053588867188,-0.0043276846408843,-0.38922977000000003
agm002138318,BaBiAu,0.4305,0.0030634403228759766,-0.0248095244169235,-0.7963686
agm002138677,NaBeP,1.4374,2.5482141971588135,1.0935392379760742,-0.46181044
agm004595887,Li3Ni2RhO6,0.0,0.00047016143798828125,0.0078102052211761,-1.512654
agm002189647,SrSn2Ir,0.0,0.0067272186279296875,0.0049786865711212,-0.552346
agm001613163,Y2CoCuC,0.0,0.008303642272949219,0.0072636008262634,-0.32452232000000003
agm002694399,LiSnRh2,0.0,0.010410785675048828,0.005774974822998,-0.57130104
agm002166003,NaMgP,1.5794000000000001,2.5592048168182373,1.3485846519470217,-0.6176537999999999
agm003207357,Cs2AlAgF6,3.4651,0.028556346893310547,3.3837344646453857,-3.0615265
agm002270159,Rb2NbF6,0.2147,0.007324934005737305,0.2041493356227874,-3.26067
agm003232814,Li2TeS3,1.5186000000000002,2.8273582458496094,1.0116132497787476,-1.0114201
agm003243289,FeSCl7,1.3602,0.0003591775894165039,1.291015625,-0.9984010999999999
agm003283134,ScMnSi2,0.0,0.0012257099151611328,0.0245013386011123,-0.6518887
agm002156703,Li2PtPb,0.0,0.013869285583496094,0.0027393773198127,-0.46850666
agm005780160,La7OsCl12,0.0,0.0023999810218811035,0.6232483386993408,-2.3404856
agm005921294,Ga4RuRh3,0.0,0.0021839141845703125,-0.0083470866084098,-0.6265255
agm002143292,K2NiCl6,0.577,0.002321004867553711,1.2911657094955444,-1.5237682000000001
agm003207063,Ta3Ga2,0.0,0.0033860206604003906,0.0060322508215904,-0.28125754000000003
agm005613313,MgInIr,0.0,0.017292499542236328,-0.0034313648939132,-0.30743876000000003
agm005100326,VCrInCl6,0.21080000000000002,5.074849605560303,1.0375336408615112,-1.4789854
agm003189739,AlCrRu2,0.0,0.001873016357421875,-0.0092686116695404,-0.36314812
agm005209011,CaNiGeN,0.0,0.002750396728515625,0.3652323782444,-0.74100065
agm002187484,Fe2CoSi,0.0,0.022691726684570312,0.0089831054210662,-0.360066
agm006014533,Y4Ga12Os,0.0,0.015974044799804688,-0.0088117122650146,-0.5422518
agm002057448,TaCoIr,0.0,0.0393218994140625,-0.0192753449082374,-0.46997613
agm002389698,NaAuF6,2.0687,0.004310131072998047,2.104269504547119,-1.7805054
agm004530488,Ba2AgSb4Pd3,0.0,0.005396842956542969,0.0045457780361175,-0.7279797
agm005574967,Li3In3Rh2,0.0,0.01051783561706543,0.0153410881757736,-0.41169378
agm001171134,HfBe4Os,1.03,0.012380838394165039,0.0212101005017757,-0.49280816
agm003234282,Ba6Ge5N2,0.0,0.007420539855957031,0.0196075439453125,-0.64860934
agm003237285,La(ZnAs)3,0.1893,0.03378438949584961,0.095753289759159,-0.5845372999999999
agm003249816,Al2Te2Cl7,1.4381,1.410017967224121,1.4985222816467283,-1.5685872
agm005071000,CsVCdF6,2.2357,0.0016245841979980469,2.1472325325012207,-2.997656
agm003211800,MgSn4Ru,0.0,0.0038827024400234222,-0.0026972293853759,-0.21120824
agm001366542,MgScZnAu,0.0,0.0001811981201171875,-0.0009796172380447,-0.55149573
agm003153283,LaZnIn,0.0,0.01190185546875,0.0031932927668094,-0.46701828
agm003222604,BaP2,0.5569000000000001,3.3829736709594727,0.0694213807582855,-0.8042786
agm005885494,Li2CoF5,1.6898,0.00811147689819336,1.5828311443328855,-2.7144537
agm003232206,AlInBr4,3.5909,4.66507625579834,3.296454906463623,-1.0095396
agm005857303,La(TePd2)2,0.0,0.010290145874023438,0.0033536851406097,-0.74924606
agm003237481,Na3MoN3,1.4589,2.906148910522461,1.587892770767212,-0.55403745
agm005026467,KZrNiTe3,0.0,0.0023987293243408203,0.1312471479177475,-0.78663456
agm003277086,K4SnO3,2.109,0.006514549255371094,2.099820137023926,-1.6006456999999998
agm003733886,NaIBr4,1.8431000000000002,3.331583023071289,2.1165571212768555,-0.54003596
agm005054354,KCaPS4,2.6497,5.666249752044678,2.535451889038086,-1.5164933999999999
agm006083412,BaNa5I7,2.8799,5.334298133850098,3.3724617958068848,-1.3921421999999999
agm004755075,Na2As2RuRh,0.0,0.004183053970336914,0.1062574535608291,-0.49685579999999996
agm003274506,Sr(RuO3)2,0.023700000000000002,0.02218914031982422,0.1884025335311889,-1.8926002
agm002134347,KAl9Co2,0.0,0.016520828008651733,0.036665916442871,-0.30802572
agm005132563,Nb2SiB2Ru5,0.0,0.004181861877441406,-0.0083579495549201,-0.5989879
agm005185416,LiGaNiRh,0.0,0.02286243438720703,0.002392292022705,-0.47206163
agm004820288,K2ZrSnTe4,0.0,1.2380435466766357,0.40468630194664,-0.8398106999999999
agm003216068,TaNiTe5,0.0,0.0005002021789550781,0.0074841082096099,-0.28920904000000003
agm002329558,ScAlNi,0.0,0.004934787750244141,0.0038186460733413,-0.6425211
agm002248464,Y(AlAu)2,0.0,0.0009069442749023438,0.0158411562442779,-0.7225115
agm005720112,BaGeN2,1.6218,0.005290508270263672,1.8190840482711792,-0.6338744
agm005958429,Ca(ClO)2,1.9163000000000001,0.00037097930908203125,1.6420118808746338,-1.9435932999999999
agm003608518,HfAlMo,0.0,0.0038508176803588867,0.0097667761147022,-0.3380877
agm005072330,TlCrFeF6,2.5787,0.0044422149658203125,2.573744297027588,-2.7510273
agm005130203,Sc2Be2GeIr5,0.0,0.0057811737060546875,0.0098300203680992,-0.8008434
agm002190316,Cs2Te4Pt3,1.0763,0.0013017654418945312,0.8768326044082642,-0.6554724
agm002137009,La(BIr)2,0.0,0.01429128646850586,-0.0008212476968765,-0.74827474
agm003236686,Cs2MoO4,4.5486,5.647327899932861,4.183783531188965,-2.2708287
agm001836532,VGaTc,0.0,0.005431413650512695,-0.0092362985014915,-0.3142529
agm002958601,Ta2CrB2,0.0,0.006167173385620117,0.0338702276349067,-0.70821303
agm003247908,Nb3Cl7,1.02,0.0003714561462402344,0.7993957996368408,-1.6731544
agm002185191,Rb3AuSe2,1.9444,0.006131498143076897,1.7105447053909302,-0.97115123
agm003435745,Ti3Mn2Cu,0.0,0.0028276443481445312,-0.0005968213081359,-0.22046107
agm002192605,YI3,3.0061,10.063923835754395,3.0403499603271484,-1.4173166
agm005070129,RbYMgBr6,4.2173,6.356686592102051,3.953503847122192,-1.7383863
agm001012008,LaHfPt,0.0,0.015382051467895508,-0.003230758011341,-0.8623826
agm005897590,La5Bi2Ir,0.0,0.0037233829498291016,0.0090154111385345,-0.8266064
agm003210897,LaGaPt,0.0,0.0013060569763183594,-0.0026937834918498,-1.057638
agm002329285,YAlFe2,0.0,0.0022776126861572266,0.0093893334269523,-0.2896201
agm002384397,YZrSn,0.0,0.002020806074142456,0.0088695958256721,-0.62595016
agm002158672,LiInPd2,0.0,0.013594627380371094,0.0103266201913356,-0.6006798999999999
agm003154782,AlTcGe,0.3658,0.009733915328979492,0.0042198002338409,-0.43876395
agm003247978,RbNa2Si17,0.0,1.8358230590820312e-05,0.0839280188083648,-0.041042693000000005
agm003220487,Sc3Co,0.0,0.006235837936401367,-0.0036464929580688,-0.23440471000000002
agm005764181,Ca2Ga3Pt,0.0,0.0012989640235900879,9.493529796600342e-05,-0.7264579
agm005171094,CsKAg2Cl5,0.0,0.005025386810302734,0.1424149423837661,-1.4789771
agm005904698,Rb2PtI4,1.4262000000000001,0.0022190213203430176,1.3517768383026123,-0.92283297
agm006133459,Sc5ZnIr6,0.0,0.0008759498596191406,0.0081770122051239,-0.88949305
agm005952119,BaAs3Pd5,0.0,0.0007166862487792969,-0.0097491145133972,-0.62371874
agm003437622,Zr3Tc2Ag,0.0,0.0028667449951171875,0.0093538165092468,-0.30616587
agm003250697,SrNb8O14,0.2898,0.006194591522216797,0.37614706158638,-2.8675046
agm003239981,Fe2TeO5,1.9394,0.21611976623535156,1.9305517673492432,-1.7229164
agm005736599,LaPPt3,0.0,0.006520271301269531,0.00396528840065,-1.033037
agm002362232,Cs2CuF5,0.0,0.0014481544494628906,0.3083517551422119,-2.4571106
agm003276145,Sc2Se3O10,3.5604,8.054327964782715,3.473168134689331,-2.165159
agm003644267,Al4ZnNi5,0.0,0.001438140869140625,0.0147629827260971,-0.5766517
agm005745722,ZrPN3,2.0409,5.98527193069458,1.478559494018555,-1.1787031
agm002176186,Fe2Cl2O,2.4337,1.5735647678375244,1.4501700401306152,-1.5153227
agm003226786,Li5ReN4,2.8457,5.698854446411133,2.8888208866119385,-0.81259006
agm003637210,CsTlPt2,0.2775,0.0009946823120117188,0.1909374594688415,-0.19830099
agm005766862,RbFeF5,0.6496000000000001,0.0008842945098876953,1.3595691919326782,-2.5995047
agm003217190,Ba3Ta2CoO9,2.0996,0.0016541481018066406,2.0878093242645264,-3.1754189
agm005130378,Ca2Ge2Rh5Pb,0.0,0.0015568733215332031,0.0041860863566398,-0.60270786
agm003237463,La(Sn2Rh)2,0.0,0.001150369644165039,0.0114353001117706,-0.668144
agm003530083,Sc8TcAg2,0.0,0.00016009807586669922,0.0218078978359699,-0.17858036
agm005880755,Rb3ScO3,2.5815,0.001373291015625,2.471830368041992,-2.3016598
agm002220219,Ca2MgNi2,0.0,0.00503087043762207,0.0033172070980072,-0.16453464
agm003231650,Na2TeO3,3.3346,4.461426734924316,3.263033628463745,-1.8565984
agm005814784,Y6Tl2Tc,0.0,0.0012090206146240234,-0.0032505989074707,-0.24908905
agm002228653,RbNaCoO3,0.5078,0.0017372369766235352,0.5799399614334106,-1.5382345
agm004571357,Rb2Pd(CO3)2,0.7901,0.0014919638633728027,1.571101427078247,-1.7921676999999998
agm003274515,SrTiFeBiO6,2.379,0.0010301768779754639,1.755337119102478,-2.6478662
agm002306991,HfInPd2,0.0,0.003287792205810547,0.0121497362852096,-0.6838671
agm002174592,Ba2CaSeO6,2.0237,0.000125885009765625,2.4243948459625244,-2.5533757
agm002314345,Sc2TlCd,0.0,0.0026102066040039062,0.0007300972938537,-0.29107413
agm005224472,Rb2TiV3(PO6)3,2.2324,7.19563627243042,2.1737513542175293,-2.6939185
agm002283541,Rb2LiScCl6,3.75,7.52774715423584,3.5410189628601074,-2.3910768
agm003211356,SrWO4,4.6625,9.715414047241211,4.701838493347168,-2.7367463
agm002136212,BaAsIr,0.0,0.0019202232360839844,-0.0063160061836242,-0.7602631400000001
agm003151996,YCdIn,0.0,0.006251811981201172,-0.0017327219247817,-0.43914008
agm003217283,Mg4Sn6Pt5,0.0,0.0002677440643310547,0.0122414305806159,-0.67151284
agm005795277,VInF4,1.4824,0.0038388967514038086,1.7424139976501465,-2.8038352
agm006089099,Rb3AgGe4,1.1174,0.001399219036102295,0.8031196594238281,-0.19765858
agm002365607,Na3Ni2BiO6,1.1541000000000001,0.00030684471130371094,1.2834596633911133,-1.4857537
agm002141131,CaBi2,0.0,0.005311012268066406,0.0041756331920623,-0.53982234
agm003202094,CrTeIr,0.0,0.00103759765625,0.0554951950907707,-0.25542778
agm003248907,Ca5As3ClO12,3.2724,7.353084564208984,3.638397693634033,-2.7463207
agm005816206,Hf2Be16Ni,0.0,0.012409567832946777,-0.0060397312045097,-0.28126639999999997
agm005089999,RbScVCl6,1.0499,0.003974556922912598,1.233934998512268,-2.1837828
agm002269452,BaAuF6,0.3289,0.018833637237548828,2.2081665992736816,-2.4141557
agm003226935,K3B6BrO10,5.1848,7.040168285369873,5.040896892547607,-2.7133424
agm004542490,Ba2Ca2Sb2S,0.5714,2.2264983654022217,0.9954429864883424,-1.4673277
agm002171644,KTaO3,2.0943,0.000530242919921875,2.208517074584961,-3.0836885
agm003245674,CuAg2(PO3)4,0.3966,0.0010747909545898438,0.5945303440093994,-2.0914688
agm002163171,Ge2N2O,2.6228,6.687712669372559,2.624016523361206,-0.8306495500000001
agm001417359,InBi,0.0,0.03194427490234375,0.0056031346321105,-0.00379388
agm002248799,Sc3Al3Ge2Ir,0.0,0.012819349765777588,-0.0102788284420967,-0.8802532999999999
agm005895712,La3AsCl3,0.0,0.0383182168006897,0.1254045963287353,-2.1466742
agm004556169,Sr2Fe2Ge2N,0.0,0.0008568763732910156,0.0316000282764434,-0.56753194
agm004541195,Cs2Ca(BrCl)2,4.6582,6.24547004699707,4.551861763000488,-2.254496
agm003227408,Li8Bi2PdO10,0.8791,0.000792086124420166,0.7504119873046875,-1.8423117
agm003215837,SrLaB12,0.0,0.0008859634399414062,0.1231289207935333,-0.5111436
agm005260256,NaMoPO6,2.7571,7.224886894226074,2.722912549972534,-2.388097
agm003501609,Sc6TcBi2,0.0,0.004973664879798889,-6.378814578056335e-05,-0.4868287
agm002316253,Sr(SiOs)2,0.0,0.0005397796630859375,0.0549628436565399,-0.51391244
agm002317746,ScSiPd,0.0,0.008007526397705078,0.001484602689743,-0.9805822999999999
agm005810088,Zr2BeRh6,0.0,0.00223541259765625,-0.0047219507396221,-0.6975973999999999
agm004683811,K3Tl3PbO8,0.9576,1.1472182273864746,0.8285846710205078,-1.4097475
agm006034557,Ca3CrN4,1.3993,1.2856712341308594,1.4758594036102295,-1.1345834
agm002052449,CaSb,0.14830000000000002,0.04169034957885742,-0.042921133339405,-0.91924846
agm003234262,Nb4CoSe8,0.0,0.0046825408935546875,0.0857277065515518,-0.8050109
agm001121857,V2TcRu,0.0,0.0015187263488769531,-0.0054723769426345,-0.32857195
agm003232263,Na3Sc(BO3)2,3.5404999999999998,5.824308395385742,3.6952078342437744,-2.8188357
agm005587919,V6C2N,0.0,0.01173543930053711,0.0003985166549682,-0.68762225
agm002283699,LiMgAlAu,0.0,0.012871146202087402,-0.0076982378959655,-0.48754525
agm004813608,Cs4AgAuBr2,1.7753,0.0014740228652954102,2.0761590003967285,-0.98931664
agm002236308,La2Ru,0.0,0.002825826406478882,0.0097449794411659,-0.28180897
agm003186646,Sc2ZnOs,0.0,0.011282920837402344,0.0082472264766693,-0.46477389999999996
agm003268086,Cs2WCl6,0.0,0.012032747268676758,-0.0002397298812866,-1.8127023
agm002230878,KGa(SeO4)2,2.6058,7.799680709838867,3.0300018787384033,-1.561272
agm004705391,Rb4NaZn3F12,0.0,0.007981300354003906,4.336474418640137,-2.7652514
agm005286487,SrZr12B2I5Cl23,1.2008,0.0013339519500732422,1.1381393671035769,-1.9845407
agm006020527,Mn8TcMo3,0.0,0.011782646179199219,0.001292735338211,-0.077023715
agm003315601,Y5(SnBi)2,0.0,0.010081589221954346,0.0080456994473934,-0.8373705
agm002261116,Ca(ZnSb)2,0.0,0.007102012634277344,0.0663041546940803,-0.44638208
agm005998289,La5Sn2Pt,0.0,0.0027875006198883057,0.011853490024805,-0.80327654
agm003211807,Nb3Ag2TeS6,0.0,0.001415252685546875,0.0948817357420921,-1.1532563
agm002159028,CsLiSe,2.3565,2.274562358856201,2.3403024673461914,-1.1810789
agm006100035,ZnGa5Rh6,0.0,0.008080482482910156,0.0049035660922527,-0.683808
agm005672866,Sc(S3F)2,0.0,0.02004098892211914,1.3375396728515625,-1.6724248
agm003239564,K4Ba(VS4)2,1.5857999999999999,5.4446702003479,1.544890284538269,-1.6310931
agm005774581,MgTa2Ru3,0.0,0.013245582580566406,-0.0099036693572998,-0.4331459
agm005688280,La3Al3Au8,0.0,0.0006628036499023438,-0.0047376304864883,-0.7376642999999999
agm003219579,Y3Ru,0.0,0.0026341676712036133,0.0053764171898365,-0.3061812
agm005593512,LiCaSn,0.0,0.0008282661437988281,-0.0015716254711151,-0.5666405
agm004746247,BaFe2GeN2,0.0,0.0018267631530761719,0.0586460977792739,-0.48891866
agm003228936,Ba(AuF4)2,2.3198,0.034689903259277344,2.5257978439331055,-2.2231982
agm005541921,Nb2Ir,0.0,0.00441741943359375,0.0089078247547149,-0.46752387
agm003282765,Li4NbIn3(PO4)6,2.737,5.582788467407227,2.7064359188079834,-2.6596235999999998
agm003605733,LiMnAs,0.0,0.0006296634674072266,-0.0044797137379646,-0.46335456
agm006005529,Y4Ir2Rh,0.0,0.002660036087036133,0.008863553404808,-0.80549127
agm002228513,Cs3Mo(OF)3,3.9167,6.59492826461792,3.705044031143189,-2.6370568
agm003207096,Cs2KGaF6,6.0621,6.4849853515625e-05,6.0902862548828125,-3.1038244
agm002170386,K5CuSO2,1.1869,0.004962325096130371,1.5042691230773926,-1.3031201000000001
agm005090491,NaLiZrCl6,3.5971,8.042917251586914,3.6814217567443848,-2.2091155
agm005554783,Sr2Cd2Sb3,0.14020000000000002,0.00028252601623535156,0.4383351802825928,-0.6529098999999999
agm003241358,Ba3NbAs3O,1.0711,4.338608264923096,1.0851480960845947,-1.523979
agm004523028,La2Ga4Ni3Ru,0.0,0.0028967857360839844,-0.0190144702792167,-0.55032134
agm002228012,CsCoO2,1.3648,0.0005764961242675781,0.3912926018238067,-1.5345128
agm003210850,AlPt2,0.0,0.006070137023925781,0.0058901719748973,-0.87151694
agm003251539,Cs3AlAs2,0.7523000000000001,0.000629425048828125,0.7646052837371826,-0.5115872
agm004667343,Sr3Ca(ReN3)2,1.7098,0.3521665334701538,0.7675987482070923,-0.9280467
agm003211778,KRuO4,0.0,0.0011124610900878906,0.0031066685914993,-1.5835121
agm003232587,Y8In3Co,0.0097,0.003465767949819565,-5.182996392250061e-05,-0.37459913
agm005194197,MgZrTlCd,0.0,0.0030722618103027344,0.0096164792776107,-0.12781984
agm003240999,RbReN2,0.0,0.002964019775390625,0.1074183136224746,-0.38245799999999996
agm001619983,LiSc2TlO,0.0,0.007867515087127686,0.054928034543991,-1.540299
agm005544924,IrS4,0.0,0.0037431716918945312,0.1523433923721313,-0.72009903
agm003762914,RbNbBr6,1.3074,6.376964092254639,0.9082520008087158,-1.0806394
agm002266551,Cs2Bi2Pt,0.5042,0.0019114501774311066,0.3019305467605591,-0.37979716
agm001030191,FePSe,0.8252,0.0025129318237304688,0.6694151163101196,-0.47312849999999995
agm005763214,KLaB12,0.1361,2.5564966201782227,-0.0578554570674896,-0.36602652
agm003060598,CsBaBi,0.6799000000000001,1.351811408996582,0.2501286566257477,-0.7057802999999999
agm004559082,Rb2Sr(SnSe2)2,0.8031,2.3365161418914795,0.9654558897018432,-1.0721742
agm003263415,Nb3Rh,0.0,0.010882377624511719,0.0109324753284454,-0.27915964
agm002225734,NbMo3,0.0,0.000904083251953125,-0.0061643868684768,-0.10494627000000001
agm005622972,Cs2K3Au4,0.0,0.001547098159790039,0.2618047595024109,-0.3148007
agm005729777,CsMoF4,3.4974,7.748603820800781e-06,3.1638026237487793,-2.9724803
agm004677213,Na2Tl3VF9,1.5537,0.0043103694915771484,1.5153193473815918,-2.6730068
agm005661245,ZrSiTc,0.0,0.0020089149475097656,0.0039456561207771,-0.8787102999999999
agm003232923,Y3NiGe2,0.0,0.0008246898651123047,-0.0003525242209434,-0.8141655999999999
agm003290213,Sc3Pd4,0.0,0.0018734931945800781,0.0030022598803043,-0.90375805
agm003276010,La3As2BrO7,3.1042,6.430556297302246,2.590475082397461,-2.9933300000000003
agm002268091,La(GaCu)2,0.0,0.0024356842041015625,-0.0095807313919067,-0.44703984
agm002293466,NaIrSe2,0.8153,6.532669067382812e-05,0.8271012306213379,-0.60538715
agm001354169,CaLaAgPb,0.0,0.08122086524963379,-0.0036264657974243,-0.49594802
agm003206642,Bi(SbTe2)3,0.2832,0.0021207332611083984,0.2296697050333023,-0.15737912
agm002158675,LiPd2Pb,0.0,0.017253398895263672,0.0012977868318557,-0.41866693
agm001361710,MgGaIrRh,0.0,0.02268075942993164,-0.0052633360028266,-0.58070844
agm006134162,Be5FeRh6,0.0,0.0018873214721679688,0.0003439486026763,-0.5229906400000001
agm004877741,MgPb(SO4)2,4.5429,5.379520416259766,4.440521240234375,-2.2883775
agm005623103,Y7Sn3C2,0.0,0.0033309459686279297,0.004301980137825,-0.6851719
agm003214069,LiVFeO4,2.2387,0.0013051033020019531,2.263791799545288,-2.2689936
agm005016773,LiLaAlGe2,0.0,0.021735668182373047,0.0207488238811492,-0.5893832
agm003222542,K2Ti(CuS2)2,1.7168,0.0006687641143798828,1.4448630809783936,-1.3575435
agm003223190,TaTlWO6,3.3505000000000003,5.388272285461426,2.436329126358032,-2.5152702
agm002961944,Ti2Be2Pd,0.0,0.005438566207885742,0.0006714761257171,-0.37541739999999996
agm005918693,Ba(ScSe2)2,0.9577,5.123374938964844,0.6974252462387085,-1.8313986
agm005226161,Na5InTe4,1.2665,3.233246326446533,1.2571144104003906,-0.8092588
agm003226496,La5Al2Ru3,0.0,0.0009417533874511719,0.0011973716318607,-0.45915259999999997
agm005598846,Zr6C3O2,0.0,0.005750894546508789,0.0146709904074668,-1.6169771
agm001074664,Cs2CdF4,4.0661,5.364418029785156e-05,3.728180408477783,-2.7952507
agm002179227,Zr2BiP,0.0,0.0038411617279052734,0.0119080618023872,-0.97392595
agm003241220,SbAsPCl13,1.9068,6.941699981689453,1.866163730621338,-1.1742378
agm004509079,La2CuNi3Ge4,0.0,0.0013308525085449219,0.007035344839096,-0.6683163999999999
agm002225567,NaGeCl3,3.6984,6.060305118560791,3.5163888931274414,-1.5712849
agm003272784,Sc2Te,0.0,0.0019376277923583984,0.0214363187551498,-0.8215047999999999
agm004718314,Y8Te4P3S,0.0,0.010303497314453125,0.0080831199884414,-1.6465716000000001
agm002176826,CuBiSO,0.5708,0.014588356018066406,0.7948724031448364,-1.0255738
agm003223034,Cs2Cd3Te4,1.5495999999999999,0.003331422805786133,1.5750677585601809,-0.7304617
agm005273800,RbNa7(CoO3)2,0.999,0.0006943941116333008,1.0257885456085205,-1.4949046
agm003476903,MnTl2F5,1.1155,0.010919332504272461,1.0996606349945068,-2.4529488
agm005824469,Ta2TiGe6,0.0,0.0015796944499015808,0.0018377155065536,-0.30481939999999996
agm005959714,Sc3IrI3,0.0,0.0014168024063110352,0.0589677393436431,-1.0496534
agm001291058,TiSiOsRu,0.0,3.337860107421875e-06,-0.0016874521970748,-0.7526706
agm006104921,Cs12RbAu6,0.0,0.009290322661399841,0.2455261945724487,-0.22478367
agm004535783,La2Al4PdAu3,0.0,0.004216670989990234,0.004500962793827,-0.79800075
agm005550674,Y2Mn2C3,0.0,0.001271963119506836,0.0033232495188713,-0.31628397
agm005234108,Ba3Sc(BO3)3,3.4752,6.246953964233398,3.4309301376342773,-3.283478
agm006034417,Li(PtO2)3,0.0,0.0027637481689453125,0.2562536895275116,-1.1499617
agm002327783,MnAlCoPt,0.0,0.023598670959472656,0.0096674561500549,-0.5472184999999999
agm003267850,NiMoP,0.0,0.011164665222167969,0.0095637589693069,-0.56285995
agm005059054,NaGeRhO4,1.5831,0.025442123413085938,0.8511989116668701,-1.7935348
agm003186227,AlSiRu2,0.0,0.010914802551269531,0.0001359730958938,-0.71527517
agm003034393,AlAuSe2,2.8976,0.0007348060607910156,1.6735018491744995,-0.5780780999999999
agm002243962,SrSn3Pd,0.0,0.01254880428314209,0.0069482177495956,-0.57773244
agm005941935,Cs2MoF5,3.3331,0.031379520893096924,4.022721767425537,-2.9993868
agm003250032,Cs5As(PSe3)4,1.5158,0.0034942626953125,1.5007901191711426,-0.64503336
agm005866846,LiAl3Ir,0.0,0.0020294189453125,0.0221600048243999,-0.62590885
agm003160463,Tl2Se,0.0,0.5377078056335449,0.0264151543378829,-0.37292582
agm002133595,LaAl2Rh,0.0,0.002818465232849121,0.0072630420327186,-0.7959447
agm002235131,RbTl3,0.0,0.007231235504150391,-0.0034430846571922,-0.08341466
agm005702919,SrMg3Ag2,0.0,0.0004992485046386719,0.0127385705709457,-0.23529035
agm004602165,CaY2Zr3N6,0.0,0.00019621849060058594,0.0901217609643936,-1.8353497
agm005685558,Na2TlPd3,0.0,0.006805419921875,0.0192138478159904,-0.25009707000000003
agm002257393,Ca(BeN)2,2.4612,4.3996357917785645,1.808894157409668,-1.263964
agm003212116,HfTlCuS3,0.8065,0.0004525184631347656,0.8213449716567993,-1.3338242
agm003226856,Cs2Li3GaO4,3.6693,0.8984193801879883,3.699049949645996,-2.0132093
agm006049671,Zr4TlTe8,0.0,0.0036215782165527344,0.0333610028028488,-0.83801013
agm005020104,LaGa2RuRh,0.0,0.015305280685424805,-0.0178346335887908,-0.66243345
agm002342857,LiSiIr2,0.0,0.012562751770019531,-0.0038173347711563,-0.6824309
agm002328648,Sc3Al3Si2Ru,0.0,0.021851301193237305,0.0016610398888587,-0.7688163
agm003263587,Na3Sb,0.39830000000000004,1.3450117111206055,0.3775335848331451,-0.43350244
agm005753874,SrNiF5,2.0206,0.0009002685546875,1.6022710800170898,-2.8469508
agm003231566,FeSO4,4.1796,1.5908169746398926,4.3436479568481445,-2.0353782
agm003212206,Al2Ir,0.0,0.0222017765045166,0.0690630748867988,-0.78558326
agm003213429,Ta6Fe7,0.0,0.0024619102478027344,0.0208573639392852,-0.21202205000000002
agm003207171,Rb2GaAgF6,2.4077,0.0016512870788574219,2.4310226440429688,-2.7169282
agm005966505,Ta2GeRh5,0.0,0.0014495849609375,0.0121005922555923,-0.59284055
agm003223882,SrTl2(PO3)4,4.4033,5.1447858810424805,4.208137512207031,-2.6205373
agm003238430,Zr6Co16Ge7,0.0,0.0018482208251953125,0.0041471309959888,-0.47101504
agm003244418,Na3LiTi2F12,4.749,10.969380378723145,4.656984329223633,-3.5265417
agm003670621,Ti4TlS8,0.0,0.0004996061325073242,0.0312466993927955,-1.6620651
agm003486404,Na2NiCl6,0.876,0.013190865516662598,1.8409504890441897,-1.3957521
agm001312033,HfScIrRu,0.0,0.02306079864501953,-0.0016451328992843,-0.9241701999999999
agm005276196,RbMnVO4,2.7406,0.002256631851196289,2.7274627685546875,-2.3464034
agm001378253,LiZrAlIr,0.0,0.020932435989379883,0.0099659860134124,-0.7213168999999999
agm005021875,LiLaAlGa2,0.0,0.0005986690521240234,0.0224944204092025,-0.5254911999999999
agm005250868,La2Au5F21,1.6720000000000002,0.004878997802734375,1.552295446395874,-2.2776744
agm003289964,Li4Au3,0.0,0.0015869140625,0.0028340816497802,-0.5152353
agm002165675,NaPbAu,0.0,0.004373431205749512,0.0019977390766143,-0.26234287
agm003216324,Zn(CrSe2)2,0.0845,0.0021190643310546875,0.0411879122257232,-0.5917627
agm005730802,KBrF6,4.066,4.316659927368164,2.95729398727417,-1.8638477
agm003249740,Sr2P2O7,5.125,9.005026817321777,5.161556243896484,-3.240248
agm003628121,SrLiSi2,0.0,0.019298553466796875,0.0471133589744567,-0.41395533
agm005228863,Li2Ti(IO3)6,2.7494,7.2645416259765625,2.8598318099975586,-1.3044448
agm006075606,Y4CdS2,0.0,0.00035834312438964844,0.0420398414134979,-1.4598029
agm005912303,Ca5Si2Sn,0.0,0.0057833194732666016,0.0298906415700912,-0.5913824999999999
agm003227706,KHfPCO7,4.9054,7.7424798011779785,4.786331653594971,-2.8460162
agm003200990,InNi,0.0,0.002273082733154297,0.0066853761672973,-0.18135604
agm003157835,AlB2,0.0,0.010094642639160156,0.0016190707683563,-0.052751977000000005
agm003211130,BaIn4Ir,0.0,0.0035685300827026367,0.0132895819842815,-0.348337
agm003242818,K8Zr6BeBr20,0.8797,0.002943277359008789,0.6579822301864624,-1.5095475
agm002225524,NaZrTe2,0.0,0.002028435468673706,0.0251446962356567,-0.9259873
agm005113919,Sc2PbS,0.0,0.005372524261474609,-0.0038969926536083,-1.3205482
agm002276063,ZrGaRh2,0.0,0.03425455093383789,-0.0001584067940711,-0.8693056
agm003225975,SbAsO3,3.5489,5.17484188079834,3.5664355754852295,-1.7020466
agm003720614,CsBeCl3,5.5502,7.02628231048584,5.527641296386719,-2.0813012
agm002172344,BaSnO3,0.3685,2.76094388961792,0.3961416184902191,-2.5893034999999998
agm006049571,Na(HfTe2)4,0.0,0.00400833785533905,0.0773234218358993,-0.8553486
agm003239449,Mg4Ta2O9,4.2286,7.640671730041504,4.213026523590088,-3.254188
agm003222797,KLi3PbO4,1.521,2.7223215103149414,1.7171423435211182,-1.8482591
agm003237581,La3PI3,0.0,0.00957953929901123,0.0075717121362686,-1.4883136
agm006122086,Sc6Se5S,0.0,0.0015037059783935547,0.0101833939552307,-1.7187827
agm005062790,CuPdRhSe4,0.0,0.013636589050292969,0.0548290610313415,-0.32988372
agm003435468,ScGa2Ni3,0.0,0.0025053024291992188,-0.0104309320449829,-0.553491
agm003245637,Ti2Be17,0.0,0.00558018684387207,0.017783336341381,-0.20830034
agm002182236,HfCu2S3,0.6764,0.0004520416259765625,0.6278787851333618,-1.2067418
agm003186327,Be2CuRu,0.0,0.013536453247070312,0.0038637220859527,-0.30473086
agm005086609,LiCuRhF6,0.0,0.0027227401733398438,0.0530140101909637,-2.1464777
agm002338547,NbGaOs,0.0,0.010508537292480469,0.0585008412599563,-0.28847694
agm002140810,Ca2CdAs2,0.8804000000000001,0.0021631717681884766,0.4451152980327606,-0.9396325
agm003216089,Li2La2Si3,0.025,0.007773876190185547,0.0054320394992828,-0.62946707
agm002328646,Sc3Al3Si2Ir,0.0,0.00029987096786499023,-0.0099252462387084,-0.8675261
agm002231645,SrZnSeO,1.9604,0.009829998016357422,1.647425413131714,-1.9734045
agm004766456,Rb2MnVS4,0.1627,0.0010253190994262695,0.8514318466186523,-1.3801556
agm005735022,Ca11Pb9Au4,0.0,0.0014438070356845856,-0.0145647302269935,-0.6037336
agm005230975,KCdGeAs2,0.67,0.008569002151489258,0.6672230958938599,-0.3118586
agm005846831,Hf2Mn3V,0.0,0.011674165725708008,0.0014666616916656,-0.25666276
agm003202956,YGaI,0.0,0.0018804073333740234,-0.003433272242546,-1.0493761
agm002156775,Li2SiAu,0.0,0.02790379524230957,0.0136379525065422,-0.45465666
agm002152070,NbGe2,0.0,0.009742707014083862,0.0202822983264923,-0.35760054
agm005110884,Sc2SeS,0.0,0.0229799747467041,0.0646722167730331,-1.9304717
agm003435749,Ti3CuTc2,0.0,0.0022907257080078125,-0.0044238269329071,-0.40348774
agm006113118,Nb6Mo5Rh,0.0,0.0003571510314941406,-0.0011143684387207,-0.19856549999999998
agm005280487,AsSe3(ClF2)3,1.9695,3.084648609161377,1.9109888076782229,-1.6174032999999999
agm002159901,LaYMg2,0.0,0.002398371696472168,-0.0049620121717453,-0.1156441
agm003215540,Zn(CrS2)2,0.0956,0.0066318511962890625,-1.259148120880127e-05,-1.1336236
agm006103632,Zr6Zn5Os,0.0,0.006596565246582031,-0.0015689134597778,-0.3213358
agm003276753,K2W4O13,1.6892,6.955286979675293,1.3820945024490356,-2.2426999
agm001336042,MgSnIrRh,0.0,0.045720577239990234,0.0032126940786838,-0.5003731
agm003228928,Rb2Cd5As4,0.0507,0.003944873809814453,0.5420858860015869,-0.29504383
agm002179523,Hf2Pd3,0.0,0.004206657409667969,-0.0018728524446487,-0.77334976
agm003244214,Sc2Nb3Ge4,0.0,0.003824472427368164,0.0031421333551406,-0.72876084
agm002243714,Sr2Pt2Pb,0.0,0.0017018318176269531,-0.0088442936539649,-0.759316
