id,sk_gap,alignn_gap
agm003769282,0.001643,0.002489939332008362
agm001624792,0.001529,-0.003589421510696411
agm003192700,0.019716,0.0028361454606056213
agm001311652,0.003773,0.009261451661586761
agm001129235,0.000843,0.02428451180458069
agm001830312,0.020969,0.00011810660362243652
agm002634241,0.00083,0.006250560283660889
agm003471761,0.001278,0.0026818811893463135
agm001337121,0.014899,0.0008939951658248901
agm003263116,0.008676,0.03086945414543152
agm003434566,0.009563,0.002885580062866211
agm003435724,0.002361,0.0006764531135559082
agm003436025,0.000447,0.005554944276809692
agm003299314,0.003028,-0.003173828125
agm001232561,0.007301,-0.002306729555130005
agm002925880,0.003012,0.0020727217197418213
agm001130151,0.003479,0.00837688148021698
agm003178453,0.003047,-0.006275802850723267
agm003204379,4e-06,0.018327265977859497
agm002314062,0.011127,9.847432374954224e-05
agm002244919,0.003418,0.011283829808235168
agm001116564,0.000189,-0.00818634033203125
agm002565225,0.001261,0.4221547544002533
agm001137203,0.013323,-0.00824078917503357
agm003771400,0.003151,0.01721590757369995
agm001284048,0.008091,-0.003416895866394043
agm003186327,0.003958,0.0038636773824691772
agm001289539,1e-06,0.008390918374061584
agm001116647,0.001424,0.004180446267127991
agm001616933,5e-05,-0.01469123363494873
agm001121571,0.000412,-0.011327356100082397
agm001150793,0.004768,-0.00685284286737442
agm003169384,0.005732,-0.0026257336139678955
agm003557884,0.006018,-0.004041455686092377
agm002744567,0.001849,-0.00559571385383606
agm003157158,0.001351,-0.008060634136199951
agm002190662,0.002878,0.0018524527549743652
agm002249208,0.0035,0.020840443670749664
agm003435928,0.001399,0.0010613203048706055
agm002134934,0.000615,0.008301552385091782
agm001230266,0.000465,0.0023771673440933228
agm005020139,0.019004,0.03404077887535095
agm003157791,0.02072,0.017241328954696655
agm003262918,0.002494,-0.0014632418751716614
agm002305622,0.009708,0.04078267514705658
agm003186694,0.003497,0.009174924343824387
agm001235022,0.218875,0.04352852702140808
agm001620092,7.2e-05,0.0011255666613578796
agm003290417,0.000549,-0.009680770337581635
agm002164196,0.002094,-0.024585261940956116
agm003766977,0.000692,-0.007415160536766052
agm002749645,0.004261,0.01589342951774597
agm001150827,0.002474,-0.002822417765855789
agm001116552,0.002479,0.0012708604335784912
agm001217943,0.008187,0.01928308606147766
agm001304908,0.003633,0.009161427617073059
agm003258129,0.000959,0.01149749755859375
agm001115814,0.006402,0.007812485098838806
agm001135256,0.000467,0.001038283109664917
agm002354502,0.002008,0.007655054330825806
agm002216055,0.019126,1.0555121898651123
agm002187751,0.001562,0.004526257514953613
agm002170319,0.003489,0.0006875991821289062
agm002138670,0.01652,0.0003082156181335449
agm001829113,0.000236,-0.007404454052448273
agm003201841,0.006257,-0.0034194961190223694
agm001258419,0.016422,0.04677172005176544
agm002327186,0.003187,0.003321826457977295
agm002924978,0.007185,-0.03853338956832886
agm003614522,0.00988,0.006657540798187256
agm003157708,0.0034,0.02772330492734909
agm002268056,0.001633,0.007264047861099243
agm005108774,0.007441,0.0009924918413162231
agm003166093,0.00238,0.013402044773101807
agm001114282,0.007902,0.002367854118347168
agm002403920,0.001745,0.04152369871735573
agm002200467,0.001406,0.008872941136360168
agm002224424,0.000695,0.02424462139606476
agm001267704,0.012808,-4.197657108306885e-05
agm002218946,0.002197,-0.00024082139134407043
agm003169085,0.012391,0.016495898365974426
agm003162114,0.00247,-0.006662219762802124
agm003160604,0.227543,0.0011464953422546387
agm001310968,0.005215,-0.0011058598756790161
agm003192814,0.005211,0.0058619678020477295
agm003192956,0.00155,-0.007123842835426331
agm003627737,0.022042,-0.00022178888320922852
agm001416705,0.001363,0.01913534104824066
agm001171383,0.004727,-0.008247777819633484
agm003194265,0.021045,-0.00673675537109375
agm003192444,0.001024,-0.0006163939833641052
agm002727424,0.001063,0.0038299262523651123
agm001148153,0.005133,0.028627604246139526
agm002158095,1e-06,-0.007966488599777222
agm003163143,0.026511,0.3817812502384186
agm002254580,0.001612,0.060497164726257324
agm001228993,0.00734,0.0035292506217956543
agm003184358,0.003875,0.002882950007915497
agm002322087,0.003213,-0.00286024808883667
agm002163822,0.000336,-0.009996399283409119
agm003435781,0.004615,-0.00044365227222442627
agm002190808,0.001079,0.010662227869033813
agm003562794,0.010974,0.012620106339454651
agm001234065,0.0006,-0.011182025074958801
agm003616495,0.000987,0.006579399108886719
agm003436318,0.000975,-0.010730624198913574
agm002188577,0.001189,-0.01329106092453003
agm003180557,0.010658,-0.0073023103177547455
agm001197910,0.001071,0.0054045915603637695
agm001388406,0.001446,0.00048748403787612915
agm001141996,0.001521,-0.014882326126098633
agm003186227,0.001176,0.00013597309589385986
agm001121166,0.002082,0.009427905082702637
agm001115812,0.001185,0.0024058669805526733
agm002213813,0.012363,0.0034170225262641907
agm002242498,0.001089,0.012880247086286545
agm003562475,0.055643,0.06281042098999023
agm001642082,0.000817,-0.0189526230096817
agm003187097,0.013338,0.012913540005683899
agm002348031,0.001601,0.005225837230682373
agm002134010,0.004905,0.006916962563991547
agm003273884,0.001374,0.00432431697845459
agm003178115,0.001819,-0.0047219544649124146
agm003192883,0.67137,0.557063102722168
agm001203248,0.001848,-0.006003439426422119
agm002342375,0.017116,0.0013412386178970337
agm002194984,0.001141,0.011719360947608948
agm001367404,0.111946,0.006317522376775742
agm003298297,0.00457,0.005402043461799622
agm003165825,0.001464,-0.002732709050178528
agm002496103,0.009628,-0.07126737385988235
agm001243602,0.00151,0.007269948720932007
agm001638620,0.002252,0.006952375173568726
agm001115652,0.002002,0.009171992540359497
agm001003784,0.005097,0.028378456830978394
agm001311018,0.013661,-0.002692200243473053
agm002241057,0.013323,-0.01645609736442566
agm003186648,0.000787,0.005635920912027359
agm001223044,0.005517,0.005423631519079208
agm005103895,0.002387,-0.001608729362487793
agm001625920,0.018661,0.048597320914268494
agm001230046,0.001475,-0.006129447370767593
agm003163998,0.001708,0.007470607757568359
agm002186703,0.027149,0.01719435304403305
agm003636450,0.002809,-0.0018599629402160645
agm002695138,0.006611,-0.004022508859634399
agm002245548,0.004734,-0.008194558322429657
agm001121197,0.003723,0.008147552609443665
agm002168141,0.028593,0.06321090459823608
agm003169165,0.001476,-0.004335552453994751
agm003436027,0.001405,0.0016341805458068848
agm003184437,0.001468,-0.0042594075202941895
agm001344365,0.052157,-0.02037179470062256
agm003771467,0.001833,0.007078230381011963
agm003192975,0.0044,0.015495538711547852
agm001294509,0.006233,0.00017181038856506348
agm001044784,0.003298,1.0789706707000732
agm002191511,0.001504,0.015352815389633179
agm001197600,0.011476,-0.005475960671901703
agm002358232,0.008766,-0.0017104148864746094
agm001229371,0.004559,0.004663825035095215
agm001633494,0.003719,0.014516770839691162
agm003187057,0.002136,0.012607544660568237
agm003186590,0.000572,-0.012723371386528015
agm001656078,0.004241,-0.021068662405014038
agm001229262,0.008213,-0.001841038465499878
agm003139438,0.003932,0.002573031932115555
agm002224543,2.894012,2.4177489280700684
agm002158035,0.01664,-0.0026778876781463623
agm002378231,0.023888,0.026538297533988953
agm001850129,0.01482,0.0047744810581207275
agm003603459,0.766246,0.30417612195014954
agm001289588,0.006894,0.005801558494567871
agm002367592,0.006058,-0.00038949400186538696
agm002140173,0.000728,0.02129608392715454
agm003157176,0.00259,0.000743962824344635
agm002342854,0.005685,-0.009425967931747437
agm003633718,0.008997,0.004472009837627411
agm001348977,0.012319,-0.004263818264007568
agm002257193,0.015061,-0.006280034780502319
agm001191494,0.001578,0.01671116054058075
agm003258300,0.00966,-0.00865522027015686
agm002186873,0.008791,-0.004842698574066162
agm003599629,0.001842,-0.011393390595912933
agm002354616,0.000603,0.0030753836035728455
agm001192157,0.008547,0.03782089054584503
agm001341155,0.001915,0.007943660020828247
agm001206561,0.008137,0.02765709161758423
agm002165619,0.029783,0.037237025797367096
agm003191762,0.001107,0.006210535764694214
agm003204416,0.058086,0.007348924875259399
agm003186653,0.002848,0.0016490072011947632
agm002323042,0.000785,0.005939893424510956
agm003186510,0.001165,0.01031145453453064
agm001267727,0.019654,0.03398430347442627
agm002134226,0.004074,0.005994617938995361
agm001228301,0.000734,0.0034277737140655518
agm001314370,0.001997,0.007304757833480835
agm003636315,0.002287,-0.0005887746810913086
agm003198803,0.001171,0.004902571439743042
agm002160920,0.000787,0.0001411139965057373
agm003763739,0.00043,0.005747847259044647
agm002245302,0.001973,0.010397575795650482
agm002134694,0.002343,0.0024847686290740967
agm001610935,0.001065,-0.019112825393676758
agm002245507,0.016786,-0.004991807043552399
agm001145079,0.002407,-0.003154158592224121
agm003160676,0.003461,-0.018808335065841675
agm003190366,0.005041,0.00926905870437622
agm001192102,0.00421,-0.019951902329921722
agm002147181,0.000911,0.0068243443965911865
agm003202554,0.010057,-0.006862372159957886
agm003298890,0.003984,0.0006648451089859009
agm003264056,0.000722,-0.00819656252861023
agm001121656,0.001211,-0.003791816532611847
agm001830598,0.001189,0.004915982484817505
agm001116412,0.003052,0.006401136517524719
agm002186757,0.022389,-0.002366185188293457
agm001615855,0.001297,0.02858269214630127
agm002167739,0.002797,0.00525936484336853
agm001615760,0.014668,0.018931403756141663
agm003762242,0.000683,-0.0054978132247924805
agm001313609,0.002616,-0.014615431427955627
agm003161651,0.005998,0.04667680710554123
agm002249420,0.005128,0.006772480905056
agm002428437,0.002271,0.009287714958190918
agm002259013,0.629914,0.015333510935306549
agm002153282,0.001557,0.20627546310424805
agm001181562,0.004003,0.019844919443130493
agm003192967,0.003328,0.01635081321001053
agm003163035,0.026773,0.014658913016319275
agm001087091,0.016779,-0.005101904273033142
agm002161146,0.003904,0.0007887184619903564
agm003300461,0.002251,0.011640489101409912
agm001389175,0.003812,-0.00018867850303649902
agm005120799,0.576316,0.004097938537597656
agm001361195,4e-06,0.0073992908000946045
agm002696434,0.004131,-0.005174003541469574
agm003269363,0.001311,-0.002019032835960388
agm001289552,0.001271,0.01550997793674469
agm001615909,0.003617,0.0123232901096344
agm003762246,0.002495,-0.023484021425247192
agm002184972,0.005075,-0.0010148510336875916
agm002134230,0.010331,0.005668021738529205
agm002184932,0.001424,0.01514594629406929
agm001361105,0.306824,-0.0009945780038833618
agm003204389,0.018231,-0.011576756834983826
agm001115735,0.009003,-0.0014413893222808838
agm003180562,0.009329,0.0018225014209747314
agm001340181,0.007902,0.006689522415399551
agm001612194,0.016802,0.013864502310752869
agm003169448,0.000762,-0.0025922805070877075
agm001228839,0.006923,-0.002193957567214966
agm003290785,0.003783,-0.002744510769844055
agm003093842,0.001094,0.03864733874797821
agm002925295,0.000516,0.008780479431152344
agm001293411,0.002696,-0.0019675791263580322
agm003299648,0.001535,0.01056620478630066
agm002367072,0.009899,-0.0030787885189056396
agm001210927,0.007061,0.0025156065821647644
agm001228513,0.004399,0.0009523630142211914
agm003562471,0.002516,-0.004470929503440857
agm003771455,0.003458,0.009216919541358948
agm001225139,0.001583,0.002459794282913208
agm003298932,0.000264,-0.003537222743034363
agm002177959,0.002847,0.03655137121677399
agm002144401,0.00492,0.003300592303276062
agm003157148,0.008077,0.003179699182510376
agm002697932,0.00353,-0.0059499591588974
agm003160496,0.018002,-0.0020238012075424194
agm001150748,0.001604,-0.0017608031630516052
agm004930402,0.007076,1.554624080657959
agm001144882,0.000826,0.0026895664632320404
agm002317722,0.934134,-0.01834563910961151
agm003160441,0.008801,0.23068037629127502
agm003273187,0.002278,-0.0012637227773666382
agm003294733,0.002615,0.004652857780456543
agm002081253,0.023528,-0.0025278404355049133
agm001115462,0.003056,0.0072377026081085205
agm001308900,0.009909,-0.0005584061145782471
agm002363641,0.001003,0.0017201602458953857
agm003468466,0.00266,0.12249599397182465
agm003191181,0.002941,0.033318594098091125
agm001367236,0.007734,-0.0034859254956245422
agm002287144,0.000699,-0.004046052694320679
agm001311646,0.004172,0.009371228516101837
agm005117774,0.000637,0.16865098476409912
agm002028306,0.000198,-0.00285455584526062
agm001130149,0.002015,0.01417723298072815
agm003290429,0.001869,-0.0012588053941726685
agm002215647,0.001668,0.041909053921699524
agm001179868,0.002252,0.009340018033981323
agm001267734,0.001576,0.008790284395217896
agm001100247,0.008476,-0.010707750916481018
agm003161412,0.007415,0.01830659806728363
agm002219548,0.002685,0.25972163677215576
agm003287978,0.001211,0.0070792026817798615
agm003638719,0.000953,-0.016506418585777283
agm002194156,0.002592,0.0013914704322814941
agm002752006,0.002079,0.00723768025636673
agm001304759,0.002372,-0.006535038352012634
agm003435937,0.001011,-0.007146567106246948
agm002146024,0.002349,-0.00915035605430603
agm001115718,0.00295,-0.001335054636001587
agm002354564,0.004558,-0.00022342801094055176
agm001314840,0.003394,-0.001981407403945923
agm003188135,0.005928,0.0022537708282470703
agm003159681,0.003619,-0.004520408809185028
agm003201843,0.035851,0.01721598207950592
agm001319516,0.008322,0.001829385757446289
agm002146088,0.003149,-0.004383772611618042
agm001291361,0.00704,0.008427679538726807
agm002746060,0.0,0.007337301969528198
agm002176158,0.044199,-0.024159595370292664
agm002342736,0.007994,0.005802229046821594
agm001228282,0.002508,-0.017784029245376587
agm002184813,0.001264,-0.017573297023773193
agm001211343,0.048089,0.012789130210876465
agm002140583,0.001274,0.038225799798965454
agm001259716,0.00895,-0.003991290926933289
agm002156726,0.022556,0.025784865021705627
agm002136931,0.000888,-0.015844061970710754
agm002346300,0.004488,-0.00893944501876831
agm002191163,0.004837,0.011224091053009033
agm003174878,0.006494,0.0013522356748580933
agm002377709,0.032442,0.017342105507850647
agm002186346,0.000356,0.0009996145963668823
agm002102656,0.007538,-0.026342421770095825
agm002218975,0.007757,-0.008501984179019928
agm002632973,0.008732,-0.002887219190597534
agm002138428,0.002322,-0.0015891194343566895
agm001216836,0.002363,0.010169565677642822
agm001173960,0.005912,0.013129502534866333
agm003774423,0.006424,0.006233200430870056
agm001190623,0.002572,0.008199334144592285
agm002924846,0.014874,0.044041767716407776
agm002696417,0.001352,0.0020504891872406006
agm002185940,0.000942,0.014162257313728333
agm003188084,0.001081,-0.0022612661123275757
agm002327485,0.011877,0.0007978081703186035
agm002146441,0.012641,0.0059397220611572266
agm001850167,0.002762,0.0013022422790527344
agm001618912,0.004717,0.0114661306142807
agm005124941,0.014481,0.005346640944480896
agm003192719,0.000617,0.004017621278762817
agm003298008,0.00255,-0.006007693707942963
agm003160658,0.067677,0.02266310155391693
agm003157980,0.005535,0.0009460821747779846
agm001197799,0.001251,-0.0009898245334625244
agm002190752,0.004574,0.007534623146057129
agm002925803,0.002282,0.06492715328931808
agm002146685,0.000925,0.006626009941101074
agm002238418,0.002119,-4.92483377456665e-06
agm002219464,0.029158,0.015459388494491577
agm002925383,0.003906,0.02378399670124054
agm003260596,0.002197,0.001650393009185791
agm003187727,0.003933,-0.00880923867225647
agm002286713,0.005626,0.006303921341896057
agm002923664,0.000817,-0.008847296237945557
agm002472386,0.021543,0.24969762563705444
agm002183433,0.001208,-0.02071329951286316
agm001198665,0.010087,0.0039695799350738525
agm003203678,0.001115,0.04052247107028961
agm003741464,0.002685,0.006433993577957153
agm002634490,0.003117,0.012421667575836182
agm003199254,0.011478,0.059799328446388245
agm005117058,0.001451,-0.001444689929485321
agm003264925,0.007019,0.023145604878664017
agm001121603,0.00296,-0.003421090543270111
agm002354314,0.02388,-0.00153433158993721
agm001828973,0.004853,0.008121103048324585
agm003161676,0.010464,0.0261581689119339
agm003436860,0.013754,0.049567461013793945
agm003202085,9.4e-05,0.0012577995657920837
agm001615739,0.002893,0.024777963757514954
agm003416671,0.000599,-0.003663890063762665
agm001044934,0.000157,0.046312615275382996
agm001610854,0.003757,0.015095457434654236
agm001120949,0.002701,0.029444918036460876
agm003168913,0.015742,0.014161311089992523
agm001196168,0.009033,-0.010626181960105896
agm003635153,0.023183,0.06857012212276459
agm001100025,0.002703,-0.004954241216182709
agm002182383,0.014992,0.0027284175157546997
agm002134103,0.006335,0.004622310400009155
agm002177960,0.008023,-0.005321234464645386
agm002342418,0.022382,-0.014867931604385376
agm001319345,0.001338,0.017323419451713562
agm001268109,0.005321,0.00432123988866806
agm001357682,0.006745,-0.008137598633766174
agm003438200,0.001579,0.006169378757476807
agm003157748,0.008159,-0.000975683331489563
agm001307404,0.001381,-0.004114612936973572
agm003185970,0.012989,-0.0015066564083099365
agm002356074,0.004281,-0.00423913449048996
agm003186230,0.001204,0.0007378906011581421
agm002167689,0.002361,0.0014726817607879639
agm003264227,0.011605,-0.0057985782623291016
agm003439303,0.001677,0.0032897889614105225
agm003161286,0.022825,0.007166318595409393
agm002055786,0.003218,-0.004112154245376587
agm002158965,0.009998,0.007624298334121704
agm001304755,0.001828,0.009778276085853577
agm002218347,0.00804,-0.0005421489477157593
agm003393592,0.001243,0.023144759237766266
agm002133341,0.034072,0.0008308440446853638
agm001333753,0.013794,-0.0013775080442428589
agm003172802,0.005193,0.0033211708068847656
agm001121569,0.00473,0.01532718539237976
agm005113915,0.0019,0.007184430956840515
agm003186635,0.00014,0.0205228254199028
agm002392522,0.004096,0.02411128580570221
agm003161723,0.007613,-0.002545475959777832
agm001115725,0.003748,0.0005735456943511963
agm002327035,0.003266,0.011016950011253357
agm001144284,0.007088,0.017817024141550064
agm002193780,0.000979,0.0014993399381637573
agm003186137,0.000384,0.01665257290005684
agm003203150,0.007027,0.0013744086027145386
agm005117890,0.005837,0.0028447210788726807
agm001228179,0.007764,-0.0034537315368652344
agm002924457,0.063284,-0.01719266176223755
agm003192816,0.001782,-0.0013080686330795288
agm001291060,0.003696,5.4776668548583984e-05
agm002558810,0.724729,0.018487364053726196
agm002038921,0.007118,0.7035905122756958
agm003437120,0.004552,0.00324895977973938
agm001214884,0.001421,-0.01829613745212555
agm002020742,0.008418,0.005663707852363586
agm002153106,0.000215,0.0002966262400150299
agm001304792,0.004744,-0.014826372265815735
agm005102911,0.000619,0.002222292125225067
agm003435814,0.000995,0.009588688611984253
agm002166209,0.007661,0.0027426034212112427
agm003434273,0.008494,0.029342174530029297
agm001612418,0.016802,0.042698293924331665
agm002146754,0.000858,0.0007832497358322144
agm002925016,0.011511,0.011348903179168701
agm002139882,0.002378,0.03659041225910187
agm003161065,0.000907,0.0011828914284706116
agm001116899,0.005331,0.011512011289596558
agm002190798,0.002489,0.008718535304069519
agm001287046,0.003804,0.0029181838035583496
agm001285905,0.033242,0.004792250692844391
agm003169103,0.000998,0.006055548787117004
agm001040411,0.002872,0.0032988227903842926
agm002367080,0.028546,0.005629412829875946
agm001342870,0.004477,0.0028908178210258484
agm001213667,0.004328,0.011849507689476013
agm001170619,0.006907,0.01678049936890602
agm003202145,0.004676,0.02136976271867752
agm001613652,0.003155,0.0063858479261398315
agm003184523,0.001308,-0.005250751972198486
agm001267753,0.013696,0.004057258367538452
agm002945723,0.002967,0.01567564159631729
agm003192805,0.001772,-0.004803404211997986
agm001121298,0.004093,-0.008630342781543732
agm002154148,0.000334,0.018521174788475037
agm002140506,0.000145,0.007770463824272156
agm003262533,0.000998,0.006491214036941528
agm002166714,0.001211,0.012257367372512817
agm001617163,0.002025,0.029472418129444122
agm001309938,0.079041,-0.006859086453914642
agm001178153,0.01008,0.009600870311260223
agm001149840,0.001,0.0005228221416473389
agm002201278,0.005506,0.48079657554626465
agm002308806,0.007648,0.011184334754943848
agm001115361,0.003376,0.016526252031326294
agm003160834,0.000119,0.00749582052230835
agm001199093,0.002173,-0.006469741463661194
agm003294704,0.000328,0.008823864161968231
agm003161649,0.001357,0.0030272826552391052
agm003186372,0.00098,-8.881092071533203e-05
agm003624206,0.000944,0.06251069903373718
agm002658187,0.005087,0.006639271974563599
agm003435930,0.001976,0.0008709430694580078
agm001116460,0.013342,0.00673753023147583
agm003161325,0.010543,0.020082883536815643
agm001212467,0.00247,-0.004767060279846191
agm002342717,0.001006,-0.021892786026000977
agm001232021,0.001648,0.003710120916366577
agm002383807,0.001801,-3.555417060852051e-05
agm001610860,0.003701,0.010735027492046356
agm003165718,0.009675,0.009184300899505615
agm001836397,0.008472,-0.007253602147102356
agm003435941,0.001135,0.0008634626865386963
agm002744506,0.004976,1.5929341316223145e-05
agm003260683,0.004249,0.006122499704360962
agm005103698,0.009333,0.0019042789936065674
agm003264545,0.013126,-0.004260420799255371
agm001277068,0.002207,0.06364701688289642
agm003556183,0.027908,0.12157644331455231
agm001197853,0.002488,0.008630067110061646
agm001138961,0.000916,-0.011031664907932281
agm001115641,0.003757,0.004917830228805542
agm002346679,0.008087,0.03913883864879608
agm002191067,0.003918,-0.006532788276672363
agm001123250,0.001771,0.001033887267112732
agm003160596,0.001152,0.0006602555513381958
agm002314357,0.005523,0.0017473064363002777
agm001340799,0.029682,-0.012468129396438599
agm001291446,0.002988,0.00523984432220459
agm001115816,0.002067,0.012387007474899292
agm003186226,0.004413,0.017317503690719604
agm003186175,0.00039,0.007347635924816132
agm003296144,0.007223,0.0060351938009262085
agm002191293,0.001253,-0.0013556182384490967
agm001630945,0.006657,0.030806247144937515
agm003299767,0.00064,0.06245295703411102
agm002383804,0.000568,0.0038340091705322266
agm003264173,0.002308,0.034592851996421814
agm002496906,0.003783,0.06994912028312683
agm001355946,0.005477,0.004752166569232941
agm002250900,0.00082,-0.0034323036670684814
agm003262069,0.00257,0.0009917467832565308
agm001316266,0.006314,0.015793949365615845
agm003437829,0.018818,0.008960530161857605
agm002314229,1e-06,0.0019344128668308258
agm003180459,0.001091,0.01700553297996521
agm003186625,0.004165,0.00026838481426239014
agm002226393,0.027865,0.04944893717765808
agm001228452,0.003898,-0.00044089555740356445
agm003435959,0.00255,-0.012552201747894287
agm002305653,0.001551,-0.010470539331436157
agm001121203,0.006032,-0.005787357687950134
agm002182685,0.007107,0.06303565204143524
agm003438098,0.000917,-0.0024091340601444244
agm001116355,0.001494,0.01996910572052002
agm003258410,0.001761,-0.0001272261142730713
agm002134289,0.007435,0.013380855321884155
agm001851647,0.004606,-0.0016064047813415527
agm002314328,0.002112,0.006788536906242371
agm002139904,0.01483,0.057398293167352676
agm002154155,0.000843,0.01765548437833786
agm002135799,0.000413,-0.00353318452835083
agm001141985,0.001905,-0.009809449315071106
agm001197542,0.005693,0.02982097864151001
agm002246296,0.013515,0.012748323380947113
agm002360726,0.003907,0.010857939720153809
agm001238619,0.021433,0.010452553629875183
agm002433296,0.0042,0.012309789657592773
agm003470410,0.009035,0.24139057099819183
agm002190855,0.002067,0.006506204605102539
agm002186773,0.006857,0.01390974223613739
agm003394529,0.003366,-0.010430529713630676
agm001217839,0.003354,0.005996912717819214
agm002146756,0.001947,0.0017541050910949707
agm002695317,0.583278,-0.005798861384391785
agm001121588,0.002388,-0.0076895952224731445
agm002164704,0.003165,0.023457437753677368
agm002181521,0.005614,-0.005472123622894287
agm002177962,0.005867,-0.03459927439689636
agm004930361,0.001471,0.023415133357048035
agm003614524,0.003267,-0.0006045699119567871
agm002692426,0.001269,0.0004804283380508423
agm002322993,0.004729,-0.008360940963029861
agm001222914,0.002237,0.006693482398986816
agm002733398,0.002831,0.005542036145925522
agm003189772,0.005895,-0.004731893539428711
agm002240828,0.046421,0.00545666366815567
agm003260604,0.008319,0.03240445256233215
agm003187382,0.002177,-0.003924369812011719
agm003762320,0.003168,0.011872947216033936
agm001525288,0.003306,0.007404118776321411
agm001202601,0.012638,0.013437598943710327
agm003436168,0.002045,0.003652721643447876
agm001830399,0.012616,0.015453390777111053
agm003188840,0.00678,-0.004798397421836853
agm001280842,0.007449,0.0016803815960884094
agm003180563,0.00309,0.0018552131950855255
agm001265690,0.001994,0.030648931860923767
agm003190879,0.006266,-0.002851177006959915
agm001121294,0.004832,0.010432615876197815
agm001614383,0.003729,0.017236381769180298
agm002221770,0.001079,-0.0058502256870269775
agm001115161,0.005338,0.00043573975563049316
agm003192660,0.007946,-0.007071971893310547
agm002134110,0.00838,0.015421122312545776
agm003436019,0.008896,0.0001284182071685791
agm003294068,0.010349,-2.652406692504883e-06
agm003186326,0.000267,0.0060485973954200745
agm002337760,0.001236,0.0023527592420578003
agm003436024,0.000217,0.016110092401504517
agm001197828,0.001821,-0.00045606493949890137
agm001379695,0.018932,0.003162108361721039
agm001243646,0.001552,0.009598910808563232
agm002354279,0.006896,0.0015531927347183228
agm001342809,0.878975,0.009896352887153625
agm002083422,0.002063,0.0599493533372879
agm003293580,0.014434,0.001828618347644806
agm003434279,0.003052,0.0038302019238471985
agm005102861,0.005909,0.0014667399227619171
agm001610614,0.014956,-0.0015071257948875427
agm002135004,0.013832,0.010117173194885254
agm001610856,0.035479,0.0013666749000549316
agm005022315,0.00107,-0.020989730954170227
agm001125164,0.000501,0.006634600460529327
agm002142631,0.04704,-0.013031825423240662
agm002057083,0.004545,0.0022711455821990967
agm001148077,0.003241,-0.0021314918994903564
agm001829245,0.004829,0.0024385228753089905
agm002306638,0.001314,-0.0025439411401748657
agm001206884,0.009607,-0.005582738667726517
agm002225188,0.008974,0.0014092624187469482
agm003186966,0.003569,0.03231233358383179
agm001129853,0.002123,0.007104367017745972
agm002295176,0.001546,-0.002857580780982971
agm002220164,0.002451,-0.01684516668319702
agm003186708,0.001068,0.005186505615711212
agm002283426,0.010428,-0.0004409700632095337
agm001115288,0.001124,-0.00014650821685791016
agm002194239,0.004714,-0.004631415009498596
agm001116328,0.001075,0.001581341028213501
agm001280758,0.009149,0.009285874664783478
agm003189717,0.001159,-0.007177457213401794
agm001618827,0.001011,0.004495888948440552
agm003437487,0.000759,0.0025474578142166138
agm002411881,0.007082,0.00046941637992858887
agm002700007,0.015652,-0.008875086903572083
agm003096079,0.030661,0.038501523435115814
agm002138451,0.000771,-0.0022341683506965637
agm001223832,0.003192,0.003174722194671631
agm002167041,0.030163,0.0011736303567886353
agm001197014,0.009107,0.022675499320030212
agm002344143,0.001461,-0.00698380172252655
agm002327914,0.003245,-0.0005866959691047668
agm003186403,0.004093,0.02091311290860176
agm002354264,0.001096,0.007323224097490311
agm003437849,0.000336,0.006392642855644226
agm002758025,0.026425,0.7781013250350952
agm002147173,0.003393,-0.0032442212104797363
agm003173037,0.001242,0.0057156383991241455
agm002946596,0.002448,-0.009203027933835983
agm003204342,0.012076,0.010860487818717957
agm002055630,0.002182,0.0014374256134033203
agm001228929,0.002682,0.006794244050979614
agm003769348,0.004073,-0.0001757591962814331
agm002428474,0.002262,-0.007068425416946411
agm005117832,0.008453,0.014160186052322388
agm001173958,0.002718,0.006987452507019043
agm001618901,0.003976,0.026403844356536865
agm001178751,0.001446,0.010635942220687866
agm002925170,0.006347,0.9437562227249146
agm001841113,0.010034,0.004332605749368668
agm003161517,0.00293,0.004980355501174927
agm003189693,0.016908,0.002421759068965912
agm002141835,0.021322,-0.00045840442180633545
agm003202637,1.010444,0.003573209047317505
agm002327335,0.205024,0.010219186544418335
agm001192166,0.005243,0.020899169147014618
agm001214138,0.000317,-0.011278711259365082
agm001198617,0.009597,0.020481109619140625
agm003204339,0.010008,0.0013892501592636108
agm001148131,0.003566,0.0023436546325683594
agm003636346,0.008986,0.005666092038154602
agm003199426,3e-06,0.025018543004989624
agm003615679,0.010695,-0.015387311577796936
agm003161327,0.003284,0.014192245900630951
agm003203155,0.000918,0.024103879928588867
agm003397941,0.000982,0.007297828793525696
agm002924475,0.006493,0.004921138286590576
agm002136744,0.008391,0.0010690242052078247
agm002646960,0.010843,-0.007604241371154785
agm002360812,0.005695,-0.0004284083843231201
agm002134208,0.001104,0.011819109320640564
agm002938115,3.3e-05,0.25297117233276367
agm001265780,0.000137,0.039373159408569336
agm003433871,0.03505,0.035389989614486694
agm002196495,0.007924,-0.011366292834281921
agm003204352,0.001644,0.003603518009185791
agm003202144,0.001287,0.01777110993862152
agm001148025,0.00867,-0.001650884747505188
agm001186172,0.003007,0.005555510520935059
agm003264088,0.004156,0.003234289586544037
agm002233281,0.003114,-0.00034156814217567444
agm001115568,0.00091,-0.002468019723892212
agm002202857,0.004946,-0.0014760792255401611
agm001199023,0.009261,-0.010129958391189575
agm003299056,0.006629,-0.0017565935850143433
agm002534478,0.010431,0.03681958466768265
agm003290661,0.005506,0.00594213604927063
agm001612104,0.001006,0.007127821445465088
agm003434267,0.026289,0.022272467613220215
agm001262459,0.007238,0.014176718890666962
agm001121416,0.001714,0.003899950534105301
agm003201487,0.00121,-0.0034234151244163513
agm003186369,1.114803,0.3827226459980011
agm002164864,0.010275,0.030334455892443657
agm003202377,0.020418,0.004983887076377869
agm002348025,0.009372,0.004310727119445801
agm002949306,0.008168,0.002504125237464905
agm003180043,0.009843,-0.0003938823938369751
agm002028410,0.010409,0.020493298768997192
agm003277694,0.010543,0.034477561712265015
agm002490730,0.100518,0.20807698369026184
agm001152517,0.00439,-0.0031226612627506256
agm001115169,0.003073,0.006173133850097656
agm003192411,0.006541,-0.004248395562171936
agm003765817,0.0009,0.0013312101364135742
agm003290251,0.000535,0.02331867814064026
agm001187914,0.00298,0.011996358633041382
agm001228968,0.002783,0.00833788514137268
agm005018459,0.005816,-0.0016862452030181885
agm002101391,0.002477,-0.0036978423595428467
agm001116553,0.001729,-0.00950556993484497
agm002285905,0.023413,0.0503690242767334
agm002194551,0.010564,0.006541058421134949
agm003774541,0.002231,-0.0008075237274169922
agm003272580,0.013551,0.004163455218076706
agm003261904,0.002501,0.008314356207847595
agm003177050,0.000453,-0.007940143346786499
agm002255415,0.003969,-0.00888235867023468
agm001312505,0.002155,-0.0027534812688827515
agm001171101,0.004951,0.012397512793540955
agm002429705,0.004107,-0.005366772413253784
agm002140582,0.005879,-0.0015975907444953918
agm001397740,0.001352,0.007719218730926514
agm001115712,0.005241,0.006254374980926514
agm003263955,0.0012,-0.005260121077299118
agm001382296,0.005359,-0.0032404139637947083
agm001265600,0.005879,0.0302516408264637
agm001284657,0.004932,-0.014527574181556702
agm002184608,0.002137,0.013506375253200531
agm001355950,0.006611,0.00043579190969467163
agm002196490,0.002926,-0.00477851927280426
agm003168911,0.001228,0.011616170406341553
agm001851660,0.001077,-0.0017021000385284424
agm002693361,0.004542,0.0004648640751838684
agm001311524,0.00578,-0.0009324327111244202
agm002924455,0.000444,0.042158812284469604
agm002251521,0.000623,0.00040774792432785034
agm003257624,0.003425,-0.016087964177131653
agm002156480,0.010621,0.03688924387097359
agm002178736,0.010664,0.03072623908519745
agm002186911,0.009813,0.0009815245866775513
agm003257749,0.002505,0.00622597336769104
agm002221460,0.005851,0.011290743947029114
agm002187156,0.010626,-0.01361558586359024
agm002078712,0.022542,0.10479271411895752
agm002190962,0.009413,0.014833152294158936
agm003199516,0.008328,0.012717369943857193
agm002141913,0.009156,0.005951613187789917
agm001115301,0.003715,0.00700860470533371
agm003768558,0.001039,0.006528288125991821
agm002939665,0.002203,0.013414785265922546
agm002233611,0.004888,0.03641601651906967
agm001240301,0.00306,-0.00038304924964904785
agm002697399,0.022925,0.0011588186025619507
agm001212504,0.000574,-0.00020685791969299316
agm001361106,0.031064,-0.006861776113510132
agm003192142,0.0021,0.0037149786949157715
agm001622185,0.003994,0.03428493067622185
agm001416959,0.007591,0.006499737501144409
agm003636345,0.003464,0.00810617208480835
agm001003669,0.002641,0.0016730427742004395
agm002196527,0.015607,0.003161489963531494
agm003163746,0.007436,0.012773916125297546
agm002139794,0.001256,-0.0005684196949005127
agm002435945,0.001654,0.006350219249725342
agm001846086,0.014313,0.005212157964706421
agm003161936,0.001847,0.0022995024919509888
agm003176736,0.014045,-0.0064509958028793335
agm002746842,0.000875,-0.011388912796974182
agm001630391,0.009492,-0.006355341523885727
agm001619068,0.000705,-0.018564224243164062
agm003626123,0.002862,0.006987035274505615
agm003176787,0.002007,0.0035529881715774536
agm005110582,0.004502,-0.004072591662406921
agm002417415,0.001278,-0.02360054850578308
agm003158775,0.00162,0.011356748640537262
agm002164346,0.044935,0.09790750592947006
agm002692968,0.015754,-0.006176978349685669
agm005110884,0.229019,0.06467223912477493
agm001310907,0.006607,0.0026285946369171143
agm003182910,0.001558,0.008767332881689072
agm001228685,0.001116,0.01694035530090332
agm003278420,0.058867,0.0016317218542099
agm001115448,0.00163,0.004724413156509399
agm002166320,0.00195,0.149759441614151
agm001139033,0.006461,0.0036670267581939697
agm003294455,0.000406,-0.0011318325996398926
agm002732569,0.005137,0.00952303409576416
agm001186376,0.000981,-0.0032948553562164307
agm003719848,0.003603,0.01155969500541687
agm001357599,0.001795,0.008875980973243713
agm003264045,0.00165,0.0002660900354385376
agm003160673,0.108964,0.003728523850440979
agm003186188,0.004066,0.006308600306510925
agm003258606,0.001156,-0.0019305944442749023
agm003290664,0.004076,0.0036830902099609375
agm003435799,0.000543,0.006721466779708862
agm001829176,0.002984,0.014000002294778824
agm002912182,0.00327,0.006178475916385651
agm002936919,0.006598,-0.005644097924232483
agm001403311,0.006084,-0.011681787669658661
agm001115372,0.006098,-0.004595845937728882
agm003180306,0.002747,0.02922474592924118
agm001115147,0.001214,0.007780492305755615
agm001121689,0.005773,-0.011724501848220825
agm001171188,0.003017,0.024595603346824646
agm003264320,0.01973,0.03724117577075958
agm002087536,0.002159,-0.019211545586586
agm002348054,0.008027,-0.0075622498989105225
agm001318475,0.000787,0.000534743070602417
agm003433907,0.005113,-0.01028268039226532
agm003161252,0.000383,0.01884576678276062
agm002139943,0.007339,0.030967295169830322
agm003296460,0.006952,0.002419114112854004
agm001284691,0.024797,0.007248252630233765
agm002181074,0.001776,-0.00766482949256897
agm002296243,0.004007,0.004910945892333984
agm003637737,0.001219,0.01330217719078064
agm003562575,0.000972,-0.004648186266422272
agm002283559,0.005495,0.013971518725156784
agm003299344,0.004025,0.0052067190408706665
agm002657835,0.002569,0.0032637454569339752
agm003186234,0.010376,0.013483915477991104
agm001121609,0.000658,0.004389375448226929
agm002286356,0.033304,0.0034287795424461365
agm002138714,0.001296,0.005061030387878418
agm002343954,0.001921,-0.003059759736061096
agm003438093,0.007542,-0.0013872981071472168
agm001171041,0.016446,-0.009192675352096558
agm003160501,0.870819,0.4264061748981476
agm002561749,0.011431,0.03210476040840149
agm002322216,0.001838,-0.0032591819763183594
agm003180287,0.003729,0.00618068128824234
agm003278503,0.004779,0.01529737189412117
agm002160115,0.051278,-0.01146368682384491
agm002342860,0.015224,-0.004524454474449158
agm003160296,0.01314,0.008772455155849457
agm003183655,0.003662,0.017794273793697357
agm001305864,0.014719,0.02844003587961197
agm003299763,0.002871,0.014171592891216278
agm002179095,0.001467,-0.0008160173892974854
agm003195947,0.001094,-0.004296034574508667
agm003437853,0.0009,0.01180177554488182
agm001230330,0.002315,0.007884159684181213
agm001218348,0.00057,-0.003996655344963074
agm002160147,0.005484,0.009231910109519958
agm001171076,9e-06,0.012590557336807251
agm002164993,0.001858,-0.0017248578369617462
agm002327467,0.013862,-0.010520398616790771
agm003204499,0.00125,0.020385921001434326
agm002171924,0.013835,0.007241450250148773
agm001243282,0.002511,-0.0028716474771499634
agm002021361,0.007093,-0.0069155022501945496
agm003201201,0.016623,0.008787095546722412
agm002138594,0.027971,-0.02541334182024002
agm002294442,0.00376,0.00866958498954773
agm002202878,0.003963,0.09121532738208771
agm002065332,0.000111,0.009934671223163605
agm002945015,0.001868,0.004785433411598206
agm003712584,0.00287,-0.005681663751602173
agm003186412,0.002346,-0.0025889649987220764
agm002938222,0.00493,1.8671199083328247
agm003626138,0.006392,0.001361161470413208
agm003172730,0.006142,-0.004318356513977051
agm001291444,0.001029,-0.0021778345108032227
agm003191215,0.008225,0.023128002882003784
agm002134290,0.00046,0.01430976390838623
agm001310970,0.020973,0.0019376128911972046
agm001340133,0.066673,0.018039263784885406
agm003562688,0.009068,-0.01256878674030304
agm002316396,0.00822,0.0016773119568824768
agm003435915,0.001077,0.004140406847000122
agm001171199,0.032873,0.01235741376876831
agm003172488,0.003529,0.003126569092273712
agm001413464,0.023772,0.04606302082538605
agm001345349,0.003079,0.0009205490350723267
agm003299764,0.001264,0.026393800973892212
agm002190622,0.00234,0.007415443658828735
agm002138273,0.005264,-0.025069743394851685
agm002096425,0.035223,0.003840632736682892
agm003198657,0.000736,0.014111652970314026
agm001829925,0.011549,-0.00724455714225769
agm002190758,0.003501,0.0026677846908569336
agm003435821,0.001327,0.0037645697593688965
agm001620801,0.00416,0.030687443912029266
agm003616045,0.002182,1.180345058441162
agm003198926,0.005939,0.03217014670372009
agm002358245,0.004756,0.000596851110458374
agm002149384,0.026961,0.003565877676010132
agm003774704,0.002339,0.001713395118713379
agm003187314,0.005685,-0.00526842474937439
agm003160534,0.004436,0.017389073967933655
agm002224396,0.00336,0.006351888179779053
agm001142062,0.003453,-0.0028440356254577637
agm002643451,0.000102,0.018903322517871857
agm002694089,0.025706,-0.0014131665229797363
agm002437283,0.004949,0.021720752120018005
agm003185114,0.010163,0.003884613513946533
agm003173710,0.002317,0.002875015139579773
agm003186652,0.008927,0.007646039128303528
agm002311260,0.004788,-0.012881949543952942
agm003435952,0.002378,-0.0032998621463775635
agm001291948,0.00636,0.0012317299842834473
agm001115466,0.001174,-0.0067865848541259766
agm002193785,0.002568,0.009454287588596344
agm001280902,0.004798,-0.00882810354232788
agm002342290,0.006473,-0.0018116086721420288
agm002694976,0.005739,0.005522489547729492
agm001103417,0.021404,0.06895431876182556
agm001197863,0.004818,-0.0020143836736679077
agm003195553,0.00096,-0.00144881010055542
agm003194355,0.052602,0.006080612540245056
agm001116590,0.00119,0.013376206159591675
agm002184773,0.012701,0.3189394176006317
agm004973629,1.304993,0.09161674976348877
agm003765446,0.00053,0.00612582266330719
agm003186613,0.002179,0.0010157562792301178
agm002160906,0.001048,-0.0030863136053085327
agm003187650,0.004154,0.014073193073272705
agm002342633,0.004998,-0.012300871312618256
agm002167630,0.005386,0.004399746656417847
agm003624524,0.029424,0.002970069646835327
agm002342721,0.00886,0.01055927574634552
agm003616314,0.024866,0.0002646893262863159
agm002164715,0.003869,0.0011920332908630371
agm001850914,0.001203,-0.0072639696300029755
agm001228453,0.006779,-0.0017736256122589111
agm001306784,0.03028,0.03323270380496979
agm002135595,0.002442,-0.002837926149368286
agm002137491,0.005168,-0.008868880569934845
agm001284862,0.003345,-0.007180795073509216
agm002699595,0.003552,-0.0029009580612182617
agm003192667,0.042098,0.007474794983863831
agm003264042,0.001349,0.00026820600032806396
agm002694512,0.073228,0.004818767309188843
agm001265081,0.000169,-0.0078036002814769745
agm002201284,0.00095,0.2521418333053589
agm003290631,0.000924,-0.001607842743396759
agm002327548,0.012794,0.023809850215911865
agm001304857,0.01568,-0.006790764629840851
agm003173994,0.002758,0.012192189693450928
agm001359996,0.005609,0.004394590854644775
agm005113874,1.147898,0.33974701166152954
agm001229002,0.002778,0.005967974662780762
agm001100412,0.004468,-0.006171762943267822
agm001130172,0.011087,0.010791905224323273
agm001612096,0.001237,0.01602187752723694
agm003186636,0.007453,0.0016582496464252472
agm003160747,0.001467,0.009479433298110962
agm005113230,0.001867,-0.007118877023458481
agm002168208,0.000208,0.007013440132141113
agm001341215,0.008861,0.015282899141311646
agm001850568,0.036418,-0.003271736204624176
agm002491219,0.000962,0.023807033896446228
agm003262771,0.002073,0.013955622911453247
agm002133544,0.012421,-0.0003374814987182617
agm001268918,0.002704,0.0021841786801815033
agm001846935,0.001714,0.0006517581641674042
agm002190592,0.000414,0.0056726038455963135
agm002291039,0.013906,0.12958721816539764
agm005111538,0.008356,0.0006028860807418823
agm002178335,0.007189,0.020940959453582764
agm003434338,0.023067,-0.008985087275505066
agm002633556,0.002267,0.02076515555381775
agm001179877,0.005877,0.0004279911518096924
agm003169087,0.03972,-0.00956515222787857
agm003160819,0.002567,0.0013328492641448975
agm002137200,9e-06,0.008373364806175232
agm003435714,0.002224,-0.00024947524070739746
agm002219874,0.007277,0.0031565725803375244
agm001282989,0.001002,0.015076011419296265
agm002287105,0.048289,0.0134735107421875
agm002140083,0.000219,0.0007190406322479248
agm003195576,0.002238,0.018884241580963135
agm002242485,0.00121,0.013563122600317001
agm003187501,0.005394,0.01114710420370102
agm001116342,0.011428,0.0027704834938049316
agm003264865,0.009599,0.01994556188583374
agm002738486,0.025082,-0.0052802786231040955
agm001308807,0.001709,0.015323862433433533
agm002279306,0.003237,0.0007779225707054138
agm002137557,0.00074,-0.01745789498090744
agm002342808,0.01192,0.015351429581642151
agm002195919,0.026993,0.0059539079666137695
agm003093841,0.001833,0.001702621579170227
agm001144266,0.01321,0.02136765420436859
agm002632090,0.001041,-0.002405121922492981
agm001171343,0.016699,0.004888691008090973
agm001223260,0.001065,0.006175115704536438
agm003160663,0.002448,-0.019440598785877228
agm001100259,0.004568,-0.004412226378917694
agm002218612,0.00165,0.006340488791465759
agm002151889,0.002682,0.009234830737113953
agm001917514,0.001385,0.014759980142116547
agm002134255,0.01148,0.01168312132358551
agm003416676,0.001816,-0.007565438747406006
agm002178004,0.003242,0.022873982787132263
agm002695112,0.049345,0.006235480308532715
agm001261217,0.008278,0.018135301768779755
agm002157516,0.045409,0.0024427175521850586
agm003438695,0.011318,0.01896921545267105
agm002140594,0.016859,0.031318873167037964
agm003187340,0.004289,0.0017986893653869629
agm003192177,0.000938,0.0014027655124664307
agm003636382,0.03663,-0.007696717977523804
agm003633246,0.002311,-0.00946044921875
agm002178149,0.000725,-0.004760034382343292
agm001114345,0.01309,0.0017956942319869995
agm002354582,0.002328,0.005736853927373886
agm003160326,0.011231,0.01086464524269104
agm002327609,0.013526,0.012541912496089935
agm003195285,0.001444,0.017558321356773376
agm001267627,0.01036,0.019205331802368164
agm002248970,0.00634,-0.0024868249893188477
agm003434169,0.000173,0.017142169177532196
agm003263695,0.006668,-0.0011834055185317993
agm002242664,0.016772,-0.007448822259902954
agm002691851,0.046359,0.005637940019369125
agm002205934,0.000701,0.02741403505206108
agm003201208,0.003324,0.010869823396205902
agm002075370,0.013537,0.21785211563110352
agm002092072,2e-05,-1.8775463104248047e-05
agm001205522,0.000721,-0.0028377994894981384
agm002219648,0.003001,0.0022735074162483215
agm003754360,0.014985,0.008982937783002853
agm002359274,0.005295,-0.015583127737045288
agm001115149,0.00195,0.0008374154567718506
agm003823996,0.001034,0.013258203864097595
agm003187788,0.003531,-0.006664149463176727
agm003420538,0.004448,0.01740086078643799
agm003439791,0.000833,-0.003345213830471039
agm002190823,0.002203,0.0003014206886291504
agm002925252,0.002157,0.610651969909668
agm003437823,0.005743,0.005341440439224243
agm003163093,0.008713,0.0035818591713905334
agm002375703,0.006305,0.014055058360099792
agm001115702,0.002038,-0.006399378180503845
agm003183202,0.004001,0.02492167055606842
agm001259558,0.03257,0.0048202574253082275
agm002138512,0.004179,0.013956308364868164
agm003772168,0.000974,0.029446974396705627
agm003202384,0.000765,0.011069238185882568
agm002925338,0.000992,0.007360149174928665
agm003437809,0.001469,0.011736087501049042
agm004965209,0.001226,1.449515700340271
agm003161000,0.001188,0.0021325349807739258
agm002690920,0.005687,0.004091508686542511
agm002032860,0.007805,0.014107361435890198
agm003264412,0.013648,0.004736743867397308
agm001614501,0.003296,0.023887410759925842
agm003439645,0.003526,-0.009637713432312012
agm003261023,0.002244,0.01688477396965027
agm003263119,0.002566,0.010582655668258667
agm002284660,0.012702,0.09913349151611328
agm003771448,0.000594,1.195073127746582e-05
agm002291791,0.005719,0.018398012965917587
agm003470434,0.003601,2.7901687622070312
agm003260621,0.005548,-0.0023505426943302155
agm002925344,0.008155,0.15633663535118103
agm002178749,0.022554,0.02989731729030609
agm001184262,0.003861,0.0008680373430252075
agm002186568,0.006831,-0.014569252729415894
agm002744209,0.006358,0.005861192941665649
agm002188471,0.000714,0.005539238452911377
agm002195448,0.006592,0.0063688308000564575
agm002290554,0.000874,0.3456650674343109
agm003273188,0.004401,0.024673864245414734
agm002190760,0.002858,0.013607829809188843
agm003157847,0.004743,0.03215858340263367
agm002858190,0.004731,0.13640588521957397
agm003160530,0.001442,0.004765242338180542
agm003199427,0.012177,0.0018709748983383179
agm005107333,0.225939,0.028238773345947266
agm003195954,0.003971,0.02544534206390381
agm003187020,0.008229,0.006179772317409515
agm002156411,0.054941,-0.004028394818305969
agm003774781,0.002194,-0.0003253817558288574
agm003627416,0.004133,0.0023586079478263855
agm001138840,0.001675,0.01293935626745224
agm003770378,0.001436,-0.0036793649196624756
agm003157821,0.014828,0.002040453255176544
agm001286779,0.057017,0.002755001187324524
agm002166960,0.001301,0.006728649139404297
agm003261155,0.010274,-0.0009137168526649475
agm001115168,0.003931,0.006431370973587036
agm001934385,0.001864,-0.009242817759513855
agm002153915,0.003747,0.0054371654987335205
agm003183659,0.004864,-0.0055512189865112305
agm001217806,0.00062,-1.1980533599853516e-05
agm003263937,0.002584,-0.0015246793627738953
agm003436295,0.003771,-0.00238761305809021
agm002258715,0.001432,0.007092874497175217
agm002945981,0.019166,-0.0020713210105895996
agm003278481,0.000103,-0.0012272335588932037
agm003186233,0.004578,0.0014849118888378143
agm003771397,0.000667,0.0005216300487518311
agm002295204,0.014132,0.0030120909214019775
agm003406535,0.00714,-0.016117624938488007
agm002139855,0.003331,-0.004701383411884308
agm001613420,0.005583,0.012814357876777649
agm002178695,0.025171,-0.011169791221618652
agm002334805,0.003698,0.007927745580673218
agm001196458,0.001153,-0.0020878463983535767
agm003177992,0.005542,-0.010899722576141357
agm003139380,0.411547,0.04083292931318283
agm001614657,0.003583,0.09201297163963318
agm003177853,0.015839,0.00021472573280334473
agm002184108,0.000188,-0.000492490828037262
agm001280524,0.000674,0.006897687911987305
agm005203285,0.012293,0.23461543023586273
agm001610818,0.002183,0.0024300217628479004
agm003165326,0.001228,-0.006003886461257935
agm003203614,0.001674,0.0038692429661750793
agm002178835,0.022093,-0.009425349533557892
agm001637483,0.00211,-0.01291540265083313
agm001233452,0.006513,-0.0009175688028335571
agm003627907,8.8e-05,0.006284147500991821
agm001280571,0.014533,-0.007187932729721069
agm001628388,0.002772,0.009994510561227798
agm001933956,0.002322,0.003131285309791565
agm001099880,0.00721,-0.009827524423599243
agm003712404,0.001961,-0.011094614863395691
agm003435760,0.001935,0.005402296781539917
agm003164923,0.002582,0.0010756999254226685
agm001116484,0.002287,0.0013779103755950928
agm002389116,0.000999,1.4617667198181152
agm002163779,0.005386,0.6950933933258057
agm002164920,0.005746,-0.021672755479812622
agm002191330,0.00114,0.007582709193229675
agm003273124,0.004949,-0.002919502556324005
agm001294410,0.016321,0.00407719612121582
agm005106618,0.003263,-0.011509418487548828
agm001115662,0.001863,0.011327415704727173
agm003183337,0.000746,-0.0014512240886688232
agm003297806,0.000235,0.0016890913248062134
agm002192431,0.013573,-0.009286627173423767
agm003165918,0.000963,-0.005989447236061096
agm004453145,0.003631,0.015178173780441284
agm002145855,0.003362,0.020337611436843872
agm002923790,0.000723,0.04219922423362732
agm003195005,0.001329,-0.008726943284273148
agm001149779,0.001601,0.0017728954553604126
agm003262725,0.010612,0.015913456678390503
agm001125707,0.006187,0.0010909661650657654
agm002188816,0.003027,-0.0004156529903411865
agm003187562,0.003987,0.0011779367923736572
agm003190891,0.002148,0.012763947248458862
agm001228284,0.002117,0.004265278577804565
agm003438161,0.000461,0.0038742199540138245
agm003299147,0.000683,6.154179573059082e-05
agm003182014,0.005336,0.0071252137422561646
agm001618437,0.003783,0.007294505834579468
agm001416162,0.001541,-0.0036520063877105713
agm003188887,0.000975,-0.003751128911972046
agm003198106,0.001127,-0.0003797560930252075
agm003165927,0.001576,-0.010248392820358276
agm001615829,0.005656,0.08510720729827881
agm003258388,0.005559,0.02323085069656372
agm003183322,0.007016,-0.00034990906715393066
agm003165804,0.001914,-0.006187461316585541
agm002666214,0.000942,0.006108365952968597
agm003161406,0.000425,-0.0013058632612228394
agm002087961,0.004701,0.0023383349180221558
agm002744542,0.004984,0.003705233335494995
agm003165334,0.003208,-0.002325892448425293
agm003297167,0.002751,0.013955622911453247
agm002322175,0.002815,0.012928992509841919
agm003184803,0.022629,-0.005770832300186157
agm001619562,0.001541,-6.791949272155762e-05
agm003157745,0.013915,-0.005303800106048584
agm002701848,0.005746,-0.000655829906463623
agm003298258,0.001795,0.0037908852100372314
agm003185990,0.00207,0.0037007853388786316
agm001229358,0.002443,-0.02080434560775757
agm001417193,0.001821,0.0013800635933876038
agm003165792,0.001173,-0.0037762820720672607
agm001259692,0.000254,-0.0012277960777282715
agm001116650,0.001435,0.0036625713109970093
agm001626027,0.004867,0.033003538846969604
agm001851609,0.002007,0.0027441978454589844
agm003165922,0.001635,-0.0061248838901519775
agm002495471,0.015809,0.037735506892204285
agm001619561,0.005905,0.01567932963371277
agm004377652,0.003814,-0.009469091892242432
agm001618795,0.002072,-0.0024500787258148193
agm001640029,0.006567,-0.006852880120277405
agm001214885,0.00351,0.01287660002708435
agm001228305,0.00307,0.00272563099861145
agm003273573,0.008423,-0.006845980882644653
agm003198810,0.005118,0.009617835283279419
agm004288380,0.002091,0.003720805048942566
agm003298741,0.001501,0.004444807767868042
agm005203280,0.009307,0.3805519938468933
agm003183319,0.00138,0.004943132400512695
agm003158243,0.001754,-0.014394693076610565
agm005182267,0.001076,0.005170173943042755
agm003187132,0.000689,-0.015219822525978088
agm005203284,0.005507,0.11959606409072876
agm003159769,0.001979,-0.006093308329582214
agm003159960,0.001691,-0.006043612957000732
agm001115836,0.004027,0.008768990635871887
agm001628333,0.001564,0.009506314992904663
agm002026447,0.00326,-0.001507192850112915
agm003162635,0.000184,-0.004929780960083008
agm003175850,0.004385,0.006632134318351746
agm003158378,0.000709,-0.004033811390399933
agm001228295,0.001137,-0.00264546275138855
agm001628498,0.002045,0.034006088972091675
agm002200607,0.002658,-0.006581798195838928
agm001228987,0.001118,0.005832761526107788
agm001199006,0.001668,0.005147367715835571
agm001614470,0.003459,-0.0028018951416015625
agm001618637,0.000371,0.006227362900972366
agm003273421,0.002247,0.003267090767621994
agm001192185,0.014286,-0.032423026859760284
agm001115642,0.00338,0.008996158838272095
agm001851657,0.001338,0.006424516439437866
agm001076089,0.014389,0.3669903874397278
agm003186080,0.005673,-0.004204303026199341
agm002940084,0.018683,-0.00012096762657165527
agm003290657,0.005105,0.008279234170913696
agm003185583,0.001307,0.0021918118000030518
agm002197409,0.005136,0.00675007700920105
agm001830323,0.029305,0.011716067790985107
agm003174889,0.001143,-0.00664081797003746
agm003562795,0.001917,0.04586021602153778
agm003435730,0.001294,-0.004153460264205933
agm003204439,0.022269,0.03164061903953552
agm002363645,0.008785,0.20921415090560913
agm002145055,0.00122,-0.006659030914306641
agm002225655,0.00698,0.009652853012084961
agm003169123,0.001395,0.002766735851764679
agm002186862,0.001486,0.0037095248699188232
agm002196524,0.000851,0.0064263716340065
agm002924421,0.001698,0.0888216644525528
agm003158303,0.001162,0.01873868703842163
agm003174317,0.001546,-0.0013688504695892334
agm003190692,0.027966,0.013297155499458313
agm002358386,0.001507,0.009168371558189392
agm003193007,0.000746,-0.00036443769931793213
agm003264046,0.001225,0.0012692511081695557
agm001192156,0.004059,-0.003094688057899475
agm001614380,0.00483,0.013019256293773651
agm001613409,0.005599,0.0051903873682022095
agm001907151,0.010488,0.005935452878475189
agm002753827,0.004051,0.0016373693943023682
agm001417289,0.001356,-0.004219125956296921
agm001614513,0.003412,-0.010493963956832886
agm002159080,0.001856,-0.0015219077467918396
agm002693565,0.011213,-0.005775749683380127
agm001613406,0.001533,0.030049219727516174
agm002183874,0.002124,0.0012739598751068115
agm003622224,0.002021,-0.0014215856790542603
agm003168357,0.002257,0.03931991755962372
agm003771988,0.001356,0.0038832128047943115
agm002134771,0.001967,0.004088476300239563
agm002157868,0.019186,-0.0028402358293533325
agm003201119,0.005847,0.01058235764503479
agm002697896,0.079286,0.023037925362586975
agm003766918,0.001969,-0.007526040077209473
agm002494612,0.103922,0.004503712058067322
agm003161293,0.026508,0.01866465061903
agm003183751,0.00883,0.0016950592398643494
agm003262919,0.009745,0.002578824758529663
agm001272854,0.005058,0.00462738424539566
agm003298986,0.01784,0.0037339776754379272
agm003168501,0.00017,0.0501689612865448
agm002536857,0.002498,0.005692437291145325
agm001356043,0.015885,0.0017520561814308167
agm002191285,0.006963,-0.004550546407699585
agm002094142,0.005546,0.004529476165771484
agm001196552,0.023443,0.007135272026062012
agm002330471,0.00061,0.022534560412168503
agm001312509,0.000403,-0.0037498995661735535
agm003194226,0.00237,0.0005071908235549927
agm001179882,0.000849,0.015866249799728394
agm002178238,0.049068,0.0062389075756073
agm003614525,0.005813,-0.0009368062019348145
agm001649890,0.003149,0.012864883989095688
agm003479248,0.001412,0.0049228668212890625
agm001148026,0.002778,0.017864026129245758
agm001620094,0.001349,0.02329784631729126
agm002168850,0.004164,0.016057848930358887
agm001335457,0.003615,0.007979832589626312
agm003192647,0.000891,0.008378863334655762
agm001135226,0.004821,0.005523093044757843
agm002164867,0.003786,0.012752313166856766
agm002700058,0.004632,0.009366706013679504
agm002158046,0.021289,0.0018456429243087769
agm003195412,0.00123,-0.0032947957515716553
agm001610592,0.008941,0.020487595349550247
agm002026432,0.006954,0.002280712127685547
agm001946157,0.003195,-0.049687281250953674
agm002196494,0.018734,-0.010064184665679932
agm001620947,0.017855,0.04009371995925903
agm001313378,0.00378,-0.011019088327884674
agm002160942,0.003021,0.023681342601776123
agm001617129,0.007596,-0.039619192481040955
agm002287115,0.016553,0.017706159502267838
agm003199982,0.004496,0.020313918590545654
agm001214526,7.2e-05,0.0007479190826416016
agm003197947,0.00601,0.08107668161392212
agm003436302,0.001298,-0.0035097599029541016
agm001155273,0.003358,0.010486260056495667
agm001136457,0.002226,0.0018716417253017426
agm005103457,0.003192,0.005665123462677002
agm001308927,0.001842,-0.003117173910140991
agm002134662,0.008588,0.0045226216316223145
agm001413469,0.007614,0.005912721157073975
agm003299292,0.001972,0.012170374393463135
agm003427049,0.001128,-0.003242187201976776
agm002164295,0.000761,0.049680810421705246
agm001116631,0.000483,-0.005284726619720459
agm002239979,0.012812,0.016150251030921936
agm001135459,0.003818,0.001896873116493225
agm002367842,8e-06,0.005494594573974609
agm002292191,0.000226,0.023794330656528473
agm002257450,0.000597,0.005441345274448395
agm001213416,0.003009,0.0006404221057891846
agm001197829,0.002026,0.012300997972488403
agm002138131,0.002938,0.014467358589172363
agm001612415,0.003882,-0.033851563930511475
agm002360225,0.005317,0.005207061767578125
agm003627810,0.000697,0.00037541985511779785
agm001623291,0.000941,0.0381753072142601
agm002691684,0.004366,0.000661998987197876
agm002225195,0.004911,0.005296386778354645
agm001134934,0.001638,0.0010274946689605713
agm003435722,0.004492,0.0022902339696884155
agm001620161,0.002666,0.0034241527318954468
agm003186119,0.000409,-0.006726861000061035
agm003166239,0.002043,0.009843587875366211
agm001115283,0.004452,0.00821581482887268
agm001614571,0.00513,0.011798810213804245
agm003613899,0.003191,0.06296446919441223
agm002286495,0.00676,0.013574808835983276
agm003278505,0.004464,0.008750125765800476
agm002747442,0.002426,-0.014758899807929993
agm005023163,0.002642,-0.02275872230529785
agm001293109,0.220024,-0.001585245132446289
agm003157464,0.023164,-0.005312323570251465
agm001116539,0.001874,0.006299212574958801
agm003187680,0.001765,-0.0006056353449821472
agm003774806,0.002991,-0.004852578043937683
agm003188474,0.001501,0.0006345361471176147
agm002232744,0.000882,0.011167913675308228
agm002184029,0.001622,-0.000623650848865509
agm001341153,0.839483,0.005289789289236069
agm003261506,0.001225,-0.0036478638648986816
agm001613621,0.002227,-0.010543324053287506
agm003201345,0.00501,-0.0006359368562698364
agm005103576,0.000464,0.010714948177337646
agm002140511,0.002083,0.011561915278434753
agm003435942,0.007387,0.004087567329406738
agm003186995,0.003787,-0.003300480544567108
agm003161629,0.011009,0.006629720330238342
agm001414224,0.017546,0.04406364634633064
agm002350193,0.006462,-0.00668218731880188
agm002157577,0.021264,0.01665724813938141
agm002158905,0.00192,0.3797552287578583
agm001230208,0.008854,0.0031516849994659424
agm001304854,1e-06,-0.0067848265171051025
agm003192203,0.001832,-0.0011843107640743256
agm002342861,0.000863,0.00021129846572875977
agm002161557,0.013561,-0.0003406889736652374
agm002158226,0.001891,0.013344570994377136
agm001224056,0.003642,0.0008502751588821411
agm002137013,0.000614,0.03125615417957306
agm002250840,0.010531,0.002986699342727661
agm002160151,0.005261,0.012393355369567871
agm003299758,0.009751,0.011845581233501434
agm001614575,0.001271,0.003730103373527527
agm001136741,0.005482,0.006978362798690796
agm003195118,0.005698,0.009978562593460083
agm003168899,0.015269,0.011482320725917816
agm003185701,0.001402,0.0065667033195495605
agm002176891,0.001304,0.05037473142147064
agm002201290,0.000126,0.49728521704673767
agm002184768,0.004128,0.013055630028247833
agm001217047,0.002769,0.0008431673049926758
agm002153183,0.013451,-0.010036066174507141
agm003269235,0.052796,-0.002986729145050049
agm002292114,0.013108,0.01195596158504486
agm001827689,0.001298,-0.0019149184226989746
agm001135188,0.00162,-0.0022862255573272705
agm001212472,0.007062,0.008156973868608475
agm002494267,0.005826,0.024687737226486206
agm003184779,0.002248,0.0005983710289001465
agm001258773,0.017056,0.021072864532470703
agm002232595,0.000963,0.014133810997009277
agm003182150,0.009312,0.007507264614105225
agm001228308,0.0012,-0.01178044080734253
agm003187098,0.002994,-0.0002847053110599518
agm003166184,0.001047,0.00820157676935196
agm000999997,0.017505,0.012864917516708374
agm001134933,0.00628,0.00254097580909729
agm002164859,1.895683,-0.0018248669803142548
agm002201374,0.002532,0.004064638167619705
agm002138793,0.002886,0.034489184617996216
agm001223104,0.001142,-0.0012661069631576538
agm003186895,0.001243,0.0012628287076950073
agm002668839,0.002071,0.02468492090702057
agm001115727,0.004819,0.00935983657836914
agm001294295,0.002048,0.010622650384902954
agm001620490,0.013721,-0.028829120099544525
agm002494755,0.07066,-0.007696375250816345
agm003191627,0.009006,-0.004779040813446045
agm001312428,0.031168,0.0058786943554878235
agm003204349,0.020455,0.014031358063220978
agm001228275,0.002417,0.003058820962905884
agm002178880,0.027224,0.06869450956583023
agm002394569,0.004282,-0.02682286500930786
agm001198636,0.003391,0.04981127381324768
agm002199791,0.012745,-0.0217776820063591
agm002936535,0.001246,0.021469712257385254
agm001171344,0.001816,0.025876477360725403
agm002367070,0.006115,0.01848435401916504
agm001148065,0.000326,0.00024205446243286133
agm001389740,0.015449,0.0111372210085392
agm001611018,0.001098,-0.0022966712713241577
agm002655952,0.012373,0.003168255090713501
agm002285915,0.009654,-0.005248822271823883
agm002677809,0.017965,0.021816566586494446
agm003439644,0.002162,-0.004086494445800781
agm002177032,9.7e-05,0.009089797735214233
agm003157177,0.003236,0.008470416069030762
agm003202138,0.007559,0.029646873474121094
agm002339945,0.004304,-0.0064466893672943115
agm003203527,0.016706,0.019946545362472534
agm002137577,0.002931,0.0036484338343143463
agm002694986,0.01298,-0.004498310387134552
agm002177813,0.006461,0.03447401523590088
agm002691981,0.003694,0.005349501967430115
agm003439311,0.001195,0.0005198866128921509
agm003416160,0.005106,-0.007575511932373047
agm003436293,0.000406,0.0008495599031448364
agm003439304,0.005549,-0.003822028636932373
agm002487168,0.00142,0.03452415019273758
agm002134137,0.001627,0.010155566036701202
agm002168887,0.007549,0.011234372854232788
agm002184944,0.003432,0.008252378553152084
agm002737033,0.00244,-0.0011176615953445435
agm002367811,0.001328,0.01669737696647644
agm002183904,0.003212,0.002365466207265854
agm003185361,0.009662,0.005123570561408997
agm003614521,0.001285,0.00656774640083313
agm001115620,0.001727,-0.008426517248153687
agm001620480,0.013639,0.007819607853889465
agm003184457,0.017324,0.003979489207267761
agm001613630,0.001009,-0.004176795482635498
agm003157705,0.000472,0.0038314834237098694
agm002137562,0.002027,0.008673891425132751
agm001835752,0.003997,0.008263468742370605
agm002694768,4e-06,0.0021779388189315796
agm002137199,0.009227,-0.0055090636014938354
agm002192453,0.004405,-0.008149199187755585
agm003160621,0.05411,0.024205893278121948
agm002367410,0.00115,-0.002895653247833252
agm003184824,0.012588,-0.005291208624839783
agm001186139,0.003622,0.00761856883764267
agm003719845,0.000319,-0.015770435333251953
agm003202028,0.01076,0.011323720216751099
agm001259593,0.007629,0.005991905927658081
agm003435919,0.001862,0.0055197179317474365
agm002910849,0.0,0.015511669218540192
agm001231809,0.001062,0.008985787630081177
agm002491697,0.007197,-0.01250237226486206
agm002158105,0.000611,-0.011984631419181824
agm003437123,0.000666,-0.001167982816696167
agm003280996,0.014668,-0.002301737666130066
agm001258236,0.00365,0.02684091031551361
agm003184578,0.000771,-0.006024911999702454
agm002923850,0.004764,-0.008422605693340302
agm001310506,0.002322,-0.004487127065658569
agm001116596,0.004642,0.0059006065130233765
agm002925293,0.004486,-0.012323781847953796
agm003278482,0.003975,-0.006268125027418137
agm001294503,0.009266,-0.0003270655870437622
agm001851557,0.004946,0.0034391433000564575
agm005113338,0.003021,-0.005393773317337036
agm001829287,0.00201,-0.0008244439959526062
agm001115171,0.013319,0.0003085881471633911
agm002294880,0.004066,0.014762639999389648
agm002135615,0.000993,0.003091365098953247
agm002342496,1e-06,-0.009778998792171478
agm002224121,0.014407,0.02619285136461258
agm003191159,0.009816,0.004962027072906494
agm003436028,0.005216,-0.0037713944911956787
agm002326361,0.011519,0.01603008806705475
agm002698393,0.003051,-0.00731930136680603
agm001620162,0.001186,0.005194053053855896
agm003437236,0.003821,0.010433964431285858
agm002323077,0.004619,0.004304904490709305
agm001612144,0.008045,0.12418718636035919
agm001335597,0.003736,0.0023092329502105713
agm001223045,0.001839,-0.0005654022097587585
agm002145207,0.004227,0.007307782769203186
agm002634495,0.003605,0.00018849968910217285
agm002496499,0.01845,-0.00757816806435585
agm003187696,0.004906,0.0018440783023834229
agm003264937,0.001466,0.005717933177947998
agm003624511,0.013694,0.0015082508325576782
agm001212004,0.0142,-0.0015970580279827118
agm001618384,0.000943,-0.011326372623443604
agm003198164,0.003769,4.394352436065674e-05
agm002194157,0.003825,-0.00026798248291015625
agm003186639,0.018344,-0.02089238166809082
agm003190809,0.002266,0.003177657723426819
agm002121713,0.006475,-0.004854142665863037
agm001214367,0.032899,-0.0016283392906188965
agm001614391,0.002167,-0.012082904577255249
agm001618513,0.001203,0.026514500379562378
agm003297369,0.001625,0.00328952819108963
agm003159946,0.002632,0.009573504328727722
agm002196556,0.001556,0.003429889678955078
agm001136880,0.005864,0.001375049352645874
agm001115791,0.003437,0.007532715797424316
agm001197807,0.004855,-0.0006636679172515869
agm001809584,0.006696,-0.0013516247272491455
agm003765893,0.001115,0.004447609186172485
agm003203604,0.00105,-0.0016897767782211304
agm001229302,0.002376,0.01655738055706024
agm003204348,0.040527,-0.00018251687288284302
agm001362329,0.003906,-0.010548986494541168
agm001341699,0.002879,0.00047650933265686035
agm001229247,0.00277,-0.0011025965213775635
agm003636381,0.005702,0.002874627709388733
agm001614541,0.002364,0.010538846254348755
agm003597901,0.024439,0.12589353322982788
agm003163614,0.013514,0.01561097800731659
agm003196309,0.001308,0.011458717286586761
agm003765432,0.000917,-0.007299348711967468
agm002350197,0.003298,0.01426522433757782
agm003192101,0.001746,0.007283881306648254
agm003264881,0.008764,0.003511972725391388
agm002322068,0.001765,0.021152019500732422
agm001280839,0.008222,0.006451025605201721
agm003203394,0.002043,0.015343736857175827
agm002329048,0.005476,0.0012919604778289795
agm001344393,0.001097,0.008785039186477661
agm001615564,0.02194,0.021929681301116943
agm001136489,0.002624,-0.0007446222007274628
agm003771885,0.004027,-3.978610038757324e-05
agm003197109,0.007214,0.018193304538726807
agm002136755,0.034595,0.018410012125968933
agm001615752,0.000372,0.03369712084531784
agm001647202,0.003657,0.019340187311172485
agm001214613,0.000853,0.0028055384755134583
agm003188141,0.00749,-0.00141105055809021
agm002138817,0.001891,0.009658992290496826
agm003201992,0.002239,0.012232452630996704
agm003198220,0.00868,-0.0004912465810775757
agm001191800,0.002124,-0.003032870590686798
agm001282964,0.00516,-0.006608515977859497
agm003626722,0.001918,0.013387326151132584
agm003161467,0.010128,0.05579067021608353
agm005106711,0.0011,0.02408948540687561
agm002200841,0.003591,0.21319642663002014
agm003762628,0.00137,0.03709990531206131
agm001121066,0.000104,-0.0038464367389678955
agm001136832,0.002521,-0.011636808514595032
agm001305331,0.0225,-0.0014075934886932373
agm003186746,0.016911,-0.0145195871591568
agm003298120,0.000391,-0.0005967617034912109
agm002075375,2e-06,0.11124488711357117
agm002492832,0.030206,0.028723210096359253
agm002161446,0.002543,0.005210995674133301
agm002190611,0.001368,0.004810929298400879
agm003270975,0.008567,0.03153470903635025
agm003188576,0.0551,-0.0027960240840911865
agm001851372,0.012696,0.020911812782287598
agm003192850,0.018044,0.02537722885608673
agm003198347,0.00089,-0.001977473497390747
agm002377240,0.012837,-0.003860294818878174
agm003201334,0.000728,-0.0011841058731079102
agm001121192,0.002911,0.018739134073257446
agm001134857,0.001338,0.00012026727199554443
agm002325337,0.012148,0.002467632293701172
agm003559561,0.002973,-0.001520693302154541
agm002285266,0.021632,0.7175973653793335
agm005115284,0.001299,-0.007792294025421143
agm001292485,0.229534,0.024806350469589233
agm002192139,0.004397,-0.013088464736938477
agm002342859,0.003058,-0.00532945990562439
agm003439327,0.006211,-0.0102572962641716
agm002138858,0.000231,-0.001285746693611145
agm003191976,0.013124,-0.0024320781230926514
agm003407418,0.000632,-0.010488450527191162
agm001053505,0.000992,0.0018277913331985474
agm003160979,0.002151,-0.007086850702762604
agm002925109,0.000466,0.013822168111801147
agm002194257,0.000724,-0.0033241957426071167
agm003263415,0.006937,0.010932445526123047
agm001367113,0.003922,-0.0024876780807971954
agm002925724,0.00302,-0.01568586379289627
agm001214523,0.004956,0.0011422410607337952
agm002219290,0.006991,-0.005633056163787842
agm002693682,0.018493,0.0019353628158569336
agm002326357,0.000429,0.006347592920064926
agm002161125,0.008624,-0.005134701728820801
agm002167486,0.001523,0.0006138235330581665
agm001149749,0.001574,-0.001364484429359436
agm001232472,0.005259,0.008048057556152344
agm001149804,8e-05,0.0013175904750823975
agm002192081,0.000213,0.010071471333503723
agm001280572,0.005728,0.003619968891143799
agm003192949,0.002762,-0.004738800227642059
agm003264161,0.015378,-0.0006683655083179474
agm001192615,0.000773,0.00813022255897522
agm003186640,0.012949,0.0007453709840774536
agm002359845,0.001577,0.014087207615375519
agm001196601,0.001646,-0.0021273940801620483
agm003762352,0.000241,0.00878879427909851
agm001213573,0.024151,0.0063590556383132935
agm002925733,0.002245,0.007280297577381134
agm002925865,0.001198,0.003290221095085144
agm003191646,0.018136,0.007711306214332581
agm003190310,0.003687,0.00838395208120346
agm003176363,0.008874,0.019298523664474487
agm002279336,0.006521,0.0405028834939003
agm003287294,0.003958,-0.021851353347301483
agm003199688,0.007423,-0.0026244856417179108
agm003161307,0.006155,0.0033526569604873657
agm001214324,0.001704,-0.00539708137512207
agm002491070,0.022912,0.11052969098091125
agm003202773,0.000568,0.008864551782608032
agm001615754,0.00422,0.030526399612426758
agm001316704,0.000988,-0.0002900436520576477
agm001620222,0.009987,0.01168019324541092
agm003186172,0.004057,0.0038239583373069763
agm001211419,0.001267,-0.004754532128572464
agm003435705,0.000385,0.008999258279800415
agm001125180,0.006628,0.02432941645383835
agm003160824,0.007091,0.010555759072303772
agm003165681,0.003243,0.004698127508163452
agm001340853,0.002805,-0.002776920795440674
agm002219359,0.007117,-0.0114007368683815
agm003290414,0.002819,0.0025354325771331787
agm002184266,0.041631,0.008293762803077698
agm002340298,0.002132,-0.01326451450586319
agm001196460,0.002843,0.0005208104848861694
agm001224847,0.008877,0.0016203522682189941
agm003190916,0.005357,0.019855618476867676
agm001612095,0.00264,0.033880919218063354
agm003191030,0.001662,-0.005031760782003403
agm001284804,0.016631,0.011023815721273422
agm003638142,0.001042,-0.0058855824172496796
agm001198880,0.00761,-0.002101615071296692
agm003261839,0.005832,-0.005204290151596069
agm002158218,0.001049,-0.014774903655052185
agm001285953,0.012298,0.009056542068719864
agm002221461,0.003437,0.008861333131790161
agm003187911,0.004997,0.0012656301259994507
agm001311611,0.015483,0.005761235952377319
agm002946456,0.000337,-0.004207450896501541
agm002225780,0.00243,0.0006136000156402588
agm001115835,0.002113,0.011948227882385254
agm002153066,0.030623,0.031758978962898254
agm001228360,0.000958,0.007073104381561279
agm002159783,0.013122,0.0011091381311416626
agm001637193,0.005499,0.06462885439395905
agm001416938,0.001345,0.0025136172771453857
agm003258699,0.000612,0.0031300485134124756
agm002254727,0.008778,0.013312608003616333
agm001284783,0.063958,-0.009694423526525497
agm001121213,0.001635,-0.0033436566591262817
agm003172827,0.003134,-0.0028043389320373535
agm002184889,0.004287,0.00950746238231659
agm001261293,0.012851,0.0003232210874557495
agm003264107,0.00373,0.006931230425834656
agm001210972,0.016984,0.009094104170799255
agm001100406,0.00058,-0.006988257169723511
agm003269512,0.000631,0.002117253839969635
agm005108858,0.003453,0.012065187096595764
agm002144406,0.021949,-0.0011017471551895142
agm003158773,0.002705,0.005282416939735413
agm003157867,0.001143,0.05543994903564453
agm002218475,0.01181,0.0021389424800872803
agm003173246,0.005503,0.0049159228801727295
agm003194972,0.001215,0.018332112580537796
agm002218478,0.038844,0.013874553143978119
agm001954201,0.000571,0.0013357847929000854
agm002184681,0.017423,0.37653812766075134
agm002321992,0.00096,0.0023878514766693115
agm001308896,0.009288,4.897266626358032e-05
agm002190999,0.005897,0.020895332098007202
agm003186244,0.000322,-0.0065173134207725525
agm003263783,5.8e-05,-0.004275977611541748
agm001332481,0.000141,0.006299503147602081
agm001116890,0.001635,-0.00020009279251098633
agm005103985,0.006763,0.0010827183723449707
agm003598451,0.000993,0.016848556697368622
agm002099562,0.006929,0.003340691328048706
agm001615762,0.004838,0.02116897702217102
agm002187915,0.003902,0.0068534016609191895
agm002284033,0.002836,-0.013759911060333252
agm002177764,0.00171,-0.018397875130176544
agm001148228,0.001043,0.011303097009658813
agm002245850,0.002273,0.004679303616285324
agm002494198,0.002823,0.06337931752204895
agm003185978,0.00347,0.00317266583442688
agm001662985,0.00327,0.02289178967475891
agm002157884,0.003982,0.01059308648109436
agm001217030,0.000834,-0.008617043495178223
agm001113319,0.004363,0.0009579360485076904
agm001121875,0.001098,-0.006319060921669006
agm002166238,0.009557,0.7619483470916748
agm003263110,0.000717,-0.012254498898983002
agm001310276,0.040516,-0.0002098679542541504
agm002647168,0.011168,0.0022923126816749573
agm002925336,0.127214,0.09917952120304108
agm003168461,0.025141,0.014761928468942642
agm002558744,0.001991,-0.008660301566123962
agm001265006,0.001276,-0.021009020507335663
agm002323613,0.000728,0.004185095429420471
agm001100350,0.002133,-0.0016422420740127563
agm001319230,0.002663,0.01721295714378357
agm001191742,0.007707,0.012461334466934204
agm002836515,0.000561,-0.03009587526321411
agm003191212,0.002901,-0.0035353899002075195
agm003161369,0.008946,0.0029413998126983643
agm001341263,0.002745,0.012177243828773499
agm002861776,0.000204,0.7839576005935669
agm001115716,0.006968,-0.0005954205989837646
agm002202539,0.002858,-0.010766848921775818
agm002698969,0.005583,-0.008029162883758545
agm003177973,0.003465,9.140372276306152e-05
agm003413955,0.002857,-0.004120320081710815
agm001631144,0.00161,-0.014575809240341187
agm001630899,0.039258,0.002551823854446411
agm001615521,0.006532,0.0650457814335823
agm002695798,0.0,-0.0017359107732772827
agm001202879,0.001187,0.006883561611175537
agm003203196,0.003457,0.002279937267303467
agm003626439,0.002994,0.0007454752922058105
agm001309934,0.003576,-0.00396496057510376
agm003158098,0.005556,-0.004384726285934448
agm001213674,0.000453,0.0010570883750915527
agm001318407,0.003795,0.005475688725709915
agm001229994,0.004813,-0.0008178800344467163
agm002694982,0.041993,0.006220914423465729
agm001850592,0.000504,-0.0008159950375556946
agm001228279,0.001466,0.0007536113262176514
agm003435980,0.002992,-0.0022967159748077393
agm002345089,0.001718,-0.0019377171993255615
agm002859914,0.002818,0.23509624600410461
agm002196425,0.014747,0.03475670516490936
agm002252028,0.000315,0.00015994906425476074
agm001115134,0.003161,0.0071657150983810425
agm002938813,0.00667,0.007517710328102112
agm003169277,0.005332,-0.0011211484670639038
agm003309202,0.000452,0.017796218395233154
agm002355439,0.008299,0.0037581026554107666
agm001630063,0.002401,0.019977912306785583
agm003204378,0.002654,0.016711056232452393
agm003434572,0.014884,-0.014172032475471497
agm002110467,0.00017,0.3440296947956085
agm002196070,0.0179,0.011615529656410217
agm001619016,0.000926,0.01913769170641899
agm002190575,0.002472,-0.0020901262760162354
agm002140693,0.001696,-0.006788715720176697
agm001613587,0.002249,0.009254470467567444
agm001213666,0.003208,0.004461996257305145
agm002428964,0.000607,0.0025280192494392395
agm001614538,0.001182,0.045384347438812256
agm001361027,0.003191,-0.004675969481468201
agm003201812,0.001861,-0.008711010217666626
agm001229294,0.00103,0.012429922819137573
agm003161638,0.002783,-0.01576220989227295
agm002237317,0.005003,0.003336995840072632
agm001812977,0.015086,0.007014699280261993
agm001203891,0.003647,0.00480923056602478
agm002494266,0.006018,0.04280497878789902
agm001342806,0.747332,0.018831901252269745
agm002133740,0.001436,-0.0008554607629776001
agm002407903,0.012109,-0.004939436912536621
agm003435865,0.002471,0.004065155982971191
agm001247288,0.001711,0.0017206370830535889
agm003183689,0.003414,0.003321770578622818
agm001629023,0.015563,0.017265647649765015
agm002305056,0.009661,0.04272650182247162
agm005107553,0.00153,0.20855261385440826
agm002159896,0.009268,-0.0008445605635643005
agm001611005,0.000735,0.010622933506965637
agm001851374,0.002576,0.0005220770835876465
agm001191312,0.003541,0.0033934414386749268
agm001312468,0.005702,0.0024773329496383667
agm003201490,0.004827,-0.012366026639938354
agm002166069,0.003209,-0.007805142551660538
agm002300456,0.001533,0.013944599777460098
agm001115747,0.000716,-0.003840118646621704
agm001196238,0.002733,0.009073249995708466
agm003160619,1e-06,0.03351777046918869
agm003169460,0.001235,0.008577108383178711
agm003767257,0.001269,0.0012464970350265503
agm001620084,0.003075,0.008634176105260849
agm003183205,0.003678,0.02631188929080963
agm003160816,0.011281,0.023024573922157288
agm002367309,0.000834,0.009847939014434814
agm003394185,0.004026,0.016497015953063965
agm001229794,0.002629,-0.009412847459316254
agm001341865,0.031501,0.016016855835914612
agm003435932,0.002288,0.002180621027946472
agm005106377,0.028703,0.0371069610118866
agm001355889,0.000512,0.024012379348278046
agm003199662,0.004658,0.02727261185646057
agm002178037,0.002933,0.004314452409744263
agm001192155,0.017112,-0.006895735859870911
agm001113904,0.002605,0.0034164711833000183
agm003161201,0.005254,-0.0007818937301635742
agm003258560,2.486379,0.002478554844856262
agm001261127,0.001949,0.013014480471611023
agm003202109,0.025243,-0.008339598774909973
agm005107391,1.289865,0.014680132269859314
agm001610857,0.002221,-0.007107295095920563
agm003161595,0.004184,7.306039333343506e-05
agm002184114,0.004954,-0.014377102255821228
agm002184061,0.033463,0.001639973372220993
agm003194519,0.00414,0.0012347400188446045
agm003186595,0.000494,-0.005504816770553589
agm001640084,0.002443,0.15307405591011047
agm002240836,0.010304,-0.00741499662399292
agm003296429,0.002282,0.0077735185623168945
agm001316600,0.014009,0.002488914877176285
agm002158170,0.000953,0.006983734667301178
agm005109991,0.017876,-0.009172827005386353
agm003190139,0.001505,0.00033291056752204895
agm002735155,0.009892,-0.0008766651153564453
agm001148079,0.003465,0.00625881552696228
agm003203525,0.004638,0.006786517798900604
agm003204350,0.041155,0.0014370009303092957
agm003199983,0.003504,0.0063511282205581665
agm001311525,0.001274,-0.00031565502285957336
agm003434146,0.003428,0.00015798211097717285
agm002368861,0.001202,0.020126402378082275
agm001343906,0.002994,-0.006759084761142731
agm001284830,0.001892,-0.006424278020858765
agm003763929,0.000655,0.024063915014266968
agm001121549,0.005551,0.006582409143447876
agm002541286,0.001823,0.01715385913848877
agm002356140,0.001707,-0.002702191472053528
agm002325419,0.001639,-0.0029014497995376587
agm002140696,0.002172,0.015325568616390228
agm001292425,0.001928,0.010182172060012817
agm001359957,0.009458,-0.0008098334074020386
agm002196489,0.003571,0.003288865089416504
agm001380576,0.002056,0.02897888422012329
agm002176623,0.029394,-0.0014882981777191162
agm002314335,0.000674,-0.005003649741411209
agm003771449,0.000794,0.004721835255622864
agm003615668,0.004568,0.006915517151355743
agm002327373,0.000167,0.00940530002117157
agm003614559,0.002408,0.010163255035877228
agm002344659,0.012886,0.00016617774963378906
agm003469213,0.001774,0.7354269027709961
agm003288460,0.006483,0.03642668575048447
agm002306654,0.0072,-0.008378028869628906
agm003157485,0.010141,-0.011853188276290894
agm002342762,0.001481,0.006876096129417419
agm003614526,0.000462,0.04154658317565918
agm001611029,0.000223,0.03885464370250702
agm003180035,0.000928,0.00726541131734848
agm003201916,0.001077,0.004660457372665405
agm001263000,0.018916,-0.028120428323745728
agm002753822,0.003525,-0.0015998631715774536
agm002134283,0.012027,-0.0016253069043159485
agm003204506,0.005308,0.01305021345615387
agm001130150,0.002636,-0.0069752037525177
agm002203469,0.00512,-0.00886642187833786
agm002313943,0.001087,0.003911208361387253
agm001292556,0.008063,0.013258546590805054
agm003562573,0.005311,-0.0017678439617156982
agm003186023,0.000129,0.010246776044368744
agm003771396,0.030808,0.011289447546005249
agm001228528,0.003906,0.0013965070247650146
agm002358353,0.001594,0.02226555347442627
agm003192365,0.003129,0.00623166561126709
agm001136464,0.004801,0.005629546940326691
agm001198660,0.004415,-0.0044604092836380005
agm001116344,0.001755,0.0006440877914428711
agm001355495,0.004482,0.01580430567264557
agm002694433,0.014871,0.0024673864245414734
agm001628661,0.00137,0.03431682288646698
agm003763891,0.003699,0.011702865362167358
agm002363702,0.012288,0.0671609491109848
agm002213660,0.003747,-0.0012618973851203918
agm001038933,0.002336,-0.011530756950378418
agm003436568,0.000162,-0.003459140658378601
agm001148036,0.000817,0.0030310526490211487
agm001229318,0.004633,2.9131770133972168e-05
agm001100417,0.004476,0.003872513771057129
agm002038561,0.014712,0.0019428320229053497
agm003298291,0.006182,-0.015754491090774536
agm002254728,0.002908,-0.018414564430713654
agm001259719,0.001374,0.03913649916648865
agm003432920,0.000537,0.02184535749256611
agm001284746,0.00178,0.006000295281410217
agm002153204,0.00196,0.001626133918762207
agm002133522,0.012382,0.012959539890289307
agm001148698,0.006001,0.017496630549430847
agm001342968,0.007701,0.007224328815937042
agm005020987,0.000631,0.021221235394477844
agm002359326,0.002833,0.00506843626499176
agm001267810,0.004353,-0.0037499219179153442
agm001139071,0.00216,0.0009498745203018188
agm002694770,0.082656,0.0020540058612823486
agm001136743,0.009604,-0.002537555992603302
agm001310561,0.006967,0.0011799633502960205
agm002383773,0.004828,-0.010870516300201416
agm001107739,0.001107,-0.010273315012454987
agm002190784,0.006756,0.004758954048156738
agm002744362,0.005024,0.00900772213935852
agm003128421,2.7e-05,0.005714386701583862
agm001106183,0.002444,-0.017326727509498596
agm002286326,0.015627,0.07854577898979187
agm003183699,0.001565,0.014545425772666931
agm002945372,0.002335,-0.01169583946466446
agm003204132,0.004756,0.00496383011341095
agm001211278,0.006905,-0.01392318308353424
agm002646535,0.012345,0.00855487585067749
agm002137061,0.007855,0.007150322198867798
agm003200896,0.019247,-0.006848178803920746
agm003437227,0.023906,0.003160536289215088
agm002694399,0.002357,0.005774974822998047
agm001615741,0.001903,-0.01946234703063965
agm002323707,0.002728,0.00035215914249420166
agm002166962,0.0024,0.009011179208755493
agm001115286,0.000649,0.0023858249187469482
agm001115973,0.008556,0.0033400356769561768
agm003158109,0.003628,-0.001244664192199707
agm002348568,0.001906,0.014523208141326904
agm002487767,0.033331,0.10701249539852142
agm003175080,0.012309,-0.0004063248634338379
agm003294099,0.002092,-0.004543989896774292
agm001350102,0.36497,0.0023257434368133545
agm003161326,0.001245,0.01247759535908699
agm002028397,0.001196,0.0037029534578323364
agm003169074,0.000277,0.06891559064388275
agm002184168,0.00287,0.005885079503059387
agm003184415,0.001266,-0.00064057856798172
agm003186225,0.002188,0.00511961430311203
agm002161099,0.012153,-4.190206527709961e-05
agm002172436,0.023827,-0.004014045000076294
agm003157785,0.005396,-0.02154320478439331
agm001115455,0.001425,-0.0059836506843566895
agm002928080,0.001262,0.02961030602455139
agm002329064,0.005241,0.003815382719039917
agm003269488,0.000246,0.0008290112018585205
agm002367074,0.00897,0.006186231970787048
agm003172795,0.001741,0.0039624422788619995
agm002306269,0.002873,0.03725636005401611
agm002167439,0.002874,-0.015401899814605713
agm001115359,0.007551,0.014757782220840454
agm002186868,0.013416,-0.0035916008055210114
agm002354961,0.002879,0.01713147759437561
agm001611015,0.001652,-0.01509837806224823
agm005112846,0.00059,-0.011285535991191864
agm001105243,0.001907,1.9096163511276245
agm002246658,0.002776,0.009988129138946533
agm001213370,0.001178,0.004039376974105835
agm002164309,0.029868,0.014400184154510498
agm002694021,0.002876,0.008684426546096802
agm002367503,0.002603,0.0025588199496269226
agm002191495,0.00344,0.006189286708831787
agm002348293,0.002826,0.01690387725830078
agm002428968,0.002345,0.0006131529808044434
agm001265237,0.013456,0.014024883508682251
agm001230447,0.000794,-0.008183203637599945
agm003202980,0.00143,-0.007023364305496216
agm001233523,0.004256,-0.005881458520889282
agm001180757,0.004709,0.023359492421150208
agm003189855,0.000713,-0.006229668855667114
agm002059189,0.00394,0.0066141411662101746
agm003168743,0.007756,0.009040288627147675
agm005112784,0.027055,-0.002563469111919403
agm001210871,0.007716,0.04782618582248688
agm001106421,0.013813,0.05640894174575806
agm002911997,0.002282,0.8762309551239014
agm002177717,0.003472,0.0214371457695961
agm002186565,0.018608,-0.004561953246593475
agm003192184,0.001771,0.009910382330417633
agm001620469,0.003331,0.02750912308692932
agm002134782,0.000851,-0.005704045295715332
agm003633103,0.003204,0.005658969283103943
agm003161520,0.004055,0.007441259920597076
agm003273456,0.001614,-0.011632531881332397
agm003201705,0.002267,-0.0007070004940032959
agm002384576,0.002596,0.004899501800537109
agm001620445,0.001579,0.023227978497743607
agm002158259,0.026534,0.02788318693637848
agm002164952,0.000581,0.0008706748485565186
agm001343803,0.008459,-0.007998816668987274
agm001115646,0.001524,0.010516494512557983
agm001276909,0.006107,0.0871814489364624
agm002225340,0.003167,0.28859052062034607
agm002666170,0.010607,0.008197814226150513
agm003416013,0.002991,-0.006260186433792114
agm001228054,0.002746,-0.007330566644668579
agm003160750,0.008615,-0.003940761089324951
agm001308223,0.003358,0.009799674153327942
agm002632104,0.005848,0.008195459842681885
agm002138604,0.01744,-0.009097278118133545
agm002744513,0.004173,0.00428280234336853
agm001662998,0.003889,0.010228440165519714
agm002232412,0.010006,0.010508820414543152
agm002157244,0.011204,0.004436299204826355
agm003177896,0.004484,-0.004019752144813538
agm001136485,0.002554,0.0051538050174713135
agm001136477,0.000967,-0.0016619712114334106
agm003160997,0.005475,0.04961617290973663
agm001367302,0.001301,0.0010833628475666046
agm001171398,0.883898,-0.00955188274383545
agm002327223,0.013855,-0.0011275708675384521
agm002024496,0.019166,0.007875442504882812
agm003439189,0.011146,0.01862449198961258
agm002193238,0.017282,0.011298686265945435
agm001224230,0.005284,0.00841733068227768
agm002381249,0.006147,-0.0008219033479690552
agm003262496,0.00152,0.0029292404651641846
agm003184510,0.008882,0.00919274240732193
agm003191229,0.000873,0.0012339949607849121
agm002632909,0.118391,0.00465470552444458
agm001340653,0.012646,0.009633451700210571
agm003614516,0.00036,-0.0011917650699615479
agm001358495,0.003061,-0.007060617208480835
agm002396778,0.001,-0.012681499123573303
agm002080821,0.003045,-0.006646096706390381
agm001228133,0.001341,-0.010881215333938599
agm001228118,0.001605,0.00896182656288147
agm002263314,0.001511,0.013494424521923065
agm003263107,0.002585,-0.0037180371582508087
agm003184422,0.000834,-0.003595203161239624
agm002925054,0.014196,-0.0039023160934448242
agm002158607,0.001918,-0.006470471620559692
agm002159868,0.022935,-0.00943826138973236
agm002134207,0.002345,-0.002195686101913452
agm003160585,0.000798,0.00017115473747253418
agm002249164,0.003742,0.030504651367664337
agm004930211,0.003978,-0.032852619886398315
agm003158456,0.007704,0.01547008752822876
agm003401225,0.001576,0.027915678918361664
agm002305626,0.008559,-0.0006954967975616455
agm001149841,0.008317,-0.00029937922954559326
agm003160802,0.000767,0.0003543868660926819
agm003610370,0.015697,0.0029031485319137573
agm001624596,0.001215,0.020218022167682648
agm002134436,0.008251,-0.004275217652320862
agm002226774,0.006974,0.014476418495178223
agm002140172,0.002928,0.025634899735450745
agm002030005,0.001889,-0.009891770780086517
agm001368294,0.002793,-0.007899157702922821
agm002164340,0.001296,0.13834001123905182
agm002699532,0.000554,0.007710173726081848
agm003437538,0.00276,0.08149276673793793
agm002242986,0.000273,0.0014832615852355957
agm001261732,0.001115,0.054774150252342224
agm001115970,0.010162,0.000822700560092926
agm003260603,0.00252,0.010009735822677612
agm001614611,0.001284,0.027985185384750366
agm001610631,0.002333,0.06495777517557144
agm001139393,0.004753,0.01051667332649231
agm001115375,0.002178,0.00725477933883667
agm002212635,0.002265,-0.00794229656457901
agm001851511,0.013882,0.005002021789550781
agm001304871,0.000282,0.0028933659195899963
agm001610863,0.006265,0.006590098142623901
agm002322878,0.001734,0.0047063082456588745
agm002322445,0.00163,0.0020939409732818604
agm003195420,0.004368,-0.01090124249458313
agm001829905,0.00273,0.004168018698692322
agm001136650,0.005063,0.0003878474235534668
agm002138789,0.007555,0.0017613843083381653
agm001292450,0.002792,-0.012038245797157288
agm003435905,0.004077,0.005261272192001343
agm002924768,0.001547,0.013371601700782776
agm003191619,0.001555,-0.0015801042318344116
agm002746053,0.00527,-0.0004909038543701172
agm001305860,0.003267,-0.010490119457244873
agm003164943,0.022,0.06888341903686523
agm002168125,0.001519,0.008330881595611572
agm002283849,0.011255,-0.013869613409042358
agm001115295,0.000703,-0.0022546350955963135
agm003264049,0.010163,0.010971233248710632
agm001851510,0.000876,0.005638480186462402
agm003160999,0.007001,-0.00394517183303833
agm002166888,0.005358,0.0076252371072769165
agm002225654,0.00939,0.006014734506607056
agm002092911,0.009409,0.026559211313724518
agm002559700,0.002127,0.01400420069694519
agm001618834,0.001099,-0.023530781269073486
agm002491594,0.010658,-0.026443272829055786
agm001229833,0.005563,0.0037458911538124084
agm002488936,0.01453,-0.007049910724163055
agm003600083,0.024225,0.006279170513153076
agm001106364,0.014146,-0.006433308124542236
agm002781337,0.001494,-0.0018178671598434448
agm003189893,0.022732,-0.0015134736895561218
agm001277858,0.0026,0.018248289823532104
agm001310505,0.00169,-0.0029000118374824524
agm003178213,0.004056,-0.00586526095867157
agm003187131,0.00322,0.0007655397057533264
agm002226429,0.012254,-0.0142001211643219
agm002316517,0.006736,-0.012915447354316711
agm003157861,0.00456,0.014529138803482056
agm002141609,0.041431,-0.005889028310775757
agm002557629,0.005438,0.006990522146224976
agm003766833,0.00095,0.006833262741565704
agm001136098,0.005245,0.01848703622817993
agm005119872,0.001813,-0.0004168897867202759
agm001643234,5.1e-05,0.0350896418094635
agm003191967,0.001473,0.0013555288314819336
agm002164703,0.005235,-0.01208639144897461
agm002327378,0.001682,0.006785444915294647
agm003263118,0.009096,-0.0012494027614593506
agm002184655,0.024877,0.029574409127235413
agm002432301,0.008139,0.004799410700798035
agm002196300,0.001893,0.011361449956893921
agm003437959,0.001604,0.013454020023345947
agm001827811,0.004224,0.005569726228713989
agm002632403,0.000467,0.004547744989395142
agm003186471,0.01436,0.0006687194108963013
agm003175218,0.004143,0.014963716268539429
agm003298290,0.001343,-0.018307268619537354
agm003435931,0.000719,0.003003925085067749
agm002342417,0.019608,-0.005830198526382446
agm002219437,0.00122,0.003554161638021469
agm003157188,0.000523,0.0056126415729522705
agm003183704,0.000692,0.009590528905391693
agm001218150,0.00211,0.004829317331314087
agm003160946,0.006007,-0.0033722519874572754
agm003157458,0.016363,0.00011526048183441162
agm003166156,0.009902,0.010958120226860046
agm001614593,0.0076,0.012835748493671417
agm003415209,0.001166,-0.007592380046844482
agm001851671,0.004235,-0.006015703082084656
agm002495023,0.00107,0.030986711382865906
agm001851554,0.001285,0.002425581216812134
agm003615694,0.005589,0.1457764208316803
agm001121293,0.001539,0.004834979772567749
agm002375752,0.006038,0.000994354486465454
agm003162382,0.011507,0.005142562091350555
agm002140438,0.003991,-0.014216095209121704
agm001618713,0.000714,0.175594300031662
agm002140651,0.002664,-0.005959749221801758
agm001611020,0.002078,-0.011098310351371765
agm003771423,0.002038,0.0022574961185455322
agm002327033,0.016529,-0.004560589790344238
agm003298635,0.00294,0.0059500932693481445
agm002283783,0.021615,0.0073326826095581055
agm003258581,0.009332,-0.0028724297881126404
agm002196531,0.014941,0.01011752337217331
agm001308166,0.001227,0.008728966116905212
agm002184965,0.002551,0.003199402242898941
agm002322207,0.001178,0.000503242015838623
agm002342275,0.004919,0.005282700061798096
agm002342386,0.019675,0.03363346308469772
agm003774976,0.000811,-0.0027409344911575317
agm001138946,0.001398,0.006821662187576294
agm002140076,0.011799,0.0024265050888061523
agm002195529,0.011125,0.01005464792251587
agm001197589,0.002366,-0.007600229233503342
agm001617253,0.008184,0.012980639934539795
agm002735246,0.001911,-0.0033691972494125366
agm002635955,0.003537,-0.004988141357898712
agm003261006,0.0036,-0.004285022616386414
agm003263113,0.000883,0.016961216926574707
agm002241029,0.006212,-0.012585468590259552
agm005404809,0.001503,1.068159580230713
agm001620334,0.002815,-0.019743070006370544
agm002490211,0.000484,-0.013576582074165344
agm001121598,0.002605,0.0020453035831451416
agm001294568,0.001592,-0.000850677490234375
agm003438670,0.001006,0.007772728800773621
agm002135058,0.01594,0.017031610012054443
agm001934105,0.000697,0.00481974333524704
agm001640116,0.009117,0.041977688670158386
agm003036521,0.010558,0.010750271379947662
agm001284786,0.00458,0.004018358886241913
agm003194284,0.001794,0.015285596251487732
agm001619067,0.008056,-0.004802808165550232
agm003434125,1e-06,0.0003852248191833496
agm001230297,0.004174,0.001990959048271179
agm001280757,0.003795,-0.0011625289916992188
agm001618599,0.006265,0.04081431031227112
agm001149807,0.00035,-0.000539049506187439
agm002371126,0.023386,-0.0019033253192901611
agm003159346,0.002476,0.00844469666481018
agm001830416,0.000569,0.00812770426273346
agm003437280,0.007069,0.01724579557776451
agm001198865,0.009428,-0.010053485631942749
agm001907154,0.009893,-0.008694857358932495
agm002156684,0.007779,-0.019976064562797546
agm003202075,0.003532,0.002960123121738434
agm001281172,0.030132,-0.0016952157020568848
agm001378962,2e-06,0.002436034381389618
agm001388984,0.003598,-0.002343311905860901
agm003187566,0.047712,0.010744422674179077
agm001829492,0.001312,0.007057972252368927
agm003160298,0.009995,0.04058285802602768
agm001840182,0.001587,0.0017393231391906738
agm002240906,0.000707,0.013084053993225098
agm005015274,0.003571,0.0023318007588386536
agm003186100,0.001942,-0.011039525270462036
agm002176887,0.006587,0.0028248578310012817
agm002259020,0.003378,0.005840383470058441
agm002213567,0.00438,0.03693890571594238
agm002160180,0.012516,0.008342131972312927
agm002929478,0.000926,3.5529327392578125
agm002190708,0.002471,0.0013462603092193604
agm002156682,0.013723,0.008254513144493103
agm003190902,0.015486,0.015895847231149673
agm002645158,0.002151,-0.003000907599925995
agm003294759,0.000406,0.0032513439655303955
agm002377251,0.000117,0.002792924642562866
agm002752903,0.004924,0.001843281090259552
agm005404813,0.007402,0.7919902801513672
agm002348567,0.000697,0.015093371272087097
agm003199905,0.00326,0.0025954842567443848
agm001149975,0.006207,-0.001467779278755188
agm002313787,0.00059,0.0008442699909210205
agm001237551,0.005394,0.009268373250961304
agm004984403,0.025707,0.07122568786144257
agm003290428,0.0016,0.004132449626922607
agm002411470,0.014991,0.02617984265089035
agm003177359,0.006944,0.0008423179388046265
agm003264948,0.007805,-0.002999238669872284
agm001828147,0.006632,0.003673851490020752
agm003457399,0.001519,-0.001614205539226532
agm003437804,0.005112,0.006700798869132996
agm002343624,0.002122,0.004113972187042236
agm001341767,0.009943,0.00539243221282959
agm002166839,0.000692,0.005309253931045532
agm001304911,0.005231,-0.0054994672536849976
agm003299698,0.004607,0.013472944498062134
agm002145458,0.021571,-0.0022960007190704346
agm003190866,0.008814,0.0038258731365203857
agm002216561,0.002173,-0.004075109958648682
agm001294393,0.014273,0.005828917026519775
agm001368302,0.119464,-0.010285556316375732
agm003162488,0.005826,-0.0014356523752212524
agm002538822,0.027492,-0.0012868493795394897
agm003260682,0.001532,0.00697239488363266
agm002929693,0.00303,0.016396790742874146
agm002190774,0.005243,0.011976182460784912
agm002196350,0.002351,-0.00922972708940506
agm002134545,0.005847,0.007605232298374176
agm003295272,0.002454,0.004016544669866562
agm002080934,0.012154,-0.008267596364021301
agm003192759,0.001012,0.00407467782497406
agm001121593,0.000533,-0.007905066013336182
agm003204400,0.012477,0.0034082531929016113
agm001367121,0.005385,0.019014909863471985
agm003194509,0.019839,0.2208111584186554
agm003766930,0.010327,0.009072154760360718
agm001620496,0.001688,-0.0057367682456970215
agm002367065,0.009268,0.015466190874576569
agm003191189,0.007666,0.00651467964053154
agm002248574,0.0038,0.024582579731941223
agm002632943,0.004252,-0.0001625269651412964
agm002666262,0.010861,0.011637508869171143
agm002696841,0.011772,-0.0009523928165435791
agm001196582,0.000135,0.0031127631664276123
agm002359424,0.001572,0.01590539515018463
agm001356787,0.023179,0.016937926411628723
agm002144530,0.003098,0.002450689673423767
agm002374058,0.00367,0.028060555458068848
agm001612343,0.003279,0.044370219111442566
agm001282484,0.013169,0.0025822222232818604
agm001292839,0.000737,-0.010906189680099487
agm002370263,0.004725,0.00031550973653793335
agm003435756,0.002268,-0.004866272211074829
agm001214655,0.021966,0.001419365406036377
agm003437787,0.008805,0.028043821454048157
agm002158648,0.004667,0.03140176832675934
agm001230030,0.001023,-0.008911482989788055
agm002140527,0.021819,0.012574061751365662
agm001616430,0.000812,-0.01222221553325653
agm002085138,0.003417,-0.03920967876911163
agm003162135,0.003427,0.00622500479221344
agm002186252,0.000217,0.007575131952762604
agm001116422,0.001329,0.01549936830997467
agm002490732,0.001763,0.23146283626556396
agm003192881,0.81938,0.13362470269203186
agm002160534,0.002005,-0.010956481099128723
agm002138485,0.005245,-0.015027277171611786
agm001929363,0.020679,-0.03084918111562729
agm002432292,0.002542,0.008161142468452454
agm003762221,0.001501,-0.0035043172538280487
agm003263145,0.005264,0.04153190553188324
agm003262751,0.007337,0.011760525405406952
agm001115834,0.001229,-0.000402301549911499
agm003264544,0.00528,0.0067437514662742615
agm001315661,0.001307,0.014471516013145447
agm001136954,0.000414,0.008281458169221878
agm002433306,0.011204,0.021100640296936035
agm001191575,0.014469,0.00167807936668396
agm001229775,0.012248,-0.0003912299871444702
agm001121231,0.006969,-0.0022812113165855408
agm001000718,0.218671,0.00853055715560913
agm003203539,0.005997,-0.004171088337898254
agm001206937,0.001863,0.012774340808391571
agm003435788,0.001554,-0.007423818111419678
agm005404814,0.003593,0.5233755111694336
agm001093282,0.021373,0.00688818097114563
agm003191178,0.006549,0.0005431175231933594
agm002378896,0.007285,0.009034022688865662
agm002224086,0.024742,0.02353249490261078
agm005404799,0.035256,0.8377280235290527
agm002358284,0.000278,0.01123461127281189
agm003191011,0.004142,-0.010080099105834961
agm002249310,0.001204,0.003832876682281494
agm002695768,0.011248,0.010108880698680878
agm002252026,0.005045,0.0005552172660827637
agm001116633,0.000921,0.0034351497888565063
agm003603268,0.002992,0.004509031772613525
agm001116697,0.001087,-0.0053265392780303955
agm002487454,0.002781,0.053984787315130234
agm003183214,0.003463,-0.007160454988479614
agm003436569,0.001168,-0.0030624642968177795
agm002030837,0.003414,0.0034757256507873535
agm001115456,0.002938,0.0038643479347229004
agm001415658,0.001606,0.004402622580528259
agm002247161,0.000985,-0.004276067018508911
agm002084666,0.056449,0.015126731246709824
agm002360910,0.000325,0.002659931778907776
agm001100110,0.005105,-0.010182410478591919
agm003295650,0.004182,0.011842429637908936
agm001640733,0.000942,0.04116655886173248
agm001116400,0.001515,0.017099827527999878
agm003184593,0.000566,0.00015404820442199707
agm001615954,0.000896,-0.00825086236000061
agm003164924,0.001338,-0.0006591379642486572
agm001115371,0.008113,0.011728912591934204
agm002031541,0.000337,-0.010250657796859741
agm002236793,0.009835,0.030875124037265778
agm003188827,0.001249,-0.0009194314479827881
agm003182029,0.005576,-0.004117026925086975
agm001121542,0.001277,0.006187736988067627
agm002034154,0.00177,-0.0020127594470977783
agm003293825,0.000669,0.013167724013328552
agm001149755,0.004738,-0.00042438507080078125
agm005121732,0.004194,-0.0064013004302978516
agm001612232,0.001502,0.01986098289489746
agm003203381,0.001181,0.0033376961946487427
agm002026445,0.004296,0.00022545456886291504
agm001149898,0.001034,-0.004004627466201782
agm001115635,0.001415,0.009191274642944336
agm001619077,0.000698,-0.004668503999710083
agm003182017,0.001241,0.0070734694600105286
agm002491592,0.005896,0.008129388093948364
agm001620361,0.002501,0.01767018437385559
agm001106292,0.002724,0.01020592451095581
agm003165797,0.008016,-0.0036821961402893066
agm001149747,0.005962,0.004741460084915161
agm002192435,0.011005,-0.004373036324977875
agm002190620,0.005377,0.0004932284355163574
agm003184590,0.000839,0.0007739774882793427
agm001259754,0.005088,-0.0001443326473236084
agm002017886,0.003891,0.001133061945438385
agm003165814,0.001,0.00208253413438797
agm003190877,0.00224,-0.003837861120700836
agm002191765,0.001426,0.009823590517044067
agm002190827,0.000732,0.006351888179779053
agm004850305,0.017148,-0.01103217899799347
agm003273122,0.000717,-0.00037510693073272705
agm003159768,0.000723,-0.002064250409603119
agm003187563,0.001683,-0.004007965326309204
agm003183330,0.000919,-0.005284011363983154
agm001115660,0.001933,-0.002582550048828125
agm001294388,0.00105,0.002662479877471924
agm002191466,0.002019,0.003683120012283325
agm001612414,0.000162,0.020958364009857178
agm003188210,0.006097,0.001938849687576294
agm001149379,0.002994,0.016392365097999573
agm004837210,0.02057,0.033462125808000565
agm001130242,0.00156,-0.0078677237033844
agm001149757,0.002126,0.008011877536773682
agm002292277,0.010137,0.014861069619655609
agm003182041,0.002035,-0.0005735419690608978
agm003899219,0.004728,0.009841427206993103
agm005202896,0.007794,0.025237277150154114
agm003157297,0.005486,-0.0013467967510223389
agm001099797,0.009443,0.013671308755874634
agm001125785,0.003822,0.003938697278499603
agm001228119,0.002356,0.004662960767745972
agm005203030,0.0066,0.02809346467256546
agm003299306,0.000471,0.0033384114503860474
agm003273189,0.029007,-0.0034183189272880554
agm003164854,0.00408,-0.0007415115833282471
agm003204163,0.000932,0.0037125200033187866
agm003187565,0.002466,0.001890331506729126
agm001233456,0.011996,-0.010708227753639221
agm003202209,4.4e-05,0.005412831902503967
agm003165799,0.004182,-0.010451771318912506
agm001416833,0.001105,-0.0026552751660346985
agm005103370,0.005734,0.0044899508357048035
agm003164887,0.003217,0.008576080203056335
agm003299311,0.001275,0.007675111293792725
agm001115106,0.007864,-0.002280488610267639
agm001619061,0.000926,0.006982684135437012
agm001282320,0.004627,0.017848685383796692
agm003184594,0.000969,0.00019150972366333008
agm001149800,0.00142,0.006931707262992859
agm001851766,0.013005,-0.0059438347816467285
agm001115585,0.000633,0.0038366615772247314
agm001233459,0.004174,-0.010860025882720947
agm003283263,0.011884,-0.004568427801132202
agm003164867,0.000458,-0.002331346273422241
agm002164957,0.000773,-0.007563680410385132
agm003164933,0.002604,-0.0010978654026985168
agm003158372,0.002126,-0.00601351261138916
agm003165808,0.001025,0.005932189524173737
agm001618496,0.004191,-0.006221435964107513
agm001626182,0.003555,-0.001310005784034729
agm001647430,0.000703,0.013915881514549255
agm001617016,0.004157,0.01014883816242218
agm003165811,0.000897,-0.004786372184753418
agm003161835,0.001278,0.012287437915802002
agm003165486,0.001511,-0.007951617240905762
agm001115442,0.002108,0.006521608680486679
agm001229333,0.001554,0.017865866422653198
agm002214197,0.079636,0.06433935463428497
agm003165327,0.002505,-0.010330736637115479
agm005104251,0.010559,0.028994470834732056
agm001198799,0.002458,-3.9637088775634766e-06
agm003187385,0.001255,-0.004184693098068237
agm001611024,0.008588,0.0067809224128723145
agm002151777,0.003808,-0.0016570687294006348
agm001155835,0.013238,-0.006057843565940857
agm002150413,0.003118,0.11871927976608276
agm002346463,0.008583,-0.005145233124494553
agm002145684,0.007208,0.0042691826820373535
agm002361148,0.00227,0.016840621829032898
agm003763767,0.001133,-0.0017426535487174988
agm001828965,0.003205,0.010394781827926636
agm001911511,0.002405,0.006474018096923828
agm002193794,0.007326,0.020945601165294647
agm001197821,0.002108,0.005685091018676758
agm003204380,0.003448,-0.010231450200080872
agm002375614,0.003256,-0.002454414963722229
agm002744589,0.005624,-0.005346447229385376
agm003202502,0.011204,0.01142275333404541
agm003186798,0.001388,-0.011986389756202698
agm001115128,0.002843,0.0018089115619659424
agm003768561,0.000995,0.003305196762084961
agm003715925,0.01143,-0.01563297212123871
agm003190860,0.008607,0.004497036337852478
agm002753727,0.007112,-0.00777629017829895
agm001228307,0.002645,-0.007197529077529907
agm003165323,0.006484,0.0011505484580993652
agm002694010,0.00041,0.005614370107650757
agm005103402,0.000991,0.012561261653900146
agm002322217,0.001749,6.008148193359375e-05
agm003295001,0.016834,0.03187169134616852
agm003263635,0.01063,0.005837567150592804
agm002343405,0.016862,0.013736873865127563
agm003191817,0.001485,-0.0008842349052429199
agm002564663,0.000242,0.022281497716903687
agm001171456,0.019226,0.018934786319732666
agm003763764,0.002215,-0.0016400143504142761
agm002140554,0.001282,-0.00290602445602417
agm003181847,0.532068,-0.0016576498746871948
agm001615856,0.00256,0.005772054195404053
agm003298309,0.004858,0.0029227882623672485
agm001228171,0.008622,-0.009507983922958374
agm001116336,0.002017,0.003435462713241577
agm002240822,0.00128,-0.003701135516166687
agm002367067,0.004815,0.010920755565166473
agm002925654,0.003897,0.016434744000434875
agm001000575,0.008731,0.02511659264564514
agm003161135,0.006541,0.017839618027210236
agm001617131,0.001172,-0.007281303405761719
agm003158728,0.009566,-0.0004357472062110901
agm001620948,0.005638,0.07295766472816467
agm002435688,0.019516,-0.013980209827423096
agm002140304,0.030888,-0.006250292062759399
agm002196461,0.018145,0.02628996968269348
agm002313763,0.002637,-0.0071607306599617004
agm003407419,0.001682,0.031143181025981903
agm001136837,0.00034,-0.005266711115837097
agm003766058,0.001277,0.029694557189941406
agm002184943,0.004287,-0.005884274840354919
agm003290149,0.000463,0.019110023975372314
agm002158034,0.008029,0.003254830837249756
agm003180553,0.003496,0.0018762089312076569
agm002375321,0.011343,0.008331015706062317
agm003203957,0.008734,-0.005233652889728546
agm002112410,0.002443,0.021782830357551575
agm002384764,0.0269,-0.00496789813041687
agm002692135,0.050808,-0.0012928396463394165
agm001199002,0.005077,0.001710638403892517
agm002184033,0.004309,0.011527419090270996
agm004930269,0.000238,0.06899379193782806
agm003204402,0.004539,0.04834599047899246
agm001054431,0.008786,0.8112527132034302
agm001001917,0.000949,-0.002606436610221863
agm001120408,0.014545,0.005848988890647888
agm001211733,0.007509,-0.004164785146713257
agm002367029,0.006128,0.013195723295211792
agm002342713,0.000606,0.029009606689214706
agm002911754,0.000884,0.5556429624557495
agm003435745,0.00136,-0.0005966424942016602
agm001277204,0.00089,0.0004670470952987671
agm001086559,0.00694,0.017286457121372223
agm001214050,0.006461,-0.0036062821745872498
agm003416547,0.005009,0.006349936127662659
agm003161131,0.000745,0.018681541085243225
agm002250457,0.006748,0.025040876120328903
agm003160776,0.003722,0.011414662003517151
agm003438625,0.002123,-0.0009601563215255737
agm003435731,0.005092,0.0020841360092163086
agm002327937,0.001787,0.08132323622703552
agm002776024,0.004884,0.007618159055709839
agm002190824,0.002928,-0.008461564779281616
agm003772248,0.002,0.0038370415568351746
agm003261136,0.006931,0.012272477149963379
agm003295925,0.003496,-0.008031308650970459
agm002375781,0.013201,0.001032114028930664
agm002142894,0.018358,0.03561994433403015
agm002201343,0.762227,0.0959661602973938
agm002187868,0.003392,0.015475496649742126
agm002199380,0.014902,0.020432908087968826
agm001340556,0.009291,-0.00845295935869217
agm002156849,0.001155,-0.005099311470985413
agm002190623,0.00118,0.02289658784866333
agm001619630,0.003407,0.011089611798524857
agm001361190,0.000306,-0.001859717071056366
agm003294466,0.0039,0.0016991645097732544
agm003162158,0.006106,0.03898198902606964
agm003203952,0.000433,0.000753939151763916
agm003160550,0.005913,0.006037652492523193
agm002161425,0.002219,0.027129799127578735
agm001228166,0.002079,0.005480527877807617
agm001612402,0.006442,0.05595603585243225
agm001170360,0.149399,0.0009471923112869263
agm002166872,0.011634,0.0012521445751190186
agm003202578,0.001923,0.0019573792815208435
agm002534280,0.001947,0.0009014308452606201
agm001115638,0.01125,0.020016640424728394
agm001223107,0.001844,0.0019100494682788849
agm001121225,0.010195,0.014594405889511108
agm003438871,0.001205,-0.002781461924314499
agm001145017,0.003535,-0.0009854435920715332
agm003160215,0.001254,-0.01055677980184555
agm002648567,0.004124,0.0026158392429351807
agm005110823,0.001071,0.014231450855731964
agm001361099,0.018939,0.005763687193393707
agm002923747,0.001488,-0.012276262044906616
agm003626519,0.005414,0.009864434599876404
agm003186189,0.009503,0.005166195333003998
agm003257895,0.00331,0.12207724153995514
agm001184708,0.0237,0.021031007170677185
agm001034427,0.009021,0.00660666823387146
agm003273181,0.002197,-0.0019460320472717285
agm003286818,0.0027,0.0018343925476074219
agm001310374,0.0,0.0020831264555454254
agm002193777,0.000991,0.0010908395051956177
agm001186393,0.004287,3.7707388401031494e-05
agm002342351,0.01301,-0.007273256778717041
agm001211737,0.002336,-0.0037242621183395386
agm002679363,0.00107,0.00459703803062439
agm001190229,0.002197,0.000647813081741333
agm003159642,0.005247,0.012665510177612305
agm002489836,0.006197,0.011362850666046143
agm002534369,1.616653,0.26170262694358826
agm001612122,0.000484,0.03353321924805641
agm003182474,0.001674,0.011846289038658142
agm002737819,0.009642,0.021348387002944946
agm003178605,0.006588,0.004336804151535034
agm001281693,0.000996,-0.0017126202583312988
agm003260451,0.009453,-0.0034357011318206787
agm002034477,0.001036,0.02596867084503174
agm002224436,0.004305,0.0015569627285003662
agm003261908,0.000965,0.00964374840259552
agm003201679,0.002289,0.016528308391571045
agm003436195,0.001109,0.0005177855491638184
agm001340707,0.006814,0.0010064169764518738
agm003606783,0.002714,0.14192067086696625
agm003436017,0.000807,-0.003198981285095215
agm002193815,0.000782,0.01220652461051941
agm001619631,0.001432,0.0002586543560028076
agm003172806,0.002413,0.014399871230125427
agm002344063,0.005799,-0.007504843175411224
agm003438140,0.003962,0.009607553482055664
agm003204397,0.014652,0.017148569226264954
agm003272372,0.456237,-0.007342822849750519
agm002744604,0.00684,0.0030858218669891357
agm003193255,0.005376,0.006815724074840546
agm001623845,0.008084,0.020119674503803253
agm002194238,0.01613,0.003416404128074646
agm003438156,0.002557,0.014919374138116837
agm003562491,0.00469,-0.010050378739833832
agm002153890,0.004465,0.011847764253616333
agm002314331,0.002271,-0.0060906782746315
agm001663000,0.008803,-0.004122987389564514
agm002691155,0.011297,-0.00763307511806488
agm001236110,0.008779,0.0007831007242202759
agm003160746,0.010983,0.007878094911575317
agm001232746,0.000841,-0.0008110404014587402
agm002647856,0.012325,-0.0025735609233379364
agm002156790,0.018138,0.02431972324848175
agm003165302,0.00704,0.010935626924037933
agm002179189,0.007749,0.03757862746715546
agm003169487,0.010319,-0.00154954195022583
agm002181857,0.004964,0.270813912153244
agm002177762,0.000869,0.02585650235414505
agm001614645,0.015132,0.11034410446882248
agm001611010,0.019104,-0.012128733098506927
agm001610662,0.000662,0.004375137388706207
agm001137248,0.000671,0.0047194212675094604
agm001293407,0.00273,0.006229490041732788
agm002536485,0.004177,0.013590022921562195
agm001205520,0.001968,-0.0008184909820556641
agm001222837,0.002769,0.003420531749725342
agm003162417,0.004929,0.003573298454284668
agm002194062,0.005003,0.009418100118637085
agm002134036,0.001631,0.008383706212043762
agm002184971,0.007324,-0.0048132650554180145
agm001320039,0.000188,0.0018524080514907837
agm001116897,0.001669,0.011435717344284058
agm003771831,0.002847,0.001520007848739624
agm003200928,0.002259,0.004012435674667358
agm003262785,0.002226,0.013870269060134888
agm002321920,0.000653,-0.007530480623245239
agm002647170,0.001514,0.010954469442367554
agm002726916,0.002595,0.0005833208560943604
agm003766936,0.00348,0.006734222173690796
agm003160523,0.001503,-0.01068645715713501
agm002227008,0.0324,0.00817987322807312
agm001851784,0.003092,0.0002554580569267273
agm001851478,0.004637,0.0009388774633407593
agm001631127,0.003298,-0.010174781084060669
agm001116538,9.4e-05,0.0026649832725524902
agm002178114,0.004379,0.34968987107276917
agm003196333,0.010301,0.021043695509433746
agm001623764,0.0009,-0.015016540884971619
agm003765837,0.009384,0.0030735433101654053
agm002167590,0.000122,0.04854270815849304
agm002694840,0.010011,0.007320016622543335
agm003260647,0.003473,-0.01301535964012146
agm003191275,0.00964,-0.0026729851961135864
agm002488372,0.00332,0.03020501136779785
agm003160833,0.004637,-0.0015913546085357666
agm002327442,0.002638,-0.0013073012232780457
agm002924250,0.002261,0.0018698275089263916
agm003295207,0.007639,0.2861728072166443
agm003438869,0.002045,7.94343650341034e-05
agm002186860,0.002537,0.0032886043190956116
agm003435933,0.000931,-0.0008834749460220337
agm001153421,0.000514,-0.009820327162742615
agm003169309,0.006863,0.0009503662586212158
agm001304781,0.040409,-0.0038594603538513184
agm001134876,0.012865,0.009114623069763184
agm002693387,1e-06,0.016624361276626587
agm002250466,0.004621,0.0033752620220184326
agm002911994,0.000294,1.3382954597473145
agm001120870,0.006855,0.0034989267587661743
agm003281153,0.010555,-0.011388376355171204
agm002178365,0.005365,0.015693888068199158
agm002367405,0.031718,0.0009753555059432983
agm002169173,0.020773,0.24404960870742798
agm003263428,0.003325,-0.012192845344543457
agm001277190,0.000483,0.1002076119184494
agm001307662,0.016422,-0.00796574354171753
agm003193008,0.002349,-0.002220742404460907
agm001026265,0.008148,0.1584816873073578
agm002343337,0.00411,0.0010526776313781738
agm002240831,0.059241,-0.005949065089225769
agm002157182,0.053845,0.018944092094898224
agm003166152,0.010754,0.020479008555412292
agm003157857,0.013029,0.018937677145004272
agm003202599,0.001258,-0.007503785192966461
agm002178783,0.000705,-0.015848413109779358
agm001214651,0.002093,0.009442668408155441
agm001281614,0.001368,0.0036135613918304443
agm003192617,0.011363,0.025273509323596954
agm001933960,0.008498,0.002834498882293701
agm001115713,0.000221,-0.0034716427326202393
agm002386353,0.00689,0.035421520471572876
agm003438867,0.001938,-0.0005134642124176025
agm002044324,0.003926,0.48751798272132874
agm003189992,0.007475,0.02161216363310814
agm002218203,0.016766,0.023218601942062378
agm002186655,0.001411,0.008732035756111145
agm003161130,0.006131,-0.002476632595062256
agm002192738,0.014264,0.002844400703907013
agm002692402,0.001489,0.0015797317028045654
agm003192026,0.005445,0.002625882625579834
agm003407289,0.000466,0.021195828914642334
agm002170357,0.00426,0.006279699504375458
agm002226444,0.003191,0.0009641349315643311
agm003260679,0.001682,0.0014814436435699463
agm001136466,0.006013,-0.002688303589820862
agm002209108,0.00047,0.03127223253250122
agm003612703,0.000824,0.3367706835269928
agm003189749,0.00089,-0.006402045488357544
agm001350097,0.006638,0.0067679136991500854
agm005112841,0.001269,0.01104985922574997
agm001228399,0.002398,-0.00016266107559204102
agm001274434,0.024602,0.05139465630054474
agm003199259,0.003223,0.0087648406624794
agm003204399,0.006695,-0.0016226470470428467
agm003163074,0.044774,0.015668213367462158
agm001307759,0.005091,-0.009435728192329407
agm002216484,5.3e-05,0.0019276738166809082
agm002327425,0.011936,0.006668716669082642
agm002087535,0.000568,-0.01856452226638794
agm002202339,0.023328,-0.012637034058570862
agm002382472,0.00436,0.006837204098701477
agm001828129,0.007486,0.0007153451442718506
agm002655279,0.04492,0.019879907369613647
agm003436956,0.001715,0.00855439156293869
agm003273879,0.02624,0.024072811007499695
agm001196436,0.02119,-0.004980415105819702
agm002692988,0.014983,0.004125654697418213
agm003201811,0.002409,0.0035567879676818848
agm002487304,0.00665,0.02368772029876709
agm003177250,0.004528,-0.0007773041725158691
agm002085135,1.7e-05,-0.028372347354888916
agm003201120,0.000506,-0.017610669136047363
agm003435733,0.001567,-0.0036235302686691284
agm003190466,0.006967,-0.011983245611190796
agm003264399,0.00766,0.0029465407133102417
agm001850283,0.0013,0.08079887926578522
agm002329082,0.00115,0.001661546528339386
agm001341770,0.015274,0.004123136401176453
agm003162740,0.002216,0.0018037259578704834
agm003161300,0.01033,0.013694390654563904
agm001850867,0.001784,0.006059914827346802
agm002430830,0.005345,0.0025675445795059204
agm002168904,0.010179,0.37378665804862976
agm002188163,0.004528,-0.0006958618760108948
agm002925922,0.007358,0.017864268273115158
agm002191143,0.004201,0.014664843678474426
agm003439581,0.000464,-0.001577712595462799
agm002176954,0.001436,0.014437362551689148
agm001137190,0.001077,-0.0014238059520721436
agm002225766,0.005287,-0.0003687441349029541
agm001308847,0.013505,0.006047394126653671
agm001135422,0.001045,-0.008608944714069366
agm003191156,0.002341,0.0287727490067482
agm003168427,0.004003,-0.00013262778520584106
agm001836535,0.013538,-0.004510045051574707
agm001418576,0.017099,0.10749213397502899
agm003263940,0.003443,-0.002372458577156067
agm002283794,0.00844,0.007230229675769806
agm003289592,0.000335,-0.003878876566886902
agm003439332,0.001156,-0.0002406202256679535
agm003435967,0.001999,-0.0001147240400314331
agm001125678,0.008076,0.009225338697433472
agm002134693,0.008529,0.002040557563304901
agm003157383,0.015506,0.005202680826187134
agm002340005,0.001302,-0.0037940144538879395
agm003771973,0.007182,0.0071000754833221436
agm003190865,0.000785,0.011335790157318115
agm001619124,0.001958,0.006752043962478638
agm002744853,0.001215,-0.003440558910369873
agm003479259,0.002877,-0.018935024738311768
agm001313722,0.002401,-0.00446644052863121
agm002151880,0.000409,-0.0121031254529953
agm003182224,0.005164,0.0007463842630386353
agm003263109,0.004942,0.0012633800506591797
agm002191002,0.003157,-0.0018157958984375
agm002163943,0.00492,0.00636407732963562
agm001618902,0.005029,-0.005477800965309143
agm001276955,0.000766,0.09144877642393112
agm002184896,0.002221,0.004458561539649963
agm002343211,0.00596,-0.01209741085767746
agm002923739,0.001479,0.017567522823810577
agm001652084,0.022023,0.21692390739917755
agm002168839,0.003786,0.0064900219440460205
agm002242479,0.000106,-0.0002923645079135895
agm001197617,0.00181,-0.012563265860080719
agm002135751,0.022138,0.01630425453186035
agm003436235,0.001708,-0.0027259662747383118
agm002644175,0.008973,-0.015388697385787964
agm002648571,0.000624,0.003704465925693512
agm001105951,0.003667,0.02312999963760376
agm001258679,0.005276,0.008139058947563171
agm002349727,0.000871,0.10031643509864807
agm001613647,0.002266,0.0755743682384491
agm001851579,0.002916,-0.004462480545043945
agm002140581,0.001457,0.008540242910385132
agm003178431,0.002441,0.0005590468645095825
agm002072881,0.013446,-0.010458007454872131
agm001618792,0.000719,-0.0039099156856536865
agm001288204,0.330389,0.0823812261223793
agm002487499,0.001403,0.17933259904384613
agm003168688,0.00065,0.010399408638477325
agm003772113,0.005126,-0.0003176853060722351
agm001136486,0.010548,-0.00033968687057495117
agm002241581,0.004932,-0.012714959681034088
agm003167035,0.002706,-0.006066456437110901
agm001228280,0.001225,0.0023036301136016846
agm001229822,0.002438,-0.0013118982315063477
agm002186833,0.005341,-0.009257182478904724
agm003435789,0.002654,0.001758277416229248
agm002030371,0.001935,-0.0015149042010307312
agm002305012,0.001671,0.10655651986598969
agm003186410,0.007889,0.013726264238357544
agm001311604,0.005077,-0.010601818561553955
agm001356783,0.018026,-0.005025982856750488
agm002403746,0.005968,0.08874677121639252
agm001138973,0.000936,0.027548089623451233
agm002137480,0.029085,0.01563313603401184
agm002726924,0.011301,0.012927144765853882
agm002102950,0.003914,0.035028859972953796
agm003161833,0.006492,-0.010233283042907715
agm001830359,0.000938,0.0014818906784057617
agm002197327,0.001414,-0.008822038769721985
agm002138490,0.00211,0.001441963016986847
agm002198448,0.001739,-0.008314646780490875
agm001126293,0.00859,0.011508025228977203
agm002190549,0.010803,0.000938713550567627
agm003626159,0.009504,-0.0032763779163360596
agm003195571,0.005748,0.010488439351320267
agm003603183,0.004377,0.010692685842514038
agm003172559,0.007399,0.009457617998123169
agm002077195,0.006373,-0.0033547431230545044
agm002250908,0.025701,-0.002760857343673706
agm002144667,0.059719,-0.0022446513175964355
agm003161777,0.025223,-0.001392960548400879
agm003271881,0.00358,-0.005217522382736206
agm003625654,0.220692,0.09590008854866028
agm001115810,0.002946,-0.008323252201080322
agm003185314,0.018565,0.011624336242675781
agm001356037,0.002932,0.012792378664016724
agm001614609,0.001232,0.024473801255226135
agm001611026,0.00242,0.01961124688386917
agm003178077,0.004362,-0.005245119333267212
agm003161673,0.003843,0.013534873723983765
agm002135435,0.004225,-0.007791675627231598
agm003191811,0.002671,-0.01564725488424301
agm002559706,0.005077,-0.04789277911186218
agm002181535,0.00443,-0.12345938384532928
agm001197044,0.001406,-0.011947646737098694
agm001190564,0.005485,-0.014845900237560272
agm001614536,0.000772,0.007548421621322632
agm001313480,0.002317,-0.007013231515884399
agm002327504,0.000257,0.007496565580368042
agm002178002,0.012407,0.030082032084465027
agm002925853,0.014343,0.35903167724609375
agm001343885,0.007475,-0.0024730339646339417
agm001280974,0.001867,0.008479982614517212
agm003199664,0.00158,0.008978083729743958
agm002232534,0.002829,-0.002808287739753723
agm002382459,0.002621,0.015215933322906494
agm001613634,0.008515,0.02325165830552578
agm003178442,0.008747,0.01779872179031372
agm002734464,0.006938,0.003072574734687805
agm001198681,0.006622,0.0031621456146240234
agm003176975,0.001266,-0.0030726268887519836
agm003193027,0.005082,-0.00559716671705246
agm001100114,0.008859,-0.008927255868911743
agm001380924,0.005021,-0.0015118420124053955
agm003194204,0.005422,0.004265949130058289
agm001610612,0.001693,0.002291440963745117
agm001367242,0.003133,0.007908232510089874
agm001002086,0.0083,0.023210272192955017
agm003195267,0.01859,0.010955572128295898
agm001218160,0.004552,0.01670476794242859
agm002178672,0.018163,-0.012166500091552734
agm001308954,0.00092,-0.001143723726272583
agm003160745,0.002021,0.008580625057220459
agm003262022,0.001217,-0.00022092461585998535
agm002314356,0.005766,-0.007108666002750397
agm001616448,0.000759,0.0010925233364105225
agm002690807,0.01513,0.003944572061300278
agm002732531,0.001276,0.005408398807048798
agm003556026,0.004018,0.029136672616004944
agm001292714,0.000688,-5.449354648590088e-05
agm001616914,0.000927,0.006394926458597183
agm002177961,0.001281,0.02354799211025238
agm001310548,0.004165,0.013075657188892365
agm003774716,0.002765,-0.009176403284072876
agm003168656,0.00814,-0.0008990466594696045
agm002140082,0.001548,-0.009951680898666382
agm002744499,0.007114,0.0006040632724761963
agm002186103,0.002828,0.013548523187637329
agm002144720,0.008155,0.21299338340759277
agm001293038,0.001264,-0.0045579224824905396
agm001610756,0.000205,0.003930762410163879
agm003190364,0.015433,0.02161082625389099
agm001191620,0.00181,0.0024286359548568726
agm001233904,0.004501,0.002054184675216675
agm003191164,0.00317,0.01713830605149269
agm002216544,0.00613,0.0018820017576217651
agm002454057,0.005806,0.024909481406211853
agm005104688,0.008042,0.02481398731470108
agm003185582,0.004837,0.0022744983434677124
agm002164933,0.002479,0.00723835825920105
agm001618907,0.002867,0.021866798400878906
agm002283808,0.0093,-0.002067573368549347
agm003188216,0.000504,-0.00016996264457702637
agm002221136,0.002696,0.0005331486463546753
agm003609770,0.003598,0.022793561220169067
agm001144911,0.00408,0.00045877695083618164
agm003771545,0.000681,0.0030850768089294434
agm002250907,0.00294,-0.0009544789791107178
agm002252034,0.003169,-0.005208782851696014
agm002255245,0.002856,0.034251660108566284
agm003186169,0.010978,-0.0001358240842819214
agm002745898,0.019453,0.008013218641281128
agm001616453,0.003654,0.009365975856781006
agm003190350,0.000694,-0.0032161176204681396
agm003186197,0.001122,0.011096224188804626
agm002166717,0.002765,0.012136071920394897
agm003187002,0.014868,0.0016845166683197021
agm002188426,0.003334,0.012439057230949402
agm001198055,0.002775,0.01517532765865326
agm002177741,0.012461,0.04431997984647751
agm003192954,0.007235,-0.004322230815887451
agm002633938,0.000819,0.11824767291545868
agm002695852,0.006722,0.018376648426055908
agm003164142,0.012526,0.011012241244316101
agm001213411,0.004821,0.0010138452053070068
agm003202325,0.004839,0.006223857402801514
agm001827673,0.00647,0.009953200817108154
agm002334619,0.007618,0.04860776662826538
agm002138027,0.0054,-0.0010556727647781372
agm001634748,0.002328,0.057315483689308167
agm002138682,0.003319,0.020560652017593384
agm002135346,0.0229,-0.004123833030462265
agm003199256,0.00391,0.0072502680122852325
agm003201680,0.005639,0.017181217670440674
agm003294998,0.008366,0.03199221193790436
agm002633560,0.001162,0.009257040917873383
agm003161446,0.001795,0.0017744898796081543
agm003183161,0.000859,0.018025048077106476
agm001309939,0.01727,-0.004173576831817627
agm002346438,0.385486,0.03147716075181961
agm003766970,0.000954,0.006873399019241333
agm001648603,0.001429,0.019976258277893066
agm002249334,0.016742,0.010759498924016953
agm001316701,0.234773,-0.0008768439292907715
agm001217050,0.015081,0.006589055061340332
agm001197862,0.008344,-0.0035004019737243652
agm002202669,0.004461,0.016985826194286346
agm003193203,0.003435,-0.002324149012565613
agm003476906,0.008689,0.007897675037384033
agm001186419,0.005765,0.012657523155212402
agm002632323,0.002219,0.025610655546188354
agm003435792,0.004098,0.0027340054512023926
agm002431026,0.000616,0.026170894503593445
agm002746064,0.003253,0.003808915615081787
agm001191359,0.0005,0.06671987473964691
agm001628954,0.001987,0.03231745958328247
agm001836405,0.011084,-0.008189663290977478
agm002283706,0.019866,0.003743313252925873
agm003263168,0.00179,0.002723798155784607
agm002188495,0.003447,-0.009103864431381226
agm003626596,0.003978,0.006790101528167725
agm002939731,0.00115,0.0047735795378685
agm002166694,0.00702,-0.006320744752883911
agm003192443,0.001372,-0.0004595816135406494
agm005117056,0.004567,0.007784932851791382
agm001244841,0.006199,0.0011686980724334717
agm003198441,0.004514,0.0023642629384994507
agm001836334,0.000906,0.012813597917556763
agm002646028,0.003509,-0.006777923554182053
agm002354513,0.009449,0.0039662085473537445
agm002134231,0.011472,0.020109280943870544
agm002158098,0.002401,0.016656287014484406
agm002146264,0.005845,0.01650339365005493
agm001148032,0.002617,0.00924767553806305
agm003198756,0.002006,-0.0021048933267593384
agm002645387,0.002277,-5.9451907873153687e-05
agm002487407,0.002645,-0.0007957369089126587
agm001619146,0.003875,0.024510107934474945
agm002746950,0.004175,0.0015595555305480957
agm002283844,0.015668,0.004946082830429077
agm003290416,0.002415,-0.004003733396530151
agm001309233,0.003217,0.0026547610759735107
agm003204578,1e-06,0.007131323218345642
agm002228278,0.001275,0.17611269652843475
agm002233751,0.004229,0.0018596649169921875
agm003191196,0.004175,0.01423972100019455
agm002367033,0.004086,0.009859330952167511
agm002297121,0.002052,-0.0060995519161224365
agm002146752,0.001281,0.006425201892852783
agm003159807,0.033831,0.08202555775642395
agm003191117,0.00282,-0.003049403429031372
agm001115809,0.00212,0.006103038787841797
agm002693509,0.001449,-0.0015923231840133667
agm002658205,0.016382,0.0067782774567604065
agm003187613,0.010103,0.1691536009311676
agm002346303,0.002285,0.021007195115089417
agm003435929,0.001152,-0.0014523565769195557
agm003204398,7e-06,0.0004741176962852478
agm001135174,0.003902,0.00873035192489624
agm002745409,0.005435,0.030354179441928864
agm003632243,0.002445,-0.004260040819644928
agm001616936,0.00116,-0.011504895985126495
agm002140287,0.003525,0.016933143138885498
agm002276063,0.002588,-0.0001584067940711975
agm003273867,0.001008,0.012468457221984863
agm003478763,0.008964,0.010610729455947876
agm002196130,0.014309,0.008436053991317749
agm003160702,0.025053,-0.00047791004180908203
agm001123231,0.006088,-0.003512408584356308
agm001116545,0.00614,-0.00032560527324676514
agm001223629,0.007769,0.015159569680690765
agm001233273,0.003331,0.011838383972644806
agm003437825,0.004783,0.009146861732006073
agm002845045,0.036903,0.1228167861700058
agm002695931,0.013626,0.00387408584356308
agm001614476,0.014692,0.043436139822006226
agm003290777,0.004054,-0.015232458710670471
agm001631212,0.01819,0.014051992446184158
agm003260680,0.00223,-0.014320164918899536
agm001196848,0.005602,0.013239048421382904
agm003632212,0.004078,-0.0017763376235961914
agm002354599,0.008332,-0.002359788864850998
agm003032495,0.000259,0.009328044950962067
agm001211746,0.002079,0.016165398061275482
agm005103423,0.001783,0.021408945322036743
agm003184408,0.001884,0.006781667470932007
agm002221026,0.001629,0.013622969388961792
agm002195906,0.006675,-0.005044281482696533
agm002343234,0.001535,0.011230126023292542
agm001202284,0.010242,0.007396519184112549
agm003160383,0.001311,-0.004023976624011993
agm002224376,0.00217,-0.0039048492908477783
agm001258279,0.028518,0.01926577091217041
agm001836373,0.001307,-0.004438132047653198
agm002297084,0.001826,0.0025079846382141113
agm002496677,0.000801,0.016499921679496765
agm001121597,0.002935,-0.0051226019859313965
agm002384718,0.021463,0.010075479745864868
agm001284700,0.040487,-0.022446081042289734
agm002377783,0.072589,0.012250304222106934
agm002163043,0.037219,0.11191519349813461
agm001230291,0.000225,-0.006551399827003479
agm001229292,0.005103,0.0030439049005508423
agm001197043,0.009764,0.0034328438341617584
agm001628493,0.006552,0.050322026014328
agm003184494,0.001373,0.018485210835933685
agm003264961,0.003649,0.032803282141685486
agm002164568,0.002961,-0.011070191860198975
agm003163096,0.007366,0.003247179090976715
agm001830078,0.002249,0.0005151629447937012
agm001228317,0.002537,0.0029512345790863037
agm003186947,0.003043,-0.010893948376178741
agm003771544,0.000553,0.0006784051656723022
agm002695260,0.003399,-0.001046590507030487
agm001145082,0.001056,0.005106784403324127
agm001612371,0.001204,0.02795359492301941
agm002244648,0.00034,0.009468406438827515
agm003264305,0.005538,0.007153153419494629
agm002696992,0.00212,-0.008064739406108856
agm003178126,0.000699,0.002996198832988739
agm002496998,0.007394,0.01491054892539978
agm003172740,0.001395,0.003667682409286499
agm001207975,0.007845,0.0014949440956115723
agm002358277,0.001105,0.0028175413608551025
agm001307387,0.047035,0.01694449782371521
agm001417106,0.006486,0.004586562514305115
agm003161210,0.005534,0.016083478927612305
agm003204390,0.004366,0.04506771266460419
agm001280736,0.007792,-0.0032928884029388428
agm001121747,0.001001,-0.005344554781913757
agm003190359,0.010089,0.009952548891305923
agm001231945,0.001123,0.00730663537979126
agm001116901,0.002825,0.0037994682788848877
agm003562687,0.018548,0.009874511510133743
agm001212698,0.036213,-0.01073688268661499
agm001224367,0.001684,0.000950351357460022
agm005117967,0.002826,0.0006112568080425262
agm003260851,0.003448,-0.0014126673340797424
agm002491734,0.000469,0.016679614782333374
agm003435912,0.001535,0.008693702518939972
agm003191657,0.001913,0.010691449046134949
agm001313695,0.002296,0.005666390061378479
agm003614678,0.002633,-0.004981964826583862
agm002358308,0.001659,0.004070907831192017
agm001136276,0.003544,-0.006447628140449524
agm003434271,0.011697,0.009746670722961426
agm001389692,0.003975,-0.00022724270820617676
agm001137299,0.010677,-0.002981036901473999
agm002032765,0.00023,0.014656543731689453
agm002196492,0.00473,-0.0002219751477241516
agm001615944,0.001086,0.012640237808227539
agm003437198,0.001789,0.013405248522758484
agm003194282,0.026695,-0.002237960696220398
agm003067806,0.058332,0.9390052556991577
agm002695925,0.005288,0.00775551050901413
agm003262532,0.000875,0.005555480718612671
agm002359848,0.016595,-0.007182277739048004
agm002137219,0.002693,-0.0036939866840839386
agm003191232,0.00252,0.007872045040130615
agm003264041,0.001239,-0.0009620487689971924
agm001628758,0.001324,0.01573118567466736
agm002375768,0.0073,-0.009611070156097412
agm003774310,0.003207,-0.0010160654783248901
agm001120955,0.000731,0.013698548078536987
agm001611013,0.001925,0.049930036067962646
agm001191697,0.015108,0.0009317696094512939
agm002358290,0.003869,0.0035949647426605225
agm002690657,0.013201,0.008447885513305664
agm002157601,1e-06,-0.01657089591026306
agm001341775,0.014144,0.011779554188251495
agm002317848,0.000258,0.012596696615219116
agm002343907,0.000141,-0.024153918027877808
agm002342596,0.007041,-0.0010447800159454346
agm003186468,0.002359,0.009343989193439484
agm001149973,0.003474,-0.006048113107681274
agm003192978,0.008512,-0.007086180150508881
agm003187128,0.028904,-0.011413060128688812
agm002911995,0.050656,0.5258983373641968
agm002158647,0.00216,0.025524679571390152
agm002231103,0.033827,0.40377652645111084
agm002669339,0.002534,-0.002150923013687134
agm002361163,0.000659,0.01966102421283722
agm002184064,0.006667,-0.002916954457759857
agm002110406,0.013061,0.03713902831077576
agm003615703,0.002786,-0.010103404521942139
agm002283496,0.001291,-0.010413214564323425
agm002280004,0.001618,0.00807984173297882
agm001614412,0.001918,0.012661408632993698
agm001287050,0.101416,0.009012781083583832
agm003191172,0.000249,0.0025181323289871216
agm002136890,0.00459,0.01582098752260208
agm003562545,0.038196,0.007393233478069305
agm002147128,0.004065,0.004409104585647583
agm003160962,0.002267,0.03568768501281738
agm002284044,0.016909,-0.000828668475151062
agm003763703,0.008618,-0.0007266774773597717
agm003187253,0.032027,0.02220870554447174
agm003202367,0.002061,0.01798572763800621
agm002276057,0.016389,0.0015867240726947784
agm003294030,0.00939,0.004907652735710144
agm001618909,0.002966,0.02453555166721344
agm002232736,0.020743,0.007906332612037659
agm001121857,0.002193,-0.0054723769426345825
agm001389213,0.001688,0.00036691129207611084
agm002285325,0.003129,-0.0008071288466453552
agm001138943,0.004111,0.007386043667793274
agm002196523,0.006483,0.005513995885848999
agm003184364,0.004593,0.0006874650716781616
agm003159779,0.038656,0.003525063395500183
agm002202008,0.003204,0.02226933091878891
agm001191364,0.002497,0.003120947629213333
agm002349770,0.030869,0.6104917526245117
agm003634342,0.000527,0.007749930024147034
agm005120740,0.376585,-0.00826844573020935
agm002434697,0.007222,-0.006361901760101318
agm002168379,0.00156,0.0034911930561065674
agm001136472,0.000466,-0.004739418625831604
agm003202898,0.024966,-0.017414137721061707
agm003260725,0.011849,0.004240691661834717
agm003769283,0.000204,-0.008986622095108032
agm003188212,0.002659,-0.004039138555526733
agm003190890,0.003704,0.0019502192735671997
agm001612180,0.015519,0.0036903172731399536
agm001197597,0.007207,0.00349561870098114
agm001234977,1e-05,0.03139351308345795
agm002739831,0.012091,0.009933143854141235
agm003186610,0.000428,0.007000580430030823
agm002533211,0.004425,-0.0033688247203826904
agm003161571,0.005459,-0.0231255441904068
agm003262551,0.000295,0.001127392053604126
agm001196239,0.006721,0.008196257054805756
agm003186081,0.006605,-0.0041025131940841675
agm003204343,0.010117,0.020820431411266327
agm003769346,0.000779,0.00028686970472335815
agm003774419,0.001024,0.0033112168312072754
agm005117901,0.001753,0.006858214735984802
agm001830322,0.02958,0.00018593668937683105
agm002186624,0.000573,0.0002377927303314209
agm002358377,0.001984,0.01710304617881775
agm003555760,0.020988,0.02002711221575737
agm001230312,0.0067,0.005623549222946167
agm002696637,0.002018,-0.004285767674446106
agm001115806,0.001817,0.008325636386871338
agm002925283,0.019518,0.06690648198127747
agm001191326,0.001994,0.00017592310905456543
agm003436230,0.006308,0.012775465846061707
agm002184885,0.0016,0.0013811886310577393
agm001180375,0.004743,0.0422094501554966
agm003186335,0.003815,-0.000929608941078186
agm001613228,0.000126,-0.02401125431060791
agm001134929,0.019329,0.018232211470603943
agm003186511,0.011792,0.013818979263305664
agm002233257,0.003303,-0.0033122599124908447
agm001618906,0.021355,-0.0002056211233139038
agm001229799,0.006344,-0.007276639342308044
agm003202611,0.001558,0.005455121397972107
agm003202168,0.004328,-0.0007949769496917725
agm002948856,0.004369,-0.00502467155456543
agm003556878,0.004224,-0.0019473731517791748
agm001841990,0.000871,-0.0063130296766757965
agm003204324,0.008354,0.05376577377319336
agm005196801,0.010415,0.022888988256454468
agm002138559,0.004803,-0.0015852153301239014
agm003770372,0.002419,-0.004361003637313843
agm002279320,0.01431,0.05982644855976105
agm002092051,0.003282,-0.0026508495211601257
agm002138531,0.055029,-0.005325652658939362
agm003434122,0.00436,-0.013250000774860382
agm001357593,0.002679,-0.0036933422088623047
agm003388604,0.015028,0.012695685029029846
agm003263478,0.00527,0.0010612905025482178
agm003157685,0.00152,0.0031164586544036865
agm003192961,0.001875,0.002469778060913086
agm002104555,0.004201,-0.0014151930809020996
agm002224326,0.001573,0.08937208354473114
agm001369821,0.004437,-0.00843498483300209
agm001317189,0.035367,-0.001666240394115448
agm001620424,0.000659,-0.01588960736989975
agm002633080,0.009811,0.0038662105798721313
agm002291080,0.024774,0.08943799138069153
agm001291110,0.001459,0.0045638307929039
agm001149806,0.007765,-0.0014209114015102386
agm002632970,0.003132,-0.005773477256298065
agm001319223,0.004418,0.002799198031425476
agm002284038,0.007083,0.009895525872707367
agm002939345,0.004756,0.006300013512372971
agm003187502,0.014147,0.004889816045761108
agm002092269,0.001947,0.016640372574329376
agm003163711,0.019241,0.003869175910949707
agm001130144,0.003094,-0.0037258267402648926
agm001116551,0.0044,0.005811095237731934
agm002291701,0.054267,0.012065008282661438
agm003158518,0.003952,-0.004149682819843292
agm002134034,0.005888,0.006388738751411438
agm001148699,0.001865,0.030454277992248535
agm003165751,0.009098,-0.006055548787117004
agm003204435,0.00202,0.008787401020526886
agm001613506,0.006223,-0.017105676233768463
agm001228816,0.007429,0.015539973974227905
agm003768532,0.001069,0.012296706438064575
agm003160214,0.006805,0.008206203579902649
agm001313402,0.005193,-0.003627125173807144
agm003194266,0.002909,-0.005487896502017975
agm003394010,0.001065,0.012213103473186493
agm001312433,0.008229,-0.002028524875640869
agm001171334,0.008572,0.018841519951820374
agm002648401,0.008581,0.008176445960998535
agm003295296,0.001647,0.005286902189254761
agm004922310,0.002217,-0.03505334258079529
agm001136081,0.009081,0.008162278681993484
agm002363637,0.004502,0.04856567084789276
agm001309859,0.034549,0.0197039395570755
agm001230283,0.007723,-0.0011125802993774414
agm001340562,0.002621,0.003327608108520508
agm001134927,0.003848,0.019885331392288208
agm003191641,0.003465,0.005339302122592926
agm001171117,0.69356,-0.003477092832326889
agm002135135,0.014023,0.014462187886238098
agm005113231,0.004564,-0.008687581866979599
agm002184111,0.006619,-0.0005738772451877594
agm002925442,0.003019,-0.02409176528453827
agm003435767,0.003133,0.012869603931903839
agm003260935,0.003754,0.007728070020675659
agm002144371,0.040057,0.037729501724243164
agm003160011,0.002405,0.030976921319961548
agm001105944,0.00205,0.010912954807281494
agm001313466,0.006672,0.003514885902404785
agm002240866,0.006967,0.01351076364517212
agm002158756,0.016858,0.013972021639347076
agm003261468,0.002466,0.002331852912902832
agm003158086,0.004546,0.00037501752376556396
agm003199944,1e-06,0.004487976431846619
agm001613642,0.00307,0.03244397044181824
agm003199510,0.04213,0.010230585932731628
agm003157790,0.025084,-0.0010993927717208862
agm003177719,0.003944,0.007126852869987488
agm003187691,0.005867,0.004857659339904785
agm001191511,0.035902,0.009158656001091003
agm002156330,0.0,-0.009867757558822632
agm002232409,0.010573,-0.0014808252453804016
agm001224340,0.000731,0.006165415048599243
agm002493648,0.002394,0.5543944835662842
agm002355711,0.005611,-0.0015615224838256836
agm001276664,0.069791,-0.005344938486814499
agm003186216,0.019023,0.01927506923675537
agm003635185,0.02927,-0.009098373353481293
agm002177876,0.006478,0.0033560842275619507
agm003625507,0.016862,-0.0025947391986846924
agm002133477,0.027851,-0.006184488534927368
agm001003783,0.001761,0.0024777650833129883
agm001851698,0.009065,-0.006563685834407806
agm001116415,0.013696,0.011667370796203613
agm002645088,0.001304,0.013828955590724945
agm001206082,0.0011,0.0028408318758010864
agm003168414,0.017394,0.006191730499267578
agm001616437,0.000465,-0.012004449963569641
agm002305016,0.013536,0.07339770346879959
agm001828364,0.00142,0.0037433430552482605
agm003435899,0.000509,-0.00040844082832336426
agm001105948,0.006004,0.045047685503959656
agm003190869,0.005352,0.00217418372631073
agm002354278,0.000718,0.0035466887056827545
agm002164565,0.024956,0.04882390797138214
agm002165044,0.002015,-0.0072668567299842834
agm002734486,0.001566,-0.00559641420841217
agm002194463,0.004587,0.008298642933368683
agm002199394,0.001189,-0.006557881832122803
agm002343882,0.001055,0.0053240954875946045
agm002199809,0.002706,-0.013787329196929932
agm001229051,0.003344,-0.00420108437538147
agm001615761,0.003432,0.03958963602781296
agm003607954,0.224257,0.5311702489852905
agm003183208,0.003531,0.0033268630504608154
agm002322105,0.000479,0.0009328573942184448
agm001148266,0.004829,0.011462822556495667
agm003762375,0.002417,-0.0061328113079071045
agm002139896,0.000853,0.15463171899318695
agm002327375,0.005294,-0.00699838250875473
agm005019411,0.009345,-0.002299092710018158
agm003160384,0.00462,-0.001955311745405197
agm001830186,0.001019,0.007538691163063049
agm003160294,0.05534,-0.016553938388824463
agm002233696,0.002425,0.015857018530368805
agm001291159,0.005338,-0.002437204122543335
agm003263114,0.003738,0.011233493685722351
agm002300398,0.005265,0.046517714858055115
agm002496394,0.002891,-0.002820707857608795
agm002139624,0.002411,0.015124902129173279
agm003436510,0.00362,0.002079825848340988
agm002191344,0.00935,0.004224315285682678
agm002161262,0.010295,0.008563056588172913
agm002746298,0.007725,-0.0013523995876312256
agm002259378,0.012327,0.017038822174072266
agm001236047,0.015085,0.009814664721488953
agm001115446,0.003972,0.006539881229400635
agm003765204,0.001089,-0.0019038766622543335
agm001116537,0.000206,0.007436305284500122
agm001144879,0.001393,-0.0038312822580337524
agm003435662,0.017467,-0.00012069940567016602
agm003161202,0.003456,0.0049162209033966064
agm001274417,0.001806,-0.005957305431365967
agm003436164,0.007804,0.05550900101661682
agm001191716,0.001523,-0.008682869374752045
agm001619182,0.010206,0.04824799299240112
agm002643429,0.019528,0.006279125809669495
agm001236347,0.009654,0.023847948759794235
agm002539336,0.000234,0.052307456731796265
agm003188173,0.000898,0.002567097544670105
agm001205637,0.001889,-0.003225564956665039
agm001309915,0.001241,-0.003938071429729462
agm002375505,0.005016,-0.006919533014297485
agm001115838,0.005964,-0.0008964091539382935
agm002194485,0.026158,-0.009148120880126953
agm002487296,0.0142,0.00869559496641159
agm003184974,0.017873,0.005372136831283569
agm003479658,0.004086,0.002834770828485489
agm003169443,0.006027,-0.0060307905077934265
agm002194155,0.00806,-0.0018837302923202515
agm003741458,0.019693,-0.008043065667152405
agm003430164,0.000148,-0.004406385123729706
agm003161636,0.000612,-0.006102655082941055
agm002964331,0.004183,0.004580676555633545
agm003612059,0.029182,0.05219317972660065
agm002138422,0.012295,0.014018058776855469
agm003771450,0.00441,0.003594685345888138
agm001197804,0.002413,0.013993978500366211
agm002194223,0.008109,-0.0016940459609031677
agm003161509,0.001432,0.010070912539958954
agm001280640,0.009511,0.03122115135192871
agm002225674,0.006215,-0.0006892383098602295
agm002040055,0.008611,0.06366073340177536
agm005113872,2.788815,1.0319162607192993
agm001229307,0.001965,0.006222456693649292
agm001115584,0.004812,0.001817077398300171
agm003264366,0.004223,-0.0012122392654418945
agm003204410,0.001176,0.012059658765792847
agm003258554,0.00853,0.030908651649951935
agm001105228,0.030034,0.525871217250824
agm002140440,0.009512,0.005956113338470459
agm002540382,0.001019,-0.0032655298709869385
agm003449868,0.003412,0.009575136005878448
agm003263593,0.002425,0.009515374898910522
agm003605400,0.000833,-0.004028670489788055
agm002220165,0.018354,0.0007600486278533936
agm002164047,0.005305,0.0006462037563323975
agm001613653,0.003821,0.00631222128868103
agm002156773,0.015538,0.012311480939388275
agm003290659,0.002008,0.007828384637832642
agm003269260,0.001067,0.011908888816833496
agm003190455,0.005278,0.009622395038604736
agm001308774,0.035371,-0.0013095438480377197
agm001116764,0.000601,0.006211459636688232
agm002699596,0.048609,-0.002434253692626953
agm003167945,0.004516,-0.002623528242111206
agm003264064,0.003398,0.0011182129383087158
agm005103648,0.00296,0.01887381076812744
agm003436344,0.003438,0.005060434341430664
agm001614490,0.006975,0.0035633593797683716
agm002946251,0.014354,-0.006817862391471863
agm001830405,0.003048,0.013006716966629028
agm002224599,0.002901,0.00022844970226287842
agm002327989,0.003021,0.0073404461145401
agm003161038,0.001558,-0.0008780062198638916
agm002343306,0.001083,-0.0012775808572769165
agm001135077,0.002166,0.0016905851662158966
agm002378157,0.007649,-0.008192159235477448
agm003407492,0.002173,0.01275017112493515
agm001113390,0.015298,0.0116414874792099
agm003762067,0.002468,0.0032028257846832275
agm002184716,0.001531,-0.0018474310636520386
agm001115567,0.003206,0.0060142576694488525
agm001153394,0.001484,-0.013183623552322388
agm002078715,0.027524,0.0922408476471901
agm003160202,0.003366,0.0009741485118865967
agm003605201,0.005474,0.00122147798538208
agm002923852,0.001626,-0.0012838877737522125
agm002161239,0.002417,0.0054938532412052155
agm003187832,0.010892,0.008661676198244095
agm001133600,0.003243,-0.007479935884475708
agm003386870,0.001849,-0.001697435975074768
agm003165683,0.008354,0.002531886100769043
agm003400237,0.001187,0.07594090700149536
agm003439291,0.001084,0.005292560905218124
agm003263648,0.002248,0.0023936331272125244
agm002632887,0.007975,0.0008940771222114563
agm001115580,0.022028,0.0009801983833312988
agm001137107,0.004135,0.004879601299762726
agm001311688,0.00139,-0.0019896775484085083
agm001344888,0.007594,0.0029031038284301758
agm001356912,0.017881,0.010470986366271973
agm002753731,0.000649,0.0046975016593933105
agm001115663,0.017715,0.0008183419704437256
agm002153892,0.001175,-0.01998806744813919
agm002746611,0.022137,-0.006929665803909302
agm003437827,0.000286,0.005080521106719971
agm002690925,0.010732,0.012293264269828796
agm003172742,0.000896,0.011477470397949219
agm002188602,0.002702,-0.009026262909173965
agm002202402,0.000706,0.07734310626983643
agm003203673,0.006263,0.019299909472465515
agm002496390,0.013069,0.1077079102396965
agm002486237,0.014734,0.5128417015075684
agm002434683,0.01403,0.08045972138643265
agm002247264,0.001892,-0.0010977685451507568
agm002327977,0.001928,0.005157828330993652
agm003187033,0.000515,-0.008738584816455841
agm002746685,0.009718,-0.0010566413402557373
agm001632230,0.003502,-0.0212261825799942
agm001116775,0.006747,0.0008940696716308594
agm001623623,0.001019,0.02149781584739685
agm001186375,0.005051,-0.012909919023513794
agm002158972,0.004121,0.016323938965797424
agm002356077,0.014174,0.029835686087608337
agm002250347,0.002784,-0.006449490785598755
agm002151542,0.002341,0.009953975677490234
agm002732570,0.007352,0.007991038262844086
agm002494509,0.004282,0.050349362194538116
agm003169440,0.001014,0.008211016654968262
agm002200254,0.003186,0.006416767835617065
agm002168829,0.060647,0.08452023565769196
agm002493198,0.007706,-0.0001379549503326416
agm002139927,0.032576,0.013678304851055145
agm003719081,0.002988,-0.0064072385430336
agm001835859,0.007792,0.01379328966140747
agm003158525,0.018986,0.0056870728731155396
agm003165208,0.001253,0.007070466876029968
agm003188116,0.000546,0.012180589139461517
agm001640781,0.000951,-0.0003037452697753906
agm002151890,0.003339,-0.013606861233711243
agm002166948,0.00114,0.001167982816696167
agm003436340,0.001799,-0.007731296122074127
agm003190635,0.012495,-0.009515061974525452
agm002218988,0.047524,0.0060270242393016815
agm002752315,0.00463,-0.0003120005130767822
agm001294424,0.004328,0.002459511160850525
agm001265711,0.021554,0.06126866862177849
agm001980784,0.000258,0.13919195532798767
agm002152653,0.000838,0.02294425666332245
agm002187837,0.007681,0.009291447699069977
agm001312481,0.006142,-0.000844612717628479
agm003632646,0.003251,0.017177842557430267
agm002925973,0.005643,0.009295240044593811
agm003169199,0.001616,-0.0019562095403671265
agm003196869,0.001029,0.001610875129699707
agm001851044,0.00137,0.019541487097740173
agm002699835,0.015972,0.0018420815467834473
agm003762167,0.000549,0.00012842565774917603
agm002384679,0.001628,0.002807706594467163
agm001198680,0.001844,0.004005208611488342
agm001618683,0.002409,0.029058970510959625
agm001136089,0.010306,0.004233032464981079
agm002561731,2.029066,-0.009718284010887146
agm003267242,0.000696,0.0024128854274749756
agm001265650,0.010558,0.0006215199828147888
agm002355389,0.006608,-0.007542673498392105
agm003434547,0.006099,-0.004745036363601685
agm003600305,0.000409,0.017703458666801453
agm002190748,0.002184,0.010588794946670532
agm003773323,0.000496,0.006237775087356567
agm001116446,6.7e-05,0.014273315668106079
agm003187595,0.003234,-0.0038002654910087585
agm002194183,0.016041,0.0004714652895927429
agm002188387,0.003861,0.008055835962295532
agm001333946,0.024949,0.0184393972158432
agm003189769,0.01248,0.013408087193965912
agm001629543,2e-06,0.0008195340633392334
agm003260724,0.002743,0.0015809908509254456
agm003172527,0.004489,0.002847522497177124
agm001277063,0.005578,-0.010640457272529602
agm001613558,0.000733,0.004181653261184692
agm001369657,0.006982,0.0017113834619522095
agm003160574,0.013417,0.1696796864271164
agm001196569,0.003186,0.005405217409133911
agm001141980,0.003237,0.0032161101698875427
agm002168045,0.041434,0.010861366987228394
agm002036192,0.010219,-0.004043325781822205
agm001641515,0.000367,0.04522666335105896
agm003186609,0.003566,0.005109731107950211
agm002222436,0.002514,-0.0057579874992370605
agm003186466,0.001779,0.002225201576948166
agm001115654,0.006903,0.006731152534484863
agm002242672,0.001643,0.010718077421188354
agm003186896,0.00447,0.16830319166183472
agm003768876,0.001194,0.002698272466659546
agm002300303,0.003387,0.008108079433441162
agm003191203,0.008664,0.009813651442527771
agm002861116,0.004008,1.1740543842315674
agm003180309,0.001481,0.0025914162397384644
agm003762080,0.012634,-0.011735841631889343
agm002167859,0.001643,-0.007078275084495544
agm003185586,0.002706,0.0029118210077285767
agm002346313,0.000813,0.036182157695293427
agm003182010,0.001601,0.0008193850517272949
agm005202985,0.001562,0.123287633061409
agm004401845,0.001974,-0.008033543825149536
agm001272392,0.001805,0.007264912128448486
agm003263197,0.346452,-0.021588638424873352
agm002089012,0.00387,0.012562841176986694
agm001618994,0.006638,-0.019133999943733215
agm005202986,0.001111,0.07474212348461151
agm003157371,0.000195,0.02247968316078186
agm003178134,0.000818,-0.0012109428644180298
agm002188820,0.041065,-0.00798150897026062
agm001840737,0.003681,0.001344934105873108
agm003158373,0.000624,-0.007107779383659363
agm003159770,0.007143,-0.003376185894012451
agm003204409,0.000787,0.010654881596565247
agm003159396,0.00227,-0.0026991963386535645
agm003198388,0.009968,0.005619421601295471
agm003165329,0.015417,0.004298090934753418
agm003203260,0.001686,0.004103720188140869
agm002184875,0.001477,0.006386518478393555
agm001840575,0.000655,0.016642972826957703
agm001612252,0.00175,0.044682517647743225
agm004837209,0.016038,0.03087225928902626
agm005221329,0.005572,-0.001095358282327652
agm001651404,0.009372,0.02760402113199234
agm005203713,0.008708,0.2764662504196167
agm003183331,0.003521,-0.0064348578453063965
agm002047565,0.000761,0.05459284782409668
agm001149981,0.005302,-0.002424389123916626
agm004110583,0.011778,-0.0069726333022117615
agm001628766,0.005672,-0.00472693145275116
agm001115119,0.001749,-0.005605369806289673
agm003164883,0.00071,0.008585505187511444
agm003435950,0.003624,1.6316771507263184e-05
agm002184144,0.004158,-0.006567705422639847
agm001812643,5e-05,0.003024458885192871
agm002290765,0.0041,0.09670476615428925
agm002190826,0.002437,0.008236616849899292
agm003182003,0.001246,-0.0019948631525039673
agm003188209,0.001364,0.0017386674880981445
agm001661634,0.001239,-0.02725084125995636
agm003615580,0.007396,-0.025737181305885315
agm005210161,0.001234,-0.002780705690383911
agm003262071,0.002681,0.003022909164428711
agm001228145,0.002853,0.0029831528663635254
agm003204145,0.002769,0.0016048997640609741
agm005203838,0.001086,0.17252115905284882
agm003185562,0.000908,0.0003411434590816498
agm002363063,6.7e-05,1.1265721321105957
agm003164869,0.001836,-0.0018238276243209839
agm005202425,0.002545,0.5654715299606323
agm002206929,8e-05,0.005508631467819214
agm005210111,0.01196,0.0023801028728485107
agm003184844,0.006039,0.0038391947746276855
agm001076475,0.012255,2.006978750228882
agm001186798,0.003085,-0.003116890788078308
agm002166719,0.002887,0.013456523418426514
agm003164922,0.006424,0.0008652433753013611
agm001416828,4e-05,-0.003089606761932373
agm002227605,0.00071,-0.002829805016517639
agm001281719,0.005703,0.012802302837371826
agm001827697,0.004918,0.005693405866622925
agm005203279,0.005589,0.17975015938282013
agm001945969,0.017978,-0.015371881425380707
agm003183211,0.008825,0.0005325973033905029
agm002291027,0.0086,0.037931881844997406
agm001613483,0.00208,0.03227260708808899
agm003158087,0.000911,-0.0002881772816181183
agm003158376,0.002737,-0.005658768117427826
agm005202091,0.001571,0.08641324192285538
agm001116427,0.001803,0.008883535861968994
agm004370782,0.002497,-0.001721307635307312
agm004326783,0.001071,0.00010970234870910645
agm001613582,0.002063,-0.0024199336767196655
agm003184522,0.005288,-0.006085231900215149
agm002191536,0.006148,0.001835644245147705
agm002559985,0.003354,0.006165742874145508
agm003183212,0.002619,-0.0015078485012054443
agm003187035,0.001262,0.0011122524738311768
agm003157991,0.01891,0.0026742517948150635
agm003158379,0.001376,-0.003822624683380127
agm001620281,0.001392,0.010465040802955627
agm003435737,0.000542,0.005243562161922455
agm001610922,0.000145,0.02007746696472168
agm003158235,0.003804,0.00021197646856307983
agm005103353,0.001903,-0.007562234997749329
agm001935076,0.035796,0.21927790343761444
agm002664904,0.010339,-0.005609393119812012
agm003163922,0.00299,-0.004903718829154968
agm003167940,0.000233,0.005792893469333649
agm003165851,0.001031,-0.0017191767692565918
agm005203789,0.026785,0.26596754789352417
agm002017669,0.005675,-0.007220908999443054
agm005203888,0.009865,0.3566936254501343
agm002744561,0.001411,0.014419585466384888
agm004467156,0.013722,0.02308698743581772
agm001293752,0.000934,0.005561143159866333
agm001280592,0.003469,-0.001024492084980011
agm003183338,0.002917,0.00042939186096191406
agm005112948,0.012131,0.0852389931678772
agm001619585,0.002321,0.02866494655609131
agm001618526,0.002336,0.013468381017446518
agm001616455,0.00513,0.00460737943649292
agm005113713,0.000322,0.017911765724420547
agm002749644,0.001081,-0.005426034331321716
agm003202579,0.001529,0.017736703157424927
agm002280437,0.001003,0.2783096432685852
agm003437796,0.0384,0.025723665952682495
agm001171197,0.000633,-0.0036687254905700684
agm002184931,0.002026,0.007618650794029236
agm003160981,0.000645,0.05307595431804657
agm003636640,0.005225,0.0023074448108673096
agm001115698,0.001918,0.003081202507019043
agm001305861,0.007556,0.036200061440467834
agm001827599,0.00189,0.003178119659423828
agm002164007,0.003623,0.1013365089893341
agm002040724,0.003171,0.002845674753189087
agm001305334,0.001738,0.012453265488147736
agm002361356,0.000824,0.03142383694648743
agm002317893,0.016126,-0.007623195648193359
agm002487197,0.006806,0.020426325500011444
agm002190613,0.004053,-0.004335582256317139
agm002496347,0.002101,-0.01378253847360611
agm003419007,0.015819,-0.015538766980171204
agm001613411,0.001498,0.01779899001121521
agm002138536,0.000184,0.020558476448059082
agm001171365,6e-06,-0.020920172333717346
agm002186113,0.000577,0.09740172326564789
agm002227598,0.001271,0.03374949097633362
agm003186698,0.00171,0.006163887679576874
agm003162412,0.011555,0.015505768358707428
agm001116452,0.001149,0.0014264732599258423
agm002488866,0.002108,0.021188199520111084
agm001613570,0.000843,0.03519448637962341
agm001827670,0.006114,-0.00024509429931640625
agm001228516,0.001815,0.010929405689239502
agm003273446,0.019215,0.0025928467512130737
agm002342634,0.013993,-0.00025767460465431213
agm002489068,0.004257,0.05555671453475952
agm001830344,0.006375,0.002978593111038208
agm001278442,0.000715,0.040749162435531616
agm004930255,0.002286,0.04768681526184082
agm002232560,0.014183,-0.02103292942047119
agm002190754,0.002262,0.010903090238571167
agm003187778,0.009033,0.010873742401599884
agm003186649,0.00745,-0.0012743547558784485
agm003772247,0.001504,0.002230130136013031
agm003158455,0.016193,0.0022126734256744385
agm001625612,0.006807,0.0187496617436409
agm003631434,0.001368,0.009518623352050781
agm001311684,0.001351,-0.00032785534858703613
agm002539266,0.00123,0.007773667573928833
agm001136870,0.001692,0.011941984295845032
agm003260486,0.000517,0.0026529133319854736
agm003161305,0.056761,0.03254885971546173
agm001100655,0.002057,0.0009177252650260925
agm003189735,0.002705,-0.0035931020975112915
agm001261230,0.014684,0.021478071808815002
agm001612421,0.002251,0.0034652650356292725
agm003427650,0.00018,-0.009257040917873383
agm003635077,0.003126,-0.005418047308921814
agm002180928,0.012939,0.004022315144538879
agm001213662,0.000807,0.015642791986465454
agm001851472,0.002922,-0.0027153491973876953
agm001618833,0.005581,-0.02432553470134735
agm002317732,0.002778,0.0003420785069465637
agm001196557,0.004321,0.01073715090751648
agm002144188,0.004193,-0.005871325731277466
agm002178696,0.007078,0.013761535286903381
agm002233342,0.004393,0.00411146879196167
agm002180366,0.011576,0.009111583232879639
agm001851853,0.000252,0.018201902508735657
agm003262911,0.006824,-0.0001272261142730713
agm003294242,0.014632,-0.006828963756561279
agm003190856,0.003613,0.0078054070472717285
agm001187900,0.000854,0.012104377150535583
agm002342704,0.007702,-0.0064723193645477295
agm001620086,0.004653,-0.003334611654281616
agm002744852,0.003068,0.0029055774211883545
agm001418562,0.001989,0.0050933584570884705
agm002153269,0.051378,0.1198277622461319
agm001851694,0.003885,0.0008100271224975586
agm001149979,0.006395,-0.0001925826072692871
agm001615527,0.000598,0.043410129845142365
agm001616926,0.0031,-0.00557265430688858
agm001907037,0.001814,-0.0031568557024002075
agm001191368,0.006963,0.002844676375389099
agm005117763,0.001438,-0.010219871997833252
agm003287320,0.001842,0.04818333685398102
agm002218209,0.014375,0.018927007913589478
agm003258740,0.000603,0.03434072434902191
agm001610615,0.00261,-0.003307558596134186
agm001850457,0.008034,0.020732510834932327
agm003186753,0.00319,-0.008357226848602295
agm001136973,0.006298,0.009997423738241196
agm002166189,0.895967,0.15467911958694458
agm001341158,0.009471,-0.0034192390739917755
agm003437842,0.017128,0.010911315679550171
agm003637865,0.875821,0.18525227904319763
agm003158121,0.027126,0.0074116140604019165
agm002145853,0.000187,0.020023971796035767
agm001362978,0.016273,0.005802452564239502
agm002178060,0.011098,0.013355128467082977
agm003599810,0.002632,-0.0017823576927185059
agm003263790,0.006508,0.02691859006881714
agm001178472,0.004177,0.016652226448059082
agm002367813,6.4e-05,0.007261142134666443
agm003263129,0.00025,0.006448708474636078
agm003264975,0.015624,0.0002510957419872284
agm002028398,0.001445,0.01770874857902527
agm003715928,0.005065,0.009236037731170654
agm002752076,0.029526,0.0016558170318603516
agm003435749,0.001014,-0.004423677921295166
agm002360857,0.008451,0.011812344193458557
agm003299740,0.008438,-0.005634643137454987
agm001367175,0.032563,-0.011962324380874634
agm003193082,0.005132,0.008627086877822876
agm003176417,0.021312,0.008446142077445984
agm003183591,0.006906,-0.005730032920837402
agm003258780,0.000526,0.0012999475002288818
agm001610930,0.00135,-0.01591663807630539
agm001614407,0.008978,0.0204765647649765
agm003263574,0.003452,0.1348772943019867
agm003632720,0.002728,-0.004581674933433533
agm002135640,0.001406,0.00018525123596191406
agm002190655,0.001705,0.01269841194152832
agm003264402,0.000533,0.007147692143917084
agm001380809,0.001971,0.0010538995265960693
agm001197986,0.008278,0.01416003704071045
agm002645606,0.025725,-0.006702400743961334
agm003290952,0.010878,0.0036012381315231323
agm003193367,0.008701,0.0008789747953414917
agm005103691,0.007815,0.044431984424591064
agm001198020,0.003292,0.0009322315454483032
agm001136765,0.008646,-0.002247735857963562
agm001048785,0.003325,0.012482382357120514
agm001618992,0.003087,-0.01879417896270752
agm003434549,0.011572,0.005304880440235138
agm003139680,0.010703,-0.001262851059436798
agm002184155,0.002318,0.0044318512082099915
agm002137578,0.000615,0.0032500363886356354
agm002692172,0.103316,0.0002634972333908081
agm002376112,0.008332,0.011542819440364838
agm002161092,0.001832,0.0043985843658447266
agm001304796,0.000979,-0.011479102075099945
agm001850774,0.001418,-0.0027320310473442078
agm005121517,0.002818,-0.005396619439125061
agm003435944,0.001314,-0.006022244691848755
agm002924121,0.003291,-0.013127774000167847
agm002218944,2.1e-05,0.003068774938583374
agm003437830,0.001808,0.0022656768560409546
agm002317054,0.000171,0.018975570797920227
agm003191617,0.00431,0.008609987795352936
agm001246703,0.001272,0.0020034611225128174
agm002924754,0.000495,0.40616530179977417
agm001620811,0.002634,0.0028313100337982178
agm002493122,0.003933,0.012982167303562164
agm002668006,0.004311,0.009036630392074585
agm003437831,0.00051,0.004965841770172119
agm002179100,0.005845,0.003468722105026245
agm002925286,0.008535,0.04562683403491974
agm001229872,0.006505,0.0024622976779937744
agm002237318,0.002738,0.0012096837162971497
agm001369088,0.001287,0.0047067925333976746
agm001228329,0.002415,0.004720121622085571
agm003190281,0.005044,-0.005905330181121826
agm003430449,0.000157,-0.01067286729812622
agm005125372,0.007648,-0.00438375398516655
agm003615784,0.003971,-0.004186004400253296
agm002358250,0.002177,0.036101244390010834
agm001614577,0.007894,0.03054635226726532
agm002165035,0.00225,-0.00365409255027771
agm001021888,0.001501,0.007021039724349976
agm003395480,0.001365,0.1459752917289734
agm001113516,0.017384,0.01223357766866684
agm001418449,0.016901,0.011033833026885986
agm003200963,0.005265,0.003401048481464386
agm003186209,0.000296,0.006715334951877594
agm002747158,0.005804,-0.008203059434890747
agm002190807,0.003024,0.002550274133682251
agm001833757,0.001962,0.02651795744895935
agm003190863,0.007166,-0.00022178888320922852
agm001280737,0.001688,-0.003344263881444931
agm003166162,0.000925,0.003978334367275238
agm003437926,0.002124,0.0011300742626190186
agm002200526,0.014933,0.0038105659186840057
agm003447470,0.003537,0.8638948202133179
agm002342858,0.006289,-0.0024145469069480896
agm002158628,0.003221,0.04204748570919037
agm002491112,0.005549,0.015331059694290161
agm001186980,0.000484,0.022194132208824158
agm002283398,0.004372,0.04606945812702179
agm001935981,0.004082,0.000283658504486084
agm001214871,0.008693,0.012015759944915771
agm002218563,0.009363,0.08968430757522583
agm002490355,0.005357,0.09724342823028564
agm003182245,0.002122,0.008329834789037704
agm002138427,1e-06,0.0014674365520477295
agm001213496,0.013632,-0.005433440208435059
agm001640040,0.015078,0.07075871527194977
agm003197051,0.002472,0.03319169208407402
agm001232955,0.006695,0.005473151803016663
agm002156486,0.020171,0.0186176598072052
agm002925014,0.001048,-0.0008437857031822205
agm002432196,0.002889,0.06587967276573181
agm002938370,0.000934,1.9888896942138672
agm003260450,0.002178,-0.001599043607711792
agm001191688,0.010987,0.01641269028186798
agm001116772,0.004571,0.012242734432220459
agm002159922,0.011751,0.006745189428329468
agm002317095,0.003627,0.011460475623607635
agm003294069,0.350392,-0.00044111907482147217
agm002177872,0.013989,-0.019142575562000275
agm002327349,0.00267,0.009418666362762451
agm002428970,0.009703,-0.001851007342338562
agm001243635,0.000352,-0.011037454009056091
agm003169442,0.000999,-0.006232842803001404
agm003165746,0.012753,0.006316721439361572
agm001230018,0.002173,0.001523524522781372
agm001828748,0.001636,0.0050780922174453735
agm005107186,0.541803,0.15164558589458466
agm001135224,0.00412,0.00044326484203338623
agm002190814,0.007508,0.008414536714553833
agm001214143,0.00423,0.006574574857950211
agm003200011,0.004221,0.004149824380874634
agm004964974,0.030067,1.3919209241867065
agm003204141,0.004996,-0.0053002238273620605
agm002134212,0.007313,0.003175504505634308
agm001196580,0.001185,-0.005947500467300415
agm003632916,0.000688,0.018837466835975647
agm002179183,0.02465,0.013810977339744568
agm003182671,0.011442,0.020806029438972473
agm001311621,0.033745,0.003696069121360779
agm001223109,0.010507,-0.0013992153108119965
agm003192789,0.002028,0.008120208978652954
agm002923853,0.004026,0.003869779407978058
agm002254632,0.020296,-0.004971936345100403
agm001614605,0.001549,0.01692025363445282
agm005114803,0.06694,-0.005329422652721405
agm003182544,0.105162,-0.0030468031764030457
agm002108057,0.004213,0.015150994062423706
agm003160499,0.578688,0.6311397552490234
agm003184916,0.004439,0.0005129873752593994
agm003160614,0.027384,0.0183526873588562
agm003719849,0.003605,-0.016618460416793823
agm003260618,0.007398,0.0048045814037323
agm001618822,0.000828,-0.002759397029876709
agm002945386,0.002235,-0.010550513863563538
agm001116639,0.002886,0.0005419254302978516
agm001269956,0.005941,-0.015556082129478455
agm001620298,0.006079,-0.0016934126615524292
agm003263185,0.016954,-0.002917952835559845
agm002695053,0.018996,0.008249260485172272
agm001229644,0.002534,-0.010776698589324951
agm002314067,0.040448,0.01827137917280197
agm001113410,0.004216,0.012494891881942749
agm003186213,0.001976,0.0069101713597774506
agm002177817,0.010479,0.016780108213424683
agm003771986,0.008664,0.010884791612625122
agm003161245,0.001948,0.014231663197278976
agm001116331,0.000154,0.0028232038021087646
agm003435918,0.001432,0.01307174563407898
agm003204344,0.003847,0.0036245137453079224
agm001121420,0.005284,0.01075359433889389
agm001945399,0.000772,0.046009354293346405
agm003202091,0.005703,0.007365211844444275
agm001115827,0.001649,0.013354867696762085
agm001174239,0.001366,0.008902385830879211
agm005019936,0.001663,0.006137385964393616
agm003201934,0.006927,-0.0067054033279418945
agm002349677,0.004938,-0.0015756338834762573
agm003203996,0.001499,0.006804481148719788
agm001310911,0.005493,0.0068206787109375
agm002154203,0.002277,0.010362833738327026
agm003296207,0.001204,0.000551372766494751
agm002134291,0.003042,0.0014385581016540527
agm001121417,0.002521,-0.00020292401313781738
agm003434351,0.005778,0.010561555624008179
agm001663001,0.002619,-0.01114489883184433
agm002539770,0.002438,0.013368472456932068
agm002536183,0.021099,0.04657930135726929
agm001628392,0.009944,0.019321635365486145
agm001611019,0.000999,-0.006462275981903076
agm002251998,0.004035,0.0017774403095245361
agm002191853,0.004299,-0.004910089075565338
agm003264369,0.005432,0.007474556565284729
agm002186826,0.002944,-0.0032518580555915833
agm001116469,0.004115,0.006017357110977173
agm003190368,0.005324,0.013975337147712708
agm003436566,0.005105,0.00201241672039032
agm002322277,0.003213,0.0018480420112609863
agm005114971,0.002546,0.10105682909488678
agm002378175,0.004415,0.020775221288204193
agm003161736,0.003338,0.01612311601638794
agm003766932,0.004866,0.006945520639419556
agm003435940,0.000712,0.006249547004699707
agm003186702,0.000385,0.0029567182064056396
agm002267065,0.000591,0.0036877989768981934
agm002135883,0.006703,-0.008971691131591797
agm001827676,0.000556,0.001668676733970642
agm001611002,0.016914,0.019039049744606018
agm003270845,0.008158,0.002868339419364929
agm001216900,0.00138,-0.00699344277381897
agm001357020,0.000953,0.042171329259872437
agm005019953,0.001731,0.015589073300361633
agm001305908,0.034482,0.011790122836828232
agm002250469,0.006363,0.004158109426498413
agm003263120,0.002131,-0.0009613335132598877
agm001116648,0.000977,0.00398389995098114
agm003438267,0.009251,0.004430308938026428
agm002248791,0.007058,0.010313782840967178
agm002178280,0.000286,0.0013767741620540619
agm003436298,0.000721,0.0028408467769622803
agm001116470,0.023498,-0.0009825825691223145
agm002158906,0.00195,0.45490866899490356
agm001294341,0.003056,0.004460513591766357
agm001309234,0.001576,-0.003952592611312866
agm001304832,0.006135,0.019597157835960388
agm003273266,0.000861,0.0061681196093559265
agm001134925,0.018368,0.03964121639728546
agm003436196,0.003534,0.0058618634939193726
agm001004614,0.000432,-0.013148531317710876
agm003186957,0.00288,0.05916356295347214
agm001105241,0.031955,0.07828130573034286
agm002197314,0.002302,0.01577398180961609
agm002157147,0.001128,0.06861995160579681
agm001614615,0.017898,0.03446695953607559
agm002331349,0.022296,0.0013211965560913086
agm001276654,0.005419,-0.009881466627120972
agm001293104,0.026338,-0.009011849761009216
agm001631142,0.004192,0.04342815279960632
agm005106632,0.005489,-0.010540425777435303
agm002140619,0.001897,0.00591886043548584
agm002559895,0.006546,0.01384560763835907
agm002145517,0.001146,0.00029624998569488525
agm002221216,0.003556,-0.03164216876029968
agm003204394,0.004347,0.007721945643424988
agm003768321,0.002888,0.001987844705581665
agm002137515,0.004447,0.00494801253080368
agm003186587,0.002131,0.005946815013885498
agm002355618,0.024591,0.26193517446517944
agm001223265,0.00135,-0.0005420297384262085
agm002497101,0.005908,-0.0029429271817207336
agm003190857,0.003692,0.0030588507652282715
agm002194394,0.020379,0.010543093085289001
agm002245019,0.009493,0.001717895269393921
agm002305780,0.004717,-0.015486270189285278
agm002161114,0.005239,0.0006287544965744019
agm001181773,0.017259,0.018406331539154053
agm001115443,0.00093,-0.0034551620483398438
agm001378763,0.003473,-0.008111044764518738
agm002180567,0.000519,0.014106303453445435
agm001446474,0.003096,-0.007194057106971741
agm002215642,0.000809,0.03865397721529007
agm003169417,0.002136,0.007360085844993591
agm002322089,0.002943,-0.0036263316869735718
agm001123526,0.00225,0.0029073767364025116
agm002279865,0.008903,0.0757107138633728
agm002924184,0.003796,0.02692558616399765
agm003177976,0.001197,0.008927196264266968
agm001661382,0.007177,0.012828432023525238
agm001640888,0.001514,0.028074830770492554
agm002744333,0.001449,-0.0001291036605834961
agm002648530,0.010914,-0.0007187128067016602
agm001198724,0.005547,-0.026655644178390503
agm001115281,0.000865,-0.001991093158721924
agm002350356,0.004131,0.01900528371334076
agm002156727,0.011468,0.00898653268814087
agm002293021,0.007527,0.0006851032376289368
agm002024508,3e-06,-7.112324237823486e-05
agm002431038,0.001067,0.01862923800945282
agm002219130,0.004832,0.0046405307948589325
agm001150794,0.000607,-0.0037936121225357056
agm003123482,0.051208,0.03597892075777054
agm001341858,0.006058,0.008527308702468872
agm001212133,0.031717,0.006136983633041382
agm002740726,0.014739,0.046928275376558304
agm001620429,0.001133,0.043382950127124786
agm002924178,0.010597,-0.024112820625305176
agm003601669,0.003879,-0.005110636353492737
agm003299644,0.000458,0.01801072061061859
agm002734468,0.007977,0.005702152848243713
agm001138951,0.02731,0.0034277886152267456
agm001115153,0.000923,0.0035513639450073242
agm003184712,0.004358,-0.0019166618585586548
agm001198778,0.001998,0.0013123303651809692
agm001378854,0.004496,0.002147812396287918
agm003194246,0.002192,-0.0002674609422683716
agm001230071,0.00387,-0.005301609635353088
agm003435742,0.003911,-0.0005464255809783936
agm003263805,0.003795,-0.0047119855880737305
agm003186451,0.004348,-0.010921366512775421
agm003296043,0.002738,0.014765769243240356
agm002922116,0.001288,0.0007840543985366821
agm002187133,0.006823,-0.004065841436386108
agm002247350,0.065405,0.008354291319847107
agm002146037,0.016496,0.001869112253189087
agm002158943,0.022773,0.022662758827209473
agm002317742,0.006872,0.004286155104637146
agm001370248,0.005521,0.00039440765976905823
agm002188454,0.004441,-0.02962435781955719
agm002733214,0.001615,-0.0036302730441093445
agm002923906,0.006643,0.02018047869205475
agm002060554,1e-06,0.004318505525588989
agm003160753,0.001991,0.010108083486557007
agm003203241,0.010766,0.012187168002128601
agm002159357,0.004423,0.006191223859786987
agm003201335,0.003106,-0.001891404390335083
agm003194977,0.000655,-0.014155313372612
agm003189708,0.002592,-0.00013253092765808105
agm001228359,0.001301,-0.0008614957332611084
agm001284795,0.004653,0.002333402633666992
agm003299288,0.001225,0.00957539677619934
agm002322814,0.001156,-0.0038868188858032227
agm003168793,0.000504,0.010387644171714783
agm002746011,0.004666,0.00024697184562683105
agm002924458,0.001106,-0.01365727186203003
agm001228810,0.002374,0.003685176372528076
agm003182624,0.003781,-0.004341915249824524
agm002946142,0.00139,-0.002744898200035095
agm001361290,0.001922,0.020066365599632263
agm001612107,0.011792,0.01194530725479126
agm002331401,0.06314,-0.019453346729278564
agm002164888,0.005868,0.02154306322336197
agm003160481,0.00922,0.019740093499422073
agm001116708,0.00511,-0.00319024920463562
agm002194280,0.000575,-0.01292814314365387
agm002164662,0.002608,0.00989966094493866
agm002166882,0.000753,0.000565946102142334
agm002188424,0.003325,-0.007137179374694824
agm003283317,0.000599,-0.00232657790184021
agm002134197,0.001166,-0.0021413415670394897
agm001191669,0.004645,0.12614034116268158
agm002321939,0.007624,0.01438555121421814
agm002632407,0.002635,0.05251185595989227
agm002327382,0.00217,-0.0010573714971542358
agm003200944,0.003757,-0.0017443373799324036
agm003161408,0.021598,0.0026759952306747437
agm003169456,0.003551,0.004021748900413513
agm002242865,0.000446,-0.00023286044597625732
agm003160844,0.583646,0.006109416484832764
agm002533717,0.006468,0.01300416886806488
agm003258541,0.026588,-0.0721009224653244
agm002161500,0.007457,0.006988748908042908
agm001827839,0.012997,0.010749906301498413
agm003430219,0.004748,0.0035775378346443176
agm003203401,0.007264,0.00392642617225647
agm001115125,0.003973,0.003938496112823486
agm003163765,0.002826,0.009288676083087921
agm001258974,0.004904,0.0033374838531017303
agm002915137,0.018613,0.0038441047072410583
agm002245024,0.002458,-0.004054069519042969
agm002697418,0.002367,-0.007165651768445969
agm002133770,0.00485,-0.003226056694984436
agm001148021,0.000928,0.0046806782484054565
agm003186215,0.002142,-0.00730915367603302
agm003202364,0.011235,-0.0070419758558273315
agm002945593,0.000739,-0.0013214945793151855
agm001270064,0.073069,0.7705703973770142
agm001828890,0.000338,-0.004425346851348877
agm003294074,1.0049,0.019125595688819885
agm003407294,0.009967,0.009760379791259766
agm003194450,0.002684,0.014585312455892563
agm002134281,0.005524,0.004011139273643494
agm003202697,0.006899,-0.018518388271331787
agm003769284,0.000605,0.01041528582572937
agm002697894,0.075083,0.000628739595413208
agm002690589,0.004552,-0.001340322196483612
agm003192666,0.00178,-0.002411067485809326
agm002934408,0.002571,0.0023465976119041443
agm001355948,0.0148,0.0004178769886493683
agm002691028,0.00407,0.006309583783149719
agm003201711,0.002554,-0.0005913525819778442
agm002188371,0.002724,0.003017932176589966
agm003269416,0.032052,0.0189284048974514
agm002255492,0.001082,-0.0008484199643135071
agm001305307,0.019244,0.034318216145038605
agm001216839,0.007006,0.0006963014602661133
agm001308834,0.012691,0.006488174200057983
agm003204137,0.002865,-0.00031381845474243164
agm003166060,0.016774,0.00270969420671463
agm001228530,0.006917,0.0037043988704681396
agm002343498,0.006646,0.001558791846036911
agm003186231,0.002864,-0.00013099610805511475
agm002164937,0.002915,0.011668264865875244
agm001115573,0.002825,0.0012794435024261475
agm001222845,0.0056,0.0012881830334663391
agm003191153,0.000223,0.01923529803752899
agm003191270,0.671297,0.07146626710891724
agm001136266,0.008663,-0.007985338568687439
agm002486826,0.001454,0.010452419519424438
agm003260617,0.001543,0.017396509647369385
agm001228974,0.004412,0.011865854263305664
agm001615520,0.00028,0.045462265610694885
agm003186024,0.004385,0.0037967562675476074
agm003168884,0.015688,0.00478576123714447
agm001149808,0.001047,-0.003806009888648987
agm003165324,0.001488,-0.007480055093765259
agm003161791,0.001399,0.00836944580078125
agm002491736,0.001282,-0.008954804390668869
agm002186934,0.009413,0.0011513754725456238
agm002219123,0.001168,0.010244101285934448
agm002203819,0.017126,-0.013275355100631714
agm003191228,0.000425,-0.0031305700540542603
agm002250463,0.005994,0.015753090381622314
agm003191987,0.000751,0.003457203507423401
agm001618521,0.002988,0.02496696263551712
agm002135759,0.004385,0.005677998065948486
agm001306673,0.013903,-0.007522448897361755
agm001846853,0.002415,-0.0027318745851516724
agm001116075,0.00423,0.009444527328014374
agm002381339,0.001931,0.0045625269412994385
agm002923663,0.01188,0.03351512551307678
agm001946497,0.000433,-0.0005036666989326477
agm002430587,0.000433,0.08861450850963593
agm001828426,0.000654,0.023445382714271545
agm001116704,0.00171,-0.004357129335403442
agm001292710,0.00382,-0.00021326541900634766
agm003161409,0.004641,-0.009621083736419678
agm002157195,0.024662,-0.005148120224475861
agm001308965,0.018931,-0.0032634437084198
agm002327233,0.00367,0.006706327199935913
agm002216226,0.006729,0.28106018900871277
agm003187004,0.002854,-0.030112415552139282
agm002292035,0.009372,0.004790551960468292
agm003287992,0.003151,-0.005714081227779388
agm003763768,0.005869,-0.007913921028375626
agm002693309,0.001078,0.007880210876464844
agm003618584,0.006367,0.002740710973739624
agm002286298,0.001889,-0.004146210849285126
agm001313359,0.001456,-0.001427292823791504
agm001615937,0.005407,0.002786874771118164
agm001313476,0.009977,-0.003717854619026184
agm002321988,0.002076,0.005846500396728516
agm001620474,0.002547,0.055744752287864685
agm001231413,0.002794,-0.014486163854598999
agm001192164,0.014489,0.015808112919330597
agm003437121,0.00264,-0.00458415225148201
agm001313566,0.001089,0.01271069049835205
agm002144587,0.019876,0.036070629954338074
agm001616441,0.001866,0.03377583622932434
agm002925362,0.010086,0.03611748665571213
agm001100127,0.001086,-0.016568228602409363
agm003183316,0.000675,-0.0013467371463775635
agm005103468,0.005731,0.03584810346364975
agm001304890,0.002351,-0.00764194130897522
agm003168060,0.002867,-0.00015550851821899414
agm001614385,0.013191,-0.0011819824576377869
agm002161036,0.000908,-0.0035313069820404053
agm002360948,0.000741,0.003506176173686981
agm002740636,0.012927,-0.014380916953086853
agm002225734,0.001908,-0.0061642080545425415
agm002369981,0.005633,0.00015644729137420654
agm001113434,0.006541,-0.0022277534008026123
agm002139619,0.028195,0.0016222447156906128
agm003166069,0.0199,0.0029459521174430847
agm002194173,0.004914,-0.0029679760336875916
agm003191176,0.00173,0.053038209676742554
agm002141876,0.012468,0.002339303493499756
agm003627348,0.001226,-0.0006998851895332336
agm003186850,0.0016,0.01529567688703537
agm002030519,0.020615,-0.006583616137504578
agm003435807,0.003493,-0.004887044429779053
agm003165504,0.002564,-0.001300819218158722
agm001313992,0.006525,-0.006646588444709778
agm002258808,0.007996,0.03027050942182541
agm002535348,0.002707,-0.0040914565324783325
agm003158829,0.022274,-0.0008597820997238159
agm002186733,0.000653,-0.017263367772102356
agm003278510,0.001715,0.011633530259132385
agm003549863,0.01328,0.0037270262837409973
agm002694228,0.001388,-0.006016947329044342
agm002946156,0.008743,0.0030079856514930725
agm001627322,0.001254,-0.007184207439422607
agm001615753,0.002586,0.09653757512569427
agm003168907,0.002725,0.007375240325927734
agm003202356,0.007247,0.026480436325073242
agm002218977,0.013603,-0.005653880536556244
agm002690569,0.004689,0.007694602012634277
agm003198152,0.00265,0.009638726711273193
agm003263796,0.005946,0.012345552444458008
agm003162296,0.00111,-0.002413146197795868
agm001311681,0.00452,0.02563685178756714
agm002565837,0.004196,0.007180511951446533
agm002342286,0.012679,0.010425128042697906
agm003260553,0.001947,0.001460343599319458
agm002321851,0.001717,-0.006216168403625488
agm002186576,1.430823,0.18428903818130493
agm001623698,0.003063,0.05979153513908386
agm001222890,0.001583,-0.0007046833634376526
agm002695584,0.008672,-0.0009087622165679932
agm003186429,0.005235,0.014724686741828918
agm003436303,0.000759,0.002648085355758667
agm003771431,0.000845,0.009088337421417236
agm001850168,0.001473,0.0054877400398254395
agm003186450,0.006197,0.00039961934089660645
agm001133683,0.000918,0.004280403256416321
agm002187921,0.023549,0.0002481192350387573
agm002138525,0.002191,0.02855880931019783
agm003263255,0.007666,-0.002312690019607544
agm002163142,0.001572,-0.020235896110534668
agm003766987,0.00588,0.007524400949478149
agm003187129,0.001194,0.006188541650772095
agm003186720,0.006756,0.010198086500167847
agm001611014,0.001868,-0.014195919036865234
agm001317946,0.002309,-0.00658770278096199
agm003283320,0.004788,0.023256927728652954
agm002232558,0.000898,0.003275856375694275
agm001616393,0.001078,0.008591338992118835
agm002164934,0.000932,0.004330188035964966
agm002327196,0.022742,0.010927140712738037
agm003165442,0.006397,0.00566023588180542
agm001192055,1.126571,0.09510718286037445
agm003771428,0.004343,0.0023478567600250244
agm002692234,0.003047,0.04204537719488144
agm001610981,0.002259,0.023994863033294678
agm003762254,0.001085,-0.000778689980506897
agm002140624,0.005473,0.01070261001586914
agm001305846,0.001983,0.02160795032978058
agm001610605,0.005231,-0.015422709286212921
agm001277201,0.01349,0.15718622505664825
agm001614624,0.002086,-0.020144939422607422
agm003186982,0.004457,0.041791707277297974
agm003188842,0.000779,-0.0004833638668060303
agm001234055,0.003554,0.004926212131977081
agm001614594,0.000527,0.032700568437576294
agm003183321,0.004979,0.0011018812656402588
agm002215728,0.047994,-0.025105342268943787
agm003296163,0.00213,0.00408780574798584
agm003721193,0.000464,-0.006971187889575958
agm001233572,0.001236,0.001839853823184967
agm003636383,0.000705,0.006901055574417114
agm003739993,0.001547,0.004329212009906769
agm002740920,0.007009,0.00754508376121521
agm001121541,0.03475,0.0011552274227142334
agm003163210,0.013641,0.005961775779724121
agm003774845,0.001151,0.002861499786376953
agm001133610,0.006485,-0.01087421178817749
agm003628285,0.001364,0.009968489408493042
agm002314369,0.001826,-0.006278857588768005
agm002165088,0.019352,0.02851537987589836
agm003763760,0.000489,0.004221484065055847
agm002382549,0.002407,0.006729811429977417
agm003142944,0.003747,0.009534671902656555
agm002635544,0.003394,0.0015015527606010437
agm001291119,0.006951,0.036543168127536774
agm002029963,0.000537,0.006287723779678345
agm002201339,0.00425,0.0004323720932006836
agm001945865,0.002661,0.030068479478359222
agm002141254,0.016975,0.019825756549835205
agm003191160,0.012371,0.012913167476654053
agm003263908,0.001417,-0.0003822147846221924
agm001295055,0.007535,0.007912993431091309
agm003559755,0.004774,-0.0006066560745239258
agm002183474,0.002741,0.009984642267227173
agm002946048,0.000945,0.012529373168945312
agm003191620,0.005661,0.0003861859440803528
agm003190353,0.000682,0.022468313574790955
agm002139910,0.004414,0.5017638206481934
agm003264876,0.005597,0.0034606382250785828
agm002536491,0.007609,0.006935998797416687
agm001181755,0.004265,0.01658397912979126
agm002348186,0.002127,0.01478392630815506
agm001357544,0.007252,-0.001315884292125702
agm002153253,0.018839,1.6740953922271729
agm002134002,0.008189,0.01394999772310257
agm003295235,0.005138,0.8734947443008423
agm003263482,0.001598,0.003964349627494812
agm002495881,0.012187,0.020397156476974487
agm003160947,0.034475,0.00043111294507980347
agm003438099,0.00224,0.0016913414001464844
agm002164213,0.011711,-0.0043973252177238464
agm001417379,0.000407,-0.00023251771926879883
agm002153521,0.00011,-0.005988769233226776
agm002188527,0.0086,0.01321287453174591
agm002691019,0.009535,-0.0013565272092819214
agm002160308,1.118936,-0.00021946430206298828
agm003202332,0.018188,0.022502973675727844
agm003192844,0.013287,0.007535003125667572
agm002487195,0.002015,-0.00086212158203125
agm001121779,0.004614,0.00888495147228241
agm001235177,0.0225,0.007794030010700226
agm002283378,0.025813,0.011331602931022644
agm003439302,0.001437,-0.002103477716445923
agm003438101,0.001913,-0.0005017518997192383
agm003629769,0.000759,0.0002811253070831299
agm002360017,0.010596,-0.002963367849588394
agm003201681,0.001052,0.007384404540061951
agm001318006,0.001417,0.010340064764022827
agm001361026,0.003047,-0.0012049376964569092
agm002242162,0.002935,0.011186927556991577
agm002496294,0.024939,1.5674898624420166
agm003189771,0.002446,0.005333352833986282
agm001186649,0.00432,-0.010009914636611938
agm001612093,0.001912,0.02649752050638199
agm003299768,0.005612,0.023254618048667908
agm001171372,0.016787,0.013549566268920898
agm003436742,0.000419,0.003662511706352234
agm001148750,0.005239,0.05992314964532852
agm003626122,0.003125,0.004729941487312317
agm002367449,0.004867,0.008532270789146423
agm002195145,0.004553,0.010914042592048645
agm003186196,0.019364,-0.015081003308296204
agm002156603,0.008659,0.06685920804738998
agm002140049,0.001859,0.004118919372558594
agm003186522,0.003779,-0.005644932389259338
agm001614520,0.000912,0.01702776551246643
agm003436347,0.003341,-0.0023050308227539062
agm001615475,0.006687,0.01230166107416153
agm002633036,0.022312,0.01029224693775177
agm001149751,0.002006,-0.0015824437141418457
agm003293523,0.004406,-0.021466761827468872
agm002238807,0.008676,-0.0001557469367980957
agm003289852,0.009235,1.938120722770691
agm003263649,0.001743,0.0017651617527008057
agm003435786,0.004949,-0.005983471870422363
agm003190895,0.001871,0.0077660828828811646
agm002343908,0.002976,0.022408291697502136
agm003160988,0.070798,0.003954499959945679
agm001229660,0.0007,-0.004891328513622284
agm001964533,0.001285,-0.00923226773738861
agm001620095,0.0016,0.006162241101264954
agm002180945,0.001984,0.01774933934211731
agm001851000,0.002382,-7.19800591468811e-05
agm001288276,0.022146,0.0024041905999183655
agm001840147,0.001864,0.01137956976890564
agm001198786,0.030064,0.01723255217075348
agm003165428,0.008991,0.0032666772603988647
agm001618474,0.000689,0.016771256923675537
agm001267448,0.008142,0.001449577510356903
agm003263211,0.002411,-0.0020428597927093506
agm001003607,0.00487,0.009878873825073242
agm003173637,0.005995,0.009883970022201538
agm003186650,0.005525,0.05201207101345062
agm002161126,0.021761,-0.011803917586803436
agm003435916,0.001575,0.008294492959976196
agm003189788,0.003822,0.00394795835018158
agm001116403,0.001871,0.0046868398785591125
agm001191530,0.016341,0.006732866168022156
agm003435777,0.002617,0.009763598442077637
agm002494851,0.005045,0.37100502848625183
agm002245465,0.000366,-0.011935800313949585
agm001116448,0.005733,-0.004656359553337097
agm003193057,0.00985,0.4005899727344513
agm003176502,0.002331,0.03442803770303726
agm003295924,0.004852,-0.004058420658111572
agm002160145,0.02645,0.007739149034023285
agm003202401,0.00315,0.013478774577379227
agm002153004,0.417138,0.08309480547904968
agm001229995,0.005881,-0.0026327744126319885
agm003176729,0.002222,-0.014088168740272522
agm001649888,0.001358,0.012333713471889496
agm003261030,0.040622,0.03562508523464203
agm002696978,0.007518,-0.0028338581323623657
agm002029707,0.001007,-0.00769265741109848
agm001133596,0.001618,0.0077040791511535645
agm001850181,0.011447,0.0030836164951324463
agm002406502,0.022191,0.00669001042842865
agm003183323,0.006652,8.505582809448242e-05
agm005117517,0.002091,-0.008059579879045486
agm003438100,0.001459,-0.00016066431999206543
agm003191206,0.016662,0.04334503412246704
agm001105666,0.012497,0.00817747414112091
agm002156485,0.034181,0.025983229279518127
agm001635960,0.004515,0.0434439480304718
agm001223620,0.00839,-0.00758017972111702
agm002134233,0.000193,0.009954467415809631
agm001828970,0.004904,0.003039419651031494
agm002038473,0.002897,0.011950463056564331
agm002135600,0.001973,-0.005706340074539185
agm002181240,0.012712,0.0025222301483154297
agm003439816,0.000541,7.547438144683838e-05
agm001846064,0.001097,-0.018189817667007446
agm003437791,0.001434,0.01627206802368164
agm003192703,0.00149,0.006726421415805817
agm002250456,0.006628,-0.0027624517679214478
agm003160094,0.00422,-0.008736371994018555
agm003615699,0.001416,1.7621666193008423
agm003167567,0.001328,0.007169008255004883
agm003200933,0.006836,0.002728000283241272
agm001371233,0.014703,0.01928885281085968
agm002354565,0.003415,0.003101140260696411
agm001186290,0.000342,0.005212455987930298
agm001290030,0.003786,-0.019551336765289307
agm002179135,0.004905,0.024353116750717163
agm002138785,0.003818,0.02341662347316742
agm003192880,0.021069,0.007567182183265686
agm002327552,0.000463,0.02058625966310501
agm001306738,0.024343,-0.0006371401250362396
agm003436226,0.0029,-0.0008787810802459717
agm002164288,0.009373,0.04336442053318024
agm001248369,0.002223,0.004727274179458618
agm003605651,0.000854,0.01714576780796051
agm003186520,0.003151,-0.0006065592169761658
agm003119230,0.493213,0.22564861178398132
agm003192151,0.003372,0.003294631838798523
agm003185208,0.000975,0.0008165985345840454
agm003198640,0.000244,0.002925693988800049
agm003295347,0.002153,-0.0018996857106685638
agm001292640,0.013398,-0.0007052123546600342
agm001121234,0.020999,-0.011366963386535645
agm001197575,0.003186,0.003707997500896454
agm003189755,0.002224,-0.00043702125549316406
agm003168530,0.009444,0.02654936909675598
agm003203913,0.000316,-0.0052522458136081696
agm002249346,0.004841,0.010648354887962341
agm001223182,0.000842,-0.0032134130597114563
agm003401833,0.002268,-0.0019673407077789307
agm002643895,0.006266,0.016563311219215393
agm001211561,0.00237,0.005339458584785461
agm005103696,0.001019,0.018545866012573242
agm002249377,0.019654,0.026523813605308533
agm003159657,0.004515,0.011184409260749817
agm002215646,0.001518,0.17198297381401062
agm001235120,0.021596,0.02210337296128273
agm002377891,0.00052,0.005977839231491089
agm001121873,0.001499,0.001930873841047287
agm001228509,0.001178,-0.00501704216003418
agm001149748,0.006339,-0.003951162099838257
agm003436565,0.00568,0.0029518306255340576
agm003204338,0.02238,0.01616528630256653
agm003186524,0.002374,0.012224450707435608
agm005102975,0.000485,-0.015274390578269958
agm003186117,0.001682,0.006681591272354126
agm003161181,0.002145,0.0008814036846160889
agm003435808,0.001823,0.0007956027984619141
agm003161040,0.003771,0.011141985654830933
agm001310473,0.005686,0.004253119230270386
agm002945342,0.004104,0.002774130553007126
agm001294519,0.002167,-0.010174870491027832
agm003635745,0.001401,-0.0033330321311950684
agm002244946,0.002994,-0.0038114190101623535
agm003187614,0.005261,0.1144818663597107
agm001191490,0.015572,0.014180600643157959
agm003172548,0.002924,0.004697173833847046
agm002146659,0.001636,0.004393547773361206
agm003159647,0.005085,0.00010862946510314941
agm002925960,0.001408,0.05932947248220444
agm002160916,0.015651,0.0028868019580841064
agm001184274,0.000498,0.0032689720392227173
agm003191614,0.003157,0.008341670036315918
agm001378756,0.001128,-0.006468035280704498
agm003438873,0.002158,-0.00030866265296936035
agm005117061,0.015338,0.01646694540977478
agm003186174,0.012779,0.007180321961641312
agm002184057,0.007325,-0.005949482321739197
agm002218201,0.017585,0.07151784747838974
agm001222913,0.001304,-0.0009389184415340424
agm003771963,0.002512,0.021184176206588745
agm002160218,0.022907,0.07948027551174164
agm001115837,0.002819,0.003551170229911804
agm002344062,0.001185,-0.007872961461544037
agm002255209,0.017675,-0.020788341760635376
agm003774425,0.000718,-0.0015003383159637451
agm003183190,0.004253,0.01080043613910675
agm002190539,0.002518,0.0051092952489852905
agm001228256,0.001666,0.012482941150665283
agm003189770,0.002013,0.011872246861457825
agm001171204,0.004922,-0.0040965452790260315
agm003435939,0.001803,-0.005811721086502075
agm002268230,0.002345,0.0012200698256492615
agm003435963,0.002573,0.005116373300552368
agm001191698,0.013493,0.00407901406288147
agm001851610,0.03222,0.008886657655239105
agm003161414,0.025535,0.0015183612704277039
agm001223682,0.000242,-0.001299157738685608
agm002322110,0.000844,0.003785848617553711
agm002367150,0.065322,0.0023965537548065186
agm003602202,0.00027,-0.0015862137079238892
agm003186206,0.00108,0.0011500492691993713
agm002924363,0.008496,0.02138102799654007
agm002154211,0.001723,0.015613578259944916
agm002145239,0.001261,0.013583414256572723
agm003437826,0.002995,0.005327120423316956
agm001610992,0.009478,0.03706391155719757
agm003438874,0.003797,0.0015489980578422546
agm002696274,0.001895,-0.0004191398620605469
agm003436026,0.002684,0.0021207332611083984
agm002220865,0.001597,0.0019078999757766724
agm003192887,0.004008,-0.004929564893245697
agm002107737,0.002373,0.0009257644414901733
agm002744486,0.000865,0.01707768440246582
agm001664166,0.005579,0.0123443603515625
agm001618828,0.009392,0.01940286159515381
agm001191363,0.006502,0.004967689514160156
agm003159065,0.009641,0.8269041776657104
agm003283313,0.003078,0.018971294164657593
agm003263108,0.000914,-0.002074629068374634
agm001313725,0.006704,-0.005337536334991455
agm003178782,0.003676,-0.004661716520786285
agm001620289,0.032007,0.015941962599754333
agm003158505,0.0181,0.00044642388820648193
agm001196570,0.001774,-0.0037434399127960205
agm002158672,0.008093,0.01032678410410881
agm003273049,0.000931,-0.0005327463150024414
agm002140679,0.004238,0.02585206925868988
agm001318405,0.007156,0.0053011029958724976
agm003157562,0.09673,0.02149740606546402
agm001661711,0.001013,-0.01564948260784149
agm003182162,0.001429,0.020987778902053833
agm002157018,0.006344,0.025960013270378113
agm002087543,0.004974,-0.01857927441596985
agm003772154,0.001752,-0.0064822956919670105
agm003177103,0.161057,0.031141027808189392
agm003161029,0.0137,0.044525936245918274
agm002139796,0.004617,0.020021885633468628
agm003192778,0.001888,0.01189422607421875
agm003264260,0.00191,0.2370825856924057
agm003258573,0.468763,1.0024775266647339
agm003194976,0.00073,-0.013454616069793701
agm002134565,0.000949,0.011166766285896301
agm001019091,0.000723,0.02028949186205864
agm001007242,0.001371,0.011086858808994293
agm003435708,0.001281,0.009489208459854126
agm003195432,0.002908,-0.009368471801280975
agm002159022,0.016723,0.2308700829744339
agm002163229,0.003675,0.01830652356147766
agm002539827,0.013678,0.07007864117622375
agm001191684,0.011269,0.006679918617010117
agm002533743,0.0022,0.02429547905921936
agm002140458,0.008911,0.012823402881622314
agm002030057,0.00166,0.012665390968322754
agm003186700,0.001904,0.0009219981729984283
agm003264106,0.008552,0.003045782446861267
agm001106365,0.002717,0.015672218054533005
agm003283727,0.011561,-0.0034968554973602295
agm001613408,0.002102,0.01058913767337799
agm002161035,0.003261,-0.003422945737838745
agm001144890,0.001287,-0.004247397184371948
agm001946029,0.008532,0.0015601515769958496
agm001232476,0.034942,0.010466739535331726
agm002087546,0.004249,-0.00924307107925415
agm003176362,0.000993,0.008277401328086853
agm002188257,0.001055,0.039168231189250946
agm004984716,0.134824,0.014366298913955688
agm003768522,0.001557,0.01007622480392456
agm002122046,0.002436,-0.005239088088274002
agm001379817,0.402898,0.006363898515701294
agm001642206,0.427892,0.6506125926971436
agm001171163,0.822592,-0.009993970394134521
agm002699299,0.001976,-0.00215785950422287
agm001259606,0.002733,-0.0009014904499053955
agm003413938,0.00173,-0.0010185837745666504
agm001224231,0.00269,0.007533520460128784
agm002157497,0.023397,0.0039832815527915955
agm003192432,0.002748,0.002067074179649353
agm001619628,0.000352,0.0019075572490692139
agm003263124,0.002193,-0.0050844550132751465
agm002134282,0.006693,0.006550908088684082
agm001618704,0.004553,0.12419621646404266
agm003402361,0.001813,0.0159723162651062
agm003191194,0.003713,-0.006913322955369949
agm002040243,0.003019,0.020556986331939697
agm002176890,0.002779,0.056956857442855835
agm001048787,0.008065,0.014636904001235962
agm003771899,0.002584,0.012003898620605469
agm002265874,0.005293,0.011431805789470673
agm002191245,0.003956,0.0038650929927825928
agm002136736,1.164172,0.6236627101898193
agm003187982,0.001717,0.0065488070249557495
agm001230433,0.002388,0.000745818018913269
agm003161211,0.011232,0.01766142249107361
agm001292483,0.174611,0.017603754997253418
agm003062255,0.006963,0.000531420111656189
agm002195202,0.002701,-0.0003049224615097046
agm001230286,0.00102,0.001669168472290039
agm003198891,0.003238,-0.00770752876996994
agm003175974,0.020355,0.005688026547431946
agm003191621,0.023138,0.0035376250743865967
agm002384760,0.005106,-0.003756273537874222
agm001342904,0.008906,0.005066290497779846
agm001197933,0.006665,0.0029924996197223663
agm003188007,0.003399,0.03227970004081726
agm001148413,0.006427,-0.0033785291016101837
agm002428484,0.001784,0.00689205527305603
agm002363647,0.005091,-0.013998642563819885
agm002138016,0.002502,0.023106828331947327
agm005117561,0.006684,-0.011323332786560059
agm001356946,0.01039,-0.00694410502910614
agm001223683,0.002173,0.020992912352085114
agm003260597,0.002141,-0.001875549554824829
agm003436185,0.006201,0.009676486253738403
agm003185337,0.000255,0.005387887358665466
agm001228515,0.003189,0.0013583898544311523
agm001196549,0.007623,-0.000558212399482727
agm002693640,0.075735,-0.00752316415309906
agm003201032,0.002237,0.018934383988380432
agm003435768,0.00041,0.004077702760696411
agm002532655,2.719012,0.4138621687889099
agm003261521,0.02654,-0.0019853413105010986
agm003157455,0.076276,0.0021060556173324585
agm002486654,0.021964,0.034617066383361816
agm001388377,0.000641,-0.002718038856983185
agm002145538,0.00198,0.020647138357162476
agm003159782,0.006261,-0.001469150185585022
agm003169119,0.011732,0.04401212930679321
agm003128667,0.00105,-0.002276197075843811
agm001276663,0.011591,0.11882154643535614
agm001618970,0.002778,0.013384371995925903
agm002266994,0.004678,0.010997235774993896
agm002140066,0.006721,0.01615118235349655
agm003175425,0.001136,-0.00274813175201416
agm002191542,0.007546,0.01168680191040039
agm002249324,0.020928,0.00919555127620697
agm001145078,0.002012,0.002765268087387085
agm003068169,0.00052,0.39593270421028137
agm003615701,0.000972,-0.05891965329647064
agm001192295,0.463144,0.008674174547195435
agm001416242,0.000995,0.0012937188148498535
agm003562498,0.000484,-0.013052195310592651
agm002184779,0.001068,0.00992758572101593
agm002497281,0.019348,-0.005316689610481262
agm003161061,0.194512,0.4984300434589386
agm003438102,0.005186,0.002536717802286148
agm003157572,0.027768,0.0018348470330238342
agm002349526,0.002448,0.004060178995132446
agm002497103,0.007814,0.03694280609488487
agm001850701,0.021972,0.015230871737003326
agm001294387,0.00338,0.003826439380645752
agm001105337,0.0,0.07894259691238403
agm002768564,0.003751,0.34244224429130554
agm001290291,0.00378,-0.009112164378166199
agm003263106,0.000971,0.057902708649635315
agm002694767,0.017013,0.005494445562362671
agm002924547,0.003083,0.014369748532772064
agm003769208,0.002192,-0.0034580081701278687
agm002734760,0.004005,0.00492338091135025
agm001620484,0.002665,-0.005705609917640686
agm003160967,0.001235,-0.010566309094429016
agm001614486,0.004118,-0.0007723718881607056
agm002407799,0.002743,0.018918991088867188
agm003192884,0.002349,-0.02024487406015396
agm001830297,0.002742,0.01913994550704956
agm003190777,0.00149,-0.006407596170902252
agm001304864,0.008626,0.009652823209762573
agm003175503,0.001009,-0.002228468656539917
agm001265793,0.003202,0.030011937022209167
agm002245004,0.002928,-0.0033433139324188232
agm003299339,0.00139,0.013640284538269043
agm003288880,0.001024,0.09808776527643204
agm002084307,0.003237,0.004102736711502075
agm001136841,0.001715,-0.02245166152715683
agm003257654,0.011277,0.008199021220207214
agm001121587,0.001082,0.00878646969795227
agm003299765,0.008632,0.011478155851364136
agm002035669,0.004218,0.0020983144640922546
agm003601955,0.003433,0.019977986812591553
agm003264343,0.000888,-0.007891848683357239
agm003173261,0.001154,-0.003120511770248413
agm001416257,0.001343,0.009880483150482178
agm001836398,0.00124,0.0006470195949077606
agm002493534,0.005079,0.05689391493797302
agm003186523,0.002287,-0.01093435287475586
agm002158243,0.012019,0.002935543656349182
agm002182830,0.001506,1.6686367988586426
agm003174856,0.004895,0.013239748775959015
agm003264047,0.000634,0.002895630896091461
agm003190362,0.005748,0.019731275737285614
agm001139277,0.002357,0.004628442227840424
agm002197494,0.026087,0.03390231728553772
agm002372303,0.00043,0.020070254802703857
agm001196561,0.001179,0.0012126266956329346
agm001115304,0.001268,-0.003977268934249878
agm002539299,0.017058,0.012915872037410736
agm002329070,0.005223,-0.0007041692733764648
agm002347773,0.000657,0.0009420812129974365
agm002156115,0.001781,0.06632537394762039
agm001399117,0.0008,-0.005581915378570557
agm001614359,0.008772,0.07621876150369644
agm002134198,0.002276,-0.009064540266990662
agm002232868,1e-06,0.021079957485198975
agm001116602,0.004614,0.003381684422492981
agm002691021,0.030237,-0.015274502336978912
agm003438162,0.001407,0.004546016454696655
agm002239067,0.002226,0.012044146656990051
agm003202331,0.004094,0.00334031879901886
agm001614655,0.003935,0.07986567169427872
agm002346532,1.280927,0.12548422813415527
agm001196165,0.001077,0.008152425289154053
agm003195422,0.007409,0.05034251511096954
agm001199021,0.006454,0.01347799226641655
agm002180603,0.0039,0.007999271154403687
agm002645290,0.000332,0.010233219712972641
agm002363730,0.001205,-0.012064695358276367
agm003186118,0.004695,-0.009678184986114502
agm002188025,0.01711,-0.003723055124282837
agm003283597,0.005258,-0.0006348490715026855
agm002158625,0.009921,0.02069900929927826
agm003195146,0.002103,-0.003783009946346283
agm003202415,0.124398,0.01617930829524994
agm001135198,0.000247,0.00714738667011261
agm002925959,0.003756,0.08897814154624939
agm001332375,1.3e-05,-0.002044878900051117
agm003771889,0.00362,0.012509018182754517
agm001171196,0.002626,-0.00025083497166633606
agm003160500,0.003104,-0.000980515033006668
agm003613674,0.010804,0.039715006947517395
agm002565692,0.007197,0.487907350063324
agm002340004,0.002182,0.01674214005470276
agm002746612,0.006796,0.01706242561340332
agm002179193,0.002898,0.013753548264503479
agm001341706,0.011082,-0.004120469093322754
agm001186437,0.0,0.014068126678466797
agm003774846,0.002259,-0.005226731300354004
agm002139844,0.000556,-0.0031516775488853455
agm001272127,0.001282,0.014943510293960571
agm003190742,0.007529,0.0021787285804748535
agm005202393,0.003003,0.27577584981918335
agm001267857,0.003294,0.001664184033870697
agm002136384,0.010188,-0.013525903224945068
agm002156005,0.006261,0.00930631160736084
agm001277566,0.004778,0.003069967031478882
agm002753720,0.001005,-0.0010608658194541931
agm002028544,0.000247,0.004333265125751495
agm001149809,0.003502,0.0013846158981323242
agm003182002,0.00222,-0.0015763342380523682
agm001150083,0.009305,0.0031644701957702637
agm002166655,0.009743,0.0018100440502166748
agm001945535,0.032742,1.338301420211792
agm002245095,0.00162,0.019931256771087646
agm001617003,0.001869,-0.005436837673187256
agm002374062,0.006988,0.03567996621131897
agm002429309,0.001704,-0.0030290931463241577
agm001618602,0.001556,0.028657197952270508
agm001850187,0.00122,0.009732156991958618
agm001136782,0.001699,0.0036540180444717407
agm002184611,0.00028,0.0012305229902267456
agm002562366,0.00238,0.06613326072692871
agm002924690,0.000471,-0.005792900919914246
agm003164886,0.00126,0.014522209763526917
agm005117834,0.000869,0.0102786123752594
agm003297803,0.000221,0.00396689772605896
agm003158244,0.002219,0.00042156875133514404
agm003202223,0.005349,0.00405508279800415
agm003193709,0.000889,0.003922075033187866
agm001280844,0.002573,0.00952853262424469
agm001280579,0.003615,0.003932178020477295
agm005210114,0.000466,-0.011134028434753418
agm001620333,0.000518,0.008091956377029419
agm001388405,0.003473,-4.626810550689697e-06
agm001230207,0.00252,-0.008875280618667603
agm002176507,0.058643,-0.019798636436462402
agm003157370,0.003631,0.0034553110599517822
agm002200612,0.000649,0.13384263217449188
agm002101826,0.0019,0.011689066886901855
agm001933967,0.006348,0.005085736513137817
agm002713597,0.005429,0.0075009167194366455
agm002180946,0.006431,0.01730939745903015
agm003157835,0.010095,0.0016190707683563232
agm004456226,0.004693,0.00024033710360527039
agm003182001,0.001679,-0.0028067827224731445
agm001216981,0.004346,0.004191458225250244
agm003404954,0.001513,0.0035852789878845215
agm001616546,0.003921,-0.0012691095471382141
agm003164926,0.003317,-0.0018064677715301514
agm003262060,0.001077,-0.008300527930259705
agm003283367,0.006393,-0.002982594072818756
agm001190274,0.000387,0.004732370376586914
agm003283366,0.003719,0.006742008030414581
agm003163920,0.004858,-0.005164831876754761
agm002557722,0.002193,-0.052386075258255005
agm003158234,0.006058,0.005025893449783325
agm004224678,0.002265,0.00636601448059082
agm001417883,0.002387,0.016261957585811615
agm001616447,0.004,0.009262606501579285
agm001228318,0.001718,0.0047644078731536865
agm002486458,0.012555,0.10958348214626312
agm003258258,0.00253,0.2643384337425232
agm003193188,0.002828,0.005366623401641846
agm001618427,0.002899,-0.016704879701137543
agm002216066,0.009969,2.0661659240722656
agm001618647,0.000701,0.017485156655311584
agm005113924,0.001181,0.006062105298042297
agm002163083,1.651109,0.9961280822753906
agm002925590,0.002134,0.0361354798078537
agm002925890,0.005739,0.004223078489303589
agm003178143,0.002424,0.005972623825073242
agm003190749,0.003571,0.0011828094720840454
agm001259651,0.003123,0.004570558667182922
agm002858142,0.007784,0.24960392713546753
agm001630135,0.001843,0.03650398552417755
agm003166206,0.003495,0.002397507429122925
agm003158242,0.002791,0.00012052059173583984
agm003165915,0.00057,-0.007500007748603821
agm003165809,0.002191,0.002670794725418091
agm001225112,0.001043,0.002554565668106079
agm003258030,0.00237,-0.004725061357021332
agm004313101,0.000604,-0.003077123314142227
agm005203288,0.002267,0.20607101917266846
agm001116468,0.00067,0.004083603620529175
agm005057773,0.010397,2.130552053451538
agm002491718,0.004683,0.02789880335330963
agm003273519,0.005183,0.010951533913612366
agm002089819,0.044666,0.10962691158056259
agm002233457,0.000484,-0.00943843275308609
agm003165032,0.000935,0.007987499237060547
agm002745367,0.005548,-0.0013086646795272827
agm001620282,0.000149,0.009531006217002869
agm003183320,0.001401,0.004685640335083008
agm003634097,0.002387,-0.007885068655014038
agm001617102,0.001159,0.023784920573234558
agm001233269,0.000748,0.000987820327281952
agm001130246,0.001313,0.005180180072784424
agm003387391,0.004476,0.007838234305381775
agm003177129,0.006063,0.002302616834640503
agm001215715,0.003959,-0.011336833238601685
agm004852954,0.006459,0.22581633925437927
agm001615830,0.010285,0.05197218060493469
agm002233861,0.00369,0.0394352525472641
agm001281711,0.002032,0.0008547008037567139
